SITE_ID,VISIT_NO,DENSITY_DIFF,TEMP_DIFF,AVG_TEMP,STRAT_FLAG,stratified
NLA17_NV-10018,1,0.1913483663148554,-0.8500000000000014,21.79390930814747,FALSE,mixed
NLA17_NV-10036,1,0.6181925250580207,-3.4271067415730307,19.059525966183575,TRUE,stratified
NLA17_ND-10011,1,0.015474030836571728,-0.09999999999999964,15.399800941006154,FALSE,mixed
NLA17_NV-10242,1,0.9395648284073559,-5.287005238130764,18.91909387863222,TRUE,stratified
NLA17_OH-10016,1,1.1407913839825596,-7.699999999999999,17.253274841869004,TRUE,stratified
NLA17_TN-10003,1,0.32744753250426584,-1.4000000000000021,23.278912757562473,TRUE,stratified
NLA17_TN-10003,2,0.593794570279897,-2.2039444267007333,27.502984836392653,TRUE,stratified
NLA17_AZ-10004,1,0.2938687711107377,-1.4981835910925696,19.795731900094847,TRUE,stratified
NLA17_MI-10011,1,0.3982670077627972,-1.6854724732949897,23.647452080411412,TRUE,stratified
NLA17_MI-10011,2,0,0,25.5,FALSE,mixed
NLA17_ND-10015,1,0.5774505975940656,-2.8974117647058826,20.758166209782136,TRUE,stratified
NLA17_CA-10064,1,0.12000095684072676,-0.5399999999999991,21.749451318386914,FALSE,mixed
NLA17_KY-10001,1,2.7484768384357494,-17.433096291691907,14.855315730424602,TRUE,stratified
NLA17_KY-10001,2,2.1773956554103506,-14.801187705086788,18.036996067976023,TRUE,stratified
NLA17_ND-10008,1,0,0,20,FALSE,mixed
NLA17_ND-10008,2,0.04501260864799406,-0.29999999999999893,15.07036354056902,FALSE,mixed
NLA17_TX-10001,1,0.23504091872860045,-0.9467663412444018,24.63322565262131,TRUE,stratified
NLA17_TX-10001,2,0.029432158481768056,-0.09999999999999787,29.192213167368113,FALSE,mixed
NLA17_KS-10005,1,2.096419141536103,-8.8,26.8575386766891,TRUE,stratified
NLA17_KS-10005,2,1.6113264790307085,-5.949999999999999,27.861273980555133,TRUE,stratified
NLA17_NV-10002,1,0.15276270708909578,-0.6999999999999993,21.27762237762238,FALSE,mixed
NLA17_NV-10002,2,0.2150542773028974,-0.9022699179757581,23.129921259842522,TRUE,stratified
NLA17_NV-10006,1,0.3968772208882001,-3.160907910322969,13.674542306815118,TRUE,stratified
NLA17_NV-10006,2,0.40306488879548397,-2.840370311304694,15.618721651945572,TRUE,stratified
NLA17_KY-10006,1,2.452856092019033,-14.46685649750376,21.773444801045745,TRUE,stratified
NLA17_TX-10019,1,0.8607611576786667,-3.259199000107863,27.34706431172244,TRUE,stratified
NLA17_TN-10004,1,2.0044508939321304,-13.414265685963816,18.572138128950257,TRUE,stratified
NLA17_MO-HP002,1,2.7073169377767954,-14.100184270616564,22.645893977082327,TRUE,stratified
NLA17_IA-HP002,1,2.5023902045196564,-13.84063572756891,23.461885427080993,TRUE,stratified
NLA17_ND-10035,1,0.04354451899621381,-0.1999999999999993,21.1909114857745,FALSE,mixed
NLA17_ND-10004,1,0.04920969591762514,-0.23000000000000043,20.79973408541499,FALSE,mixed
NLA17_GA-10002,1,1.417081246984253,-6.3912280701754405,24.468759065269943,TRUE,stratified
NLA17_KS-10001,1,1.909514672957016,-8.369312733084705,25.248323121573684,TRUE,stratified
NLA17_KS-10001,2,0.07957472419843725,-0.3000000000000007,26.084744842562433,FALSE,mixed
NLA17_SD-10020,1,0.07683129157044277,-0.34999999999999787,21.365975820379965,FALSE,mixed
NLA17_KS-10028,1,1.7360624206069133,-8.399999999999997,23.598954509177975,TRUE,stratified
NLA17_NV-10016,1,0.14402517313305907,-0.6999999999999993,20.225150966183573,FALSE,mixed
NLA17_NV-10239,1,0.08794321568370833,-0.34999999999999787,24.57801418439716,FALSE,mixed
NLA17_TX-HP003,1,0.9329244907643215,-3.5254680851063895,27.055359274223445,TRUE,stratified
NLA17_TN-10001,1,0.44377133298041826,-2.5,18.39312076988156,TRUE,stratified
NLA17_TN-10001,2,1.5006195080080715,-6.700000000000003,24.69822656532754,TRUE,stratified
NLA17_CA-10001,1,0.15592585156718997,-0.7985582592961507,18.764755541495706,TRUE,stratified
NLA17_CA-10001,2,0.008774613855507596,-0.0400000000000027,21.277305498258812,FALSE,mixed
NLA17_WV-10003,1,0.4541715923456877,-2.0973012495600294,22.015366340489752,TRUE,stratified
NLA17_WV-10003,2,0.7023666334529253,-2.758659826681736,26.155229759605966,TRUE,stratified
NLA17_ND-10006,1,0.7522660019601517,-3.984525321239609,20.36889691300609,TRUE,stratified
NLA17_MO-HP004,1,2.289828321547475,-11.901591036237388,22.770804282949126,TRUE,stratified
NLA17_TX-10017,1,1.4384732943559584,-5.91642516528465,25.81716521111605,TRUE,stratified
NLA17_UT-10013,1,0,-3.552713678800501e-15,23.700000000000003,FALSE,mixed
NLA17_AR-10001,1,1.4041204373968412,-6.20999999999999,23.601226040205702,TRUE,stratified
NLA17_AR-10001,2,1.7482130441451318,-6.716209016393435,28.332220412595003,TRUE,stratified
NLA17_NV-10124,1,0,0,24.617199514366654,FALSE,mixed
NLA17_MO-HP003,1,2.392680491035435,-14.21550206399665,17.60503645884447,TRUE,stratified
NLA17_KS-10034,1,1.2253047826612828,-5.360184413644998,24.86264838563084,TRUE,stratified
NLA17_CA-10082,1,NA,NA,NA,FALSE,mixed
NLA17_OK-10001,1,1.0758263307584457,-4.209695525373178,26.65312895813149,TRUE,stratified
NLA17_OK-10001,2,0.0637277770987339,-0.2270242718446589,27.7180526115459,FALSE,mixed
NLA17_WV-10002,1,1.2169054658324967,-5.842437136555041,23.09500469006488,TRUE,stratified
NLA17_WV-10004,1,0.32300307088110003,-1.2946075301238409,24.366287793952964,TRUE,stratified
NLA17_KS-10006,1,0,0,24.5,FALSE,mixed
NLA17_IL-10013,1,0.7180806469907566,-2.9057160342717196,25.466257597007946,TRUE,stratified
NLA17_ND-10023,1,0.04333866268837028,-0.20000000000000284,21.08494390155628,FALSE,mixed
NLA17_TX-10049,1,2.148786727075617,-9.6640174507545,26.297872715260954,TRUE,stratified
NLA17_OK-HP002,1,1.5799226325228801,-7.460062033409937,23.576819360852614,TRUE,stratified
NLA17_ND-10024,1,0.08099402534003275,-0.36999999999999744,21.3777359804946,FALSE,mixed
NLA17_CA-10003,1,0.06993405719470047,-0.3200000000000003,21.248484485795583,FALSE,mixed
NLA17_KS-10003,1,0.051637641731076656,-0.1999999999999993,25.264223669923997,FALSE,mixed
NLA17_KY-10023,1,2.859955809312737,-15.862779225290948,24.2250904336752,TRUE,stratified
NLA17_AR-10002,1,2.0016751432851834,-9.57277989285238,23.339942451063276,TRUE,stratified
NLA17_FL-10001,1,0,0,28.100000000000005,FALSE,mixed
NLA17_FL-10001,2,0,0,29.599999999999998,FALSE,mixed
NLA17_KS-10011,1,2.2821941036917224,-11.467279385722582,24.33872651037522,TRUE,stratified
NLA17_CT-10005,1,1.868546511032946,-8.453826857984598,24.831852791878173,TRUE,stratified
NLA17_CT-10005,2,0.04537823117811968,-0.20000000000000284,22.044148987232408,FALSE,mixed
NLA17_NC-10009,1,0,0,27.399999999999995,FALSE,mixed
NLA17_KY-10017,1,2.121183641555149,-9.9,25.03288847159815,TRUE,stratified
NLA17_MI-10099,1,0.3584755689444137,-1.5476145038167957,23.234020991675717,TRUE,stratified
NLA17_TX-10013,1,1.5510621682527699,-6.834148341403392,24.89677200899789,TRUE,stratified
NLA17_UT-10006,1,0.09565068753818196,-0.5800000000000001,16.486018820123054,FALSE,mixed
NLA17_UT-10006,2,0.03550804598057766,-0.3000000000000007,12.473972602739726,FALSE,mixed
NLA17_NE-10037,1,-0.005026306554327675,0.019999999999999574,24.4842654028436,FALSE,mixed
NLA17_NE-HP005,1,0.02213085868925191,-0.10000000000000142,21.410162022034996,FALSE,mixed
NLA17_OK-10011,1,0.005076357597658898,-0.019000000000001904,26.150744118711543,FALSE,mixed
NLA17_TX-HP002,1,0.1066596251204146,-0.40000000000000213,26.28111678660763,FALSE,mixed
NLA17_KY-10004,1,0.056812597608768556,-0.20000000000000284,28.097872340425535,FALSE,mixed
NLA17_KS-10004,1,0.1740773539248721,-0.6499999999999986,26.485510917653773,FALSE,mixed
NLA17_MD-10003,1,0.9163091083386234,-3.641828823350565,26.186110379346676,TRUE,stratified
NLA17_MD-10003,2,1.1714519875951055,-4.483654822335026,27.635423197492166,TRUE,stratified
NLA17_NC-10014,1,0.027543111586396662,-0.10000000000000142,27.095660749506905,FALSE,mixed
NLA17_ND-10029,1,0,0,18.7,FALSE,mixed
NLA17_TX-10011,1,0.8317174146485513,-3.0312383461212136,28.35139876097564,TRUE,stratified
NLA17_NV-10017,1,0.22196142853226775,-1.2280803801588966,17.31466878496481,TRUE,stratified
NLA17_NV-10079,1,0.004126756428149747,-0.049999999999998934,9.615104895104894,FALSE,mixed
NLA17_DE-10005,1,-0.014505462655051815,0.05000000000000071,28.670207253886012,FALSE,mixed
NLA17_TX-10008,1,0.0293437625085744,-0.10000000000000142,29.099709614292028,FALSE,mixed
NLA17_TX-10008,2,0,0,28.199999999999996,FALSE,mixed
NLA17_KS-10010,1,0.056812597608768556,-0.20000000000000284,28.09146341463415,FALSE,mixed
NLA17_NE-10032,1,0.10137866893376213,-0.45500000000000185,21.743381858902573,FALSE,mixed
NLA17_OH-10001,1,0.45439683296774547,-1.7999999999999972,25.11159429682437,TRUE,stratified
NLA17_OH-10001,2,0.022638647029680214,-0.10000000000000142,21.99944264419961,FALSE,mixed
NLA17_CA-10081,1,1.2830770717961286,-6.97951475380874,20.839194535734507,TRUE,stratified
NLA17_NE-HP004,1,0.77396936339494,-4.331865706471715,19.618988292324005,TRUE,stratified
NLA17_UT-10008,1,0.8245984979896548,-8.11392432687746,11.953352434714452,TRUE,stratified
NLA17_WI-10001,1,1.0712934382249841,-4.810685612666624,23.898751926888348,TRUE,stratified
NLA17_WI-10001,2,0.8563481812900591,-3.4681645103177132,25.737770131395436,TRUE,stratified
NLA17_NC-10005,1,1.1925016945365314,-4.800000000000001,26.358823529411765,TRUE,stratified
NLA17_MO-10001,1,0.586554258604906,-2.1999999999999957,26.84895195098355,TRUE,stratified
NLA17_MO-10001,2,0.15547984012710003,-0.6000000000000014,25.595722300140253,FALSE,mixed
NLA17_IL-HP001,1,2.3476306450299944,-10.86910142016257,25.459121233859396,TRUE,stratified
NLA17_SD-10004,1,0.010536667883002337,-0.05000000000000071,20.410837033783892,FALSE,mixed
NLA17_SD-10013,1,0,0,19,FALSE,mixed
NLA17_KS-10035,1,0.07929397997145315,-0.3000000000000007,26.073541490328846,FALSE,mixed
NLA17_ND-10012,1,0.7549190302167972,-4.523270474072524,18.63549365627835,TRUE,stratified
NLA17_ND-10090,1,0.10709191396676943,-0.5250000000000021,19.91153605015674,FALSE,mixed
NLA17_NM-10003,1,0.2544057798254471,-1.3712957863441382,18.73197326963252,TRUE,stratified
NLA17_NM-10003,2,0.4218949445372573,-1.9880825743432737,21.44888113082656,TRUE,stratified
NLA17_NM-10004,1,0.12507859058621307,-0.6999999999999993,17.665687203791467,FALSE,mixed
NLA17_NM-10004,2,0.4415257795395746,-2,21.83367861142217,TRUE,stratified
NLA17_MI-10084,1,2.209529020299783,-12.26810786911928,22.13573813891876,TRUE,stratified
NLA17_CA-10011,1,0.9794377633713793,-5.404382176806285,17.581608392698236,TRUE,stratified
NLA17_NC-10033,1,0.4501375048147338,-1.6000000000000085,28.40402900886382,TRUE,stratified
NLA17_KS-10002,1,0.3173504247583878,-1.198610914245215,26.49028901734104,TRUE,stratified
NLA17_KS-10033,1,0.32439831885562853,-1.2552242744063307,25.85347734457324,TRUE,stratified
NLA17_NM-10022,1,0.4980546420015344,-2.4616738909402294,20.844160420775804,TRUE,stratified
NLA17_NM-10002,1,0.1256548661940542,-0.6000000000000014,20.45716254293412,FALSE,mixed
NLA17_CA-10007,1,1.9391156767657094,-9.751327006327005,23.311175865691997,TRUE,stratified
NLA17_NJ-10003,1,1.8384838725862664,-9.069831154684099,22.699919625895078,TRUE,stratified
NLA17_VA-10001,1,0.9547066114474774,-3.6928654970760277,26.909790491539084,TRUE,stratified
NLA17_VA-10001,2,1.5474713877666773,-5.399999999999995,29.821998388396455,TRUE,stratified
NLA17_NV-10003,1,2.287013616174363,-11.33996722491813,19.734766573192495,TRUE,stratified
NLA17_KY-10024,1,0.05332998428423252,-0.1999999999999993,26.174937414656352,FALSE,mixed
NLA17_PA-10010,1,2.41484309868963,-12.174217966256265,25.112068525605977,TRUE,stratified
NLA17_DE-10001,1,0.07084665905017573,-0.25,28.027447552447555,FALSE,mixed
NLA17_DE-10001,2,0.26757458711892923,-0.9999999999999964,26.438341968911917,TRUE,stratified
NLA17_TX-10006,1,0.1956950734224847,-0.6769230769230745,28.762149427740006,FALSE,mixed
NLA17_MI-HP001,1,2.166502132639266,-14.15410029721491,21.248555923288652,TRUE,stratified
NLA17_MI-10001,2,2.059879366389282,-10.499999999999998,24.01357047052607,TRUE,stratified
NLA17_MI-10001,1,1.5796179784863398,-8.712811511701451,21.40967222591032,TRUE,stratified
NLA17_NM-10001,1,0.9340867046125823,-6.64903350194124,16.498084284954277,TRUE,stratified
NLA17_MO-HP008,1,2.6871870177262736,-12.980126673312446,25.683471731060692,TRUE,stratified
NLA17_MO-HP010,1,2.6348195431704653,-12.75231804686246,25.93899800553198,TRUE,stratified
NLA17_MI-10014,1,1.6787415954694325,-13.88431321545757,14.96725292957177,TRUE,stratified
NLA17_KS-10025,1,0.41003118971320873,-1.6000000000000014,25.497376093294463,TRUE,stratified
NLA17_SD-10005,1,0.041885545818672654,-0.1999999999999993,20.37447969060872,FALSE,mixed
NLA17_ND-10007,1,0.15736978444374472,-0.8000000000000007,19.313372677888808,FALSE,mixed
NLA17_GA-10005,1,1.3764661277319874,-5.083769751693001,28.515734104046242,TRUE,stratified
NLA17_GA-10005,2,0.2605929601816115,-0.8500000000000014,30.973056647398842,FALSE,mixed
NLA17_CA-10010,1,1.032758164449774,-5.450492022767065,18.95426611837045,TRUE,stratified
NLA17_VA-10004,1,3.2150777150787917,-15.954968944099374,25.968556504013247,TRUE,stratified
NLA17_VA-10006,1,0.35345212293759687,-1.2591623036649224,28.176470588235293,TRUE,stratified
NLA17_VA-10006,2,0.2696300050725995,-0.8999999999999986,29.99621273166801,FALSE,mixed
NLA17_IA-10003,1,2.2431419362158067,-10.603539517191658,25.30868733549611,TRUE,stratified
NLA17_OK-10007,1,0.16033853780641039,-0.6085000000000029,25.813629396554678,FALSE,mixed
NLA17_OK-10013,1,0.4256707195015679,-1.587397956671591,26.932246863799286,TRUE,stratified
NLA17_IN-10047,1,3.1025233073329446,-15.374962606462839,26.13103488133155,TRUE,stratified
NLA17_NV-10090,1,0.8265054565016499,-5.4511566367616755,16.507161795248024,TRUE,stratified
NLA17_MI-10122,1,0.07406040924115587,-0.33999999999999986,21.208049959709914,FALSE,mixed
NLA17_VA-10035,1,1.7083256900481274,-6.919512195121953,27.32783206659428,TRUE,stratified
NLA17_PA-10005,1,1.5777900103640832,-6.99835431147849,25.3443521049754,TRUE,stratified
NLA17_OH-HP001,1,3.040474534151258,-19.104886802217713,19.12373209023787,TRUE,stratified
NLA17_KY-10027,1,3.08607847213284,-16.37278016394783,22.11127813923588,TRUE,stratified
NLA17_FL-10003,1,0.24823834659730437,-0.8595225464191003,28.957127749576987,TRUE,stratified
NLA17_MI-10017,1,2.217159013578339,-13.9113405098384,20.64175169226088,TRUE,stratified
NLA17_IA-10005,1,0,0,22.9,FALSE,mixed
NLA17_IA-10005,2,0,0,20.5,FALSE,mixed
NLA17_MO-10008,1,3.3303728717603462,-14.7,27.343506251662674,TRUE,stratified
NLA17_ND-10001,1,0.03496713755487235,-0.1599999999999966,21.229375637624976,FALSE,mixed
NLA17_ND-10001,2,0.08198167859291061,-0.3200000000000003,25.109414838035526,FALSE,mixed
NLA17_MO-HP007,1,2.659402844328497,-12.59820337503637,26.34035433070866,TRUE,stratified
NLA17_MO-HP006,1,2.3118576078968545,-9.748901300857078,27.580324668962238,TRUE,stratified
NLA17_ND-10005,1,0.7072255222216199,-3.510481818181816,21.245004029008864,TRUE,stratified
NLA17_ND-10084,1,0.21073444034414024,-1.1106473594548554,18.990654968373804,TRUE,stratified
NLA17_GA-10020,1,0.14706876413197278,-0.5599999999999987,25.882811059907834,FALSE,mixed
NLA17_SD-10023,1,0.07502908926653618,-0.34999999999999787,20.881285829488213,FALSE,mixed
NLA17_SD-10073,1,0.21198844098137215,-0.9356862745098091,22.37066052227343,TRUE,stratified
NLA17_MT-10055,1,0,0,19.7,FALSE,mixed
NLA17_ND-10037,1,0,0,18.999999999999996,FALSE,mixed
NLA17_ND-10020,1,0,0,19.95,FALSE,mixed
NLA17_NM-10025,1,0.8420955301926369,-5.639887870769634,17.56801084036093,TRUE,stratified
NLA17_OK-HP001,1,0.5177844659609718,-2.041129180529655,24.705502679075018,TRUE,stratified
NLA17_OK-10086,1,0.7049111601907043,-2.5975930469550867,27.823384203435115,TRUE,stratified
NLA17_WV-10001,1,0.9826457123763248,-4.509619168880391,23.374773067518344,TRUE,stratified
NLA17_WV-10001,2,0.01988178273165886,-0.11000000000000298,17.670609349103337,FALSE,mixed
NLA17_MI-10127,1,0.2400555456957818,-1.0580832644306355,22.408036417322837,TRUE,stratified
NLA17_CA-10006,1,0.7197216669015916,-6.296506173049313,12.853518359604355,TRUE,stratified
NLA17_MO-HP001,1,3.085701408842965,-16.193063265703096,20.973972923936003,TRUE,stratified
NLA17_MO-HP009,1,3.1848295614288418,-16.233363873485292,24.12561564589188,TRUE,stratified
NLA17_NV-10225,1,0.21778132386839388,-3.374558474650666,7.551760710238005,TRUE,stratified
NLA17_FL-10006,1,0.1462753115159785,-0.5,29.166807165437305,FALSE,mixed
NLA17_NJ-10004,1,0.635407245505121,-2.350879613659881,27.391832109518752,TRUE,stratified
NLA17_NJ-10004,2,0.41634259108343485,-1.756430252100838,23.86443932411674,TRUE,stratified
NLA17_AZ-10021,1,2.054303360297922,-14.865357903507338,18.177178145761278,TRUE,stratified
NLA17_IA-10001,1,0.08761050226416955,-0.36653654176103956,23.264254567353035,TRUE,mixed
NLA17_IA-10001,2,0.18420222442466638,-0.8519582839550743,21.16082271653139,TRUE,stratified
NLA17_NM-10041,1,0.08749947108424294,-0.3999999999999986,21.302413200042995,FALSE,mixed
NLA17_KS-10041,1,2.8686901365429094,-12.968478260869567,27.599763968425943,TRUE,stratified
NLA17_CT-10001,1,0.8825604940969924,-3.9006568144499205,23.818312223409126,TRUE,stratified
NLA17_CT-10001,2,0.49738377465564554,-2.466666666666665,20.065176227971502,TRUE,stratified
NLA17_CT-HP001,1,2.4456375960278365,-12.192221059837008,24.107653347353665,TRUE,stratified
NLA17_NC-10015,1,3.322829596668157,-15.976329913180741,25.426252465483234,TRUE,stratified
NLA17_WI-10014,1,1.1570043283994664,-6.849999999999998,18.650053651666553,TRUE,stratified
NLA17_TN-10005,1,0,0,14.900000000000002,FALSE,mixed
NLA17_NM-10005,1,1.1087017743030856,-7.267674827993327,17.242801235701315,TRUE,stratified
NLA17_NM-10044,1,1.028897816045287,-5.524515903530231,20.561969124335405,TRUE,stratified
NLA17_CT-10003,1,2.4386163374302896,-15.767035076929204,18.752101647748773,TRUE,stratified
NLA17_NC-10030,1,2.758383217187884,-14.16201965367877,24.384300193332944,TRUE,stratified
NLA17_OR-10052,1,0.5639338449982461,-3.4694461448768372,17.767705328788274,TRUE,stratified
NLA17_NC-10007,1,0.22751373892742777,-1.183102529960049,19.272663642255345,TRUE,stratified
NLA17_OH-10038,1,1.1706719756103894,-5.2528045263672745,24.24026065838282,TRUE,stratified
NLA17_TX-10086,1,0,0,29.799999999999997,FALSE,mixed
NLA17_NC-10010,1,1.6144033517576872,-6.699999999999996,26.21608758595729,TRUE,stratified
NLA17_NE-10060,1,0.024522304748302304,-0.09999999999999787,23.899703032958474,FALSE,mixed
NLA17_NV-10243,1,0.41994411394102826,-2.2075512995896105,19.586116965226555,TRUE,stratified
NLA17_OK-10005,1,1.4814543278628207,-5.577408543903967,28.386423325918805,TRUE,stratified
NLA17_OK-10021,1,1.3125426487553113,-5.052532107874303,27.837319906913084,TRUE,stratified
NLA17_OK-10009,1,2.08232655313725,-8.618809998260925,27.394831405816568,TRUE,stratified
NLA17_SD-10039,1,0,0,18.6,FALSE,mixed
NLA17_DE-10004,1,0.28659877507436704,-1.0999999999999979,25.88214285714286,TRUE,stratified
NLA17_DE-10004,2,0.25380182216792946,-1.4500000000000064,17.664402173913043,TRUE,stratified
NLA17_NC-10001,1,1.1937528671435302,-5.745079886572192,23.044609323801428,TRUE,stratified
NLA17_NC-10001,2,2.0575703588209535,-8.630582903738372,26.868126880267663,TRUE,stratified
NLA17_PA-10006,1,0.11500779907032666,-0.4499999999999993,25.09737427587944,FALSE,mixed
NLA17_PA-10006,2,0.38109394768378024,-1.4377745260959074,25.90902761341223,TRUE,stratified
NLA17_MO-10027,1,0,0,23.5,FALSE,mixed
NLA17_OR-10008,1,0.03200001613947734,-0.14999999999999858,20.717012195121953,FALSE,mixed
NLA17_OR-10008,2,0.3246551039934502,-1.4000000000000057,23.05,TRUE,stratified
NLA17_TX-10070,1,0.0849111308045849,-0.28008213552361383,30.25625689722427,FALSE,mixed
NLA17_NE-10041,1,0.20933539146665225,-0.8304896083930622,24.70702917771883,TRUE,stratified
NLA17_ND-10017,1,0.17526394484934826,-0.9499999999999993,18.377636246372138,FALSE,mixed
NLA17_IA-10004,1,0.022334598262773397,-0.09999999999999787,21.697760358342666,FALSE,mixed
NLA17_UT-10010,1,0.6036405241057992,-3.061499454743732,20.643514170896786,TRUE,stratified
NLA17_LA-10002,1,0.4996476539095056,-1.7789045289474466,28.536716319496474,TRUE,stratified
NLA17_SD-10002,1,0,0,18.9,FALSE,mixed
NLA17_OH-10027,1,0.21845074620830474,-0.994148936170216,21.75859456635319,TRUE,stratified
NLA17_AZ-10012,1,2.1667538336688494,-13.168559293525162,19.14050531740018,TRUE,stratified
NLA17_PA-10003,1,2.18837897008018,-13.495652427972733,20.70121835468689,TRUE,stratified
NLA17_KS-HP001,1,1.9407717563376536,-8.544745911922728,26.308360900953385,TRUE,stratified
NLA17_IN-10011,1,1.4567499676458056,-7.754524695181587,22.121016328008754,TRUE,stratified
NLA17_NE-10028,1,1.0631323415008183,-4.553003446578039,24.745656069814554,TRUE,stratified
NLA17_IA-10002,1,0.11520484414597831,-0.5,22.47637478849408,FALSE,mixed
NLA17_IN-10028,1,1.6907373160842099,-9.282125820365097,21.81744778757156,TRUE,stratified
NLA17_IN-10028,2,2.541873545385897,-12.347116297646282,25.398677279559564,TRUE,stratified
NLA17_MT-10004,1,1.9906157838560148,-16.26285237521218,11.619896890959748,TRUE,stratified
NLA17_MT-10005,1,0.7237040416816853,-7.905601203300552,11.132113204598722,TRUE,stratified
NLA17_NE-10001,1,0.9868334598935462,-4.410635493982394,23.90884947307404,TRUE,stratified
NLA17_NE-10001,2,0.07674358225460765,-0.3000000000000007,25.044828573610264,FALSE,mixed
NLA17_AR-10016,1,0.15320002751627726,-0.5999999999999979,25.070207253886014,FALSE,mixed
NLA17_KS-HP002,1,2.375567302141576,-10.84825608594304,26.490821820795876,TRUE,stratified
NLA17_MA-HP001,1,1.7699088474707878,-9.759361450532124,21.936730499977415,TRUE,stratified
NLA17_TX-10015,1,0,0,29.1,FALSE,mixed
NLA17_OK-10035,1,1.9904387801957455,-8.333319381639448,27.360802259038874,TRUE,stratified
NLA17_SD-10003,1,0.15132168605043717,-0.6999999999999957,21.107630057803465,FALSE,mixed
NLA17_UT-10005,1,0.08296087075552805,-0.3949999999999996,20.52259291725105,FALSE,mixed
NLA17_ND-10002,1,0,0,18.5,FALSE,mixed
NLA17_KS-HP003,1,0.034684467810279784,-0.14000000000000057,24.165649555930504,FALSE,mixed
NLA17_NC-10004,1,1.7126299129470226,-9.3328163553049,22.393118100484703,TRUE,stratified
NLA17_NC-10004,2,2.103857888520224,-10.584696929381089,24.4466047546117,TRUE,stratified
NLA17_SC-10003,1,0.22871835665739582,-0.9907317073170709,22.88145956607495,TRUE,stratified
NLA17_SC-10003,2,0.8218266414886557,-3.400000000000002,25.103108808290155,TRUE,stratified
NLA17_NM-10037,1,1.2338624907746407,-9.836439909297054,17.313401144615977,TRUE,stratified
NLA17_OK-10033,1,2.285578766638423,-9.44312677520298,27.152732812966413,TRUE,stratified
NLA17_FL-10029,1,0,0,28.999999999999996,FALSE,mixed
NLA17_NH-10917,1,0.1841966828517343,-0.9379746835443044,19.52103142626914,TRUE,stratified
NLA17_OR-10013,1,0.15651049391340166,-0.7999999999999972,19.225737618545836,FALSE,mixed
NLA17_NJ-10002,1,0.17398455884369923,-0.6250000000000036,27.579957553784666,FALSE,mixed
NLA17_ME-10006,1,0.09560762829255509,-1.4990522371434967,8.964226169075452,TRUE,mixed
NLA17_TX-10087,1,0.030609112589331744,-0.09957264957264655,30.699578264639243,FALSE,mixed
NLA17_ND-10021,1,0.551558926584903,-2.6769600211417988,21.310394194954306,TRUE,stratified
NLA17_IA-10007,1,0.6350658520935895,-2.519762598917115,25.816517790308904,TRUE,stratified
NLA17_CA-10008,1,1.3471291590808505,-7.194032220854783,20.03705365187641,TRUE,stratified
NLA17_CA-10012,1,0.531714683855057,-2.846862342815431,17.93096101851327,TRUE,stratified
NLA17_ND-10019,1,1.0364176536395462,-4.893747304404997,22.51747719163543,TRUE,stratified
NLA17_CA-10055,1,0.024327341088110188,-0.09999999999999787,23.739430492996853,FALSE,mixed
NLA17_CT-10021,1,2.0364339455547906,-10.451361796098642,23.37488369992322,TRUE,stratified
NLA17_TX-10030,1,0.17015460301524854,-0.5989979959919864,28.275642193889865,FALSE,mixed
NLA17_MO-10010,1,0.09422240396747839,-0.3500000000000014,26.52010475423046,FALSE,mixed
NLA17_PA-10015,1,0.5291992445752385,-2.1700000000000017,24.02357512953368,TRUE,stratified
NLA17_MI-10027,1,0.6346410249619794,-2.5,25.216754350465397,TRUE,stratified
NLA17_RI-10010,1,1.6439842368451991,-7.325118679050572,24.94605811262535,TRUE,stratified
NLA17_RI-10010,2,1.4815447306905298,-6.899999999999995,22.716962730755828,TRUE,stratified
NLA17_DE-10003,1,0,0,27.500000000000004,FALSE,mixed
NLA17_FL-10034,1,0.15153879753052024,-0.5,30.284907709011943,FALSE,mixed
NLA17_OH-10031,1,-0.025771414983864815,0.09999999999999787,25.101463414634146,FALSE,mixed
NLA17_SD-10011,1,0,0,25.700000000000003,FALSE,mixed
NLA17_MN-10010,1,2.850327835833241,-16.151647137337775,22.72253492083348,TRUE,stratified
NLA17_MT-10059,1,0.02403346244830118,-0.09999999999999787,23.39911361804996,FALSE,mixed
NLA17_OK-10085,1,0.8587693264350946,-2.8087450980392177,31.44293862210042,TRUE,stratified
NLA17_AZ-10005,1,0.2575550774876092,-1.1889493369602206,21.585960764655677,TRUE,stratified
NLA17_DE-10006,1,1.3319430217871968,-5.272838137472281,27.034111473036553,TRUE,stratified
NLA17_AL-10005,1,0.22435373554128546,-0.8000000000000007,27.98701007838746,FALSE,mixed
NLA17_AL-10001,1,0.1421287023614468,-0.6000000000000014,23.034906473402987,FALSE,mixed
NLA17_AL-10001,2,0.3316483399611343,-1.2104095206734478,26.97678471093078,TRUE,stratified
NLA17_ND-10102,1,0.06270315074652899,-0.245000000000001,25.001010362694302,FALSE,mixed
NLA17_PA-10013,1,0.48755540695538,-2.198484848484849,22.362458249833,TRUE,stratified
NLA17_MN-10187,1,2.628971505678237,-15.541176790300273,22.082141887188033,TRUE,stratified
NLA17_SD-10037,1,1.497590434971812,-6.246313475299594,26.14338072563879,TRUE,stratified
NLA17_PA-HP001,1,1.1160877742324828,-7.176936450633326,18.290318757616753,TRUE,stratified
NLA17_MT-10029,1,-0.01133195348472782,0.05000000000000071,21.93068356374808,FALSE,mixed
NLA17_NE-10006,1,0.07901271506636931,-0.29999999999999716,25.862305699481862,FALSE,mixed
NLA17_NE-10059,1,2.1558189288044787,-8.796331834082952,27.69113963102363,TRUE,stratified
NLA17_NE-10007,1,1.1819195857302702,-5.363608672280954,23.83364671598429,TRUE,stratified
NLA17_NE-10007,2,0.5203423968810057,-2.41262112940689,22.1110310003517,TRUE,stratified
NLA17_MO-10007,1,2.1543237980238246,-8.260208486246555,29.438151259250418,TRUE,stratified
NLA17_CO-10024,1,2.173217411328096,-10.990191923852944,22.102319980262152,TRUE,stratified
NLA17_CO-10024,2,1.7992901676539077,-9.309208767230446,22.493284557720674,TRUE,stratified
NLA17_OR-10003,1,1.778609544285473,-8.857727017223908,23.29032239712938,TRUE,stratified
NLA17_CA-10005,1,2.0579296988715896,-8.653597172461208,24.136792033209286,TRUE,stratified
NLA17_CA-10005,2,1.8792442002527423,-8.088888087570197,24.426674199870018,TRUE,stratified
NLA17_SC-10002,1,0.23226218206968952,-0.8000000000000007,29.099318511461234,FALSE,mixed
NLA17_SC-10002,2,1.0403818533858384,-4.095600080305182,26.56504923283343,TRUE,stratified
NLA17_SC-10024,1,1.1766333286935833,-4.0162928637627395,30.92339393409667,TRUE,stratified
NLA17_OR-10002,1,0.1787396378676931,-1.0235057743334615,17.048881139203722,TRUE,stratified
NLA17_OR-10002,2,0.14549684777136918,-0.6999999999999993,20.214021349540285,FALSE,mixed
NLA17_CA-10021,1,0.4002270905095884,-1.5037649813891676,25.746709218666894,TRUE,stratified
NLA17_TX-10002,1,3.083124003253829,-12.77437024537721,29.142477392670056,TRUE,stratified
NLA17_OH-10002,1,1.0040447718392898,-4.338137282825404,24.41352823599183,TRUE,stratified
NLA17_NJ-10008,1,0.04752919719965121,-0.16999999999999815,27.548228364884544,FALSE,mixed
NLA17_SC-10015,1,0.29662666150034056,-1.0450000000000017,28.262046632124353,TRUE,stratified
NLA17_LA-10006,1,0.3071756575540121,-1.0428028814571633,29.404012892828362,TRUE,stratified
NLA17_PA-10025,1,0.3164194764617605,-1.3321637426900672,23.586946011281224,TRUE,stratified
NLA17_GA-10001,2,0.04053652630261695,-0.129999999999999,31.160135841170327,FALSE,mixed
NLA17_GA-10001,1,-0.011790522007117943,0.03999999999999915,29.19766457680251,FALSE,mixed
NLA17_MN-10021,1,0.772391845947709,-3.275831523425378,24.528573764422784,TRUE,stratified
NLA17_MN-10038,1,0.6812123244558279,-3.0107236363636325,23.274971796937955,TRUE,stratified
NLA17_OK-10015,1,0.06708584855925892,-0.21965134099617245,30.507064709308402,FALSE,mixed
NLA17_CT-10023,1,3.128474658086134,-17.532915790073506,23.668164394847118,TRUE,stratified
NLA17_WI-10092,1,2.3381748396539024,-12.182895413906222,24.417522682445753,TRUE,stratified
NLA17_MN-10007,1,2.5265392361769727,-16.5752557371169,16.299041594482105,TRUE,stratified
NLA17_ME-10001,1,0.10060252045082052,-0.3999999999999986,24.619235730409546,FALSE,mixed
NLA17_ME-10001,2,0,0,22.7,FALSE,mixed
NLA17_ID-10059,1,1.7844983177232052,-7.99280981333176,25.146988457623316,TRUE,stratified
NLA17_AL-10003,1,0.2569521451238188,-0.949413524767877,26.706396747158585,TRUE,stratified
NLA17_UT-10007,1,0.5165124912740566,-4.601051569161001,14.121462220562844,TRUE,stratified
NLA17_VA-10012,1,3.3631999592910233,-14.000000000000004,28.55028024534687,TRUE,stratified
NLA17_VA-HP005,1,3.6408032595203395,-15.780046808510637,29.554988826672147,TRUE,stratified
NLA17_SD-10022,1,1.1604591015338883,-4.233914285714288,28.840257558790594,TRUE,stratified
NLA17_IN-10003,1,2.936530245840231,-17.5939633144185,16.666143943500416,TRUE,stratified
NLA17_PA-HP002,1,2.4496108714545244,-15.124042640120349,21.18081019030522,TRUE,stratified
NLA17_GA-10022,1,2.3629123104489054,-9.18376054995916,29.391376374788493,TRUE,stratified
NLA17_VT-10003,1,1.9077199380514003,-13.705578754295779,15.464795950573341,TRUE,stratified
NLA17_VT-10003,2,1.953080172629484,-14.080258927261125,15.641451932497338,TRUE,stratified
NLA17_NE-10046,1,0.024131614194743634,-0.10000000000000142,23.46800518134715,FALSE,mixed
NLA17_MN-HP003,1,2.6121706127386233,-18.051816228868034,15.372978775084226,TRUE,stratified
NLA17_MN-10025,1,0.8205300152518475,-3.6931759656652403,23.35109365203762,TRUE,stratified
NLA17_MT-10009,1,0.13854578354607838,-0.5999999999999979,22.694674556213016,FALSE,mixed
NLA17_MT-10009,2,0.44910662303607296,-1.915561224489796,23.621567357512955,TRUE,stratified
NLA17_OR-10060,1,1.8616615615607088,-13.112868059813039,18.923668116739343,TRUE,stratified
NLA17_MS-10003,1,1.4174013011885336,-4.945180720341128,30.666020150275223,TRUE,stratified
NLA17_MS-10007,1,4.178170573464172,-16.87316769350246,31.67124292699592,TRUE,stratified
NLA17_MS-10007,2,0.8932153241244123,-4.186607794536759,22.78378846954593,TRUE,stratified
NLA17_OH-10007,1,2.2307249957685826,-11.966183183421169,23.93393224694952,TRUE,stratified
NLA17_NE-10061,1,1.4870423963318444,-6.162204344239459,26.483243453182283,TRUE,stratified
NLA17_ME-10043,1,2.558049417313441,-16.25279507790526,20.947527767283713,TRUE,stratified
NLA17_TX-10072,1,3.764596156225025,-17.599996279377677,27.39125979228652,TRUE,stratified
NLA17_FL-10005,1,0.09118386910756726,-0.29999999999999716,30.36671705719325,FALSE,mixed
NLA17_SC-10027,1,1.4245167210393674,-5.299999999999997,28.114383249886206,TRUE,stratified
NLA17_VA-10002,1,0.7873705133141584,-2.700000000000003,29.938356164383563,TRUE,stratified
NLA17_VA-HP007,1,3.838853654282616,-18.21765632543044,25.82373118960702,TRUE,stratified
NLA17_NE-10073,1,0.5778705619532047,-2.400000000000002,24.419512195121953,TRUE,stratified
NLA17_OR-10009,1,1.2158131193486952,-6.380536440158826,21.700504629033706,TRUE,stratified
NLA17_MO-10006,1,3.66434485203024,-16.338487517099864,28.98992859805246,TRUE,stratified
NLA17_MO-10006,2,2.1173345951294777,-10.003491243825774,25.312964635743644,TRUE,stratified
NLA17_AL-10004,1,1.774424794840229,-6.784132154490457,28.743080007289958,TRUE,stratified
NLA17_AL-10004,2,1.042379809415479,-3.7808047526334256,28.882670159432728,TRUE,stratified
NLA17_AL-10008,1,2.5652624101506944,-10.604326565627684,28.06563171401289,TRUE,stratified
NLA17_ND-10095,1,0.24778103701225973,-1.0994796671744993,22.39941297088289,TRUE,stratified
NLA17_ND-10003,1,0.022779901625426646,-0.10000000000000142,22.10677285225672,FALSE,mixed
NLA17_ND-10010,1,0.021047250807782802,-0.09999999999999787,20.40958549222798,FALSE,mixed
NLA17_IN-10008,1,1.9062457748744919,-9.665048358966226,24.05657879579141,TRUE,stratified
NLA17_NM-10024,1,0.0925394796333876,-0.7854652633341725,11.948942402063533,TRUE,mixed
NLA17_CO-10051,1,0.049982720078219245,-0.44592564471399143,11.701570937054807,TRUE,mixed
NLA17_CO-10009,1,1.333850690237682,-12.173342446417426,15.365033835814627,TRUE,stratified
NLA17_CO-10009,2,1.2699995427327622,-11.919692097699825,15.445301255425399,TRUE,stratified
NLA17_CO-10053,1,0.4694312640165208,-2.7484140821550564,18.04353444947629,TRUE,stratified
NLA17_TX-10004,1,0.8067214095748341,-3.2431816487556446,25.837904320922433,TRUE,stratified
NLA17_UT-10056,1,0.45853770545238604,-5.725669930012512,9.838375762264087,TRUE,stratified
NLA17_VT-10016,1,2.6151006673857182,-18.460925182565276,13.003706271468118,TRUE,stratified
NLA17_OK-10066,1,2.220910171814012,-7.511118110236222,31.35996485904679,TRUE,stratified
NLA17_OK-10008,1,2.5631441862121846,-9.325867880787538,30.56690251499296,TRUE,stratified
NLA17_CO-10037,1,0.03584892428932562,-0.20000000000000284,17.528000570857717,FALSE,mixed
NLA17_LA-10001,1,0.2991543267005454,-0.9515621092489077,31.869220527992717,TRUE,stratified
NLA17_LA-10001,2,0.30048670036774183,-1.0519798101121047,28.69952605826126,TRUE,stratified
NLA17_OR-10012,1,1.0194293599981847,-6.593761316823489,18.31463193101311,TRUE,stratified
NLA17_WI-10016,1,1.9842228605889431,-13.937233814253723,19.96768521688477,TRUE,stratified
NLA17_ND-10014,1,0.9966399151982159,-4.968593433401548,21.92213030796695,TRUE,stratified
NLA17_ND-10026,1,0,0,23.500000000000004,FALSE,mixed
NLA17_ND-10009,1,0.02667858758491093,-0.11499999999999844,22.534508460918612,FALSE,mixed
NLA17_NE-10011,1,0.10365381902886384,-0.3999999999999986,25.428415453527435,FALSE,mixed
NLA17_ME-10042,1,1.5125668769312597,-7.521579774449988,22.27018921095008,TRUE,stratified
NLA17_OK-10050,1,1.2317802875583084,-4.398622666666665,29.673589025755877,TRUE,stratified
NLA17_ND-10070,1,0.023539786856758838,-0.09999999999999787,22.89928705002337,FALSE,mixed
NLA17_OK-10010,1,1.0852826852031967,-3.6043360816647017,31.47766109701071,TRUE,stratified
NLA17_TX-10021,1,0.16110537155873317,-0.6000000000000014,26.58608743512322,FALSE,mixed
NLA17_IN-10077,1,2.341827688542139,-9.145365187713313,29.328307210031348,TRUE,stratified
NLA17_RI-10008,1,1.3809912446412227,-5.525079702444202,26.85754595291841,TRUE,stratified
NLA17_ID-10088,1,0.04325296834974779,-0.1700000000000017,24.925231353959816,FALSE,mixed
NLA17_LA-10046,1,-0.05788814733818981,0.1999999999999993,28.50664662658651,FALSE,mixed
NLA17_WI-10111,1,2.7266837229914245,-14.981772582920692,22.469573302082345,TRUE,stratified
NLA17_CO-HP002,1,1.2035271370895089,-10.795981027511715,10.059185875253773,TRUE,stratified
NLA17_CO-10010,1,0.2588571935308437,-2.4595587118970297,12.284508670520232,TRUE,stratified
NLA17_ND-10013,1,0.08995930195931123,-0.41499999999999915,21.15771555197421,FALSE,mixed
NLA17_ND-10069,1,0.21864030054575778,-0.9809999999999981,21.807527616279074,FALSE,mixed
NLA17_NE-10012,1,3.640625353490236,-16.773303259383944,27.250012265369396,TRUE,stratified
NLA17_OK-10004,1,2.8065793489759017,-11.46992126507202,27.113522281878225,TRUE,stratified
NLA17_NE-10014,1,0,0,25.5,FALSE,mixed
NLA17_NE-10038,1,0.14892044024509232,-0.49999999999999645,29.719833514296056,FALSE,mixed
NLA17_OR-10063,1,0.10022850996358557,-0.5,19.45041973361374,FALSE,mixed
NLA17_CA-10002,1,1.6993674685927544,-11.451998212811667,17.472503323782156,TRUE,stratified
NLA17_CA-10009,1,1.6719643912283573,-8.674784868234974,22.299678483729515,TRUE,stratified
NLA17_OH-10024,1,1.0505122979975567,-3.932208588957053,27.53019853709509,TRUE,stratified
NLA17_ND-10100,1,0.03183540634393012,-0.13999999999999702,22.116789721317407,FALSE,mixed
NLA17_MN-10002,1,0.0021723945513940635,-0.008000000000002672,26.63270068765834,FALSE,mixed
NLA17_WI-10027,1,2.135339752297341,-12.65,20.860881883479642,TRUE,stratified
NLA17_CO-10038,1,1.154595360413964,-9.82190778058466,14.762504585927172,TRUE,stratified
NLA17_ND-10089,1,0,0,21.499999999999996,FALSE,mixed
NLA17_IA-10031,1,3.4894198608388933,-16.088084314941103,28.185216524661925,TRUE,stratified
NLA17_NE-10025,1,0.05276901429829195,-0.1999999999999993,25.898818897637792,FALSE,mixed
NLA17_MN-10026,1,1.3583096673912678,-5.762127604993122,25.54505201309113,TRUE,stratified
NLA17_OR-10079,1,0.26652251376322056,-1.6294337675738433,16.92939302481556,TRUE,stratified
NLA17_TX-10020,1,1.2471205847024294,-4.839159091956592,27.49575777871803,TRUE,stratified
NLA17_TX-10022,1,0.39219840397822736,-1.3513739815710402,29.362371361021825,TRUE,stratified
NLA17_MT-10014,1,0.8831506130692333,-6.059415620560923,16.947499902260457,TRUE,stratified
NLA17_MO-10015,1,0.3097431459106019,-1.0117229129662526,31.0045280390108,TRUE,stratified
NLA17_MN-10005,1,1.3944434635894822,-7.227696379357322,20.904698473751473,TRUE,stratified
NLA17_MN-10189,1,2.5515768598089608,-15.339752252635048,22.575254521384494,TRUE,stratified
NLA17_AR-HP001,1,2.9419206973154814,-11.869479449860258,30.094390528993333,TRUE,stratified
NLA17_SD-10001,2,1.1593511703561035,-6.265037152830242,20.309754552517173,TRUE,stratified
NLA17_SD-10001,1,0.12090337152699249,-1.1541762347191078,11.395294473986235,TRUE,stratified
NLA17_ND-10018,1,0.04698024922458899,-0.1999999999999993,22.897676371780513,FALSE,mixed
NLA17_CO-10003,1,0.6225019103161458,-6.839633767675124,13.188617740197838,TRUE,stratified
NLA17_CO-10008,1,0.29597908668392847,-1.3072779862413952,22.6018702728727,TRUE,stratified
NLA17_CO-10005,1,0.7339104226169866,-3.0339550161527384,24.836640237696578,TRUE,stratified
NLA17_MI-10008,1,2.5581305465317428,-16.221296176014327,17.842989327241547,TRUE,stratified
NLA17_MI-10028,1,0.10213395420748839,-0.40000000000000213,25.057142857142857,FALSE,mixed
NLA17_IN-10136,1,3.3237673048359966,-13.795000000000002,29.337466396993246,TRUE,stratified
NLA17_RI-10002,1,1.2986292261953167,-5.378079178885628,25.708980973879395,TRUE,stratified
NLA17_SD-10081,1,0.011856567934614759,-0.05000000000000071,23.074950680023143,FALSE,mixed
NLA17_CO-10019,1,0.09527387707737489,-0.6245879297348811,15.38718319962619,TRUE,mixed
NLA17_OH-10005,1,3.119621063925706,-17.249502765517626,25.223735282430937,TRUE,stratified
NLA17_MA-10001,1,0.8524010414300847,-3.600000000000005,24.779935191186002,TRUE,stratified
NLA17_MA-10001,2,0.9467620536897812,-4.061917930419263,24.385236552171097,TRUE,stratified
NLA17_CO-10055,1,0.055596284581952204,-0.3000000000000007,18.133160621761657,FALSE,mixed
NLA17_ME-HP003,1,2.9370034655219115,-18.413101810873947,21.502474556182527,TRUE,stratified
NLA17_MN-10161,1,0.09684159762934996,-0.37099999999999866,25.599472309299898,FALSE,mixed
NLA17_SD-10035,1,0.1840964016939779,-0.75,24.174161133838552,FALSE,mixed
NLA17_KY-10002,1,3.8554388574432323,-20.677152368334696,22.32868045821016,TRUE,stratified
NLA17_RI-10011,1,0.4795681712356554,-2.0999999999999943,23.197192193900772,TRUE,stratified
NLA17_MN-10159,1,1.5376480402975403,-9.121552118024828,20.794577254358025,TRUE,stratified
NLA17_MN-10159,2,1.2856706286569306,-7.849976002712859,19.83108279409111,TRUE,stratified
NLA17_NC-10011,1,0.02827098873774503,-0.09999999999999787,27.899113618049956,FALSE,mixed
NLA17_IN-10100,1,0.6246143915114999,-2.834000000000003,22.112331606217616,TRUE,stratified
NLA17_ME-10039,1,0.17074573656464054,-0.7919017288444046,21.288545059717702,TRUE,stratified
NLA17_ND-10032,1,0.01155814439130154,-0.05000000000000071,22.41985781990521,FALSE,mixed
NLA17_MI-10019,1,2.1212265393521648,-13.742999376838966,19.762964290068986,TRUE,stratified
NLA17_CT-10006,1,2.8605491096757305,-19.515778213230455,14.914580473067819,TRUE,stratified
NLA17_NE-10008,1,0,0,24.200000000000003,FALSE,mixed
NLA17_OR-10102,1,0.1367380680126189,-0.5999999999999979,22.206047806470192,FALSE,mixed
NLA17_MA-10002,1,0,0,22.8,FALSE,mixed
NLA17_MN-10046,1,1.0351028741193886,-4.478321416411305,24.672114589966267,TRUE,stratified
NLA17_SD-10007,1,0.060022130006359475,-0.25,23.355721192586625,FALSE,mixed
NLA17_NE-10003,1,0,0,25.399999999999995,FALSE,mixed
NLA17_SC-10011,1,0.14494249990957542,-0.5,28.895499544833864,FALSE,mixed
NLA17_MA-10007,1,0.11167194937900149,-0.5,21.820279720279718,FALSE,mixed
NLA17_CO-10002,1,0.5015080567283121,-2.1645059470974637,23.550058791527,TRUE,stratified
NLA17_IA-HP001,1,0.4947501826285361,-1.8633207163958652,26.892673370732876,TRUE,stratified
NLA17_PA-10001,1,3.467475941172779,-20.361914117398843,18.464115520176225,TRUE,stratified
NLA17_PA-10001,2,1.8418848699295722,-12.93534468745757,20.16176319665248,TRUE,stratified
NLA17_IN-10138,1,0.19764516264240228,-0.6899999999999977,28.447908394287705,FALSE,mixed
NLA17_MN-10006,1,0.11866753341655567,-0.47499999999999787,24.45655358581789,FALSE,mixed
NLA17_MN-10047,1,0.8889784043110467,-3.7369062915171405,24.93880688901039,TRUE,stratified
NLA17_IA-10030,1,0.16221807734848426,-0.6000000000000014,26.78290155440414,FALSE,mixed
NLA17_LA-10018,1,0.16083219237873436,-0.5199999999999996,31.06782608695652,FALSE,mixed
NLA17_GA-10008,1,0.10185965045957346,-0.32000000000000384,32.04124100669075,FALSE,mixed
NLA17_OH-10003,1,3.5642533565319354,-19.51495009278835,24.038020572376897,TRUE,stratified
NLA17_OH-10003,2,1.8181468805461236,-12.085511588985705,20.240217555228547,TRUE,stratified
NLA17_RI-10006,1,1.994846573997961,-11.47773291372246,21.791144326035887,TRUE,stratified
NLA17_SD-10088,1,-0.012707138791142825,0.05000000000000071,24.759821428571424,FALSE,mixed
NLA17_ND-10082,1,0.08667689631181474,-0.3999999999999986,21.191608391608387,FALSE,mixed
NLA17_ND-10016,1,0.11769794624194674,-0.5,23.091824078288578,FALSE,mixed
NLA17_IN-10068,1,2.6834438591250773,-12.782941176470594,25.606395114160865,TRUE,stratified
NLA17_MA-10017,1,0.5279303653271654,-2.6000000000000014,20.436261079774376,TRUE,stratified
NLA17_ME-10020,1,0.32883956255057,-1.3999999999999986,23.459282479972135,TRUE,stratified
NLA17_IA-10029,1,2.620312657316049,-12.899999999999997,25.86198229528928,TRUE,stratified
NLA17_ME-HP001,1,2.2471763997075413,-15.183766138317065,13.723468354291649,TRUE,stratified
NLA17_ME-HP002,1,1.9201396981243306,-11.345966890242561,21.451220288553678,TRUE,stratified
NLA17_MS-10019,1,1.6107164362665571,-5.4222800345721645,32.118028411262586,TRUE,stratified
NLA17_NH-10999,1,1.6004582316055576,-12.066135840845728,14.19992794036625,TRUE,stratified
NLA17_NJ-10025,1,0.17798727794320257,-0.7100000000000009,24.620487204724405,FALSE,mixed
NLA17_OR-10024,1,0.1505989211425458,-0.6999999999999993,20.735405727671992,FALSE,mixed
NLA17_SC-10023,1,1.433531407164196,-5.803318438213633,26.960092498978327,TRUE,stratified
NLA17_TX-10032,1,0.335241427891674,-1.1374141351137759,29.71727303196387,TRUE,stratified
NLA17_CO-10011,1,0.19426389040108916,-2.066603833880711,10.25740575317295,TRUE,stratified
NLA17_SC-10016,1,1.0326223320033705,-4.100000000000005,25.74482043096568,TRUE,stratified
NLA17_SC-10004,1,0.7554495477602359,-2.910119999999999,26.5276875699888,TRUE,stratified
NLA17_CO-10007,1,1.7080659903866717,-8.081925783345426,24.39487906291139,TRUE,stratified
NLA17_CO-10020,1,0.15529523071916174,-1.5295439375541253,11.707810853530031,TRUE,stratified
NLA17_CO-10043,1,0.03176270228948397,-0.20000000000000107,15.797911829954085,FALSE,mixed
NLA17_MA-10004,1,2.1951909042218176,-13.612031128599513,18.809487473697942,TRUE,stratified
NLA17_MA-10004,2,3.0348058076699544,-17.01953370112451,20.31104235708368,TRUE,stratified
NLA17_MA-10022,1,0.27642538651866744,-1.2178985217738756,22.61720670391061,TRUE,stratified
NLA17_MT-10008,1,1.3494541869152954,-9.021117373593384,18.89869710868975,TRUE,stratified
NLA17_NE-10029,1,0.16277290850166537,-0.5999999999999979,26.858356758468833,FALSE,mixed
NLA17_CO-10050,1,1.9918714299337807,-10.909371465314875,22.81946172897195,TRUE,stratified
NLA17_SD-10019,1,0.4025734662512832,-1.6500000000000021,24.209810426540283,TRUE,stratified
NLA17_WI-10005,1,2.9383952206551385,-16.715529005467864,19.666094649944252,TRUE,stratified
NLA17_OH-10023,1,0.3325398903917858,-1.2999999999999936,25.129992096944154,TRUE,stratified
NLA17_MI-10012,1,0.5483850228412166,-2.150000000000002,25.356692399887198,TRUE,stratified
NLA17_MN-10033,1,3.183708688206025,-19.09281449649059,23.079706668036575,TRUE,stratified
NLA17_CO-10022,1,0.23765049555356654,-0.9550842961605923,24.096432116048312,TRUE,stratified
NLA17_IA-10034,1,2.2826921544184415,-10.880235628441179,24.78464024850978,TRUE,stratified
NLA17_MA-10018,1,0.19670872273673012,-1,19.360869565217392,TRUE,stratified
NLA17_OR-10021,1,0.300620200189087,-1.2765131973103507,22.60596587023535,TRUE,stratified
NLA17_OH-10029,1,0.14806307750643555,-0.5499999999999972,26.613594470046085,FALSE,mixed
NLA17_MD-10026,1,2.713599726618554,-13.535076790139556,26.043141861387962,TRUE,stratified
NLA17_MN-10049,1,0.50502149161889065,-2.1115151515151496,24.21834196891192,TRUE,stratified
NLA17_MA-10005,1,2.629073980926819,-14.308171542869827,24.185840243926123,TRUE,stratified
NLA17_CO-10004,1,0.2775938000924043,-1.1538126768836463,23.953494864732136,TRUE,stratified
NLA17_SC-10010,1,3.3034544529060668,-17.042186812323138,22.098326416920013,TRUE,stratified
NLA17_WY-10021,1,1.359121877327084,-10.901803541544762,13.148909942135457,TRUE,stratified
NLA17_MO-10003,1,1.8672397786427837,-7.382525148068066,28.2946332988189,TRUE,stratified
NLA17_SD-10052,1,0.21885079761125326,-0.8500000000000014,25.562167854828253,FALSE,mixed
NLA17_ND-10034,1,1.1492923119084253,-5.388862900323861,23.29610690094561,TRUE,stratified
NLA17_ND-10073,1,2.116130888917496,-9.400000000000006,25.696479109382334,TRUE,stratified
NLA17_VA-HP008,1,1.0132365277631834,-3.7642492225677486,28.25134755200211,TRUE,stratified
NLA17_IA-10006,1,0.05106715786098448,-0.1999999999999993,24.997073170731706,FALSE,mixed
NLA17_OR-10099,1,0.21529979880654082,-0.9499999999999993,21.98465650192779,FALSE,mixed
NLA17_MN-10001,1,2.685327407118507,-13.558479150076948,24.37386957171859,TRUE,stratified
NLA17_MN-10001,2,1.804673136972042,-9.823515675995933,22.183998852700437,TRUE,stratified
NLA17_MN-10179,1,0.007451255087516984,-0.030000000000001137,24.187548780487806,FALSE,mixed
NLA17_NE-10054,1,3.3916257999197796,-17.59049137375303,25.580073651326583,TRUE,stratified
NLA17_RI-10001,1,1.5414024897706895,-6.600000000000001,23.942829949238575,TRUE,stratified
NLA17_RI-10001,2,1.2268113768328703,-5.499249325538564,22.648749245523437,TRUE,stratified
NLA17_MI-10035,1,0.1421287023614468,-0.6000000000000014,23.235714285714288,FALSE,mixed
NLA17_MA-10003,1,0.9098040048501161,-3.8999999999999986,23.847642255005272,TRUE,stratified
NLA17_OR-10004,1,1.8446452845640806,-9.525909195906728,21.588263524159206,TRUE,stratified
NLA17_OR-10010,1,0.3481383460576808,-1.72780384054008,19.554608277088892,TRUE,stratified
NLA17_OH-10008,1,2.5741451884737216,-13.200000000000003,23.97640416421795,TRUE,stratified
NLA17_MO-10004,1,2.5633829191901896,-10.848341902008507,27.747941353674616,TRUE,stratified
NLA17_TX-10099,1,0.14569171195842046,-0.49798994974874233,29.192882333021316,FALSE,mixed
NLA17_OH-10009,1,0.0683411813802195,-0.25,26.86829268292683,FALSE,mixed
NLA17_LA-10075,1,0,0,29.51776887107549,FALSE,mixed
NLA17_WY-HP001,1,1.4669914791580823,-10.586035453690414,17.360664718552606,TRUE,stratified
NLA17_RI-10019,1,2.9744525592783475,-15.798409018001584,24.240635760267477,TRUE,stratified
NLA17_SC-10012,1,1.7300082993791648,-7.006626625211986,26.976943845158107,TRUE,stratified
NLA17_PA-10008,1,2.158869914175625,-11.27162656011806,24.05483368262669,TRUE,stratified
NLA17_AR-10003,1,NA,NA,NA,FALSE,mixed
NLA17_AR-10003,2,0.4244601060398736,-1.7787389659520798,23.997271847791033,TRUE,stratified
NLA17_IA-10038,1,0.999520131004715,-4.006278549037162,26.175450421257292,TRUE,stratified
NLA17_IN-10082,1,3.1878872503301636,-17.680161615596425,24.04244546244908,TRUE,stratified
NLA17_UT-10058,1,0.43067516516725846,-2.5999999999999996,17.31013779527559,TRUE,stratified
NLA17_MN-10042,1,0.46930287679208504,-2.2215650988411753,21.283332926970857,TRUE,stratified
NLA17_ND-10033,1,0.041885545818672654,-0.1999999999999993,20.395804195804192,FALSE,mixed
NLA17_MN-10027,1,1.773630732007632,-9.259072946622116,23.002816727216512,TRUE,stratified
NLA17_NJ-10010,1,0.014962119100573545,-0.05903846153846004,24.734841942816992,FALSE,mixed
NLA17_MN-10019,1,1.8104349820719108,-9.52750974658869,22.574322088838212,TRUE,stratified
NLA17_OK-10082,1,0.17950502533938106,-0.6500017064846411,27.31508887205172,FALSE,mixed
NLA17_OK-10022,1,0.16735377019733733,-0.6295000000000002,26.267367042707498,FALSE,mixed
NLA17_TX-10047,1,0.02592034574513491,-0.08940092165898506,28.69870259587068,FALSE,mixed
NLA17_PA-10011,1,2.1156443022092617,-14.671899002208223,19.0968181510695,TRUE,stratified
NLA17_RI-10005,1,2.4578477457239387,-13.665906790500564,23.88782667521185,TRUE,stratified
NLA17_WA-10057,1,0.29307637773786155,-1.0799679824543702,26.877256097560977,TRUE,stratified
NLA17_NH-10891,1,2.5375127098914163,-16.249036812315165,20.39094326079079,TRUE,stratified
NLA17_GA-10026,1,0.936864422429494,-3.4670260663507086,28.13696171742809,TRUE,stratified
NLA17_MN-10011,1,2.434352341651902,-13.333684757625061,23.911051232776305,TRUE,stratified
NLA17_MO-10005,1,2.080156725731854,-10.450991242779955,24.338071423678898,TRUE,stratified
NLA17_OR-10093,1,0.7850103369676162,-3.3818262806236064,23.638302079781795,TRUE,stratified
NLA17_TN-10015,1,0.026618374015356494,-0.10000000000000142,26.09963414634147,FALSE,mixed
NLA17_MN-10193,1,0.7984635351544966,-3.8420000000000023,21.397083834335337,TRUE,stratified
NLA17_AZ-10006,2,0.06204188861227067,-0.3000000000000007,20.199545262267343,FALSE,mixed
NLA17_AZ-10006,1,NA,NA,NA,FALSE,mixed
NLA17_TX-10005,1,0,0,29.7,FALSE,mixed
NLA17_SD-10105,1,0.13724628676698103,-0.6449999999999996,20.818303571428576,FALSE,mixed
NLA17_SD-10090,1,0,0,22.2,FALSE,mixed
NLA17_ME-10029,1,0.0459820159934452,-0.1999999999999993,22.375172756424732,FALSE,mixed
NLA17_PA-10030,1,0.3093003348385537,-1.4009701322220742,21.364947622884774,TRUE,stratified
NLA17_NE-10064,1,1.5667539419816876,-7.849545402172431,23.03740127109358,TRUE,stratified
NLA17_MN-10004,1,1.9042038237482757,-10.219586344708922,21.66271364862478,TRUE,stratified
NLA17_MT-10011,1,1.0914203770109907,-10.199421658329655,14.792213953586986,TRUE,stratified
NLA17_GA-10039,1,2.1821521400995607,-9.453497908574846,26.783667590737547,TRUE,stratified
NLA17_MS-10004,1,0.10932063388133884,-0.39000000000000057,27.656473933649295,FALSE,mixed
NLA17_AR-10021,1,0.3642879919735833,-1.439198606271777,25.262696256038648,TRUE,stratified
NLA17_NC-10002,1,1.2781808761392313,-6.3782797314407524,20.439242642278217,TRUE,stratified
NLA17_MT-10022,1,0.9605624843175065,-4.376431528448233,23.460089817970097,TRUE,stratified
NLA17_ND-10081,1,0.29276066000807077,-1.401583052741465,20.221167630057806,TRUE,stratified
NLA17_TN-10006,1,0.053702244585565495,-0.1999999999999993,26.39599453800637,FALSE,mixed
NLA17_CO-10058,1,0.08954109068974958,-0.3999999999999986,21.84266172844084,FALSE,mixed
NLA17_MT-10023,1,0.36394439268997303,-1.7000000000000028,21.417857142857144,TRUE,stratified
NLA17_WY-10001,1,0.055596284581952204,-0.3000000000000007,18.197861150070125,FALSE,mixed
NLA17_WY-10001,2,0.13125570521037844,-0.7000000000000028,18.353332455216016,FALSE,mixed
NLA17_NY-10003,1,0.1475202593441054,-0.6230612849020787,22.931520254893034,TRUE,stratified
NLA17_NY-10003,2,0.018201645845010717,-0.10000000000000142,17.799325803173613,FALSE,mixed
NLA17_AL-10002,1,0.9832923237981959,-3.748256709580229,27.494863503654358,TRUE,stratified
NLA17_CT-10004,1,2.7549694074727995,-17.57170522442764,17.924027353424776,TRUE,stratified
NLA17_TX-10009,1,3.1924434774805377,-13.8900426742532,28.758074008635557,TRUE,stratified
NLA17_ID-HP002,1,1.130259679437927,-10.124573400162763,13.549317401653411,TRUE,stratified
NLA17_WI-HP004,1,1.5387829329157512,-8.944866945534141,21.19364909874608,TRUE,stratified
NLA17_IN-10141,1,2.8029776798633748,-15.84124611730117,24.421880519929346,TRUE,stratified
NLA17_ME-10004,1,0.045579900702364284,-0.1999999999999993,22.194183211424594,FALSE,mixed
NLA17_MN-10048,1,2.3894114286875947,-16.914005164926024,17.732740871055977,TRUE,stratified
NLA17_MN-10194,1,2.2062837019708468,-17.139266662258414,16.471766443612122,TRUE,stratified
NLA17_OR-10051,1,0.8496372403175201,-4,21.558741258741254,TRUE,stratified
NLA17_WY-10038,1,0,0,16.5,FALSE,mixed
NLA17_WI-10008,2,0.2073644770920282,-0.9000000000000021,22.45882352941177,FALSE,mixed
NLA17_WI-10008,1,0,0,19.7,FALSE,mixed
NLA17_AL-10018,1,2.4431574670973077,-11.053879876692946,26.541118984646605,TRUE,stratified
NLA17_GA-HP002,1,2.721287555189633,-16.12433285153302,24.616604481604256,TRUE,stratified
NLA17_TX-10016,1,0.5797253742301791,-2.086614535215432,28.336949915163114,TRUE,stratified
NLA17_MA-10019,1,2.7597975676090982,-15.925913963331201,22.785172760994897,TRUE,stratified
NLA17_WY-10032,1,0.049835328023618786,1.218932178817332,2.013224317130657,TRUE,mixed
NLA17_WI-HP003,1,1.6761264263328712,-13.091444890862007,15.882629645031844,TRUE,stratified
NLA17_LA-10303,1,0.9456021892943909,-3.319213441654359,29.57045874240299,TRUE,stratified
NLA17_MN-10014,1,0.532147990560361,-2.3000000000000007,23.02122692725299,TRUE,stratified
NLA17_MN-10008,1,0.22058529413766337,-0.9500000000000028,23.006148780487806,FALSE,mixed
NLA17_WY-10007,1,1.2880322888785258,-10.36194381083698,12.454072249280536,TRUE,stratified
NLA17_MI-10073,1,0.3020690628226248,-1.6061774744027275,18.842743527226286,TRUE,stratified
NLA17_ND-10042,1,0.08377064882472496,-0.3999999999999986,20.413471502590674,FALSE,mixed
NLA17_TX-10003,1,0.600278557609613,-2.1385474860335165,28.684620021893757,TRUE,stratified
NLA17_SD-10111,1,0.11738451491044088,-0.6000000000000014,19.217727639000806,FALSE,mixed
NLA17_IN-10006,1,2.4040807863050304,-11.887580035100456,25.483492297895975,TRUE,stratified
NLA17_LA-10155,1,2.422846348765688,-9.280916666666663,29.93090614523947,TRUE,stratified
NLA17_MN-10018,1,0.7044232469619374,-3.5668912143012896,20.671084986743583,TRUE,stratified
NLA17_MO-10036,1,0.17699399905109203,-0.6700000000000017,25.979929078014187,FALSE,mixed
NLA17_CA-10020,1,1.1353232945539276,-6.074784313725495,21.087855806115947,TRUE,stratified
NLA17_CA-10089,1,0.9927289708942908,-5.356325053052052,20.65076876485114,TRUE,stratified
NLA17_WY-10008,1,0.21434925023277174,-1.0863222383608289,18.81241645088216,TRUE,stratified
NLA17_WI-HP001,1,1.159941853779742,-6.793292908817671,20.167084509693204,TRUE,stratified
NLA17_ND-10112,1,0.020785709801543817,-0.09999999999999787,20.19853658536585,FALSE,mixed
NLA17_CA-10062,1,0.05063056772917207,-0.23000000000000043,21.42535714285714,FALSE,mixed
NLA17_NH-10530,1,2.28677915814842,-13.85626260947845,20.656947821518134,TRUE,stratified
NLA17_AL-10020,1,0.11825750107209387,-0.3999999999999986,29.427847439916405,FALSE,mixed
NLA17_CT-10002,1,1.2153886865980894,-5.967608337082023,22.740809987261752,TRUE,stratified
NLA17_WI-10085,1,1.2360111784789751,-9.168750000000001,15.33714517174336,TRUE,stratified
NLA17_WY-10018,1,0.26624563106190635,-1.7571469265828998,15.937136969878617,TRUE,stratified
NLA17_WY-10012,1,0.4722383746077412,-6.358541936161711,10.036353483537548,TRUE,stratified
NLA17_WY-10005,1,0.19944347149146324,-1.1877672668833767,17.086283943867326,TRUE,stratified
NLA17_WY-10039,1,0.26966556618390314,-1.5,17.881772025883524,TRUE,stratified
NLA17_ND-10126,1,0.022537504287129195,-0.09999999999999787,21.896702042327387,FALSE,mixed
NLA17_WY-10013,1,0.3793405742867435,-1.8727002889872182,20.557038057512404,TRUE,stratified
NLA17_WA-HP002,1,0.8433937063040275,-8.584889498542093,11.323856487929143,TRUE,stratified
NLA17_SD-HP001,1,0.0329278288278374,-0.15000000000000213,21.314791582355323,FALSE,mixed
NLA17_MN-10183,1,-0.0037510469775270394,0.01699999999999946,21.389385205160746,FALSE,mixed
NLA17_MN-10192,1,-6.067191822012319e-4,0.0030000000000001137,19.616589285714284,FALSE,mixed
NLA17_CT-10010,1,0.9431897012245827,-3.9828637817115897,24.98145748367512,TRUE,stratified
NLA17_GA-10023,1,2.386290968986259,-9.083739054290717,29.767597783157093,TRUE,stratified
NLA17_TX-10085,1,1.1592200034135658,-4.256401418160333,28.851913670417122,TRUE,stratified
NLA17_MN-10028,1,1.832007400070438,-14.395926404233304,17.031332214158923,TRUE,stratified
NLA17_CA-10054,1,2.1588020942472212,-10.51042825421452,23.472123556840867,TRUE,stratified
NLA17_WI-10006,1,0.7900856548864112,-3.449351270613409,23.92693671630094,TRUE,stratified
NLA17_WI-10118,1,1.8271887250258487,-10.755298753750287,21.627974228193487,TRUE,stratified
NLA17_WY-10004,1,0.26996358278313437,-1.7055183840023993,16.382182293207137,TRUE,stratified
NLA17_WY-10004,2,0.20197110839569632,-1.453058986752593,14.699658574330208,TRUE,stratified
NLA17_OK-10095,1,0.8489009485897441,-2.9805101275318826,29.55019157088123,TRUE,stratified
NLA17_SD-10112,1,0.04354451899621381,-0.1999999999999993,21.19925062740212,FALSE,mixed
NLA17_ND-HP001,1,0.019939337412438363,-0.09999999999999787,19.33886087973111,FALSE,mixed
NLA17_GA-10004,1,1.2632846632848214,-4.621305785697853,29.150773538718706,TRUE,stratified
NLA17_TX-10089,1,0,0,29.200000000000003,FALSE,mixed
NLA17_WV-10015,1,0.1915677681432726,-0.7149999999999999,26.543168202764978,FALSE,mixed
NLA17_WY-10050,1,0.08142555964752773,-0.5,16.127699941000433,FALSE,mixed
NLA17_FL-10030,1,0.09273662696409701,-0.3000000000000007,31.14190229098644,FALSE,mixed
NLA17_AR-10022,1,0.05289713113847938,-0.19500000000000028,26.684065269943595,FALSE,mixed
NLA17_MI-10092,1,1.0147616890309337,-6.045429006433867,19.45300056922632,TRUE,stratified
NLA17_MN-10009,1,0.05325352376462433,-0.23999999999999844,21.52670611464182,FALSE,mixed
NLA17_MN-10188,1,0.006904164893512643,-0.03200000000000003,20.925966321243525,FALSE,mixed
NLA17_WV-10017,1,2.121157140991272,-9.23228687701496,26.63907396524222,TRUE,stratified
NLA17_NV-10005,1,2.2187119461511884,-12.800319945039941,19.711386215838,TRUE,stratified
NLA17_OR-10128,2,0.11819358498212296,-0.5,23.111782242384965,FALSE,mixed
NLA17_OR-10128,1,1.6620287148834905,-8.985620409741012,22.11297936042808,TRUE,stratified
NLA17_OR-10132,1,1.7565144644692054,-14.45611364705756,12.566950154230195,TRUE,stratified
NLA17_NY-10001,1,2.51014338724508,-16.304907517319563,17.06829934418813,TRUE,stratified
NLA17_NY-10001,2,1.5942645856343916,-12.638018288035475,16.156359440330537,TRUE,stratified
NLA17_NY-10007,1,0.2189403454568719,-0.9000000000000021,24.016106839336302,FALSE,mixed
NLA17_TN-10022,1,2.4722467705984172,-13.138780997908574,24.089558775567255,TRUE,stratified
NLA17_NY-10018,1,0.2794789526766408,-1.1999999999999957,22.967132867132868,TRUE,stratified
NLA17_MT-10030,1,0.14165402406058547,-0.75,18.669642857142854,FALSE,mixed
NLA17_NY-HP001,1,2.207727574002547,-16.249474181057906,16.39059950096053,TRUE,stratified
NLA17_WY-10009,1,0.1494029876358809,-3.7724970272191403,6.261587168725424,TRUE,stratified
NLA17_WY-10020,1,0.33747936095221576,-1.7951022319973937,19.191772598224212,TRUE,stratified
NLA17_WY-10031,1,0.08716168115131495,-1.2079472660432184,9.320919189761318,TRUE,mixed
NLA17_TN-10023,1,0.02519876198437032,-0.10000000000000142,24.59985781990521,FALSE,mixed
NLA17_ND-10107,1,0.02172084893391002,-0.10000000000000142,21.07608695652174,FALSE,mixed
NLA17_MN-10180,1,0.5392623991402843,-2.5974999999999966,20.472755842062853,TRUE,stratified
NLA17_MT-10076,1,0.2047495016341827,-1.0833616870286633,18.84937272359369,TRUE,stratified
NLA17_IN-10076,1,0.3796019427668398,-1.5389875666074637,24.76906304423546,TRUE,stratified
NLA17_MN-10017,1,0.37061102026643766,-1.7627200163733114,21.257875943684965,TRUE,stratified
NLA17_OR-10006,1,0.6486327263735348,-2.898406736556982,20.956268047087196,TRUE,stratified
NLA17_OR-10088,1,1.2884576047679275,-7.2453999964484215,20.765933613067585,TRUE,stratified
NLA17_SC-HP002,1,2.2248162782284453,-10.250469617773849,26.2103336400909,TRUE,stratified
NLA17_WY-10019,1,0.07063604035738535,-0.5999999999999996,12.536261079774377,FALSE,mixed
NLA17_OR-10029,1,0.4840271193522767,-4.9822209024667785,10.972229150297249,TRUE,stratified
NLA17_ND-10128,1,0,0,20.8,FALSE,mixed
NLA17_MO-10028,1,0.9408101850326602,-4.05439124487004,24.498445732349843,TRUE,stratified
NLA17_NY-10005,1,1.6623942716992133,-11.188729361513026,19.474518475444288,TRUE,stratified
NLA17_NY-10014,1,0.84732890897169,-6.6,15.442951989521703,TRUE,stratified
NLA17_MT-10002,1,1.0672952797972357,-10.889518620573845,13.131831606076569,TRUE,stratified
NLA17_MT-10015,1,0.7296993095764037,-6.9799237709518875,12.987998226485823,TRUE,stratified
NLA17_MI-10133,1,1.2522148595427325,-12.037261627521207,9.774171639038457,TRUE,stratified
NLA17_WY-10006,1,0.8005148524340484,-9.166788281617828,11.285387336190155,TRUE,stratified
NLA17_IN-10096,1,0.25822589943459207,-1.0507541010014307,24.41322087792772,TRUE,stratified
NLA17_MN-10030,1,0.11520484414597831,-0.5,22.553298259813843,FALSE,mixed
NLA17_NE-10070,1,2.1435159861458715,-12.563797768068229,23.16315020476651,TRUE,stratified
NLA17_MT-10012,1,0.09473403926426727,-0.5499999999999972,17.001794814626063,FALSE,mixed
NLA17_MT-10101,1,0.018312070146748738,-0.09999999999999787,17.89503167722574,FALSE,mixed
NLA17_MT-10104,1,1.0547752161095332,-5.587668702279929,21.08914613090566,TRUE,stratified
NLA17_NY-10017,1,0.739663377989018,-7.484085766619823,14.093689792823316,TRUE,stratified
NLA17_IA-10039,1,0,0,21.7,FALSE,mixed
NLA17_MS-10001,1,1.3455629051786673,-4.6061351614438735,29.84271610873175,TRUE,stratified
NLA17_MS-10001,2,0.8008971026115432,-2.8485818624467427,29.00987838409475,TRUE,stratified
NLA17_CA-10004,1,0.49829857880160944,-2.808472559662272,18.742185963811313,TRUE,stratified
NLA17_DE-10011,1,0.11570546699215356,-0.5,22.611888111888113,FALSE,mixed
NLA17_CT-10019,1,1.8695918773897802,-12.031712813908568,19.92106539254517,TRUE,stratified
NLA17_MT-10084,1,1.0498626873308012,-5.82759444594716,20.503535078541482,TRUE,stratified
NLA17_MT-10120,1,0.20695340917120575,-0.9804163460627286,20.60611439842209,TRUE,stratified
NLA17_AL-HP001,1,2.481512998459607,-10.882509982528902,27.426680770683795,TRUE,stratified
NLA17_CO-HP003,1,0.10704535852357822,-1.2696819668559929,10.365887516064157,TRUE,stratified
NLA17_ND-10110,1,0.09430128182555109,-0.5,18.43950445434298,FALSE,mixed
NLA17_MS-10005,1,0.7857177386906642,-2.856292939738651,28.38265895649427,TRUE,stratified
NLA17_GA-10003,1,1.5649042089343084,-6.232732747252747,26.653777810233194,TRUE,stratified
NLA17_OR-10123,1,1.363908689076311,-8.435756004295328,19.35771421107628,TRUE,stratified
NLA17_TX-10096,1,-0.012944953697228812,0.05000000000000071,25.27572336694432,FALSE,mixed
NLA17_UT-10001,2,0.017533832268668448,-0.09999999999999787,17.178777878925803,FALSE,mixed
NLA17_UT-10001,1,0.0028155657453226013,-0.014999999999997016,18.289977184289352,FALSE,mixed
NLA17_OR-10180,1,0.49541364964466084,-2.8000000000000025,18.27902097902098,TRUE,stratified
NLA17_MT-10102,1,0.03849847340393353,-0.3000000000000007,13.217695886644815,FALSE,mixed
NLA17_MS-10021,1,0.17957517329648454,-0.671827505017081,26.4633981042654,TRUE,stratified
NLA17_IN-10013,1,0.10765756330260956,-0.4450000000000003,23.647589285714286,FALSE,mixed
NLA17_TX-10025,1,0.024424917907140298,-0.10000000000000142,23.799634146341464,FALSE,mixed
NLA17_UT-10082,1,0.8565023644449639,-6.839709897369563,14.1591735616574,TRUE,stratified
NLA17_OK-10045,1,1.0311780970245081,-4.199178716020814,25.73413707438258,TRUE,stratified
NLA17_WI-10017,1,0.06901083886168635,-0.40000000000000213,17.126767757382286,FALSE,mixed
NLA17_SD-10093,1,0,0,17,FALSE,mixed
NLA17_PA-10002,1,1.2614924490247859,-8.781310305717378,18.770717288876313,TRUE,stratified
NLA17_IA-10041,1,0.06172619894664422,-0.3000000000000007,20.07477241693218,FALSE,mixed
NLA17_NY-10002,1,0.05260124083054052,-0.3000000000000007,17.292033538427642,FALSE,mixed
NLA17_NY-10004,1,0.6857611486692576,-4.535766021658089,17.32102455204366,TRUE,stratified
NLA17_SD-10057,1,0.09430128182555109,-0.5,18.49656067928278,FALSE,mixed
NLA17_MN-10037,1,0.15455095245442863,-0.7524999999999977,20.088132553761458,FALSE,mixed
NLA17_MT-HP001,1,0.21691202562578837,-1.093960880768332,19.786930635838146,TRUE,stratified
NLA17_NY-10025,1,1.3448607965472092,-10.22910947975161,15.835650515301191,TRUE,stratified
NLA17_IN-10123,1,1.3636062576769064,-7.558186937275535,21.002953826389774,TRUE,stratified
NLA17_MN-10012,1,0.1723840921951023,-0.8684934017250292,19.150049236094535,TRUE,stratified
NLA17_MN-10034,1,0.0066943054982857575,-0.032500000000002416,19.985051813471504,FALSE,mixed
NLA17_TX-10092,1,0.15320002751627726,-0.5999999999999979,25.197756290218244,FALSE,mixed
NLA17_LA-10108,1,0.15818832258912607,-0.620000000000001,25.066749064983636,FALSE,mixed
NLA17_AZ-10007,1,0.25340626278125455,-1.3571951629156906,18.85690538158005,TRUE,stratified
NLA17_OR-10076,1,0.7154663322158967,-6.487951449325731,14.624494545521053,TRUE,stratified
NLA17_TX-10007,1,0.03897672287507703,-0.14999999999999858,25.330674714316114,FALSE,mixed
NLA17_CA-10069,1,0,0,25.617919075144506,FALSE,mixed
NLA17_CA-10068,1,0.9061642990790233,-5.664285626611022,18.649640476197728,TRUE,stratified
NLA17_MT-HP002,1,1.307907585644557,-10.61456137379209,17.577383684223065,TRUE,stratified
NLA17_MO-10009,1,1.7030948866861308,-9.425959171068328,22.302919663097004,TRUE,stratified
NLA17_TX-10010,1,2.121602891957764,-9.901588955610505,25.689480243341468,TRUE,stratified
NLA17_MN-10842,1,1.605928227450022,-12.607472697028868,15.609278947324462,TRUE,stratified
NLA17_OK-10019,1,0.13018626580708315,-0.5666666666666664,22.460520094562646,FALSE,mixed
NLA17_OK-10098,1,1.1634037214727186,-4.641315028530357,24.45136940547762,TRUE,stratified
NLA17_TX-10088,1,0.08316858919783954,-0.3500000000000014,23.24130434782609,FALSE,mixed
NLA17_OH-10013,1,0.03891351099809981,-0.1999999999999993,18.934634146341462,FALSE,mixed
NLA17_PA-10042,1,0.299270295578026,-1.5659166808426797,19.363691284764425,TRUE,stratified
NLA17_AR-10004,1,0.19350530883116335,-0.9149999999999991,20.597741617357,FALSE,mixed
NLA17_ND-10127,1,0,0,19.399999999999995,FALSE,mixed
NLA17_MO-10038,1,2.2289653340195628,-13.21045817471102,22.73576937252214,TRUE,stratified
NLA17_UT-10100,1,1.0686632944280063,-8.783163254834685,16.65440275365914,TRUE,stratified
NLA17_MI-10141,1,0.594706373688382,-3.7546951891296345,17.532332786586473,TRUE,stratified
NLA17_OR-10001,1,0,0,16.900000000000002,FALSE,mixed
NLA17_LA-10004,2,0.2579003825460404,-0.9892956790390883,25.53316051393413,TRUE,stratified
NLA17_LA-10004,1,-0.0057620366005721735,0.019999999999999574,28.450996376811595,FALSE,mixed
NLA17_WV-10014,1,0.4286089233273742,-2.395366274952533,17.76443651574803,TRUE,stratified
NLA17_OH-10028,1,1.6379395002321644,-11.416399966972964,18.63840912623052,TRUE,stratified
NLA17_ND-10147,1,0.04712138206559757,-0.29999999999999893,15.635128428676817,FALSE,mixed
NLA17_LA-10015,1,0.8436575984808314,-3.1120518716577585,27.907349800941006,TRUE,stratified
NLA17_PA-10007,1,1.6639099833960245,-11.666005957784392,18.88643269601722,TRUE,stratified
NLA17_AR-10014,1,0.267955330362156,-1.1273906051637574,23.240472027972025,TRUE,stratified
NLA17_OR-10014,1,-0.009910772924172306,0.09999999999999964,10.810714285714289,FALSE,mixed
NLA17_MS-10015,1,2.0856019477557766,-8.44333314685315,27.78138625155754,TRUE,stratified
NLA17_NJ-10005,1,0.09147675908502606,-0.3949999999999996,22.61593070104754,FALSE,mixed
NLA17_TX-10040,1,0.027726056974870517,-0.10000000000000142,27.29911361804996,FALSE,mixed
NLA17_PA-10004,1,0.07683129157044277,-0.34999999999999787,21.459770436730125,FALSE,mixed
NLA17_TX-10110,1,0.8636549906510709,-3.1851444622792897,28.022010869565214,TRUE,stratified
NLA17_MO-10039,1,1.425147540044236,-6.617537897844311,24.172209828720774,TRUE,stratified
NLA17_LA-10231,1,-0.008783211514810318,0.029999999999997584,28.963191489361705,FALSE,mixed
NLA17_NC-10023,1,2.1482600981863698,-10.538246465322517,23.995756650980756,TRUE,stratified
NLA17_WV-10019,1,0.7221766660325102,-3.021778400780107,24.342353709508878,TRUE,stratified
NLA17_TX-10121,1,0.0048222139624840565,-0.016363636363635692,29.198516247672124,FALSE,mixed
NLA17_NV-HP001,1,0.0065247163942103725,-0.09999999999999964,8.399885851792437,FALSE,mixed
NLA17_IN-10070,1,0.42686913363286294,-1.8680170482809828,23.097516241921188,TRUE,stratified
NLA17_PA-10047,1,0.8206610088524258,-4.058505850585057,21.48196392785571,TRUE,stratified
NLA17_IN-10175,1,1.6022360875044797,-11.748336008099889,17.388465473083905,TRUE,stratified
NLA17_IN-10173,1,1.2555226071860943,-6.25,21.829531889209306,TRUE,stratified
NLA17_TX-10136,1,0.7558240101309366,-2.787196924896506,27.87430599369085,TRUE,stratified
NLA17_TX-HP004,1,0.5824436384600631,-2.200000000000003,26.279367301231805,TRUE,stratified
NLA17_TX-HP005,1,0.10213395420748839,-0.40000000000000213,25.04325307950728,FALSE,mixed
NLA17_NE-10072,1,0,0,21.9,FALSE,mixed
NLA17_ND-10137,1,0.03960440039747937,-0.29999999999999893,13.518101249178173,FALSE,mixed
NLA17_ND-10139,1,0.01332383561396,-0.09999999999999964,13.567317073170733,FALSE,mixed
NLA17_TX-10048,1,0.0568310885205392,-0.19880239520957943,28.294270879936565,FALSE,mixed
NLA17_ND-10144,1,0,0,13.2,FALSE,mixed
NLA17_MO-10043,1,1.9866026529231249,-9.20000000000001,24.57035730541648,TRUE,stratified
NLA17_OR-10005,1,0.40840074470997934,-3.7422328651421974,12.924128705079294,TRUE,stratified
NLA17_OK-10097,1,1.0044626616154346,-3.9390000000000036,26.172246575342466,TRUE,stratified
NLA17_OR-10086,1,0.008584059407439781,-0.09999999999999964,9.848769453492581,FALSE,mixed
NLA17_TX-10112,1,1.0085554090233018,-4.481533871462258,23.6923216535349,TRUE,stratified
NLA17_NJ-10006,1,0.21621270354444277,-0.8872336720271008,24.135428704442674,TRUE,stratified
NLA17_SD-10098,1,0.019690469826969093,-0.20000000000000107,10.843434959349594,FALSE,mixed
NLA17_ND-10103,1,0.034750852179627145,-0.3000000000000007,12.241935483870968,FALSE,mixed
NLA17_OK-HP004,1,0,0,18.799999999999997,FALSE,mixed
NLA17_OR-10134,1,0.08314390290729534,-0.6911675532304642,12.17102685085631,TRUE,mixed
NLA17_TX-10144,1,0.08173618146031458,-0.38823529411764923,20.597435800754617,FALSE,mixed
NLA17_OR-HP10201,1,0,0,8.6,FALSE,mixed
NLA17_AZ-10041,1,0.023737843879075626,-0.10000000000000142,23.06800518134715,FALSE,mixed
NLA17_AZ-10035,1,0.1421287023614468,-0.6000000000000014,23.26289659994756,FALSE,mixed
NLA17_AZ-10003,1,0.04678140176793022,-0.1999999999999993,22.79398401156226,FALSE,mixed
NLA17_AZ-10001,1,1.1002856191574892,-5.749494376588515,20.910655878533934,TRUE,stratified
NLA17_AZ-10001,2,1.5019072070134598,-6.544354838198448,25.243999133260612,TRUE,stratified
NLA17_MI-10030,1,1.6520579471770134,-11.644442680280484,16.65437760881036,TRUE,stratified
NLA17_MI-10095,1,1.5056280082782223,-10.946182156280864,17.14423685449694,TRUE,stratified
NLA17_MI-10006,1,1.5403922394143592,-12.025620239599352,16.21465740166938,TRUE,stratified
NLA17_VA-10008,1,1.228471241540774,-6.670879908864297,16.514614517843935,TRUE,stratified
NLA17_MI-10004,1,1.507611084315613,-9.550693908893354,18.34904148618031,TRUE,stratified
NLA17_VA-HP003,1,2.1333490704151927,-12.738488226792244,20.291727244494798,TRUE,stratified
NLA17_FL-10035,1,0.2717520498788417,-0.8888888888888857,30.58699551569506,FALSE,mixed
NLA17_VA-HP001,1,0.6902671601076236,-4.646044218918629,17.026944045390564,TRUE,stratified
NLA17_SD-10067,1,1.4456958064012042,-6.700000000000003,23.17847222222222,TRUE,stratified
NLA17_KS-10007,1,1.959356452767679,-11.164853632118056,22.864598874947866,TRUE,stratified
NLA17_MI-10078,1,1.8607767112112015,-12.287912997142914,17.808208169511133,TRUE,stratified
NLA17_FL-10007,1,0.029166514528128573,-0.09999999999999787,28.895599480594427,FALSE,mixed
NLA17_FL-10007,2,-0.03167914929542803,0.10000000000000142,31.803028581417706,FALSE,mixed
NLA17_MI-10110,1,1.0865395389915875,-5.938399758578353,20.82919531669761,TRUE,stratified
NLA17_VA-10034,1,2.150079310996034,-11.349999999999996,21.285091935583388,TRUE,stratified
NLA17_UT-10002,1,0.8663526288817138,-6.66580427983113,11.834386366020277,TRUE,stratified
NLA17_SD-10015,1,0.9626252559472732,-5.687327236865977,19.451464515562193,TRUE,stratified
NLA17_TN-10002,1,0.13981676156834055,-0.8000000000000007,17.411120064464143,FALSE,mixed
NLA17_MI-10094,1,0.06485322624951095,-0.3000000000000007,21.06785714285714,FALSE,mixed
NLA17_IL-10006,1,0.9506615065627102,-4.335412336002722,23.357892988353004,TRUE,stratified
NLA17_UT-10004,1,1.0411663922529897,-5.497795921872701,21.00488640450015,TRUE,stratified
NLA17_SD-10025,1,0.4743613174106258,-2.1999999999999993,21.63627397756062,TRUE,stratified
NLA17_MI-10087,1,1.9145355820795658,-13.187542368129158,18.930902553974878,TRUE,stratified
NLA17_LA-10007,1,0.07816577400240021,-0.3000000000000007,25.56413043478261,FALSE,mixed
NLA17_MI-10123,1,1.3945800043056806,-8.134402717493868,20.648181296980507,TRUE,stratified
NLA17_MO-HP005,1,2.33545087112293,-12.24,22.965096722025255,TRUE,stratified
NLA17_FL-10004,1,0,0,26.9,FALSE,mixed
NLA17_UT-10028,1,0.06515021926350073,-0.34999999999999787,18.23125,FALSE,mixed
NLA17_MI-10091,1,0.02202867399068964,-0.09999999999999787,21.398936170212764,FALSE,mixed
NLA17_NJ-10001,1,1.0383566272640792,-4.487193193780438,24.122112759820233,TRUE,stratified
NLA17_NJ-10001,2,0.348446575140656,-1.3751509114828053,25.347441187115457,TRUE,stratified
NLA17_MI-10005,1,0.37176046523052264,-1.4927297206327843,24.990745087519283,TRUE,stratified
NLA17_SD-10012,1,0.04146641398142492,-0.1999999999999993,20.187711213517662,FALSE,mixed
NLA17_MI-10007,1,1.9417599295986747,-11.080269592742065,21.861713562909042,TRUE,stratified
NLA17_VA-HP006,1,1.2848910270037095,-7.273873152040874,20.576238452458757,TRUE,stratified
NLA17_SD-10033,1,-0.00971492234850757,0.04999999999999716,18.859821428571426,FALSE,mixed
NLA17_WI-10013,1,1.482481628299297,-7.110501482609397,23.35926011577942,TRUE,stratified
NLA17_MI-10003,1,2.6627650964165923,-13.579792075536226,24.03097961632764,TRUE,stratified
NLA17_MI-10013,1,2.3597502445531973,-13.24162440727746,23.271613447596664,TRUE,stratified
NLA17_VA-10049,1,1.6627950505167064,-8.618517122203297,19.494910607395727,TRUE,stratified
NLA17_SD-10042,1,0,0,21.1,FALSE,mixed
NLA17_WI-10078,1,0.17588633444188417,-0.6500000000000021,26.764949608062707,FALSE,mixed
NLA17_SD-10016,1,0,0,20.2,FALSE,mixed
NLA17_UT-10003,1,0.1098025343617337,-0.7400000000000002,14.760132787874722,FALSE,mixed
NLA17_IL-10001,1,2.1991476588511887,-10.605294376352678,24.897834581795934,TRUE,stratified
NLA17_VA-10007,1,3.3753837342368342,-16.1,24.7519947391495,TRUE,stratified
NLA17_FL-10008,1,0.08235400968612794,-0.3000000000000007,27.003190751445086,FALSE,mixed
NLA17_VA-HP004,1,2.53422946687931,-13.662776551984058,19.20257565915286,TRUE,stratified
NLA17_IL-10011,1,0.9532260724637354,-3.94828396322778,25.44198019265421,TRUE,stratified
NLA17_MI-10009,1,2.4275882639957445,-14.928323236052174,19.25642388230268,TRUE,stratified
NLA17_SD-10014,1,0.2582943517069225,-1.1500000000000021,22.2125,TRUE,stratified
NLA17_KY-10003,1,0.08209053861742177,-0.40000000000000213,20.091608391608393,FALSE,mixed
NLA17_KY-10003,2,0.1391459293599837,-0.6000000000000014,22.78741258741259,FALSE,mixed
NLA17_SD-10010,1,-0.03955796491527508,0.1999999999999993,19.16536585365854,FALSE,mixed
NLA17_SD-10010,2,0,0,23.6,FALSE,mixed
NLA17_MI-10115,1,2.263956333404167,-17.090606485757846,14.461672735857954,TRUE,stratified
NLA17_IN-10005,1,2.5259575071759173,-13.1550581723241,21.419923218896976,TRUE,stratified
NLA17_MI-10015,1,0.07672452614428948,-0.3374999999999986,22.077013021828684,FALSE,mixed
NLA17_MI-10025,1,0.6260217589943977,-2.6728984275393195,23.959265291349986,TRUE,stratified
NLA17_WI-10010,1,1.9526411253485776,-11.349730402637112,22.628326469190558,TRUE,stratified
NLA17_WI-10002,1,2.073699429477415,-13.378745595547722,17.065215206255314,TRUE,stratified
NLA17_MT-10036,1,0.14353183642072054,-0.7182902734227099,19.23087441903501,TRUE,stratified
NLA17_MT-10036,2,0.7999669240008416,-3.654311322895392,22.982404501099655,TRUE,stratified
NLA17_VA-10036,1,2.8382779378113128,-15.78311957832062,23.511093358436668,TRUE,stratified
NLA17_IN-10053,1,1.945740669038173,-12.495808596744636,19.818069468552558,TRUE,stratified
NLA17_IA-10028,1,0.4390664882320152,-1.8976713091921944,23.38834600072385,TRUE,stratified
NLA17_WI-10077,1,1.2655347158043924,-9.925434211240407,15.439550102409662,TRUE,stratified
NLA17_WA-10011,1,0.29737340462634165,-1.2421681901279626,23.874124140427075,TRUE,stratified
NLA17_MT-10003,1,0.09538963785746546,-0.5,18.76205198152215,FALSE,mixed
NLA17_MI-10118,1,1.7836602772831611,-13.1391649095324,18.242002495625684,TRUE,stratified
NLA17_MI-10029,1,2.2336437462765844,-14.672240037008615,20.841318358658153,TRUE,stratified
NLA17_FL-10002,1,0.9782788128134143,-3.641972393384144,28.137874090324043,TRUE,stratified
NLA17_WI-10069,1,0.2277610415834488,-1.2108270418668496,18.90158868163136,TRUE,stratified
NLA17_IN-10031,1,2.1993345831632496,-14.512038444385214,17.521124309225453,TRUE,stratified
NLA17_VA-10010,1,3.647869811520991,-19.402458807336203,23.09936285615544,TRUE,stratified
NLA17_VA-10003,1,3.1555216347118176,-16.67982446009932,25.699257998280125,TRUE,stratified
NLA17_MI-10018,1,1.2829773524763368,-10.36369648839706,15.449999073530547,TRUE,stratified
NLA17_NH-10059,1,0.30563964005239086,-1.404430379746831,21.772755842062853,TRUE,stratified
NLA17_FL-10020,1,3.1299051542109737,-12.293780719790945,26.08858381538793,TRUE,stratified
NLA17_NM-10006,1,0.09528591363721262,-0.5999999999999996,15.983258135739657,FALSE,mixed
NLA17_IN-10037,1,1.21690957785529,-6.198165770918596,22.14030460410107,TRUE,stratified
NLA17_VA-10014,1,1.5119708389602238,-6.231596452328162,26.57338038364097,TRUE,stratified
NLA17_MI-10097,1,1.3671287985183653,-10.438324495875989,17.144769135318704,TRUE,stratified
NLA17_WA-10049,1,0.5696331335403784,-3.3966257309941543,17.922850120870265,TRUE,stratified
NLA17_FL-HP002,1,0.058598977241217653,-0.20000000000000284,29.084943901556287,FALSE,mixed
NLA17_OR-10151,1,1.9391582879991347,-10.192885353351448,23.085949907735692,TRUE,stratified
NLA17_IL-10003,1,2.6084768181111713,-13.664463243000446,24.650227780433323,TRUE,stratified
NLA17_IL-10003,2,2.724204571256564,-12.549028415858427,27.035564227827553,TRUE,stratified
NLA17_IL-10004,1,2.304494971950362,-13.02805795304674,20.48380495187035,TRUE,stratified
NLA17_IL-10004,2,2.7394740203340007,-14.961081084013355,23.294702632826095,TRUE,stratified
NLA17_WA-10027,1,1.6447883203999254,-9.904920300228612,20.085720791224574,TRUE,stratified
NLA17_NH-10063,1,1.2026727303245934,-9.235762538077259,17.89169451138039,TRUE,stratified
NLA17_WI-10080,1,0.9387980124904516,-5.383747122829044,19.676073299450792,TRUE,stratified
NLA17_ID-10001,1,NA,NA,NA,FALSE,mixed
NLA17_ID-10001,2,0.489565186269715,-2.123982328668827,23.4123931661431,TRUE,stratified
NLA17_GA-HP001,1,0.2791734820345937,-0.985714285714284,28.302268503334425,FALSE,mixed
NLA17_MI-10089,1,0.0569081192242038,-0.3000000000000007,18.56063829787234,FALSE,mixed
NLA17_WI-10011,1,1.1379607544845385,-4.699999999999999,25.027142857142856,TRUE,stratified
NLA17_IN-10039,1,2.600725741501492,-10.945223917202142,28.18945262455906,TRUE,stratified
NLA17_IN-10032,1,2.4768924588522623,-12.19613592255035,24.95185421626603,TRUE,stratified
NLA17_WA-10001,1,0.2047318464201453,-1.0050000000000026,20.231360103626947,TRUE,stratified
NLA17_WA-10001,2,0,0,16.6,FALSE,mixed
NLA17_UT-10064,1,1.622647387771849,-13.74482505078397,14.925482798101347,TRUE,stratified
NLA17_LA-10024,1,0.06673027113174612,-0.2099999999999973,31.971062412342217,FALSE,mixed
NLA17_WI-10110,1,0.1497476763142913,-0.6000000000000014,24.587412587412594,FALSE,mixed
NLA17_IN-10055,1,2.709462752172044,-14.91349868141073,22.67994025786319,TRUE,stratified
NLA17_WA-10009,1,0.285534353674052,-2.5257578438430723,11.806815781894981,TRUE,stratified
NLA17_IN-10002,1,2.0620672428892703,-8.324460862177236,28.135909032997834,TRUE,stratified
NLA17_VA-10020,1,2.32572912906528,-8.748000000000001,29.653108939558457,TRUE,stratified
NLA17_ME-10009,1,2.750176686079726,-16.95983692157932,21.355773714931978,TRUE,stratified
NLA17_WI-10076,1,2.827608582756284,-16.799999999999997,22.087060189504676,TRUE,stratified
NLA17_WA-10006,1,0.4757090819773566,-2.13306192584394,22.616586485565453,TRUE,stratified
NLA17_ID-10010,1,2.589013506670426,-16.345518487083,18.579693936724656,TRUE,stratified
NLA17_ME-10030,1,2.4031840425682276,-13.507177454865698,23.75777062895486,TRUE,stratified
NLA17_WI-10108,1,1.8436159035532,-10.215994082840234,22.107711937130208,TRUE,stratified
NLA17_IL-10002,1,2.773133684532354,-13.05932707175992,26.40686268229667,TRUE,stratified
NLA17_VT-10009,1,0.5051615822799249,-2.739999999999995,19.16130434782609,TRUE,stratified
NLA17_IN-10004,1,2.659214180509366,-15.887101678815226,18.51516783721891,TRUE,stratified
NLA17_IN-10010,1,2.5743868702322743,-13.857016077270309,23.86966506925275,TRUE,stratified
NLA17_IN-10010,2,3.0814783215469106,-14.677870490656538,26.535059609733093,TRUE,stratified
NLA17_WA-10007,1,2.2699298937282038,-15.208353194780072,20.926447101728012,TRUE,stratified
NLA17_WA-10007,2,1.703439796821499,-11.20074929919597,20.55993554003784,TRUE,stratified
NLA17_UT-10066,1,0.08706407828196916,-0.659544793498176,13.741470029818759,TRUE,mixed
NLA17_UT-HP002,1,0.9526524834861902,-6.710646387811394,12.24295209658302,TRUE,stratified
NLA17_ID-10030,1,1.6300110420928604,-11.324814395952851,15.134590200034946,TRUE,stratified
NLA17_NH-10004,1,0.5600222757319671,-2.271007799671594,24.853472081950656,TRUE,stratified
NLA17_IL-10009,1,3.372345268845038,-17.2055311519498,26.616322863676672,TRUE,stratified
NLA17_OR-10143,1,0.1799427319821234,-0.9499999999999993,18.663510848126233,TRUE,stratified
NLA17_OR-10011,1,1.626380416889333,-9.937128022448473,19.729831273068136,TRUE,stratified
NLA17_VT-10001,1,2.397001206643381,-15.152142400837501,18.847744708419693,TRUE,stratified
NLA17_VT-10001,2,2.2892843514769083,-14.458668515027112,18.421102293913307,TRUE,stratified
NLA17_WI-10012,1,2.3819725022685816,-15.953020143809084,19.709524998080024,TRUE,stratified
NLA17_IN-10072,1,1.7741859799316444,-8.756573048089612,23.649625152649072,TRUE,stratified
NLA17_NM-10049,1,1.2796804284430436,-7.963686582425332,19.768195978498902,TRUE,stratified
NLA17_UT-10009,1,0.42530758141253955,-2.269476557113311,19.360404792014815,TRUE,stratified
NLA17_VT-10004,1,1.1519216255048832,-5.468201709942999,23.042129324078292,TRUE,stratified
NLA17_WA-10052,1,0.7104258938333032,-3.1900804730756853,23.159840674154257,TRUE,stratified
NLA17_IN-10051,1,1.3309330705155844,-5.900000000000002,23.782175171914588,TRUE,stratified
NLA17_IN-10099,1,0.7969568976419623,-3.0000000000000036,26.881144238517322,TRUE,stratified
NLA17_MN-HP004,1,1.8223710436958527,-12.651246838720512,19.54359032060503,TRUE,stratified
NLA17_MT-10018,1,0,0,23.799999999999997,FALSE,mixed
NLA17_ID-10075,1,1.478289984885805,-8.462038016334683,21.0817737192385,TRUE,stratified
NLA17_SD-10008,1,0,0,26.1,FALSE,mixed
NLA17_WA-10003,1,0.34041159973764934,-1.7999999999999972,18.907142857142855,TRUE,stratified
NLA17_WI-10022,1,2.4952472139844986,-14.82246561009199,21.84382907195828,TRUE,stratified
NLA17_VT-10019,1,0.020594351443492087,-0.08000000000000185,25.148029814665595,FALSE,mixed
NLA17_ID-10005,1,0.9673507677839552,-4.631935980192985,22.476647022398737,TRUE,stratified
NLA17_VA-10005,1,3.881884614270348,-15.8,30.34794447052511,TRUE,stratified
NLA17_WA-10050,1,2.9275332836992902,-19.963048847617543,13.650557713141497,TRUE,stratified
NLA17_ME-10007,1,2.398389208178969,-16.424827179043394,19.306165973454725,TRUE,stratified
NLA17_ME-10007,2,1.9656738248294232,-14.345821951825178,20.02598228185929,TRUE,stratified
NLA17_NH-10052,1,1.489849896176338,-6.194999999999997,25.55884273772205,TRUE,stratified
NLA17_NH-10052,2,0.3880549818579766,-1.9662518283764001,19.981850400557295,TRUE,stratified
NLA17_ID-10011,1,1.1954522266189542,-6.044344831991822,22.2535478761184,TRUE,stratified
NLA17_VT-10002,1,2.5286349448711007,-16.41013692093351,15.998716228771398,TRUE,stratified
NLA17_MI-10117,1,0.011205395897718518,-0.05000000000000071,21.72618855761483,FALSE,mixed
NLA17_MI-10121,1,2.331425840255065,-17.31292482542471,13.232301587301587,TRUE,stratified
NLA17_MT-10013,1,0.16128536769451784,-0.6999999999999993,22.406563981042655,FALSE,mixed
NLA17_DE-10002,1,0.13074710455884997,-0.5,25.748292682926834,FALSE,mixed
NLA17_VA-10039,1,0.2855597130544538,-1.0999999999999979,25.68082901554404,TRUE,stratified
NLA17_IN-10109,1,4.111118992156662,-20.979559141979088,27.913756101608474,TRUE,stratified
NLA17_ID-10002,1,0.3788017642638124,-1.7414049256925956,21.68547641021747,TRUE,stratified
NLA17_ME-10010,1,2.9923825027890416,-14.748394903551855,24.656902718168812,TRUE,stratified
NLA17_WA-10012,1,0.09435700684184667,-0.40000000000000213,22.986255259467043,FALSE,mixed
NLA17_IN-10133,1,3.8367147795886467,-19.765315191792112,22.427152215572185,TRUE,stratified
NLA17_OR-10007,1,1.445594179671275,-8.73151198963201,19.915562466276956,TRUE,stratified
NLA17_OR-10125,1,1.928203883840979,-12.753464671856307,18.44684033908556,TRUE,stratified
NLA17_VT-10018,1,2.16666783368953,-12.442056626867762,20.932863936675602,TRUE,stratified
NLA17_ID-10007,1,0.5071012675333577,-2.9177133914700875,17.111402095084607,TRUE,stratified
NLA17_CO-10006,1,1.4197896843246554,-11.696175372562681,16.46446910062109,TRUE,stratified
NLA17_MT-10001,1,0.19306696567184645,-0.8499999999999979,22.079772249964996,FALSE,mixed
NLA17_OR-10111,1,0.1391459293599837,-0.6000000000000014,22.791219512195124,FALSE,mixed
NLA17_NJ-10023,1,0.013562670192527548,-0.04918367346938979,27.124015166744513,FALSE,mixed
NLA17_WI-10007,1,2.381678801711473,-13.225500415556054,21.507093505890847,TRUE,stratified
NLA17_WI-10025,1,0.06972345099870836,-0.3000000000000007,22.600365853658534,FALSE,mixed
NLA17_OR-10167,1,0.020470020135917366,-0.09999999999999787,19.829376725838266,FALSE,mixed
NLA17_ME-10019,1,0.17895587045643424,-0.75,23.469642857142862,FALSE,mixed
NLA17_SD-10097,1,0.03754573759078994,-0.14999999999999858,24.42332895025202,FALSE,mixed
NLA17_NE-10002,1,0,0,25.3,FALSE,mixed
NLA17_WA-10013,1,2.5178953196406155,-17.252082150737657,22.45230790023062,TRUE,stratified
NLA17_MT-10007,1,0.13491932186786926,-0.6000000000000014,22.01235061795649,FALSE,mixed
NLA17_MI-10010,1,1.4881652598255641,-7.394082797713603,23.190241532320137,TRUE,stratified
NLA17_ID-10062,1,0.5230701890656064,-2.872284518828458,19.118689829895043,TRUE,stratified
NLA17_WI-10089,1,1.5849647085130982,-7.855649266849712,23.30641513544583,TRUE,stratified
NLA17_TX-10014,1,0.18262673954075126,-0.6000000000000014,30.484628646222436,FALSE,mixed
NLA17_SD-10104,1,0.24658446643275056,-0.999635712946052,24.042695265074865,TRUE,stratified
NLA17_WA-10014,1,2.2051452299381253,-13.87782635634992,21.896808888471927,TRUE,stratified
NLA17_VT-10005,1,1.629274575678437,-9.664145191285867,20.755648350264465,TRUE,stratified
NLA17_MT-10006,1,0.09335336286858364,-0.4396257700561712,20.41578438866947,TRUE,mixed
NLA17_MS-10006,1,0.38416690368364925,-1.1950000000000003,32.651599516518935,TRUE,stratified
NLA17_ID-10084,1,0.6364110464327268,-3.148637340694645,21.16359973208253,TRUE,stratified
NLA17_FL-10038,1,0.5113379185163467,-1.7214431977559599,30.29609684125813,TRUE,stratified
NLA17_WI-10109,1,1.917468711215065,-11.76719413084838,19.785166142057513,TRUE,stratified
NLA17_ME-10023,1,0.2372047320918682,-1.0096352583586636,23.286366181410973,TRUE,stratified
NLA17_NE-10004,1,0,0,23.7,FALSE,mixed
NLA17_WA-10026,1,0.5413339032368185,-2.294999999999998,23.549107142857142,TRUE,stratified
NLA17_MS-10002,1,1.1707337839222873,-3.911721680420115,31.431933358956297,TRUE,stratified
NLA17_ID-10071,1,0.9304975920948664,-9.219379285463727,10.067497351592056,TRUE,stratified
NLA17_MT-10065,1,0.19269336765660228,-0.8999999999999986,21.184154535274356,FALSE,mixed
NLA17_SD-10017,1,0.1942238336646369,-0.8000000000000007,23.91529360842591,FALSE,mixed
NLA17_AZ-10100,1,2.4813594571980957,-11.025989213445133,24.968635073875944,TRUE,stratified
NLA17_IN-10129,1,2.525521789223035,-13.413591359135912,24.127049220305913,TRUE,stratified
NLA17_MD-10015,1,0.84997743966494,-3.831313131313131,23.19038076152305,TRUE,stratified
NLA17_IN-10029,1,3.1978388632716133,-17.56809994129683,23.075041683060554,TRUE,stratified
NLA17_NH-10001,1,1.6617948225322152,-9.118204834737972,21.32103970010388,TRUE,stratified
NLA17_NH-10001,2,0.5750954493511244,-3.638187844099205,17.23427261641299,TRUE,stratified
NLA17_WI-10086,1,0.7133768717898192,-3.7768697638994695,20.05171098265896,TRUE,stratified
NLA17_MO-10002,1,0.6176905152191239,-2.175565085321182,29.062834980081085,TRUE,stratified
NLA17_VT-10007,1,0.1051307891017359,-0.5,20.574300518134713,FALSE,mixed
NLA17_OR-10166,1,0.5479106061698076,-3.060490598639758,18.5215239469978,TRUE,stratified
NLA17_IN-10134,1,0.09229496978139196,-0.37999999999999545,23.763231265108782,FALSE,mixed
NLA17_MD-10001,1,2.9480864707868477,-15.745729679027642,25.184758682551546,TRUE,stratified
NLA17_MD-10001,2,1.8502386520449363,-9.479194357167009,23.717599454726983,TRUE,stratified
NLA17_CO-10057,1,0.22763341713175578,-0.8846783474351128,25.120319074333803,TRUE,stratified
NLA17_IN-10125,1,NA,NA,NA,FALSE,mixed
NLA17_VA-10013,1,0.9129347076550403,-3.3399999999999963,27.68652849740933,TRUE,stratified
NLA17_IN-10009,1,1.2675915438117045,-4.611456249861654,29.276032925501248,TRUE,stratified
NLA17_MD-10038,1,0.0506850302778048,-0.1999999999999993,24.79707317073171,FALSE,mixed
NLA17_SD-10053,1,0.09291888552820637,-0.34999999999999787,25.971642361296,FALSE,mixed
NLA17_OK-10012,1,1.6242518836462523,-6.018211185845672,29.422558519585518,TRUE,stratified
NLA17_OK-10012,2,0.1328030476463482,-0.5549999999999997,23.36499252687702,FALSE,mixed
NLA17_IN-10094,1,1.317861182059346,-5.461904002320182,26.01077141953841,TRUE,stratified
NLA17_ME-10016,1,0,0,24.200000000000003,FALSE,mixed
NLA17_WI-10003,1,2.8066599592306147,-15.229718556660234,22.938301251939084,TRUE,stratified
NLA17_VA-10009,1,0.026804675163020875,-0.10000000000000142,26.28966535433071,FALSE,mixed
NLA17_WA-10005,1,2.9224295570614913,-19.670098506314027,14.153456683493996,TRUE,stratified
NLA17_OK-10002,1,-0.14609253117862409,0.495000000000001,28.993012391001873,FALSE,mixed
NLA17_ME-10021,1,0.823482718208993,-3.343181818181815,25.101306457633445,TRUE,stratified
NLA17_VA-10015,1,0.21591468752808396,-0.7300000000000004,29.501424870466323,FALSE,mixed
NLA17_VA-10019,1,0,0,26.500000000000004,FALSE,mixed
NLA17_SD-10006,1,0.09789406618028806,-0.3999999999999986,23.926185305827,FALSE,mixed
NLA17_WA-10023,1,0.4110429058165437,-1.7736118318629934,23.297710130527076,TRUE,stratified
NLA17_IN-10067,1,3.2071717917202704,-15.129999999999999,26.894657200764104,TRUE,stratified
NLA17_FL-10015,1,0.4440457283676551,-1.5130313372634099,29.809431110014188,TRUE,stratified
NLA17_NH-10006,1,3.0643884577516474,-19.449248041148607,16.692249313585474,TRUE,stratified
NLA17_IN-10120,1,2.966138164839549,-18.888446015034372,18.988436174608516,TRUE,stratified
NLA17_ME-10011,1,3.4226071443198407,-18.473782143257782,22.004142982497008,TRUE,stratified
NLA17_IN-10026,1,0.8967334446854238,-3.814999999999994,24.307328767123288,TRUE,stratified
NLA17_ID-10006,1,2.456360915597429,-15.155711985762402,20.301613476666386,TRUE,stratified
NLA17_ID-10006,2,1.6602872964156177,-11.610000000000003,18.61311011974095,TRUE,stratified
NLA17_ID-10017,1,2.620277162189268,-16.966299254870435,19.327026140469503,TRUE,stratified
NLA17_ID-10086,1,3.2519539721383808,-19.65305960822634,17.245361391013095,TRUE,stratified
NLA17_ID-10004,1,0.6144260850354613,-2.5453804896351215,24.723711450070425,TRUE,stratified
NLA17_OR-10154,1,0.7941512317839852,-2.9999999999999964,26.659404388714734,TRUE,stratified
NLA17_IN-10140,1,1.5205635635435328,-6.596035394162261,25.669847793685918,TRUE,stratified
NLA17_ID-10003,1,0.20370300766796845,-0.7900000000000027,25.194519230769234,FALSE,mixed
NLA17_ID-10054,1,2.1849935210884723,-16.85933085248566,13.576637872663479,TRUE,stratified
NLA17_NH-10002,1,0.17455893019848645,-0.8149999999999977,20.920667885754092,FALSE,mixed
NLA17_MI-10134,1,2.2992345412857276,-15.845891057546028,18.028443978823926,TRUE,stratified
NLA17_IL-10012,1,1.2980144523602348,-6.234419901351057,23.297917891025104,TRUE,stratified
NLA17_IN-10108,1,2.8124766758578517,-15.816867954911434,24.668433208329052,TRUE,stratified
NLA17_WI-10072,1,2.0730608929382015,-12.320918037618217,21.001396830811213,TRUE,stratified
NLA17_MI-10023,1,0.28810312067810173,-1.2435259201029325,22.503256704980846,TRUE,stratified
NLA17_ME-10002,1,1.9856372436870515,-10.798062177925194,22.327949512243677,TRUE,stratified
NLA17_ID-10012,1,0.02372196037458707,-0.120000000000001,19.25430642219449,FALSE,mixed
NLA17_OR-10037,1,0.06485322624951095,-0.3000000000000007,21.03735739019501,FALSE,mixed
NLA17_IN-10089,1,2.498453582784464,-13.978238047138051,24.194270162983837,TRUE,stratified
NLA17_OK-10003,1,0.049402102149770144,-0.18542000000000058,26.148806569156918,FALSE,mixed
NLA17_IN-10012,1,0.15900813439031936,-0.6257393723619309,24.62361773947738,TRUE,stratified
NLA17_MI-10016,1,2.3467420888746346,-15.141547154738154,19.482210221134892,TRUE,stratified
NLA17_WI-10004,1,1.9203868743643397,-10.589595131362424,22.73161035142577,TRUE,stratified
NLA17_WA-10025,1,0.14343278619537614,-0.5500000000000007,25.68653846153846,FALSE,mixed
NLA17_OR-10106,1,0.09236452759205349,-0.40000000000000213,22.548569708840873,FALSE,mixed
NLA17_IN-10139,1,0.07576878224699612,-0.3000000000000007,24.75443786982249,FALSE,mixed
NLA17_ME-10018,1,0.31726270078434027,-1.3092321755027392,24.20492218602968,TRUE,stratified
NLA17_VA-10037,1,1.3821516576930435,-5.91,25.02591902977896,TRUE,stratified
NLA17_WI-10066,1,2.4490913502895637,-15.172047070056001,21.4063134732921,TRUE,stratified
NLA17_IN-10085,1,2.4914360867837786,-11.748318818040435,25.68475464361681,TRUE,stratified
NLA17_OR-10153,1,0.06392202483073106,-0.3000000000000007,20.792356404294267,FALSE,mixed
NLA17_OR-10078,1,1.2144424245523169,-7.1258080009916025,20.253989615660064,TRUE,stratified
NLA17_NE-10047,1,0.20646151901132725,-0.8999999999999986,22.646153846153844,FALSE,mixed
NLA17_OR-HP003,1,0.7261868194369754,-4.086139720940119,18.99841202785979,TRUE,stratified
NLA17_IN-10132,1,0.621362644826263,-2.4951505401057226,25.484440630504494,TRUE,stratified
NLA17_WY-10002,1,0.7549719764717793,-4.191799122405083,19.32103920205921,TRUE,stratified
NLA17_IN-10105,1,1.6886723712784715,-7.493113399071927,25.412150535206184,TRUE,stratified
NLA17_WY-10017,1,0.11152015456013942,-0.5999999999999979,18.118402533029016,FALSE,mixed
NLA17_IL-10007,1,2.4405954754628283,-11.470856093642414,25.937515673981192,TRUE,stratified
NLA17_OR-10109,1,0.08502141803523955,-0.40000000000000213,20.735647061453513,FALSE,mixed
NLA17_IN-10161,1,2.491406519143993,-13.785476117857021,23.567762430894405,TRUE,stratified
NLA17_OR-HP10200,1,1.367363468568442,-7.754221589618933,20.555449939380875,TRUE,stratified
NLA17_OK-10006,1,0.024086536626100497,-0.08999999999999986,26.23903353057199,FALSE,mixed
NLA17_IL-10021,1,3.011107790192227,-15.747018072181058,23.135288917481315,TRUE,stratified
NLA17_SD-10009,1,0.9974422472523656,-5.959269678117394,19.42473789849038,TRUE,stratified
NLA17_IN-10171,1,0.3132586061242364,-1.1800000000000033,26.28697238658777,TRUE,stratified
NLA17_ID-HP001,1,0.14240234508110916,-0.9000000000000021,16.07435233160622,FALSE,mixed
NLA17_ME-10014,1,1.055133668269832,-4.764855875831486,23.653022077452047,TRUE,stratified
NLA17_ID-10147,1,0.27724905005300116,-1.6068712273641808,17.627803901079762,TRUE,stratified
NLA17_IN-10126,1,0.38588543284390653,-1.497930288574441,25.28832910321489,TRUE,stratified
NLA17_NH-10058,1,0.06286475148260706,-0.24999999999999645,24.58081606217617,FALSE,mixed
NLA17_FL-10011,1,2.4341962810721043,-8.965924978963038,30.850861826919385,TRUE,stratified
NLA17_IL-10005,1,0.19344036501945538,-0.6999999999999993,27.47308781869688,FALSE,mixed
NLA17_WI-10112,1,1.0664560612190144,-5.613106097884099,21.260359030435573,TRUE,stratified
NLA17_OK-10083,1,1.4039690826401738,-5.52,26.99761399395323,TRUE,stratified
NLA17_ID-10173,1,0.2633392515710966,-1.271151510060072,20.720663252455715,TRUE,stratified
NLA17_MI-10036,1,2.059439427954999,-14.957142590576547,17.611678476107897,TRUE,stratified
NLA17_WA-HP003,1,2.301912601178401,-15.193475884891301,17.224483792707847,TRUE,stratified
NLA17_IN-10142,1,0.5222634713468324,-2.0186405248248143,26.221165582455907,TRUE,stratified
NLA17_WA-10060,1,1.0197749709216168,-10.010626224172785,10.177801016594831,TRUE,stratified
NLA17_MT-10072,1,1.3456737316707859,-10.24107717969678,16.53166991037826,TRUE,stratified
NLA17_MS-10017,1,4.260273462868554,-18.032311458001487,30.84657837867983,TRUE,stratified
NLA17_NE-10040,1,0.10289532033243631,-0.40000000000000213,25.288601036269434,FALSE,mixed
NLA17_IL-10010,1,3.2294548124198172,-14.636880258404712,27.41025894969019,TRUE,stratified
NLA17_WA-10010,1,1.9860963874518802,-14.003469035529966,18.09345055416811,TRUE,stratified
NLA17_WI-10070,1,0.31241741864675987,-1.2999999999999972,23.937864823348697,TRUE,stratified
NLA17_WA-10038,1,0.513251565734322,-2.6759230221609798,18.258165167217808,TRUE,stratified
NLA17_NH-10067,1,2.4511615854248703,-13.889532173465552,23.694942304810425,TRUE,stratified
NLA17_ME-10038,1,1.105606562247317,-5.11772263681592,23.457295776706122,TRUE,stratified
NLA17_MS-10008,1,2.109184009846672,-7.662999999999997,29.780278932648756,TRUE,stratified
NLA17_WI-10102,1,1.9499521851465715,-12.721366590740256,20.046748772194938,TRUE,stratified
NLA17_WA-10022,1,2.243167450502483,-16.356905094182217,19.059278601259773,TRUE,stratified
NLA17_NE-10067,1,0.558499708044792,-2.398480492813146,23.795041828198322,TRUE,stratified
NLA17_ID-10175,1,-0.016816880896726616,0.08292875558420576,19.640309275066887,TRUE,mixed
NLA17_UT-10019,1,0.14352940119090363,-1.3834783279120106,11.653746013163909,TRUE,stratified
NLA17_MI-10002,1,0.18894885246618287,-0.9000000000000021,20.7995402174501,FALSE,mixed
NLA17_MD-10034,1,0.3210857423722473,-1.1999999999999993,26.795609756097562,TRUE,stratified
NLA17_MN-10044,1,0.09413984966261069,-0.4700000000000024,19.52404466301193,FALSE,mixed
NLA17_WA-10002,1,2.0257173484845907,-14.386481330889659,20.17618088383342,TRUE,stratified
NLA17_OR-10108,1,0.30680717088046094,-2.0955211171662125,15.485576148267528,TRUE,stratified
NLA17_WA-HP001,1,1.0545705456082715,-8.594181458279147,16.46137090861518,TRUE,stratified
NLA17_WI-10079,1,1.8717384820122334,-14.105928053123687,17.436550076939852,TRUE,stratified
NLA17_MI-10083,1,0.1367380680126189,-0.5999999999999979,22.22635473733384,FALSE,mixed
NLA17_MS-10013,1,0.34502170603718696,-1.1922085889570582,28.991832114245906,TRUE,stratified
NLA17_WA-10048,1,0.12934776356337352,-5.467882615106266,7.734421114300779,TRUE,stratified
NLA17_MD-10002,1,0,0,20.2,FALSE,mixed
NLA17_CA-10033,1,1.4189966832744858,-11.826231786609679,15.58278751864335,TRUE,stratified
NLA17_CA-HP002,1,2.6176489753630676,-18.199035072327934,17.222681992212106,TRUE,stratified
NLA17_WI-10009,1,0.40309338564986774,-1.9284942228848294,21.183982000935018,TRUE,stratified
NLA17_WI-10028,1,0.0588542514836945,-0.3000000000000007,19.198228346456695,FALSE,mixed
NLA17_WI-10024,1,0.2190647167710722,-1.0500000000000007,20.622386587771206,TRUE,stratified
NLA17_WA-10021,1,0.04698024922458899,-0.1999999999999993,22.865853658536583,FALSE,mixed
NLA17_ME-10040,1,0.345994057395842,-1.747056848144421,18.854916611345192,TRUE,stratified
NLA17_ME-10003,1,1.3071613690968888,-8.668104282006418,17.591917177671146,TRUE,stratified
NLA17_OK-10089,1,0.42710185555802127,-1.5146666666666633,28.099970731707316,TRUE,stratified
NLA17_OK-10014,1,2.7173533730232293,-11.120884988038274,29.264588460968195,TRUE,stratified
NLA17_OK-10087,1,0.058965736058553375,-0.21399999999999864,27.128404878048777,FALSE,mixed
NLA17_NH-10066,1,1.7830389266034672,-12.906948660684751,18.32562554328659,TRUE,stratified
NLA17_ID-10172,1,0.16967261297702407,-0.7500000000000036,22.224787711327284,FALSE,mixed
NLA17_WI-10021,1,0.1835267499703832,-0.8500000000000014,21.236466192819393,FALSE,mixed
NLA17_WA-10004,1,1.1137192233026099,-5.688016700059322,21.820182350052313,TRUE,stratified
NLA17_OR-10168,1,0.525015339738161,-2.8393598910452837,19.432707861971792,TRUE,stratified
NLA17_ID-10168,1,0.38903871054060346,-1.9709848726114672,20.081457942576833,TRUE,stratified
NLA17_WI-10124,1,0.2046261431748917,-0.9500000000000028,21.291418211120064,FALSE,mixed
NLA17_WI-10020,1,1.2748528453906829,-7.65544825810249,20.185706836955887,TRUE,stratified
NLA17_MN-10022,1,1.7246330104547951,-13.750043747900428,14.441935378539835,TRUE,stratified
NLA17_WA-10015,1,0.02344046236783015,-0.10000000000000142,23.09184668071654,FALSE,mixed
NLA17_NY-10016,1,1.9108769904247538,-14.694356845433688,15.532945007120933,TRUE,stratified
NLA17_NY-HP003,1,1.4608506241730765,-12.7520512819121,15.408452095561294,TRUE,stratified
NLA17_WA-10017,1,1.7529306818715895,-10.259369394717547,21.363262959700855,TRUE,stratified
NLA17_WI-10073,1,1.0480702025507753,-9.84753106958907,13.894245619072102,TRUE,stratified
NLA17_MN-10020,1,0.9340301813064116,-7.929563487417569,15.686835225777015,TRUE,stratified
NLA17_SD-10114,1,0.12027791671869181,-0.6500000000000021,18.06597134094755,FALSE,mixed
NLA17_OK-10055,1,2.2002892490768318,-10.80539190188696,24.80851555747016,TRUE,stratified
NLA17_MN-10045,1,0,0,19.2,FALSE,mixed
NLA17_MN-10191,1,0.01786887490106892,-0.10000000000000142,17.49911696277496,FALSE,mixed
NLA17_MT-10129,1,0.11451289997160075,-0.6500000000000021,17.389915323403386,FALSE,mixed
NLA17_WA-10018,1,2.1165335140758543,-12.102852807387102,20.922980634475728,TRUE,stratified
NLA17_FL-10042,1,0.0309122560073547,-0.09999999999999787,30.880710900473932,FALSE,mixed
NLA17_OR-10173,1,1.2153811624435775,-7.327987990679333,19.54077676464805,TRUE,stratified
NLA17_IN-10122,1,0.8533190196209262,-4.904575907343617,19.38878551104286,TRUE,stratified
NLA17_MN-10016,1,0,0,17.1,FALSE,mixed
NLA17_WA-10008,1,0.5315001415943925,-2.923583800963087,18.507899746192894,TRUE,stratified
NLA17_SD-10092,1,0.0546046886380509,-0.29999999999999716,17.891968599033817,FALSE,mixed
NLA17_MN-10032,1,0.028274755159600318,-0.23000000000000043,12.823445595854922,FALSE,mixed
NLA17_ID-10032,1,0.019175804933297513,-0.10000000000000142,18.652655840734468,FALSE,mixed
NLA17_WA-10064,1,0.2674606990723305,-1.3000000000000007,20.22707493956487,TRUE,stratified
NLA17_NJ-10009,1,0.2315258549592727,-1.2349999999999994,18.697364130434785,TRUE,stratified
NLA17_UT-10120,1,0.1978048017421088,-1.243669527896996,16.315358154593284,TRUE,stratified
NLA17_WI-10125,1,0.11895132267989084,-0.6534644110418419,17.91636309197066,TRUE,stratified
NLA17_WI-10127,1,0.22907721987883178,-1.3742451154529345,17.066248693834904,TRUE,stratified
NLA17_MN-HP002,1,1.3839105370871039,-11.198559444758796,17.876932250751178,TRUE,stratified
NLA17_WI-10129,1,1.1013758514252459,-7.598010053201644,18.172570751094387,TRUE,stratified
NLA17_AZ-10002,1,0.11802897528014,-0.5999999999999979,19.311122025353992,FALSE,mixed
NLA17_MN-10023,1,0.20107529572453586,-0.9579034662176298,20.806431704960726,TRUE,stratified
NLA17_MN-10003,1,0.02797324801929335,-0.120000000000001,22.65642857142857,FALSE,mixed
NLA17_IN-10102,1,0.27062129790749623,-1.1791707530260886,22.34863583815029,TRUE,stratified
NLA17_WI-10126,1,0.5772828186476318,-2.6030120481927703,22.70897435897436,TRUE,stratified
NLA17_WI-10130,1,1.78687840986845,-13.242272781153302,17.644668867452275,TRUE,stratified
NLA17_UT-10022,1,0.9467777786911711,-8.288755706341089,15.508503715880684,TRUE,stratified
NLA17_WA-10056,1,-0.006184102855968376,0.05000000000000071,12.75982142857143,FALSE,mixed
NLA17_CA-HP001,1,0.019832511522849927,-0.10000000000000142,19.28377353854794,FALSE,mixed
NLA17_CA-10035,1,0.037393162601347285,-0.1999999999999993,18.25673575129534,FALSE,mixed
NLA17_UT-10140,1,0.06063738897398707,-0.6000000000000014,11.189747382794721,FALSE,mixed
NLA17_ND-10189,1,NA,NA,NA,FALSE,mixed
NLA17_NH-10003,1,1.7939360366707433,-12.33974532356527,15.08403295077587,TRUE,stratified
NLA17_ME-10025,1,1.1121345478861713,-8.14871749282652,15.243474622956427,TRUE,stratified
NLA17_NE-10068,1,-0.022232833134694374,0.10000000000000142,21.510714285714283,FALSE,mixed
NLA17_WI-10134,1,0.9435744841531459,-5.072783407581472,20.472346262752165,TRUE,stratified
NLA17_WI-10133,1,0.058208388040839054,-0.3000000000000007,18.992073832790442,FALSE,mixed
NLA17_ND-10077,1,0,0,12.9,FALSE,mixed
NLA17_OR-10118,1,0.04251351510004042,-0.3000000000000007,14.475981399401148,FALSE,mixed
NLA17_CA-10052,1,0.3186177472334748,-5.587344919044446,10.060642759036243,TRUE,stratified
NLA17_MD-10004,1,NA,NA,NA,FALSE,mixed
NLA17_ND-HP002,1,-0.0035753656520682853,0.02999999999999936,12.401846852631941,FALSE,mixed
NLA17_UT-10094,1,0.22278009209105676,-1.5931460674157272,14.888549832026873,TRUE,stratified
NLA17_AZ-10090,1,0.522946642498141,-4.937849856281815,13.780089727801823,TRUE,stratified
NLA17_MS-10037,1,1.6520977087969868,-6.039999999999996,28.220501019238117,TRUE,stratified
NLA17_OR-10127,1,-0.032728880388958714,0.34999999999999964,10.291795427196151,FALSE,mixed
NLA17_OR-10150,1,0.07770485992364229,-0.7999999999999989,10.814323745783149,FALSE,mixed
