SITE_ID,YEAR,tsi_crust,tsi_rot,LAT_DD83,LON_DD83,ELEVATION,COLOR,NTL,PTL,CHLA,secchi,ts_group,ts
NLA17_AL-10001,2017,67.00560005072553,55.54399415468148,33.29204,-87.39138,57,18.5,0.868,46.8725,25.64,1.05,ncp_ts,eutro
NLA17_AL-10001,2017,67.00560005072553,55.54399415468148,33.29204,-87.39138,57,18.5,0.868,46.8725,25.64,1.05,chla_ts,eutro
NLA17_AL-10001,2017,67.00560005072553,55.54399415468148,33.29204,-87.39138,57,18.5,0.868,46.8725,25.64,1.05,ptl_ts,eutro
NLA17_AL-10001,2017,67.00560005072553,55.54399415468148,33.29204,-87.39138,57,18.5,0.868,46.8725,25.64,1.05,sdd_ts,eutro
NLA17_AL-10001,2017,67.00560005072553,55.54399415468148,33.29204,-87.39138,57,18.5,0.868,46.8725,25.64,1.05,rot_ts,eutro
NLA17_AL-10001,2017,67.00560005072553,55.54399415468148,33.29204,-87.39138,57,18.5,0.868,46.8725,25.64,1.05,crs_ts,hypereu
NLA17_AL-10002,2017,40.71869351547277,52.05124716557801,33.67333,-86.16453,141,7,0.534,54.03875,31.04,0.95,ncp_ts,eutro
NLA17_AL-10002,2017,40.71869351547277,52.05124716557801,33.67333,-86.16453,141,7,0.534,54.03875,31.04,0.95,chla_ts,eutro
NLA17_AL-10002,2017,40.71869351547277,52.05124716557801,33.67333,-86.16453,141,7,0.534,54.03875,31.04,0.95,ptl_ts,eutro
NLA17_AL-10002,2017,40.71869351547277,52.05124716557801,33.67333,-86.16453,141,7,0.534,54.03875,31.04,0.95,sdd_ts,eutro
NLA17_AL-10002,2017,40.71869351547277,52.05124716557801,33.67333,-86.16453,141,7,0.534,54.03875,31.04,0.95,rot_ts,meso-eutro
NLA17_AL-10002,2017,40.71869351547277,52.05124716557801,33.67333,-86.16453,141,7,0.534,54.03875,31.04,0.95,crs_ts,oligo-meso
NLA17_AL-10003,2017,61.82098895910066,52.660520762619555,32.51724,-87.787,22,35,0.776,100.4125,11.95,0.45,ncp_ts,mixo
NLA17_AL-10003,2017,61.82098895910066,52.660520762619555,32.51724,-87.787,22,35,0.776,100.4125,11.95,0.45,chla_ts,eutro
NLA17_AL-10003,2017,61.82098895910066,52.660520762619555,32.51724,-87.787,22,35,0.776,100.4125,11.95,0.45,ptl_ts,hypereu
NLA17_AL-10003,2017,61.82098895910066,52.660520762619555,32.51724,-87.787,22,35,0.776,100.4125,11.95,0.45,sdd_ts,hypereu
NLA17_AL-10003,2017,61.82098895910066,52.660520762619555,32.51724,-87.787,22,35,0.776,100.4125,11.95,0.45,rot_ts,meso-eutro
NLA17_AL-10003,2017,61.82098895910066,52.660520762619555,32.51724,-87.787,22,35,0.776,100.4125,11.95,0.45,crs_ts,eutro
NLA17_AL-10004,2017,67.80025428148605,55.31668213114092,31.62067,-88.35121,52,16,0.5800000000000001,60.323125000000005,20.799999999999997,1.475,ncp_ts,eutro
NLA17_AL-10004,2017,67.80025428148605,55.31668213114092,31.62067,-88.35121,52,16,0.5800000000000001,60.323125000000005,20.799999999999997,1.475,chla_ts,eutro
NLA17_AL-10004,2017,67.80025428148605,55.31668213114092,31.62067,-88.35121,52,16,0.5800000000000001,60.323125000000005,20.799999999999997,1.475,ptl_ts,eutro
NLA17_AL-10004,2017,67.80025428148605,55.31668213114092,31.62067,-88.35121,52,16,0.5800000000000001,60.323125000000005,20.799999999999997,1.475,sdd_ts,eutro
NLA17_AL-10004,2017,67.80025428148605,55.31668213114092,31.62067,-88.35121,52,16,0.5800000000000001,60.323125000000005,20.799999999999997,1.475,rot_ts,eutro
NLA17_AL-10004,2017,67.80025428148605,55.31668213114092,31.62067,-88.35121,52,16,0.5800000000000001,60.323125000000005,20.799999999999997,1.475,crs_ts,hypereu
NLA17_AL-10005,2017,41.71300498644683,51.940568976653395,33.36723,-88.16835,76,10,0.813,44.61625,32.32,1.15,ncp_ts,eutro
NLA17_AL-10005,2017,41.71300498644683,51.940568976653395,33.36723,-88.16835,76,10,0.813,44.61625,32.32,1.15,chla_ts,eutro
NLA17_AL-10005,2017,41.71300498644683,51.940568976653395,33.36723,-88.16835,76,10,0.813,44.61625,32.32,1.15,ptl_ts,eutro
NLA17_AL-10005,2017,41.71300498644683,51.940568976653395,33.36723,-88.16835,76,10,0.813,44.61625,32.32,1.15,sdd_ts,eutro
NLA17_AL-10005,2017,41.71300498644683,51.940568976653395,33.36723,-88.16835,76,10,0.813,44.61625,32.32,1.15,rot_ts,meso-eutro
NLA17_AL-10005,2017,41.71300498644683,51.940568976653395,33.36723,-88.16835,76,10,0.813,44.61625,32.32,1.15,crs_ts,oligo-meso
NLA17_AL-10008,2017,60.848276401782655,52.03906142990403,32.21074,-87.75033,66,46,0.763,52.0075,47.28,1.55,ncp_ts,mixo
NLA17_AL-10008,2017,60.848276401782655,52.03906142990403,32.21074,-87.75033,66,46,0.763,52.0075,47.28,1.55,chla_ts,eutro
NLA17_AL-10008,2017,60.848276401782655,52.03906142990403,32.21074,-87.75033,66,46,0.763,52.0075,47.28,1.55,ptl_ts,eutro
NLA17_AL-10008,2017,60.848276401782655,52.03906142990403,32.21074,-87.75033,66,46,0.763,52.0075,47.28,1.55,sdd_ts,eutro
NLA17_AL-10008,2017,60.848276401782655,52.03906142990403,32.21074,-87.75033,66,46,0.763,52.0075,47.28,1.55,rot_ts,meso-eutro
NLA17_AL-10008,2017,60.848276401782655,52.03906142990403,32.21074,-87.75033,66,46,0.763,52.0075,47.28,1.55,crs_ts,eutro
NLA17_AL-10018,2017,60.163701585165896,51.43276789202289,33.22774,-87.15637,166,31,0.321,14.78625,9.2,2.1,ncp_ts,dys
NLA17_AL-10018,2017,60.163701585165896,51.43276789202289,33.22774,-87.15637,166,31,0.321,14.78625,9.2,2.1,chla_ts,eutro
NLA17_AL-10018,2017,60.163701585165896,51.43276789202289,33.22774,-87.15637,166,31,0.321,14.78625,9.2,2.1,ptl_ts,meso
NLA17_AL-10018,2017,60.163701585165896,51.43276789202289,33.22774,-87.15637,166,31,0.321,14.78625,9.2,2.1,sdd_ts,meso
NLA17_AL-10018,2017,60.163701585165896,51.43276789202289,33.22774,-87.15637,166,31,0.321,14.78625,9.2,2.1,rot_ts,meso-eutro
NLA17_AL-10018,2017,60.163701585165896,51.43276789202289,33.22774,-87.15637,166,31,0.321,14.78625,9.2,2.1,crs_ts,eutro
NLA17_AL-10020,2017,64.47450805069869,49.96634971365036,31.22256,-85.64838,89,10,0.853,17.145,13.01,2.25,ncp_ts,oligo
NLA17_AL-10020,2017,64.47450805069869,49.96634971365036,31.22256,-85.64838,89,10,0.853,17.145,13.01,2.25,chla_ts,eutro
NLA17_AL-10020,2017,64.47450805069869,49.96634971365036,31.22256,-85.64838,89,10,0.853,17.145,13.01,2.25,ptl_ts,meso
NLA17_AL-10020,2017,64.47450805069869,49.96634971365036,31.22256,-85.64838,89,10,0.853,17.145,13.01,2.25,sdd_ts,meso
NLA17_AL-10020,2017,64.47450805069869,49.96634971365036,31.22256,-85.64838,89,10,0.853,17.145,13.01,2.25,rot_ts,meso-eutro
NLA17_AL-10020,2017,64.47450805069869,49.96634971365036,31.22256,-85.64838,89,10,0.853,17.145,13.01,2.25,crs_ts,eutro
NLA17_AL-HP001,2017,61.734730106497935,51.50061242286747,33.28949519,-87.68596227,68.28,9,0.275,24.72715,7.15,2.4,ncp_ts,oligo
NLA17_AL-HP001,2017,61.734730106497935,51.50061242286747,33.28949519,-87.68596227,68.28,9,0.275,24.72715,7.15,2.4,chla_ts,meso
NLA17_AL-HP001,2017,61.734730106497935,51.50061242286747,33.28949519,-87.68596227,68.28,9,0.275,24.72715,7.15,2.4,ptl_ts,eutro
NLA17_AL-HP001,2017,61.734730106497935,51.50061242286747,33.28949519,-87.68596227,68.28,9,0.275,24.72715,7.15,2.4,sdd_ts,meso
NLA17_AL-HP001,2017,61.734730106497935,51.50061242286747,33.28949519,-87.68596227,68.28,9,0.275,24.72715,7.15,2.4,rot_ts,meso-eutro
NLA17_AL-HP001,2017,61.734730106497935,51.50061242286747,33.28949519,-87.68596227,68.28,9,0.275,24.72715,7.15,2.4,crs_ts,eutro
NLA17_AR-10001,2017,67.16288416342351,57.10601322150473,34.53937,-92.27375,73,60,0.7969999999999999,67.7225,33.445,0.7575000000000001,ncp_ts,mixo
NLA17_AR-10001,2017,67.16288416342351,57.10601322150473,34.53937,-92.27375,73,60,0.7969999999999999,67.7225,33.445,0.7575000000000001,chla_ts,eutro
NLA17_AR-10001,2017,67.16288416342351,57.10601322150473,34.53937,-92.27375,73,60,0.7969999999999999,67.7225,33.445,0.7575000000000001,ptl_ts,eutro
NLA17_AR-10001,2017,67.16288416342351,57.10601322150473,34.53937,-92.27375,73,60,0.7969999999999999,67.7225,33.445,0.7575000000000001,sdd_ts,eutro
NLA17_AR-10001,2017,67.16288416342351,57.10601322150473,34.53937,-92.27375,73,60,0.7969999999999999,67.7225,33.445,0.7575000000000001,rot_ts,eutro
NLA17_AR-10001,2017,67.16288416342351,57.10601322150473,34.53937,-92.27375,73,60,0.7969999999999999,67.7225,33.445,0.7575000000000001,crs_ts,hypereu
NLA17_AR-10002,2017,60.65740807414456,52.2659985134193,34.41755,-93.07012,121,4,0.303,13.915,6.67,1.8250000000000002,ncp_ts,oligo
NLA17_AR-10002,2017,60.65740807414456,52.2659985134193,34.41755,-93.07012,121,4,0.303,13.915,6.67,1.8250000000000002,chla_ts,meso
NLA17_AR-10002,2017,60.65740807414456,52.2659985134193,34.41755,-93.07012,121,4,0.303,13.915,6.67,1.8250000000000002,ptl_ts,meso
NLA17_AR-10002,2017,60.65740807414456,52.2659985134193,34.41755,-93.07012,121,4,0.303,13.915,6.67,1.8250000000000002,sdd_ts,eutro
NLA17_AR-10002,2017,60.65740807414456,52.2659985134193,34.41755,-93.07012,121,4,0.303,13.915,6.67,1.8250000000000002,rot_ts,meso-eutro
NLA17_AR-10002,2017,60.65740807414456,52.2659985134193,34.41755,-93.07012,121,4,0.303,13.915,6.67,1.8250000000000002,crs_ts,eutro
NLA17_AR-10003,2017,68.62489666494724,55.37605735058965,33.07556,-92.6606,55,49,0.44,29.783575,14.989999999999998,1.6,ncp_ts,dys
NLA17_AR-10003,2017,68.62489666494724,55.37605735058965,33.07556,-92.6606,55,49,0.44,29.783575,14.989999999999998,1.6,chla_ts,eutro
NLA17_AR-10003,2017,68.62489666494724,55.37605735058965,33.07556,-92.6606,55,49,0.44,29.783575,14.989999999999998,1.6,ptl_ts,eutro
NLA17_AR-10003,2017,68.62489666494724,55.37605735058965,33.07556,-92.6606,55,49,0.44,29.783575,14.989999999999998,1.6,sdd_ts,eutro
NLA17_AR-10003,2017,68.62489666494724,55.37605735058965,33.07556,-92.6606,55,49,0.44,29.783575,14.989999999999998,1.6,rot_ts,eutro
NLA17_AR-10003,2017,68.62489666494724,55.37605735058965,33.07556,-92.6606,55,49,0.44,29.783575,14.989999999999998,1.6,crs_ts,hypereu
NLA17_AR-10004,2017,63.57090806484169,53.677518256254395,34.60056,-92.50011,120,32,0.535,49.02875,15.9,1.25,ncp_ts,mixo
NLA17_AR-10004,2017,63.57090806484169,53.677518256254395,34.60056,-92.50011,120,32,0.535,49.02875,15.9,1.25,chla_ts,eutro
NLA17_AR-10004,2017,63.57090806484169,53.677518256254395,34.60056,-92.50011,120,32,0.535,49.02875,15.9,1.25,ptl_ts,eutro
NLA17_AR-10004,2017,63.57090806484169,53.677518256254395,34.60056,-92.50011,120,32,0.535,49.02875,15.9,1.25,sdd_ts,eutro
NLA17_AR-10004,2017,63.57090806484169,53.677518256254395,34.60056,-92.50011,120,32,0.535,49.02875,15.9,1.25,rot_ts,meso-eutro
NLA17_AR-10004,2017,63.57090806484169,53.677518256254395,34.60056,-92.50011,120,32,0.535,49.02875,15.9,1.25,crs_ts,eutro
NLA17_AR-10014,2017,50.26525023632173,54.509418772861565,36.35088,-90.80319,78,17,0.983,142.1475,54.67,0.275,ncp_ts,eutro
NLA17_AR-10014,2017,50.26525023632173,54.509418772861565,36.35088,-90.80319,78,17,0.983,142.1475,54.67,0.275,chla_ts,eutro
NLA17_AR-10014,2017,50.26525023632173,54.509418772861565,36.35088,-90.80319,78,17,0.983,142.1475,54.67,0.275,ptl_ts,hypereu
NLA17_AR-10014,2017,50.26525023632173,54.509418772861565,36.35088,-90.80319,78,17,0.983,142.1475,54.67,0.275,sdd_ts,hypereu
NLA17_AR-10014,2017,50.26525023632173,54.509418772861565,36.35088,-90.80319,78,17,0.983,142.1475,54.67,0.275,rot_ts,meso-eutro
NLA17_AR-10014,2017,50.26525023632173,54.509418772861565,36.35088,-90.80319,78,17,0.983,142.1475,54.67,0.275,crs_ts,meso-eutro
NLA17_AR-10016,2017,60.99840789543028,52.638739356349674,34.76559,-92.11244,73,25,0.978,224.39375,26.4,0.825,ncp_ts,mixo
NLA17_AR-10016,2017,60.99840789543028,52.638739356349674,34.76559,-92.11244,73,25,0.978,224.39375,26.4,0.825,chla_ts,eutro
NLA17_AR-10016,2017,60.99840789543028,52.638739356349674,34.76559,-92.11244,73,25,0.978,224.39375,26.4,0.825,ptl_ts,hypereu
NLA17_AR-10016,2017,60.99840789543028,52.638739356349674,34.76559,-92.11244,73,25,0.978,224.39375,26.4,0.825,sdd_ts,eutro
NLA17_AR-10016,2017,60.99840789543028,52.638739356349674,34.76559,-92.11244,73,25,0.978,224.39375,26.4,0.825,rot_ts,meso-eutro
NLA17_AR-10016,2017,60.99840789543028,52.638739356349674,34.76559,-92.11244,73,25,0.978,224.39375,26.4,0.825,crs_ts,eutro
NLA17_AR-10021,2017,61.16467957857971,52.13578313605333,33.63998,-94.14226,88,40,1.834,246.03125,96.4,0.375,ncp_ts,mixo
NLA17_AR-10021,2017,61.16467957857971,52.13578313605333,33.63998,-94.14226,88,40,1.834,246.03125,96.4,0.375,chla_ts,hypereu
NLA17_AR-10021,2017,61.16467957857971,52.13578313605333,33.63998,-94.14226,88,40,1.834,246.03125,96.4,0.375,ptl_ts,hypereu
NLA17_AR-10021,2017,61.16467957857971,52.13578313605333,33.63998,-94.14226,88,40,1.834,246.03125,96.4,0.375,sdd_ts,hypereu
NLA17_AR-10021,2017,61.16467957857971,52.13578313605333,33.63998,-94.14226,88,40,1.834,246.03125,96.4,0.375,rot_ts,meso-eutro
NLA17_AR-10021,2017,61.16467957857971,52.13578313605333,33.63998,-94.14226,88,40,1.834,246.03125,96.4,0.375,crs_ts,eutro
NLA17_AR-10022,2017,63.30637204305564,53.677518256254395,33.3449,-92.52257,24,15,0.798,118.70125,54.93,0.62,ncp_ts,eutro
NLA17_AR-10022,2017,63.30637204305564,53.677518256254395,33.3449,-92.52257,24,15,0.798,118.70125,54.93,0.62,chla_ts,eutro
NLA17_AR-10022,2017,63.30637204305564,53.677518256254395,33.3449,-92.52257,24,15,0.798,118.70125,54.93,0.62,ptl_ts,hypereu
NLA17_AR-10022,2017,63.30637204305564,53.677518256254395,33.3449,-92.52257,24,15,0.798,118.70125,54.93,0.62,sdd_ts,eutro
NLA17_AR-10022,2017,63.30637204305564,53.677518256254395,33.3449,-92.52257,24,15,0.798,118.70125,54.93,0.62,rot_ts,meso-eutro
NLA17_AR-10022,2017,63.30637204305564,53.677518256254395,33.3449,-92.52257,24,15,0.798,118.70125,54.93,0.62,crs_ts,eutro
NLA17_AR-HP001,2017,42.416529858827,52.32416124205997,34.2145297,-94.2146709,153.64,0,0.276,21.03125,7.08,1.9649999999999999,ncp_ts,oligo
NLA17_AR-HP001,2017,42.416529858827,52.32416124205997,34.2145297,-94.2146709,153.64,0,0.276,21.03125,7.08,1.9649999999999999,chla_ts,meso
NLA17_AR-HP001,2017,42.416529858827,52.32416124205997,34.2145297,-94.2146709,153.64,0,0.276,21.03125,7.08,1.9649999999999999,ptl_ts,meso
NLA17_AR-HP001,2017,42.416529858827,52.32416124205997,34.2145297,-94.2146709,153.64,0,0.276,21.03125,7.08,1.9649999999999999,sdd_ts,eutro
NLA17_AR-HP001,2017,42.416529858827,52.32416124205997,34.2145297,-94.2146709,153.64,0,0.276,21.03125,7.08,1.9649999999999999,rot_ts,meso-eutro
NLA17_AR-HP001,2017,42.416529858827,52.32416124205997,34.2145297,-94.2146709,153.64,0,0.276,21.03125,7.08,1.9649999999999999,crs_ts,oligo-meso
NLA17_AZ-10001,2017,67.29741952689282,54.64639929824828,33.5693,-111.5241,459,12.5,0.6175,35.46125,17.490000000000002,2.05,ncp_ts,eutro
NLA17_AZ-10001,2017,67.29741952689282,54.64639929824828,33.5693,-111.5241,459,12.5,0.6175,35.46125,17.490000000000002,2.05,chla_ts,eutro
NLA17_AZ-10001,2017,67.29741952689282,54.64639929824828,33.5693,-111.5241,459,12.5,0.6175,35.46125,17.490000000000002,2.05,ptl_ts,eutro
NLA17_AZ-10001,2017,67.29741952689282,54.64639929824828,33.5693,-111.5241,459,12.5,0.6175,35.46125,17.490000000000002,2.05,sdd_ts,meso
NLA17_AZ-10001,2017,67.29741952689282,54.64639929824828,33.5693,-111.5241,459,12.5,0.6175,35.46125,17.490000000000002,2.05,rot_ts,meso-eutro
NLA17_AZ-10001,2017,67.29741952689282,54.64639929824828,33.5693,-111.5241,459,12.5,0.6175,35.46125,17.490000000000002,2.05,crs_ts,hypereu
NLA17_AZ-10002,2017,66.38665825488795,31.667907800307965,35.01973,-111.4032,2171,41,1.538,396.5525,121.09,0.95,ncp_ts,mixo
NLA17_AZ-10002,2017,66.38665825488795,31.667907800307965,35.01973,-111.4032,2171,41,1.538,396.5525,121.09,0.95,chla_ts,hypereu
NLA17_AZ-10002,2017,66.38665825488795,31.667907800307965,35.01973,-111.4032,2171,41,1.538,396.5525,121.09,0.95,ptl_ts,hypereu
NLA17_AZ-10002,2017,66.38665825488795,31.667907800307965,35.01973,-111.4032,2171,41,1.538,396.5525,121.09,0.95,sdd_ts,eutro
NLA17_AZ-10002,2017,66.38665825488795,31.667907800307965,35.01973,-111.4032,2171,41,1.538,396.5525,121.09,0.95,rot_ts,oligo-meso
NLA17_AZ-10002,2017,66.38665825488795,31.667907800307965,35.01973,-111.4032,2171,41,1.538,396.5525,121.09,0.95,crs_ts,hypereu
NLA17_AZ-10003,2017,62.89659659208385,51.050846742533594,33.39629762,-114.7199316,69,5,0.369,7.1725,1.28,3.75,ncp_ts,oligo
NLA17_AZ-10003,2017,62.89659659208385,51.050846742533594,33.39629762,-114.7199316,69,5,0.369,7.1725,1.28,3.75,chla_ts,oligo
NLA17_AZ-10003,2017,62.89659659208385,51.050846742533594,33.39629762,-114.7199316,69,5,0.369,7.1725,1.28,3.75,ptl_ts,oligo
NLA17_AZ-10003,2017,62.89659659208385,51.050846742533594,33.39629762,-114.7199316,69,5,0.369,7.1725,1.28,3.75,sdd_ts,meso
NLA17_AZ-10003,2017,62.89659659208385,51.050846742533594,33.39629762,-114.7199316,69,5,0.369,7.1725,1.28,3.75,rot_ts,meso-eutro
NLA17_AZ-10003,2017,62.89659659208385,51.050846742533594,33.39629762,-114.7199316,69,5,0.369,7.1725,1.28,3.75,crs_ts,eutro
NLA17_AZ-10004,2017,67.18368811181274,28.919665944446937,34.60431,-112.4386,1567,10,0.615,192.115,2.64,NA,ncp_ts,eutro
NLA17_AZ-10004,2017,67.18368811181274,28.919665944446937,34.60431,-112.4386,1567,10,0.615,192.115,2.64,NA,chla_ts,meso
NLA17_AZ-10004,2017,67.18368811181274,28.919665944446937,34.60431,-112.4386,1567,10,0.615,192.115,2.64,NA,ptl_ts,hypereu
NLA17_AZ-10004,2017,67.18368811181274,28.919665944446937,34.60431,-112.4386,1567,10,0.615,192.115,2.64,NA,sdd_ts,NA
NLA17_AZ-10004,2017,67.18368811181274,28.919665944446937,34.60431,-112.4386,1567,10,0.615,192.115,2.64,NA,rot_ts,oligo-meso
NLA17_AZ-10004,2017,67.18368811181274,28.919665944446937,34.60431,-112.4386,1567,10,0.615,192.115,2.64,NA,crs_ts,hypereu
NLA17_AZ-10005,2017,60.04148614986014,54.91747092556343,34.36068,-109.3631,1822,18,0.67,161.06,7.86,0.35,ncp_ts,eutro
NLA17_AZ-10005,2017,60.04148614986014,54.91747092556343,34.36068,-109.3631,1822,18,0.67,161.06,7.86,0.35,chla_ts,eutro
NLA17_AZ-10005,2017,60.04148614986014,54.91747092556343,34.36068,-109.3631,1822,18,0.67,161.06,7.86,0.35,ptl_ts,hypereu
NLA17_AZ-10005,2017,60.04148614986014,54.91747092556343,34.36068,-109.3631,1822,18,0.67,161.06,7.86,0.35,sdd_ts,hypereu
NLA17_AZ-10005,2017,60.04148614986014,54.91747092556343,34.36068,-109.3631,1822,18,0.67,161.06,7.86,0.35,rot_ts,meso-eutro
NLA17_AZ-10005,2017,60.04148614986014,54.91747092556343,34.36068,-109.3631,1822,18,0.67,161.06,7.86,0.35,crs_ts,eutro
NLA17_AZ-10006,2017,70.50113271592781,55.120778504133774,33.8306,-109.0851,2403,34,1.3704999999999998,445.26250000000005,31.439999999999998,1.65,ncp_ts,mixo
NLA17_AZ-10006,2017,70.50113271592781,55.120778504133774,33.8306,-109.0851,2403,34,1.3704999999999998,445.26250000000005,31.439999999999998,1.65,chla_ts,eutro
NLA17_AZ-10006,2017,70.50113271592781,55.120778504133774,33.8306,-109.0851,2403,34,1.3704999999999998,445.26250000000005,31.439999999999998,1.65,ptl_ts,hypereu
NLA17_AZ-10006,2017,70.50113271592781,55.120778504133774,33.8306,-109.0851,2403,34,1.3704999999999998,445.26250000000005,31.439999999999998,1.65,sdd_ts,eutro
NLA17_AZ-10006,2017,70.50113271592781,55.120778504133774,33.8306,-109.0851,2403,34,1.3704999999999998,445.26250000000005,31.439999999999998,1.65,rot_ts,eutro
NLA17_AZ-10006,2017,70.50113271592781,55.120778504133774,33.8306,-109.0851,2403,34,1.3704999999999998,445.26250000000005,31.439999999999998,1.65,crs_ts,hypereu
NLA17_AZ-10007,2017,61.59518261022458,50.330353242439486,35.28501,-112.1542,2072,36,4.625,518.85125,145.07,0.275,ncp_ts,mixo
NLA17_AZ-10007,2017,61.59518261022458,50.330353242439486,35.28501,-112.1542,2072,36,4.625,518.85125,145.07,0.275,chla_ts,hypereu
NLA17_AZ-10007,2017,61.59518261022458,50.330353242439486,35.28501,-112.1542,2072,36,4.625,518.85125,145.07,0.275,ptl_ts,hypereu
NLA17_AZ-10007,2017,61.59518261022458,50.330353242439486,35.28501,-112.1542,2072,36,4.625,518.85125,145.07,0.275,sdd_ts,hypereu
NLA17_AZ-10007,2017,61.59518261022458,50.330353242439486,35.28501,-112.1542,2072,36,4.625,518.85125,145.07,0.275,rot_ts,meso-eutro
NLA17_AZ-10007,2017,61.59518261022458,50.330353242439486,35.28501,-112.1542,2072,36,4.625,518.85125,145.07,0.275,crs_ts,eutro
NLA17_AZ-10012,2017,60.08239171987578,52.111765239021004,31.42463,-110.4522,1631,5,0.826,13.605,3.73,2.55,ncp_ts,oligo
NLA17_AZ-10012,2017,60.08239171987578,52.111765239021004,31.42463,-110.4522,1631,5,0.826,13.605,3.73,2.55,chla_ts,meso
NLA17_AZ-10012,2017,60.08239171987578,52.111765239021004,31.42463,-110.4522,1631,5,0.826,13.605,3.73,2.55,ptl_ts,meso
NLA17_AZ-10012,2017,60.08239171987578,52.111765239021004,31.42463,-110.4522,1631,5,0.826,13.605,3.73,2.55,sdd_ts,meso
NLA17_AZ-10012,2017,60.08239171987578,52.111765239021004,31.42463,-110.4522,1631,5,0.826,13.605,3.73,2.55,rot_ts,meso-eutro
NLA17_AZ-10012,2017,60.08239171987578,52.111765239021004,31.42463,-110.4522,1631,5,0.826,13.605,3.73,2.55,crs_ts,eutro
NLA17_AZ-10021,2017,66.17236264202464,35.65953071495201,34.51849,-112.3854,1686,10,0.251,12.9125,1.3,5.05,ncp_ts,oligo
NLA17_AZ-10021,2017,66.17236264202464,35.65953071495201,34.51849,-112.3854,1686,10,0.251,12.9125,1.3,5.05,chla_ts,oligo
NLA17_AZ-10021,2017,66.17236264202464,35.65953071495201,34.51849,-112.3854,1686,10,0.251,12.9125,1.3,5.05,ptl_ts,meso
NLA17_AZ-10021,2017,66.17236264202464,35.65953071495201,34.51849,-112.3854,1686,10,0.251,12.9125,1.3,5.05,sdd_ts,oligo
NLA17_AZ-10021,2017,66.17236264202464,35.65953071495201,34.51849,-112.3854,1686,10,0.251,12.9125,1.3,5.05,rot_ts,oligo-meso
NLA17_AZ-10021,2017,66.17236264202464,35.65953071495201,34.51849,-112.3854,1686,10,0.251,12.9125,1.3,5.05,crs_ts,hypereu
NLA17_AZ-10035,2017,56.37736576080065,49.82093545620336,33.5115,-111.9076,383,5,0.725,39.90375,10.56,1.225,ncp_ts,eutro
NLA17_AZ-10035,2017,56.37736576080065,49.82093545620336,33.5115,-111.9076,383,5,0.725,39.90375,10.56,1.225,chla_ts,eutro
NLA17_AZ-10035,2017,56.37736576080065,49.82093545620336,33.5115,-111.9076,383,5,0.725,39.90375,10.56,1.225,ptl_ts,eutro
NLA17_AZ-10035,2017,56.37736576080065,49.82093545620336,33.5115,-111.9076,383,5,0.725,39.90375,10.56,1.225,sdd_ts,eutro
NLA17_AZ-10035,2017,56.37736576080065,49.82093545620336,33.5115,-111.9076,383,5,0.725,39.90375,10.56,1.225,rot_ts,meso-eutro
NLA17_AZ-10035,2017,56.37736576080065,49.82093545620336,33.5115,-111.9076,383,5,0.725,39.90375,10.56,1.225,crs_ts,eutro
NLA17_AZ-10041,2017,53.432837202886795,50.826335724717765,32.8183,-114.4632,47,10,0.549,39.3925,7.86,0.45,ncp_ts,eutro
NLA17_AZ-10041,2017,53.432837202886795,50.826335724717765,32.8183,-114.4632,47,10,0.549,39.3925,7.86,0.45,chla_ts,eutro
NLA17_AZ-10041,2017,53.432837202886795,50.826335724717765,32.8183,-114.4632,47,10,0.549,39.3925,7.86,0.45,ptl_ts,eutro
NLA17_AZ-10041,2017,53.432837202886795,50.826335724717765,32.8183,-114.4632,47,10,0.549,39.3925,7.86,0.45,sdd_ts,hypereu
NLA17_AZ-10041,2017,53.432837202886795,50.826335724717765,32.8183,-114.4632,47,10,0.549,39.3925,7.86,0.45,rot_ts,meso-eutro
NLA17_AZ-10041,2017,53.432837202886795,50.826335724717765,32.8183,-114.4632,47,10,0.549,39.3925,7.86,0.45,crs_ts,meso-eutro
NLA17_AZ-10090,2017,61.47149173470389,54.042698788783,34.40442,-111.0025,2304,24,0.284,13.795,4.78,3.05,ncp_ts,dys
NLA17_AZ-10090,2017,61.47149173470389,54.042698788783,34.40442,-111.0025,2304,24,0.284,13.795,4.78,3.05,chla_ts,meso
NLA17_AZ-10090,2017,61.47149173470389,54.042698788783,34.40442,-111.0025,2304,24,0.284,13.795,4.78,3.05,ptl_ts,meso
NLA17_AZ-10090,2017,61.47149173470389,54.042698788783,34.40442,-111.0025,2304,24,0.284,13.795,4.78,3.05,sdd_ts,meso
NLA17_AZ-10090,2017,61.47149173470389,54.042698788783,34.40442,-111.0025,2304,24,0.284,13.795,4.78,3.05,rot_ts,meso-eutro
NLA17_AZ-10090,2017,61.47149173470389,54.042698788783,34.40442,-111.0025,2304,24,0.284,13.795,4.78,3.05,crs_ts,eutro
NLA17_AZ-10100,2017,38.44048656443482,53.62326569567595,33.84514,-112.2657,437,0,0.334,9.41,3.79,3.05,ncp_ts,oligo
NLA17_AZ-10100,2017,38.44048656443482,53.62326569567595,33.84514,-112.2657,437,0,0.334,9.41,3.79,3.05,chla_ts,meso
NLA17_AZ-10100,2017,38.44048656443482,53.62326569567595,33.84514,-112.2657,437,0,0.334,9.41,3.79,3.05,ptl_ts,oligo
NLA17_AZ-10100,2017,38.44048656443482,53.62326569567595,33.84514,-112.2657,437,0,0.334,9.41,3.79,3.05,sdd_ts,meso
NLA17_AZ-10100,2017,38.44048656443482,53.62326569567595,33.84514,-112.2657,437,0,0.334,9.41,3.79,3.05,rot_ts,meso-eutro
NLA17_AZ-10100,2017,38.44048656443482,53.62326569567595,33.84514,-112.2657,437,0,0.334,9.41,3.79,3.05,crs_ts,oligo-meso
NLA17_CA-10001,2017,71.14334755574787,52.725340823836575,38.07833,-122.7434,51,21.5,0.517,42.401875000000004,14.200000000000001,0.9625,ncp_ts,mixo
NLA17_CA-10001,2017,71.14334755574787,52.725340823836575,38.07833,-122.7434,51,21.5,0.517,42.401875000000004,14.200000000000001,0.9625,chla_ts,eutro
NLA17_CA-10001,2017,71.14334755574787,52.725340823836575,38.07833,-122.7434,51,21.5,0.517,42.401875000000004,14.200000000000001,0.9625,ptl_ts,eutro
NLA17_CA-10001,2017,71.14334755574787,52.725340823836575,38.07833,-122.7434,51,21.5,0.517,42.401875000000004,14.200000000000001,0.9625,sdd_ts,eutro
NLA17_CA-10001,2017,71.14334755574787,52.725340823836575,38.07833,-122.7434,51,21.5,0.517,42.401875000000004,14.200000000000001,0.9625,rot_ts,meso-eutro
NLA17_CA-10001,2017,71.14334755574787,52.725340823836575,38.07833,-122.7434,51,21.5,0.517,42.401875000000004,14.200000000000001,0.9625,crs_ts,hypereu
NLA17_CA-10002,2017,61.0911184551639,51.16686201972081,39.11326,-120.4389,1592,8,0.273,16.27375,0.77,9.3,ncp_ts,oligo
NLA17_CA-10002,2017,61.0911184551639,51.16686201972081,39.11326,-120.4389,1592,8,0.273,16.27375,0.77,9.3,chla_ts,oligo
NLA17_CA-10002,2017,61.0911184551639,51.16686201972081,39.11326,-120.4389,1592,8,0.273,16.27375,0.77,9.3,ptl_ts,meso
NLA17_CA-10002,2017,61.0911184551639,51.16686201972081,39.11326,-120.4389,1592,8,0.273,16.27375,0.77,9.3,sdd_ts,oligo
NLA17_CA-10002,2017,61.0911184551639,51.16686201972081,39.11326,-120.4389,1592,8,0.273,16.27375,0.77,9.3,rot_ts,meso-eutro
NLA17_CA-10002,2017,61.0911184551639,51.16686201972081,39.11326,-120.4389,1592,8,0.273,16.27375,0.77,9.3,crs_ts,eutro
NLA17_CA-10003,2017,62.64593661559704,50.01988249364041,38.50847,-121.5354,2,0,0.701,886.198,13.3,0.4,ncp_ts,eutro
NLA17_CA-10003,2017,62.64593661559704,50.01988249364041,38.50847,-121.5354,2,0,0.701,886.198,13.3,0.4,chla_ts,eutro
NLA17_CA-10003,2017,62.64593661559704,50.01988249364041,38.50847,-121.5354,2,0,0.701,886.198,13.3,0.4,ptl_ts,hypereu
NLA17_CA-10003,2017,62.64593661559704,50.01988249364041,38.50847,-121.5354,2,0,0.701,886.198,13.3,0.4,sdd_ts,hypereu
NLA17_CA-10003,2017,62.64593661559704,50.01988249364041,38.50847,-121.5354,2,0,0.701,886.198,13.3,0.4,rot_ts,meso-eutro
NLA17_CA-10003,2017,62.64593661559704,50.01988249364041,38.50847,-121.5354,2,0,0.701,886.198,13.3,0.4,crs_ts,eutro
NLA17_CA-10004,2017,65.24567160541062,48.898683663316106,37.78874,-119.0739,2323,2,0.475,5.55715,1.08,7.85,ncp_ts,oligo
NLA17_CA-10004,2017,65.24567160541062,48.898683663316106,37.78874,-119.0739,2323,2,0.475,5.55715,1.08,7.85,chla_ts,oligo
NLA17_CA-10004,2017,65.24567160541062,48.898683663316106,37.78874,-119.0739,2323,2,0.475,5.55715,1.08,7.85,ptl_ts,oligo
NLA17_CA-10004,2017,65.24567160541062,48.898683663316106,37.78874,-119.0739,2323,2,0.475,5.55715,1.08,7.85,sdd_ts,oligo
NLA17_CA-10004,2017,65.24567160541062,48.898683663316106,37.78874,-119.0739,2323,2,0.475,5.55715,1.08,7.85,rot_ts,meso-eutro
NLA17_CA-10004,2017,65.24567160541062,48.898683663316106,37.78874,-119.0739,2323,2,0.475,5.55715,1.08,7.85,crs_ts,hypereu
NLA17_CA-10005,2017,66.38665825488795,53.49450741345739,33.80119,-117.8102,95,18,0.8049999999999999,182.611375,13.850000000000001,1.4,ncp_ts,eutro
NLA17_CA-10005,2017,66.38665825488795,53.49450741345739,33.80119,-117.8102,95,18,0.8049999999999999,182.611375,13.850000000000001,1.4,chla_ts,eutro
NLA17_CA-10005,2017,66.38665825488795,53.49450741345739,33.80119,-117.8102,95,18,0.8049999999999999,182.611375,13.850000000000001,1.4,ptl_ts,hypereu
NLA17_CA-10005,2017,66.38665825488795,53.49450741345739,33.80119,-117.8102,95,18,0.8049999999999999,182.611375,13.850000000000001,1.4,sdd_ts,eutro
NLA17_CA-10005,2017,66.38665825488795,53.49450741345739,33.80119,-117.8102,95,18,0.8049999999999999,182.611375,13.850000000000001,1.4,rot_ts,meso-eutro
NLA17_CA-10005,2017,66.38665825488795,53.49450741345739,33.80119,-117.8102,95,18,0.8049999999999999,182.611375,13.850000000000001,1.4,crs_ts,hypereu
NLA17_CA-10006,2017,61.9744462860207,51.915661524758164,39.72616,-122.8417,1811,12,0.165,20.1425,4.61,2.35,ncp_ts,oligo
NLA17_CA-10006,2017,61.9744462860207,51.915661524758164,39.72616,-122.8417,1811,12,0.165,20.1425,4.61,2.35,chla_ts,meso
NLA17_CA-10006,2017,61.9744462860207,51.915661524758164,39.72616,-122.8417,1811,12,0.165,20.1425,4.61,2.35,ptl_ts,meso
NLA17_CA-10006,2017,61.9744462860207,51.915661524758164,39.72616,-122.8417,1811,12,0.165,20.1425,4.61,2.35,sdd_ts,meso
NLA17_CA-10006,2017,61.9744462860207,51.915661524758164,39.72616,-122.8417,1811,12,0.165,20.1425,4.61,2.35,rot_ts,meso-eutro
NLA17_CA-10006,2017,61.9744462860207,51.915661524758164,39.72616,-122.8417,1811,12,0.165,20.1425,4.61,2.35,crs_ts,eutro
NLA17_CA-10007,2017,65.46664789839028,45.169551831903604,39.09599,-122.932,458,26,0.605,26.29875,4.71,3.2,ncp_ts,dys
NLA17_CA-10007,2017,65.46664789839028,45.169551831903604,39.09599,-122.932,458,26,0.605,26.29875,4.71,3.2,chla_ts,meso
NLA17_CA-10007,2017,65.46664789839028,45.169551831903604,39.09599,-122.932,458,26,0.605,26.29875,4.71,3.2,ptl_ts,eutro
NLA17_CA-10007,2017,65.46664789839028,45.169551831903604,39.09599,-122.932,458,26,0.605,26.29875,4.71,3.2,sdd_ts,meso
NLA17_CA-10007,2017,65.46664789839028,45.169551831903604,39.09599,-122.932,458,26,0.605,26.29875,4.71,3.2,rot_ts,meso-eutro
NLA17_CA-10007,2017,65.46664789839028,45.169551831903604,39.09599,-122.932,458,26,0.605,26.29875,4.71,3.2,crs_ts,hypereu
NLA17_CA-10008,2017,63.39529352601064,49.517756657558266,38.72818,-121.1312,142,0,0.145,10.5175,2.05,5.35,ncp_ts,oligo
NLA17_CA-10008,2017,63.39529352601064,49.517756657558266,38.72818,-121.1312,142,0,0.145,10.5175,2.05,5.35,chla_ts,oligo
NLA17_CA-10008,2017,63.39529352601064,49.517756657558266,38.72818,-121.1312,142,0,0.145,10.5175,2.05,5.35,ptl_ts,oligo
NLA17_CA-10008,2017,63.39529352601064,49.517756657558266,38.72818,-121.1312,142,0,0.145,10.5175,2.05,5.35,sdd_ts,oligo
NLA17_CA-10008,2017,63.39529352601064,49.517756657558266,38.72818,-121.1312,142,0,0.145,10.5175,2.05,5.35,rot_ts,meso-eutro
NLA17_CA-10008,2017,63.39529352601064,49.517756657558266,38.72818,-121.1312,142,0,0.145,10.5175,2.05,5.35,crs_ts,eutro
NLA17_CA-10009,2017,49.03883908720904,51.990040589614274,37.95384,-120.4968,332,10,0.151,11.8775,3,3.1,ncp_ts,oligo
NLA17_CA-10009,2017,49.03883908720904,51.990040589614274,37.95384,-120.4968,332,10,0.151,11.8775,3,3.1,chla_ts,meso
NLA17_CA-10009,2017,49.03883908720904,51.990040589614274,37.95384,-120.4968,332,10,0.151,11.8775,3,3.1,ptl_ts,oligo
NLA17_CA-10009,2017,49.03883908720904,51.990040589614274,37.95384,-120.4968,332,10,0.151,11.8775,3,3.1,sdd_ts,meso
NLA17_CA-10009,2017,49.03883908720904,51.990040589614274,37.95384,-120.4968,332,10,0.151,11.8775,3,3.1,rot_ts,meso-eutro
NLA17_CA-10009,2017,49.03883908720904,51.990040589614274,37.95384,-120.4968,332,10,0.151,11.8775,3,3.1,crs_ts,meso-eutro
NLA17_CA-10010,2017,64.44782148582995,50.73384060981056,40.50758,-122.6943,614,20,0.149,12.83375,1.31,5.9,ncp_ts,oligo
NLA17_CA-10010,2017,64.44782148582995,50.73384060981056,40.50758,-122.6943,614,20,0.149,12.83375,1.31,5.9,chla_ts,oligo
NLA17_CA-10010,2017,64.44782148582995,50.73384060981056,40.50758,-122.6943,614,20,0.149,12.83375,1.31,5.9,ptl_ts,meso
NLA17_CA-10010,2017,64.44782148582995,50.73384060981056,40.50758,-122.6943,614,20,0.149,12.83375,1.31,5.9,sdd_ts,oligo
NLA17_CA-10010,2017,64.44782148582995,50.73384060981056,40.50758,-122.6943,614,20,0.149,12.83375,1.31,5.9,rot_ts,meso-eutro
NLA17_CA-10010,2017,64.44782148582995,50.73384060981056,40.50758,-122.6943,614,20,0.149,12.83375,1.31,5.9,crs_ts,eutro
NLA17_CA-10011,2017,61.82098895910066,50.71826896362872,37.77693,-122.1187,141,16,0.616,28.83375,17.6,1.45,ncp_ts,oligo
NLA17_CA-10011,2017,61.82098895910066,50.71826896362872,37.77693,-122.1187,141,16,0.616,28.83375,17.6,1.45,chla_ts,eutro
NLA17_CA-10011,2017,61.82098895910066,50.71826896362872,37.77693,-122.1187,141,16,0.616,28.83375,17.6,1.45,ptl_ts,eutro
NLA17_CA-10011,2017,61.82098895910066,50.71826896362872,37.77693,-122.1187,141,16,0.616,28.83375,17.6,1.45,sdd_ts,eutro
NLA17_CA-10011,2017,61.82098895910066,50.71826896362872,37.77693,-122.1187,141,16,0.616,28.83375,17.6,1.45,rot_ts,meso-eutro
NLA17_CA-10011,2017,61.82098895910066,50.71826896362872,37.77693,-122.1187,141,16,0.616,28.83375,17.6,1.45,crs_ts,eutro
NLA17_CA-10012,2017,55.497405756771165,51.814862323268976,39.01358,-121.0411,488,2,0.065,11.555,0.82,1.85,ncp_ts,oligo
NLA17_CA-10012,2017,55.497405756771165,51.814862323268976,39.01358,-121.0411,488,2,0.065,11.555,0.82,1.85,chla_ts,oligo
NLA17_CA-10012,2017,55.497405756771165,51.814862323268976,39.01358,-121.0411,488,2,0.065,11.555,0.82,1.85,ptl_ts,oligo
NLA17_CA-10012,2017,55.497405756771165,51.814862323268976,39.01358,-121.0411,488,2,0.065,11.555,0.82,1.85,sdd_ts,eutro
NLA17_CA-10012,2017,55.497405756771165,51.814862323268976,39.01358,-121.0411,488,2,0.065,11.555,0.82,1.85,rot_ts,meso-eutro
NLA17_CA-10012,2017,55.497405756771165,51.814862323268976,39.01358,-121.0411,488,2,0.065,11.555,0.82,1.85,crs_ts,eutro
NLA17_CA-10020,2017,65.0958020862141,42.85530329454548,41.90946,-120.1067,1534,10,0.411,48.8175,8.72,2.625,ncp_ts,eutro
NLA17_CA-10020,2017,65.0958020862141,42.85530329454548,41.90946,-120.1067,1534,10,0.411,48.8175,8.72,2.625,chla_ts,eutro
NLA17_CA-10020,2017,65.0958020862141,42.85530329454548,41.90946,-120.1067,1534,10,0.411,48.8175,8.72,2.625,ptl_ts,eutro
NLA17_CA-10020,2017,65.0958020862141,42.85530329454548,41.90946,-120.1067,1534,10,0.411,48.8175,8.72,2.625,sdd_ts,meso
NLA17_CA-10020,2017,65.0958020862141,42.85530329454548,41.90946,-120.1067,1534,10,0.411,48.8175,8.72,2.625,rot_ts,oligo-meso
NLA17_CA-10020,2017,65.0958020862141,42.85530329454548,41.90946,-120.1067,1534,10,0.411,48.8175,8.72,2.625,crs_ts,hypereu
NLA17_CA-10021,2017,60.18392569272867,52.111765239021004,35.6716,-120.5712,287,35,18.075,11238.8,3299.18,0.1,ncp_ts,mixo
NLA17_CA-10021,2017,60.18392569272867,52.111765239021004,35.6716,-120.5712,287,35,18.075,11238.8,3299.18,0.1,chla_ts,hypereu
NLA17_CA-10021,2017,60.18392569272867,52.111765239021004,35.6716,-120.5712,287,35,18.075,11238.8,3299.18,0.1,ptl_ts,hypereu
NLA17_CA-10021,2017,60.18392569272867,52.111765239021004,35.6716,-120.5712,287,35,18.075,11238.8,3299.18,0.1,sdd_ts,hypereu
NLA17_CA-10021,2017,60.18392569272867,52.111765239021004,35.6716,-120.5712,287,35,18.075,11238.8,3299.18,0.1,rot_ts,meso-eutro
NLA17_CA-10021,2017,60.18392569272867,52.111765239021004,35.6716,-120.5712,287,35,18.075,11238.8,3299.18,0.1,crs_ts,eutro
NLA17_CA-10033,2017,62.05871825281603,50.93227445006694,39.36817,-120.3225,2314,10,0.138,5.15625,0.37,8.2,ncp_ts,oligo
NLA17_CA-10033,2017,62.05871825281603,50.93227445006694,39.36817,-120.3225,2314,10,0.138,5.15625,0.37,8.2,chla_ts,oligo
NLA17_CA-10033,2017,62.05871825281603,50.93227445006694,39.36817,-120.3225,2314,10,0.138,5.15625,0.37,8.2,ptl_ts,oligo
NLA17_CA-10033,2017,62.05871825281603,50.93227445006694,39.36817,-120.3225,2314,10,0.138,5.15625,0.37,8.2,sdd_ts,oligo
NLA17_CA-10033,2017,62.05871825281603,50.93227445006694,39.36817,-120.3225,2314,10,0.138,5.15625,0.37,8.2,rot_ts,meso-eutro
NLA17_CA-10033,2017,62.05871825281603,50.93227445006694,39.36817,-120.3225,2314,10,0.138,5.15625,0.37,8.2,crs_ts,eutro
NLA17_CA-10035,2017,59.340937921528514,52.30097155098394,40.5131,-121.165,1976,1,0.354,15.9725,2.45,NA,ncp_ts,oligo
NLA17_CA-10035,2017,59.340937921528514,52.30097155098394,40.5131,-121.165,1976,1,0.354,15.9725,2.45,NA,chla_ts,oligo
NLA17_CA-10035,2017,59.340937921528514,52.30097155098394,40.5131,-121.165,1976,1,0.354,15.9725,2.45,NA,ptl_ts,meso
NLA17_CA-10035,2017,59.340937921528514,52.30097155098394,40.5131,-121.165,1976,1,0.354,15.9725,2.45,NA,sdd_ts,NA
NLA17_CA-10035,2017,59.340937921528514,52.30097155098394,40.5131,-121.165,1976,1,0.354,15.9725,2.45,NA,rot_ts,meso-eutro
NLA17_CA-10035,2017,59.340937921528514,52.30097155098394,40.5131,-121.165,1976,1,0.354,15.9725,2.45,NA,crs_ts,eutro
NLA17_CA-10052,2017,61.14633937687216,51.90316442273933,38.61141,-119.8751,2382,10,0.761,34.905,6.11,1.6,ncp_ts,eutro
NLA17_CA-10052,2017,61.14633937687216,51.90316442273933,38.61141,-119.8751,2382,10,0.761,34.905,6.11,1.6,chla_ts,meso
NLA17_CA-10052,2017,61.14633937687216,51.90316442273933,38.61141,-119.8751,2382,10,0.761,34.905,6.11,1.6,ptl_ts,eutro
NLA17_CA-10052,2017,61.14633937687216,51.90316442273933,38.61141,-119.8751,2382,10,0.761,34.905,6.11,1.6,sdd_ts,eutro
NLA17_CA-10052,2017,61.14633937687216,51.90316442273933,38.61141,-119.8751,2382,10,0.761,34.905,6.11,1.6,rot_ts,meso-eutro
NLA17_CA-10052,2017,61.14633937687216,51.90316442273933,38.61141,-119.8751,2382,10,0.761,34.905,6.11,1.6,crs_ts,eutro
NLA17_CA-10054,2017,39.80205845095949,51.673105619500454,32.7867,-116.7818,412,27,0.649,25.6775,7.34,2.45,ncp_ts,dys
NLA17_CA-10054,2017,39.80205845095949,51.673105619500454,32.7867,-116.7818,412,27,0.649,25.6775,7.34,2.45,chla_ts,eutro
NLA17_CA-10054,2017,39.80205845095949,51.673105619500454,32.7867,-116.7818,412,27,0.649,25.6775,7.34,2.45,ptl_ts,eutro
NLA17_CA-10054,2017,39.80205845095949,51.673105619500454,32.7867,-116.7818,412,27,0.649,25.6775,7.34,2.45,sdd_ts,meso
NLA17_CA-10054,2017,39.80205845095949,51.673105619500454,32.7867,-116.7818,412,27,0.649,25.6775,7.34,2.45,rot_ts,meso-eutro
NLA17_CA-10054,2017,39.80205845095949,51.673105619500454,32.7867,-116.7818,412,27,0.649,25.6775,7.34,2.45,crs_ts,oligo-meso
NLA17_CA-10055,2017,60.38394205279962,51.50061242286747,36.93928,-121.7354,15,3,0.868,648.653,25.6,1.05,ncp_ts,eutro
NLA17_CA-10055,2017,60.38394205279962,51.50061242286747,36.93928,-121.7354,15,3,0.868,648.653,25.6,1.05,chla_ts,eutro
NLA17_CA-10055,2017,60.38394205279962,51.50061242286747,36.93928,-121.7354,15,3,0.868,648.653,25.6,1.05,ptl_ts,hypereu
NLA17_CA-10055,2017,60.38394205279962,51.50061242286747,36.93928,-121.7354,15,3,0.868,648.653,25.6,1.05,sdd_ts,eutro
NLA17_CA-10055,2017,60.38394205279962,51.50061242286747,36.93928,-121.7354,15,3,0.868,648.653,25.6,1.05,rot_ts,meso-eutro
NLA17_CA-10055,2017,60.38394205279962,51.50061242286747,36.93928,-121.7354,15,3,0.868,648.653,25.6,1.05,crs_ts,eutro
NLA17_CA-10062,2017,61.88947618427927,50.7493673161141,41.52677,-121.1347,1448,10,0.509,57.68875,3.18,NA,ncp_ts,eutro
NLA17_CA-10062,2017,61.88947618427927,50.7493673161141,41.52677,-121.1347,1448,10,0.509,57.68875,3.18,NA,chla_ts,meso
NLA17_CA-10062,2017,61.88947618427927,50.7493673161141,41.52677,-121.1347,1448,10,0.509,57.68875,3.18,NA,ptl_ts,eutro
NLA17_CA-10062,2017,61.88947618427927,50.7493673161141,41.52677,-121.1347,1448,10,0.509,57.68875,3.18,NA,sdd_ts,NA
NLA17_CA-10062,2017,61.88947618427927,50.7493673161141,41.52677,-121.1347,1448,10,0.509,57.68875,3.18,NA,rot_ts,meso-eutro
NLA17_CA-10062,2017,61.88947618427927,50.7493673161141,41.52677,-121.1347,1448,10,0.509,57.68875,3.18,NA,crs_ts,eutro
NLA17_CA-10068,2017,60.30441598610824,52.20720011395611,39.30057,-120.438,2003,5,0.08,6.5075,1.26,7.9,ncp_ts,oligo
NLA17_CA-10068,2017,60.30441598610824,52.20720011395611,39.30057,-120.438,2003,5,0.08,6.5075,1.26,7.9,chla_ts,oligo
NLA17_CA-10068,2017,60.30441598610824,52.20720011395611,39.30057,-120.438,2003,5,0.08,6.5075,1.26,7.9,ptl_ts,oligo
NLA17_CA-10068,2017,60.30441598610824,52.20720011395611,39.30057,-120.438,2003,5,0.08,6.5075,1.26,7.9,sdd_ts,oligo
NLA17_CA-10068,2017,60.30441598610824,52.20720011395611,39.30057,-120.438,2003,5,0.08,6.5075,1.26,7.9,rot_ts,meso-eutro
NLA17_CA-10068,2017,60.30441598610824,52.20720011395611,39.30057,-120.438,2003,5,0.08,6.5075,1.26,7.9,crs_ts,eutro
NLA17_CA-10069,2017,65.43013047999729,47.508989508223415,38.14234,-120.8552,144,33,0.931,48.245,9.42,2.4,ncp_ts,mixo
NLA17_CA-10069,2017,65.43013047999729,47.508989508223415,38.14234,-120.8552,144,33,0.931,48.245,9.42,2.4,chla_ts,eutro
NLA17_CA-10069,2017,65.43013047999729,47.508989508223415,38.14234,-120.8552,144,33,0.931,48.245,9.42,2.4,ptl_ts,eutro
NLA17_CA-10069,2017,65.43013047999729,47.508989508223415,38.14234,-120.8552,144,33,0.931,48.245,9.42,2.4,sdd_ts,meso
NLA17_CA-10069,2017,65.43013047999729,47.508989508223415,38.14234,-120.8552,144,33,0.931,48.245,9.42,2.4,rot_ts,meso-eutro
NLA17_CA-10069,2017,65.43013047999729,47.508989508223415,38.14234,-120.8552,144,33,0.931,48.245,9.42,2.4,crs_ts,hypereu
NLA17_CA-10081,2017,55.26363840754486,51.09464617033389,37.6695,-121.836,107,2,0.385,8.25125,1.41,6.199999999999999,ncp_ts,oligo
NLA17_CA-10081,2017,55.26363840754486,51.09464617033389,37.6695,-121.836,107,2,0.385,8.25125,1.41,6.199999999999999,chla_ts,oligo
NLA17_CA-10081,2017,55.26363840754486,51.09464617033389,37.6695,-121.836,107,2,0.385,8.25125,1.41,6.199999999999999,ptl_ts,oligo
NLA17_CA-10081,2017,55.26363840754486,51.09464617033389,37.6695,-121.836,107,2,0.385,8.25125,1.41,6.199999999999999,sdd_ts,oligo
NLA17_CA-10081,2017,55.26363840754486,51.09464617033389,37.6695,-121.836,107,2,0.385,8.25125,1.41,6.199999999999999,rot_ts,meso-eutro
NLA17_CA-10081,2017,55.26363840754486,51.09464617033389,37.6695,-121.836,107,2,0.385,8.25125,1.41,6.199999999999999,crs_ts,eutro
NLA17_CA-10082,2017,60.54112126471647,51.940568976653395,37.54158,-120.3545,121,17,0.834,35.15625,16.41,1.375,ncp_ts,eutro
NLA17_CA-10082,2017,60.54112126471647,51.940568976653395,37.54158,-120.3545,121,17,0.834,35.15625,16.41,1.375,chla_ts,eutro
NLA17_CA-10082,2017,60.54112126471647,51.940568976653395,37.54158,-120.3545,121,17,0.834,35.15625,16.41,1.375,ptl_ts,eutro
NLA17_CA-10082,2017,60.54112126471647,51.940568976653395,37.54158,-120.3545,121,17,0.834,35.15625,16.41,1.375,sdd_ts,eutro
NLA17_CA-10082,2017,60.54112126471647,51.940568976653395,37.54158,-120.3545,121,17,0.834,35.15625,16.41,1.375,rot_ts,meso-eutro
NLA17_CA-10082,2017,60.54112126471647,51.940568976653395,37.54158,-120.3545,121,17,0.834,35.15625,16.41,1.375,crs_ts,eutro
NLA17_CA-10089,2017,66.69503753371882,19.28,40.85246,-120.0873,1704,30,1.668,190.6225,8.85,2.8,ncp_ts,mixo
NLA17_CA-10089,2017,66.69503753371882,19.28,40.85246,-120.0873,1704,30,1.668,190.6225,8.85,2.8,chla_ts,eutro
NLA17_CA-10089,2017,66.69503753371882,19.28,40.85246,-120.0873,1704,30,1.668,190.6225,8.85,2.8,ptl_ts,hypereu
NLA17_CA-10089,2017,66.69503753371882,19.28,40.85246,-120.0873,1704,30,1.668,190.6225,8.85,2.8,sdd_ts,meso
NLA17_CA-10089,2017,66.69503753371882,19.28,40.85246,-120.0873,1704,30,1.668,190.6225,8.85,2.8,rot_ts,oligo-meso
NLA17_CA-10089,2017,66.69503753371882,19.28,40.85246,-120.0873,1704,30,1.668,190.6225,8.85,2.8,crs_ts,hypereu
NLA17_CA-HP001,2017,60.26441410667099,56.15642722213202,40.45893329,-121.2909231,2199.12,10,0.099,5.06,0.77,NA,ncp_ts,oligo
NLA17_CA-HP001,2017,60.26441410667099,56.15642722213202,40.45893329,-121.2909231,2199.12,10,0.099,5.06,0.77,NA,chla_ts,oligo
NLA17_CA-HP001,2017,60.26441410667099,56.15642722213202,40.45893329,-121.2909231,2199.12,10,0.099,5.06,0.77,NA,ptl_ts,oligo
NLA17_CA-HP001,2017,60.26441410667099,56.15642722213202,40.45893329,-121.2909231,2199.12,10,0.099,5.06,0.77,NA,sdd_ts,NA
NLA17_CA-HP001,2017,60.26441410667099,56.15642722213202,40.45893329,-121.2909231,2199.12,10,0.099,5.06,0.77,NA,rot_ts,eutro
NLA17_CA-HP001,2017,60.26441410667099,56.15642722213202,40.45893329,-121.2909231,2199.12,10,0.099,5.06,0.77,NA,crs_ts,eutro
NLA17_CA-HP002,2017,59.729197717863634,52.23079664301083,40.40351019,-121.3588354,1653.02,22,0.47,33.04125,5.31,1.88,ncp_ts,mixo
NLA17_CA-HP002,2017,59.729197717863634,52.23079664301083,40.40351019,-121.3588354,1653.02,22,0.47,33.04125,5.31,1.88,chla_ts,meso
NLA17_CA-HP002,2017,59.729197717863634,52.23079664301083,40.40351019,-121.3588354,1653.02,22,0.47,33.04125,5.31,1.88,ptl_ts,eutro
NLA17_CA-HP002,2017,59.729197717863634,52.23079664301083,40.40351019,-121.3588354,1653.02,22,0.47,33.04125,5.31,1.88,sdd_ts,eutro
NLA17_CA-HP002,2017,59.729197717863634,52.23079664301083,40.40351019,-121.3588354,1653.02,22,0.47,33.04125,5.31,1.88,rot_ts,meso-eutro
NLA17_CA-HP002,2017,59.729197717863634,52.23079664301083,40.40351019,-121.3588354,1653.02,22,0.47,33.04125,5.31,1.88,crs_ts,eutro
NLA17_CO-10002,2017,60.48246797101857,52.06340536284283,40.0784,-105.2221,1577,9,0.244,19.81875,4.76,1.85,ncp_ts,oligo
NLA17_CO-10002,2017,60.48246797101857,52.06340536284283,40.0784,-105.2221,1577,9,0.244,19.81875,4.76,1.85,chla_ts,meso
NLA17_CO-10002,2017,60.48246797101857,52.06340536284283,40.0784,-105.2221,1577,9,0.244,19.81875,4.76,1.85,ptl_ts,meso
NLA17_CO-10002,2017,60.48246797101857,52.06340536284283,40.0784,-105.2221,1577,9,0.244,19.81875,4.76,1.85,sdd_ts,eutro
NLA17_CO-10002,2017,60.48246797101857,52.06340536284283,40.0784,-105.2221,1577,9,0.244,19.81875,4.76,1.85,rot_ts,meso-eutro
NLA17_CO-10002,2017,60.48246797101857,52.06340536284283,40.0784,-105.2221,1577,9,0.244,19.81875,4.76,1.85,crs_ts,eutro
NLA17_CO-10003,2017,60.73419078570532,52.51733933359223,37.82464,-107.8851,2961,0,0.13,7.81,2.56,3.5,ncp_ts,oligo
NLA17_CO-10003,2017,60.73419078570532,52.51733933359223,37.82464,-107.8851,2961,0,0.13,7.81,2.56,3.5,chla_ts,oligo
NLA17_CO-10003,2017,60.73419078570532,52.51733933359223,37.82464,-107.8851,2961,0,0.13,7.81,2.56,3.5,ptl_ts,oligo
NLA17_CO-10003,2017,60.73419078570532,52.51733933359223,37.82464,-107.8851,2961,0,0.13,7.81,2.56,3.5,sdd_ts,meso
NLA17_CO-10003,2017,60.73419078570532,52.51733933359223,37.82464,-107.8851,2961,0,0.13,7.81,2.56,3.5,rot_ts,meso-eutro
NLA17_CO-10003,2017,60.73419078570532,52.51733933359223,37.82464,-107.8851,2961,0,0.13,7.81,2.56,3.5,crs_ts,eutro
NLA17_CO-10004,2017,64.98201597264662,48.94224665436761,40.22358,-104.9473,1488,20,3.394,377.02,144.5,0.25,ncp_ts,eutro
NLA17_CO-10004,2017,64.98201597264662,48.94224665436761,40.22358,-104.9473,1488,20,3.394,377.02,144.5,0.25,chla_ts,hypereu
NLA17_CO-10004,2017,64.98201597264662,48.94224665436761,40.22358,-104.9473,1488,20,3.394,377.02,144.5,0.25,ptl_ts,hypereu
NLA17_CO-10004,2017,64.98201597264662,48.94224665436761,40.22358,-104.9473,1488,20,3.394,377.02,144.5,0.25,sdd_ts,hypereu
NLA17_CO-10004,2017,64.98201597264662,48.94224665436761,40.22358,-104.9473,1488,20,3.394,377.02,144.5,0.25,rot_ts,meso-eutro
NLA17_CO-10004,2017,64.98201597264662,48.94224665436761,40.22358,-104.9473,1488,20,3.394,377.02,144.5,0.25,crs_ts,eutro
NLA17_CO-10005,2017,66.09234322809608,46.910595591330406,39.99496,-105.1122,1623,0,0.338,14.26875,3.59,2,ncp_ts,oligo
NLA17_CO-10005,2017,66.09234322809608,46.910595591330406,39.99496,-105.1122,1623,0,0.338,14.26875,3.59,2,chla_ts,meso
NLA17_CO-10005,2017,66.09234322809608,46.910595591330406,39.99496,-105.1122,1623,0,0.338,14.26875,3.59,2,ptl_ts,meso
NLA17_CO-10005,2017,66.09234322809608,46.910595591330406,39.99496,-105.1122,1623,0,0.338,14.26875,3.59,2,sdd_ts,meso
NLA17_CO-10005,2017,66.09234322809608,46.910595591330406,39.99496,-105.1122,1623,0,0.338,14.26875,3.59,2,rot_ts,meso-eutro
NLA17_CO-10005,2017,66.09234322809608,46.910595591330406,39.99496,-105.1122,1623,0,0.338,14.26875,3.59,2,crs_ts,hypereu
NLA17_CO-10006,2017,60.24435284923939,52.98732052452888,38.99724,-108.0512,3066,24,0.258,24.4375,1.62,9.5,ncp_ts,dys
NLA17_CO-10006,2017,60.24435284923939,52.98732052452888,38.99724,-108.0512,3066,24,0.258,24.4375,1.62,9.5,chla_ts,oligo
NLA17_CO-10006,2017,60.24435284923939,52.98732052452888,38.99724,-108.0512,3066,24,0.258,24.4375,1.62,9.5,ptl_ts,eutro
NLA17_CO-10006,2017,60.24435284923939,52.98732052452888,38.99724,-108.0512,3066,24,0.258,24.4375,1.62,9.5,sdd_ts,oligo
NLA17_CO-10006,2017,60.24435284923939,52.98732052452888,38.99724,-108.0512,3066,24,0.258,24.4375,1.62,9.5,rot_ts,meso-eutro
NLA17_CO-10006,2017,60.24435284923939,52.98732052452888,38.99724,-108.0512,3066,24,0.258,24.4375,1.62,9.5,crs_ts,eutro
NLA17_CO-10007,2017,59.95916623427243,52.91524289143248,40.43393,-105.0334,1511,3,0.456,14.06375,4.72,2.5,ncp_ts,oligo
NLA17_CO-10007,2017,59.95916623427243,52.91524289143248,40.43393,-105.0334,1511,3,0.456,14.06375,4.72,2.5,chla_ts,meso
NLA17_CO-10007,2017,59.95916623427243,52.91524289143248,40.43393,-105.0334,1511,3,0.456,14.06375,4.72,2.5,ptl_ts,meso
NLA17_CO-10007,2017,59.95916623427243,52.91524289143248,40.43393,-105.0334,1511,3,0.456,14.06375,4.72,2.5,sdd_ts,meso
NLA17_CO-10007,2017,59.95916623427243,52.91524289143248,40.43393,-105.0334,1511,3,0.456,14.06375,4.72,2.5,rot_ts,meso-eutro
NLA17_CO-10007,2017,59.95916623427243,52.91524289143248,40.43393,-105.0334,1511,3,0.456,14.06375,4.72,2.5,crs_ts,eutro
NLA17_CO-10008,2017,62.42152589213336,52.32416124205997,37.41533,-108.4074,2216,11,0.628,31.5025,8.64,1.7,ncp_ts,eutro
NLA17_CO-10008,2017,62.42152589213336,52.32416124205997,37.41533,-108.4074,2216,11,0.628,31.5025,8.64,1.7,chla_ts,eutro
NLA17_CO-10008,2017,62.42152589213336,52.32416124205997,37.41533,-108.4074,2216,11,0.628,31.5025,8.64,1.7,ptl_ts,eutro
NLA17_CO-10008,2017,62.42152589213336,52.32416124205997,37.41533,-108.4074,2216,11,0.628,31.5025,8.64,1.7,sdd_ts,eutro
NLA17_CO-10008,2017,62.42152589213336,52.32416124205997,37.41533,-108.4074,2216,11,0.628,31.5025,8.64,1.7,rot_ts,meso-eutro
NLA17_CO-10008,2017,62.42152589213336,52.32416124205997,37.41533,-108.4074,2216,11,0.628,31.5025,8.64,1.7,crs_ts,eutro
NLA17_CO-10009,2017,66.95267260827546,55.4542185316181,39.0367,-107.9111,3098,32.5,0.3735,30.475,3.145,2.95,ncp_ts,mixo
NLA17_CO-10009,2017,66.95267260827546,55.4542185316181,39.0367,-107.9111,3098,32.5,0.3735,30.475,3.145,2.95,chla_ts,meso
NLA17_CO-10009,2017,66.95267260827546,55.4542185316181,39.0367,-107.9111,3098,32.5,0.3735,30.475,3.145,2.95,ptl_ts,eutro
NLA17_CO-10009,2017,66.95267260827546,55.4542185316181,39.0367,-107.9111,3098,32.5,0.3735,30.475,3.145,2.95,sdd_ts,meso
NLA17_CO-10009,2017,66.95267260827546,55.4542185316181,39.0367,-107.9111,3098,32.5,0.3735,30.475,3.145,2.95,rot_ts,eutro
NLA17_CO-10009,2017,66.95267260827546,55.4542185316181,39.0367,-107.9111,3098,32.5,0.3735,30.475,3.145,2.95,crs_ts,hypereu
NLA17_CO-10010,2017,53.515374118741306,53.94942616104837,37.54114,-107.5965,3329,5,0.235,7.4825,1.2,NA,ncp_ts,oligo
NLA17_CO-10010,2017,53.515374118741306,53.94942616104837,37.54114,-107.5965,3329,5,0.235,7.4825,1.2,NA,chla_ts,oligo
NLA17_CO-10010,2017,53.515374118741306,53.94942616104837,37.54114,-107.5965,3329,5,0.235,7.4825,1.2,NA,ptl_ts,oligo
NLA17_CO-10010,2017,53.515374118741306,53.94942616104837,37.54114,-107.5965,3329,5,0.235,7.4825,1.2,NA,sdd_ts,NA
NLA17_CO-10010,2017,53.515374118741306,53.94942616104837,37.54114,-107.5965,3329,5,0.235,7.4825,1.2,NA,rot_ts,meso-eutro
NLA17_CO-10010,2017,53.515374118741306,53.94942616104837,37.54114,-107.5965,3329,5,0.235,7.4825,1.2,NA,crs_ts,meso-eutro
NLA17_CO-10011,2017,65.47879306834994,42.43587020143843,39.64606,-106.1668,3435,0,0.155,6.07375,1.84,NA,ncp_ts,oligo
NLA17_CO-10011,2017,65.47879306834994,42.43587020143843,39.64606,-106.1668,3435,0,0.155,6.07375,1.84,NA,chla_ts,oligo
NLA17_CO-10011,2017,65.47879306834994,42.43587020143843,39.64606,-106.1668,3435,0,0.155,6.07375,1.84,NA,ptl_ts,oligo
NLA17_CO-10011,2017,65.47879306834994,42.43587020143843,39.64606,-106.1668,3435,0,0.155,6.07375,1.84,NA,sdd_ts,NA
NLA17_CO-10011,2017,65.47879306834994,42.43587020143843,39.64606,-106.1668,3435,0,0.155,6.07375,1.84,NA,rot_ts,oligo-meso
NLA17_CO-10011,2017,65.47879306834994,42.43587020143843,39.64606,-106.1668,3435,0,0.155,6.07375,1.84,NA,crs_ts,hypereu
NLA17_CO-10019,2017,61.05413625490101,51.487111788430276,39.16191,-106.6667,3483,12,0.234,10.7075,1.74,NA,ncp_ts,oligo
NLA17_CO-10019,2017,61.05413625490101,51.487111788430276,39.16191,-106.6667,3483,12,0.234,10.7075,1.74,NA,chla_ts,oligo
NLA17_CO-10019,2017,61.05413625490101,51.487111788430276,39.16191,-106.6667,3483,12,0.234,10.7075,1.74,NA,ptl_ts,oligo
NLA17_CO-10019,2017,61.05413625490101,51.487111788430276,39.16191,-106.6667,3483,12,0.234,10.7075,1.74,NA,sdd_ts,NA
NLA17_CO-10019,2017,61.05413625490101,51.487111788430276,39.16191,-106.6667,3483,12,0.234,10.7075,1.74,NA,rot_ts,meso-eutro
NLA17_CO-10019,2017,61.05413625490101,51.487111788430276,39.16191,-106.6667,3483,12,0.234,10.7075,1.74,NA,crs_ts,eutro
NLA17_CO-10020,2017,60.26441410667099,52.25429013012573,40.06161,-107.1223,3250,0,0.148,30.96625,5.08,2.5,ncp_ts,eutro
NLA17_CO-10020,2017,60.26441410667099,52.25429013012573,40.06161,-107.1223,3250,0,0.148,30.96625,5.08,2.5,chla_ts,meso
NLA17_CO-10020,2017,60.26441410667099,52.25429013012573,40.06161,-107.1223,3250,0,0.148,30.96625,5.08,2.5,ptl_ts,eutro
NLA17_CO-10020,2017,60.26441410667099,52.25429013012573,40.06161,-107.1223,3250,0,0.148,30.96625,5.08,2.5,sdd_ts,meso
NLA17_CO-10020,2017,60.26441410667099,52.25429013012573,40.06161,-107.1223,3250,0,0.148,30.96625,5.08,2.5,rot_ts,meso-eutro
NLA17_CO-10020,2017,60.26441410667099,52.25429013012573,40.06161,-107.1223,3250,0,0.148,30.96625,5.08,2.5,crs_ts,eutro
NLA17_CO-10022,2017,61.64773680272548,52.00233773782528,39.67512,-105.0697,1678,5,0.456,9.825,3.89,1.75,ncp_ts,oligo
NLA17_CO-10022,2017,61.64773680272548,52.00233773782528,39.67512,-105.0697,1678,5,0.456,9.825,3.89,1.75,chla_ts,meso
NLA17_CO-10022,2017,61.64773680272548,52.00233773782528,39.67512,-105.0697,1678,5,0.456,9.825,3.89,1.75,ptl_ts,oligo
NLA17_CO-10022,2017,61.64773680272548,52.00233773782528,39.67512,-105.0697,1678,5,0.456,9.825,3.89,1.75,sdd_ts,eutro
NLA17_CO-10022,2017,61.64773680272548,52.00233773782528,39.67512,-105.0697,1678,5,0.456,9.825,3.89,1.75,rot_ts,meso-eutro
NLA17_CO-10022,2017,61.64773680272548,52.00233773782528,39.67512,-105.0697,1678,5,0.456,9.825,3.89,1.75,crs_ts,eutro
NLA17_CO-10024,2017,67.96620271616757,55.14822754326913,40.33708,-105.1267,1565,12.5,0.373,20.24,4.265000000000001,3.45,ncp_ts,oligo
NLA17_CO-10024,2017,67.96620271616757,55.14822754326913,40.33708,-105.1267,1565,12.5,0.373,20.24,4.265000000000001,3.45,chla_ts,meso
NLA17_CO-10024,2017,67.96620271616757,55.14822754326913,40.33708,-105.1267,1565,12.5,0.373,20.24,4.265000000000001,3.45,ptl_ts,meso
NLA17_CO-10024,2017,67.96620271616757,55.14822754326913,40.33708,-105.1267,1565,12.5,0.373,20.24,4.265000000000001,3.45,sdd_ts,meso
NLA17_CO-10024,2017,67.96620271616757,55.14822754326913,40.33708,-105.1267,1565,12.5,0.373,20.24,4.265000000000001,3.45,rot_ts,eutro
NLA17_CO-10024,2017,67.96620271616757,55.14822754326913,40.33708,-105.1267,1565,12.5,0.373,20.24,4.265000000000001,3.45,crs_ts,hypereu
NLA17_CO-10037,2017,63.54184200075718,52.07553614588537,37.82878,-107.1838,2983,33,3.369,406.815,181.2,0.07500000000000001,ncp_ts,mixo
NLA17_CO-10037,2017,63.54184200075718,52.07553614588537,37.82878,-107.1838,2983,33,3.369,406.815,181.2,0.07500000000000001,chla_ts,hypereu
NLA17_CO-10037,2017,63.54184200075718,52.07553614588537,37.82878,-107.1838,2983,33,3.369,406.815,181.2,0.07500000000000001,ptl_ts,hypereu
NLA17_CO-10037,2017,63.54184200075718,52.07553614588537,37.82878,-107.1838,2983,33,3.369,406.815,181.2,0.07500000000000001,sdd_ts,hypereu
NLA17_CO-10037,2017,63.54184200075718,52.07553614588537,37.82878,-107.1838,2983,33,3.369,406.815,181.2,0.07500000000000001,rot_ts,meso-eutro
NLA17_CO-10037,2017,63.54184200075718,52.07553614588537,37.82878,-107.1838,2983,33,3.369,406.815,181.2,0.07500000000000001,crs_ts,eutro
NLA17_CO-10038,2017,60.34425817679154,49.69039178984534,39.83299,-106.323,2632,25,0.175,5.363,1.45,NA,ncp_ts,dys
NLA17_CO-10038,2017,60.34425817679154,49.69039178984534,39.83299,-106.323,2632,25,0.175,5.363,1.45,NA,chla_ts,oligo
NLA17_CO-10038,2017,60.34425817679154,49.69039178984534,39.83299,-106.323,2632,25,0.175,5.363,1.45,NA,ptl_ts,oligo
NLA17_CO-10038,2017,60.34425817679154,49.69039178984534,39.83299,-106.323,2632,25,0.175,5.363,1.45,NA,sdd_ts,NA
NLA17_CO-10038,2017,60.34425817679154,49.69039178984534,39.83299,-106.323,2632,25,0.175,5.363,1.45,NA,rot_ts,meso-eutro
NLA17_CO-10038,2017,60.34425817679154,49.69039178984534,39.83299,-106.323,2632,25,0.175,5.363,1.45,NA,crs_ts,eutro
NLA17_CO-10043,2017,60.77236325972667,55.51849647662372,39.94522,-107.2176,3421,0,0.143,7.43625,1.79,NA,ncp_ts,oligo
NLA17_CO-10043,2017,60.77236325972667,55.51849647662372,39.94522,-107.2176,3421,0,0.143,7.43625,1.79,NA,chla_ts,oligo
NLA17_CO-10043,2017,60.77236325972667,55.51849647662372,39.94522,-107.2176,3421,0,0.143,7.43625,1.79,NA,ptl_ts,oligo
NLA17_CO-10043,2017,60.77236325972667,55.51849647662372,39.94522,-107.2176,3421,0,0.143,7.43625,1.79,NA,sdd_ts,NA
NLA17_CO-10043,2017,60.77236325972667,55.51849647662372,39.94522,-107.2176,3421,0,0.143,7.43625,1.79,NA,rot_ts,eutro
NLA17_CO-10043,2017,60.77236325972667,55.51849647662372,39.94522,-107.2176,3421,0,0.143,7.43625,1.79,NA,crs_ts,eutro
NLA17_CO-10050,2017,63.32124476894909,49.419399256332795,39.57612,-105.0421,1632,5,0.696,22.1475,5.5,3.6500000000000004,ncp_ts,oligo
NLA17_CO-10050,2017,63.32124476894909,49.419399256332795,39.57612,-105.0421,1632,5,0.696,22.1475,5.5,3.6500000000000004,chla_ts,meso
NLA17_CO-10050,2017,63.32124476894909,49.419399256332795,39.57612,-105.0421,1632,5,0.696,22.1475,5.5,3.6500000000000004,ptl_ts,meso
NLA17_CO-10050,2017,63.32124476894909,49.419399256332795,39.57612,-105.0421,1632,5,0.696,22.1475,5.5,3.6500000000000004,sdd_ts,meso
NLA17_CO-10050,2017,63.32124476894909,49.419399256332795,39.57612,-105.0421,1632,5,0.696,22.1475,5.5,3.6500000000000004,rot_ts,meso-eutro
NLA17_CO-10050,2017,63.32124476894909,49.419399256332795,39.57612,-105.0421,1632,5,0.696,22.1475,5.5,3.6500000000000004,crs_ts,eutro
NLA17_CO-10051,2017,50.788337407817366,54.75794441345381,38.08872,-105.6771,3454,12,0.096,8.9075,5.25,NA,ncp_ts,oligo
NLA17_CO-10051,2017,50.788337407817366,54.75794441345381,38.08872,-105.6771,3454,12,0.096,8.9075,5.25,NA,chla_ts,meso
NLA17_CO-10051,2017,50.788337407817366,54.75794441345381,38.08872,-105.6771,3454,12,0.096,8.9075,5.25,NA,ptl_ts,oligo
NLA17_CO-10051,2017,50.788337407817366,54.75794441345381,38.08872,-105.6771,3454,12,0.096,8.9075,5.25,NA,sdd_ts,NA
NLA17_CO-10051,2017,50.788337407817366,54.75794441345381,38.08872,-105.6771,3454,12,0.096,8.9075,5.25,NA,rot_ts,meso-eutro
NLA17_CO-10051,2017,50.788337407817366,54.75794441345381,38.08872,-105.6771,3454,12,0.096,8.9075,5.25,NA,crs_ts,meso-eutro
NLA17_CO-10053,2017,63.483467710528664,50.655527727785326,38.19279,-106.8384,2791,41,0.415,38.655,10.49,1.75,ncp_ts,mixo
NLA17_CO-10053,2017,63.483467710528664,50.655527727785326,38.19279,-106.8384,2791,41,0.415,38.655,10.49,1.75,chla_ts,eutro
NLA17_CO-10053,2017,63.483467710528664,50.655527727785326,38.19279,-106.8384,2791,41,0.415,38.655,10.49,1.75,ptl_ts,eutro
NLA17_CO-10053,2017,63.483467710528664,50.655527727785326,38.19279,-106.8384,2791,41,0.415,38.655,10.49,1.75,sdd_ts,eutro
NLA17_CO-10053,2017,63.483467710528664,50.655527727785326,38.19279,-106.8384,2791,41,0.415,38.655,10.49,1.75,rot_ts,meso-eutro
NLA17_CO-10053,2017,63.483467710528664,50.655527727785326,38.19279,-106.8384,2791,41,0.415,38.655,10.49,1.75,crs_ts,eutro
NLA17_CO-10055,2017,65.24567160541062,45.94234956989479,39.06453,-108.0687,3038,43,0.559,32.34125,5.4,1.2,ncp_ts,mixo
NLA17_CO-10055,2017,65.24567160541062,45.94234956989479,39.06453,-108.0687,3038,43,0.559,32.34125,5.4,1.2,chla_ts,meso
NLA17_CO-10055,2017,65.24567160541062,45.94234956989479,39.06453,-108.0687,3038,43,0.559,32.34125,5.4,1.2,ptl_ts,eutro
NLA17_CO-10055,2017,65.24567160541062,45.94234956989479,39.06453,-108.0687,3038,43,0.559,32.34125,5.4,1.2,sdd_ts,eutro
NLA17_CO-10055,2017,65.24567160541062,45.94234956989479,39.06453,-108.0687,3038,43,0.559,32.34125,5.4,1.2,rot_ts,meso-eutro
NLA17_CO-10055,2017,65.24567160541062,45.94234956989479,39.06453,-108.0687,3038,43,0.559,32.34125,5.4,1.2,crs_ts,hypereu
NLA17_CO-10057,2017,55.023738944065755,53.3911330540553,40.52695,-104.9994,1478,29,0.87,47.865,15.2,0.8,ncp_ts,mixo
NLA17_CO-10057,2017,55.023738944065755,53.3911330540553,40.52695,-104.9994,1478,29,0.87,47.865,15.2,0.8,chla_ts,eutro
NLA17_CO-10057,2017,55.023738944065755,53.3911330540553,40.52695,-104.9994,1478,29,0.87,47.865,15.2,0.8,ptl_ts,eutro
NLA17_CO-10057,2017,55.023738944065755,53.3911330540553,40.52695,-104.9994,1478,29,0.87,47.865,15.2,0.8,sdd_ts,eutro
NLA17_CO-10057,2017,55.023738944065755,53.3911330540553,40.52695,-104.9994,1478,29,0.87,47.865,15.2,0.8,rot_ts,meso-eutro
NLA17_CO-10057,2017,55.023738944065755,53.3911330540553,40.52695,-104.9994,1478,29,0.87,47.865,15.2,0.8,crs_ts,eutro
NLA17_CO-10058,2017,60.848276401782655,51.050846742533594,39.84271,-104.9461,1548,12,0.711,25.71,23.85,2.05,ncp_ts,oligo
NLA17_CO-10058,2017,60.848276401782655,51.050846742533594,39.84271,-104.9461,1548,12,0.711,25.71,23.85,2.05,chla_ts,eutro
NLA17_CO-10058,2017,60.848276401782655,51.050846742533594,39.84271,-104.9461,1548,12,0.711,25.71,23.85,2.05,ptl_ts,eutro
NLA17_CO-10058,2017,60.848276401782655,51.050846742533594,39.84271,-104.9461,1548,12,0.711,25.71,23.85,2.05,sdd_ts,meso
NLA17_CO-10058,2017,60.848276401782655,51.050846742533594,39.84271,-104.9461,1548,12,0.711,25.71,23.85,2.05,rot_ts,meso-eutro
NLA17_CO-10058,2017,60.848276401782655,51.050846742533594,39.84271,-104.9461,1548,12,0.711,25.71,23.85,2.05,crs_ts,eutro
NLA17_CO-HP002,2017,65.1083710837538,47.30703550228685,39.9858551,-107.2317809,2936.03,10,0.651,36.09625,1.14,4.734999999999999,ncp_ts,eutro
NLA17_CO-HP002,2017,65.1083710837538,47.30703550228685,39.9858551,-107.2317809,2936.03,10,0.651,36.09625,1.14,4.734999999999999,chla_ts,oligo
NLA17_CO-HP002,2017,65.1083710837538,47.30703550228685,39.9858551,-107.2317809,2936.03,10,0.651,36.09625,1.14,4.734999999999999,ptl_ts,eutro
NLA17_CO-HP002,2017,65.1083710837538,47.30703550228685,39.9858551,-107.2317809,2936.03,10,0.651,36.09625,1.14,4.734999999999999,sdd_ts,oligo
NLA17_CO-HP002,2017,65.1083710837538,47.30703550228685,39.9858551,-107.2317809,2936.03,10,0.651,36.09625,1.14,4.734999999999999,rot_ts,meso-eutro
NLA17_CO-HP002,2017,65.1083710837538,47.30703550228685,39.9858551,-107.2317809,2936.03,10,0.651,36.09625,1.14,4.734999999999999,crs_ts,hypereu
NLA17_CO-HP003,2017,61.292139488704926,45.904328210234546,40.087836,-105.596111,3261.35,12,0.184,12.03215,6.55,NA,ncp_ts,oligo
NLA17_CO-HP003,2017,61.292139488704926,45.904328210234546,40.087836,-105.596111,3261.35,12,0.184,12.03215,6.55,NA,chla_ts,meso
NLA17_CO-HP003,2017,61.292139488704926,45.904328210234546,40.087836,-105.596111,3261.35,12,0.184,12.03215,6.55,NA,ptl_ts,meso
NLA17_CO-HP003,2017,61.292139488704926,45.904328210234546,40.087836,-105.596111,3261.35,12,0.184,12.03215,6.55,NA,sdd_ts,NA
NLA17_CO-HP003,2017,61.292139488704926,45.904328210234546,40.087836,-105.596111,3261.35,12,0.184,12.03215,6.55,NA,rot_ts,meso-eutro
NLA17_CO-HP003,2017,61.292139488704926,45.904328210234546,40.087836,-105.596111,3261.35,12,0.184,12.03215,6.55,NA,crs_ts,eutro
NLA17_CT-10001,2017,69.83795247540777,54.69874161521415,41.92421,-72.21896,205,68,0.40149999999999997,21.240625,5.74,2.0825,ncp_ts,dys
NLA17_CT-10001,2017,69.83795247540777,54.69874161521415,41.92421,-72.21896,205,68,0.40149999999999997,21.240625,5.74,2.0825,chla_ts,meso
NLA17_CT-10001,2017,69.83795247540777,54.69874161521415,41.92421,-72.21896,205,68,0.40149999999999997,21.240625,5.74,2.0825,ptl_ts,meso
NLA17_CT-10001,2017,69.83795247540777,54.69874161521415,41.92421,-72.21896,205,68,0.40149999999999997,21.240625,5.74,2.0825,sdd_ts,meso
NLA17_CT-10001,2017,69.83795247540777,54.69874161521415,41.92421,-72.21896,205,68,0.40149999999999997,21.240625,5.74,2.0825,rot_ts,meso-eutro
NLA17_CT-10001,2017,69.83795247540777,54.69874161521415,41.92421,-72.21896,205,68,0.40149999999999997,21.240625,5.74,2.0825,crs_ts,hypereu
NLA17_CT-10002,2017,62.40530867771893,49.2376934302347,42.02182,-73.48257,532,20,0.175,7.96375,1.7,5.800000000000001,ncp_ts,oligo
NLA17_CT-10002,2017,62.40530867771893,49.2376934302347,42.02182,-73.48257,532,20,0.175,7.96375,1.7,5.800000000000001,chla_ts,oligo
NLA17_CT-10002,2017,62.40530867771893,49.2376934302347,42.02182,-73.48257,532,20,0.175,7.96375,1.7,5.800000000000001,ptl_ts,oligo
NLA17_CT-10002,2017,62.40530867771893,49.2376934302347,42.02182,-73.48257,532,20,0.175,7.96375,1.7,5.800000000000001,sdd_ts,oligo
NLA17_CT-10002,2017,62.40530867771893,49.2376934302347,42.02182,-73.48257,532,20,0.175,7.96375,1.7,5.800000000000001,rot_ts,meso-eutro
NLA17_CT-10002,2017,62.40530867771893,49.2376934302347,42.02182,-73.48257,532,20,0.175,7.96375,1.7,5.800000000000001,crs_ts,eutro
NLA17_CT-10003,2017,61.43587363343097,53.05844526201224,41.88112,-73.03985,285,0,0.189,4.07125,2.09,5.675000000000001,ncp_ts,oligo
NLA17_CT-10003,2017,61.43587363343097,53.05844526201224,41.88112,-73.03985,285,0,0.189,4.07125,2.09,5.675000000000001,chla_ts,oligo
NLA17_CT-10003,2017,61.43587363343097,53.05844526201224,41.88112,-73.03985,285,0,0.189,4.07125,2.09,5.675000000000001,ptl_ts,oligo
NLA17_CT-10003,2017,61.43587363343097,53.05844526201224,41.88112,-73.03985,285,0,0.189,4.07125,2.09,5.675000000000001,sdd_ts,oligo
NLA17_CT-10003,2017,61.43587363343097,53.05844526201224,41.88112,-73.03985,285,0,0.189,4.07125,2.09,5.675000000000001,rot_ts,meso-eutro
NLA17_CT-10003,2017,61.43587363343097,53.05844526201224,41.88112,-73.03985,285,0,0.189,4.07125,2.09,5.675000000000001,crs_ts,eutro
NLA17_CT-10004,2017,61.6826231250513,51.18118959143763,41.67757,-73.1447,198,17,0.279,10.87125,4.88,4.1,ncp_ts,oligo
NLA17_CT-10004,2017,61.6826231250513,51.18118959143763,41.67757,-73.1447,198,17,0.279,10.87125,4.88,4.1,chla_ts,meso
NLA17_CT-10004,2017,61.6826231250513,51.18118959143763,41.67757,-73.1447,198,17,0.279,10.87125,4.88,4.1,ptl_ts,oligo
NLA17_CT-10004,2017,61.6826231250513,51.18118959143763,41.67757,-73.1447,198,17,0.279,10.87125,4.88,4.1,sdd_ts,oligo
NLA17_CT-10004,2017,61.6826231250513,51.18118959143763,41.67757,-73.1447,198,17,0.279,10.87125,4.88,4.1,rot_ts,meso-eutro
NLA17_CT-10004,2017,61.6826231250513,51.18118959143763,41.67757,-73.1447,198,17,0.279,10.87125,4.88,4.1,crs_ts,eutro
NLA17_CT-10005,2017,72.69846114581716,39.515256622431366,41.84052,-72.10979,156,15.5,0.3045,16.525,2.3899999999999997,3.4749999999999996,ncp_ts,oligo
NLA17_CT-10005,2017,72.69846114581716,39.515256622431366,41.84052,-72.10979,156,15.5,0.3045,16.525,2.3899999999999997,3.4749999999999996,chla_ts,oligo
NLA17_CT-10005,2017,72.69846114581716,39.515256622431366,41.84052,-72.10979,156,15.5,0.3045,16.525,2.3899999999999997,3.4749999999999996,ptl_ts,meso
NLA17_CT-10005,2017,72.69846114581716,39.515256622431366,41.84052,-72.10979,156,15.5,0.3045,16.525,2.3899999999999997,3.4749999999999996,sdd_ts,meso
NLA17_CT-10005,2017,72.69846114581716,39.515256622431366,41.84052,-72.10979,156,15.5,0.3045,16.525,2.3899999999999997,3.4749999999999996,rot_ts,oligo-meso
NLA17_CT-10005,2017,72.69846114581716,39.515256622431366,41.84052,-72.10979,156,15.5,0.3045,16.525,2.3899999999999997,3.4749999999999996,crs_ts,hypereu
NLA17_CT-10006,2017,62.29106915270501,51.266362874303375,41.95109,-73.466309999999993,230,8,0.248,4.75125,2.77,4.225,ncp_ts,oligo
NLA17_CT-10006,2017,62.29106915270501,51.266362874303375,41.95109,-73.466309999999993,230,8,0.248,4.75125,2.77,4.225,chla_ts,meso
NLA17_CT-10006,2017,62.29106915270501,51.266362874303375,41.95109,-73.466309999999993,230,8,0.248,4.75125,2.77,4.225,ptl_ts,oligo
NLA17_CT-10006,2017,62.29106915270501,51.266362874303375,41.95109,-73.466309999999993,230,8,0.248,4.75125,2.77,4.225,sdd_ts,oligo
NLA17_CT-10006,2017,62.29106915270501,51.266362874303375,41.95109,-73.466309999999993,230,8,0.248,4.75125,2.77,4.225,rot_ts,meso-eutro
NLA17_CT-10006,2017,62.29106915270501,51.266362874303375,41.95109,-73.466309999999993,230,8,0.248,4.75125,2.77,4.225,crs_ts,eutro
NLA17_CT-10010,2017,63.498091705103526,45.34172652514722,41.4121,-73.19875,59,20,0.51,22.26875,15.64,2.375,ncp_ts,oligo
NLA17_CT-10010,2017,63.498091705103526,45.34172652514722,41.4121,-73.19875,59,20,0.51,22.26875,15.64,2.375,chla_ts,eutro
NLA17_CT-10010,2017,63.498091705103526,45.34172652514722,41.4121,-73.19875,59,20,0.51,22.26875,15.64,2.375,ptl_ts,meso
NLA17_CT-10010,2017,63.498091705103526,45.34172652514722,41.4121,-73.19875,59,20,0.51,22.26875,15.64,2.375,sdd_ts,meso
NLA17_CT-10010,2017,63.498091705103526,45.34172652514722,41.4121,-73.19875,59,20,0.51,22.26875,15.64,2.375,rot_ts,meso-eutro
NLA17_CT-10010,2017,63.498091705103526,45.34172652514722,41.4121,-73.19875,59,20,0.51,22.26875,15.64,2.375,crs_ts,eutro
NLA17_CT-10019,2017,57.973245987900434,51.47357719009709,41.13953,-73.62351,113,45,1.059,71.4509,115.2,0.8500000000000001,ncp_ts,mixo
NLA17_CT-10019,2017,57.973245987900434,51.47357719009709,41.13953,-73.62351,113,45,1.059,71.4509,115.2,0.8500000000000001,chla_ts,hypereu
NLA17_CT-10019,2017,57.973245987900434,51.47357719009709,41.13953,-73.62351,113,45,1.059,71.4509,115.2,0.8500000000000001,ptl_ts,eutro
NLA17_CT-10019,2017,57.973245987900434,51.47357719009709,41.13953,-73.62351,113,45,1.059,71.4509,115.2,0.8500000000000001,sdd_ts,eutro
NLA17_CT-10019,2017,57.973245987900434,51.47357719009709,41.13953,-73.62351,113,45,1.059,71.4509,115.2,0.8500000000000001,rot_ts,meso-eutro
NLA17_CT-10019,2017,57.973245987900434,51.47357719009709,41.13953,-73.62351,113,45,1.059,71.4509,115.2,0.8500000000000001,crs_ts,eutro
NLA17_CT-10021,2017,61.57760417656237,51.78936464521121,41.8576,-72.29784,123,18,0.385,13.96625,3.74,2.7249999999999996,ncp_ts,oligo
NLA17_CT-10021,2017,61.57760417656237,51.78936464521121,41.8576,-72.29784,123,18,0.385,13.96625,3.74,2.7249999999999996,chla_ts,meso
NLA17_CT-10021,2017,61.57760417656237,51.78936464521121,41.8576,-72.29784,123,18,0.385,13.96625,3.74,2.7249999999999996,ptl_ts,meso
NLA17_CT-10021,2017,61.57760417656237,51.78936464521121,41.8576,-72.29784,123,18,0.385,13.96625,3.74,2.7249999999999996,sdd_ts,meso
NLA17_CT-10021,2017,61.57760417656237,51.78936464521121,41.8576,-72.29784,123,18,0.385,13.96625,3.74,2.7249999999999996,rot_ts,meso-eutro
NLA17_CT-10021,2017,61.57760417656237,51.78936464521121,41.8576,-72.29784,123,18,0.385,13.96625,3.74,2.7249999999999996,crs_ts,eutro
NLA17_CT-10023,2017,60.56059629427138,51.50061242286747,41.5081,-71.87569,108,8,0.389,10.55625,1.6,4.075,ncp_ts,oligo
NLA17_CT-10023,2017,60.56059629427138,51.50061242286747,41.5081,-71.87569,108,8,0.389,10.55625,1.6,4.075,chla_ts,oligo
NLA17_CT-10023,2017,60.56059629427138,51.50061242286747,41.5081,-71.87569,108,8,0.389,10.55625,1.6,4.075,ptl_ts,oligo
NLA17_CT-10023,2017,60.56059629427138,51.50061242286747,41.5081,-71.87569,108,8,0.389,10.55625,1.6,4.075,sdd_ts,oligo
NLA17_CT-10023,2017,60.56059629427138,51.50061242286747,41.5081,-71.87569,108,8,0.389,10.55625,1.6,4.075,rot_ts,meso-eutro
NLA17_CT-10023,2017,60.56059629427138,51.50061242286747,41.5081,-71.87569,108,8,0.389,10.55625,1.6,4.075,crs_ts,eutro
NLA17_CT-HP001,2017,61.82098895910066,50.41350791175289,41.409888,-72.528337,97.86,46,0.275,11.54375,8.07,2.4400000000000004,ncp_ts,dys
NLA17_CT-HP001,2017,61.82098895910066,50.41350791175289,41.409888,-72.528337,97.86,46,0.275,11.54375,8.07,2.4400000000000004,chla_ts,eutro
NLA17_CT-HP001,2017,61.82098895910066,50.41350791175289,41.409888,-72.528337,97.86,46,0.275,11.54375,8.07,2.4400000000000004,ptl_ts,oligo
NLA17_CT-HP001,2017,61.82098895910066,50.41350791175289,41.409888,-72.528337,97.86,46,0.275,11.54375,8.07,2.4400000000000004,sdd_ts,meso
NLA17_CT-HP001,2017,61.82098895910066,50.41350791175289,41.409888,-72.528337,97.86,46,0.275,11.54375,8.07,2.4400000000000004,rot_ts,meso-eutro
NLA17_CT-HP001,2017,61.82098895910066,50.41350791175289,41.409888,-72.528337,97.86,46,0.275,11.54375,8.07,2.4400000000000004,crs_ts,eutro
NLA17_DE-10001,2017,67.50127601103478,59.59704151089555,39.42401,-75.68735,1,26.5,1.362,104.82900000000001,98.8,0.4125,ncp_ts,mixo
NLA17_DE-10001,2017,67.50127601103478,59.59704151089555,39.42401,-75.68735,1,26.5,1.362,104.82900000000001,98.8,0.4125,chla_ts,hypereu
NLA17_DE-10001,2017,67.50127601103478,59.59704151089555,39.42401,-75.68735,1,26.5,1.362,104.82900000000001,98.8,0.4125,ptl_ts,hypereu
NLA17_DE-10001,2017,67.50127601103478,59.59704151089555,39.42401,-75.68735,1,26.5,1.362,104.82900000000001,98.8,0.4125,sdd_ts,hypereu
NLA17_DE-10001,2017,67.50127601103478,59.59704151089555,39.42401,-75.68735,1,26.5,1.362,104.82900000000001,98.8,0.4125,rot_ts,eutro
NLA17_DE-10001,2017,67.50127601103478,59.59704151089555,39.42401,-75.68735,1,26.5,1.362,104.82900000000001,98.8,0.4125,crs_ts,hypereu
NLA17_DE-10002,2017,61.47149173470389,50.73384060981056,38.64415,-75.54749,2,18,1.726,72.99,49.28,0.6399999999999999,ncp_ts,eutro
NLA17_DE-10002,2017,61.47149173470389,50.73384060981056,38.64415,-75.54749,2,18,1.726,72.99,49.28,0.6399999999999999,chla_ts,eutro
NLA17_DE-10002,2017,61.47149173470389,50.73384060981056,38.64415,-75.54749,2,18,1.726,72.99,49.28,0.6399999999999999,ptl_ts,eutro
NLA17_DE-10002,2017,61.47149173470389,50.73384060981056,38.64415,-75.54749,2,18,1.726,72.99,49.28,0.6399999999999999,sdd_ts,eutro
NLA17_DE-10002,2017,61.47149173470389,50.73384060981056,38.64415,-75.54749,2,18,1.726,72.99,49.28,0.6399999999999999,rot_ts,meso-eutro
NLA17_DE-10002,2017,61.47149173470389,50.73384060981056,38.64415,-75.54749,2,18,1.726,72.99,49.28,0.6399999999999999,crs_ts,eutro
NLA17_DE-10003,2017,60.56059629427138,51.44640541516804,38.55865,-75.55874,1,27,3.713,144.93625,82.13,0.6,ncp_ts,mixo
NLA17_DE-10003,2017,60.56059629427138,51.44640541516804,38.55865,-75.55874,1,27,3.713,144.93625,82.13,0.6,chla_ts,hypereu
NLA17_DE-10003,2017,60.56059629427138,51.44640541516804,38.55865,-75.55874,1,27,3.713,144.93625,82.13,0.6,ptl_ts,hypereu
NLA17_DE-10003,2017,60.56059629427138,51.44640541516804,38.55865,-75.55874,1,27,3.713,144.93625,82.13,0.6,sdd_ts,eutro
NLA17_DE-10003,2017,60.56059629427138,51.44640541516804,38.55865,-75.55874,1,27,3.713,144.93625,82.13,0.6,rot_ts,meso-eutro
NLA17_DE-10003,2017,60.56059629427138,51.44640541516804,38.55865,-75.55874,1,27,3.713,144.93625,82.13,0.6,crs_ts,eutro
NLA17_DE-10004,2017,56.90208113451898,56.11655409096934,38.51997,-75.51112,7,68,2.9735,108.255,30.5,NA,ncp_ts,mixo
NLA17_DE-10004,2017,56.90208113451898,56.11655409096934,38.51997,-75.51112,7,68,2.9735,108.255,30.5,NA,chla_ts,eutro
NLA17_DE-10004,2017,56.90208113451898,56.11655409096934,38.51997,-75.51112,7,68,2.9735,108.255,30.5,NA,ptl_ts,hypereu
NLA17_DE-10004,2017,56.90208113451898,56.11655409096934,38.51997,-75.51112,7,68,2.9735,108.255,30.5,NA,sdd_ts,NA
NLA17_DE-10004,2017,56.90208113451898,56.11655409096934,38.51997,-75.51112,7,68,2.9735,108.255,30.5,NA,rot_ts,eutro
NLA17_DE-10004,2017,56.90208113451898,56.11655409096934,38.51997,-75.51112,7,68,2.9735,108.255,30.5,NA,crs_ts,eutro
NLA17_DE-10005,2017,54.56069235074745,51.646925519177145,38.86695,-75.38016,2,18,2.92,20.89,1.15,1.3,ncp_ts,oligo
NLA17_DE-10005,2017,54.56069235074745,51.646925519177145,38.86695,-75.38016,2,18,2.92,20.89,1.15,1.3,chla_ts,oligo
NLA17_DE-10005,2017,54.56069235074745,51.646925519177145,38.86695,-75.38016,2,18,2.92,20.89,1.15,1.3,ptl_ts,meso
NLA17_DE-10005,2017,54.56069235074745,51.646925519177145,38.86695,-75.38016,2,18,2.92,20.89,1.15,1.3,sdd_ts,eutro
NLA17_DE-10005,2017,54.56069235074745,51.646925519177145,38.86695,-75.38016,2,18,2.92,20.89,1.15,1.3,rot_ts,meso-eutro
NLA17_DE-10005,2017,54.56069235074745,51.646925519177145,38.86695,-75.38016,2,18,2.92,20.89,1.15,1.3,crs_ts,meso-eutro
NLA17_DE-10006,2017,62.566347266125774,52.01460684234442,39.04532,-75.71528,8,65,1.631,113.645,90.4,0.545,ncp_ts,mixo
NLA17_DE-10006,2017,62.566347266125774,52.01460684234442,39.04532,-75.71528,8,65,1.631,113.645,90.4,0.545,chla_ts,hypereu
NLA17_DE-10006,2017,62.566347266125774,52.01460684234442,39.04532,-75.71528,8,65,1.631,113.645,90.4,0.545,ptl_ts,hypereu
NLA17_DE-10006,2017,62.566347266125774,52.01460684234442,39.04532,-75.71528,8,65,1.631,113.645,90.4,0.545,sdd_ts,eutro
NLA17_DE-10006,2017,62.566347266125774,52.01460684234442,39.04532,-75.71528,8,65,1.631,113.645,90.4,0.545,rot_ts,meso-eutro
NLA17_DE-10006,2017,62.566347266125774,52.01460684234442,39.04532,-75.71528,8,65,1.631,113.645,90.4,0.545,crs_ts,eutro
NLA17_DE-10011,2017,61.31021793199178,52.06340536284283,39.82369,-75.64429,64,18,1.126,75.19715,18.84,1.15,ncp_ts,eutro
NLA17_DE-10011,2017,61.31021793199178,52.06340536284283,39.82369,-75.64429,64,18,1.126,75.19715,18.84,1.15,chla_ts,eutro
NLA17_DE-10011,2017,61.31021793199178,52.06340536284283,39.82369,-75.64429,64,18,1.126,75.19715,18.84,1.15,ptl_ts,eutro
NLA17_DE-10011,2017,61.31021793199178,52.06340536284283,39.82369,-75.64429,64,18,1.126,75.19715,18.84,1.15,sdd_ts,eutro
NLA17_DE-10011,2017,61.31021793199178,52.06340536284283,39.82369,-75.64429,64,18,1.126,75.19715,18.84,1.15,rot_ts,meso-eutro
NLA17_DE-10011,2017,61.31021793199178,52.06340536284283,39.82369,-75.64429,64,18,1.126,75.19715,18.84,1.15,crs_ts,eutro
NLA17_FL-10001,2017,69.51271350348036,54.79461803876136,26.94453,-80.83291,2,138,1.4700000000000002,156.794375,42.64,0.4,ncp_ts,mixo
NLA17_FL-10001,2017,69.51271350348036,54.79461803876136,26.94453,-80.83291,2,138,1.4700000000000002,156.794375,42.64,0.4,chla_ts,eutro
NLA17_FL-10001,2017,69.51271350348036,54.79461803876136,26.94453,-80.83291,2,138,1.4700000000000002,156.794375,42.64,0.4,ptl_ts,hypereu
NLA17_FL-10001,2017,69.51271350348036,54.79461803876136,26.94453,-80.83291,2,138,1.4700000000000002,156.794375,42.64,0.4,sdd_ts,hypereu
NLA17_FL-10001,2017,69.51271350348036,54.79461803876136,26.94453,-80.83291,2,138,1.4700000000000002,156.794375,42.64,0.4,rot_ts,meso-eutro
NLA17_FL-10001,2017,69.51271350348036,54.79461803876136,26.94453,-80.83291,2,138,1.4700000000000002,156.794375,42.64,0.4,crs_ts,hypereu
NLA17_FL-10002,2017,52.832369928092405,52.660520762619555,30.43458,-84.56554,20,40,0.853,42.9725,36.6,0.8500000000000001,ncp_ts,mixo
NLA17_FL-10002,2017,52.832369928092405,52.660520762619555,30.43458,-84.56554,20,40,0.853,42.9725,36.6,0.8500000000000001,chla_ts,eutro
NLA17_FL-10002,2017,52.832369928092405,52.660520762619555,30.43458,-84.56554,20,40,0.853,42.9725,36.6,0.8500000000000001,ptl_ts,eutro
NLA17_FL-10002,2017,52.832369928092405,52.660520762619555,30.43458,-84.56554,20,40,0.853,42.9725,36.6,0.8500000000000001,sdd_ts,eutro
NLA17_FL-10002,2017,52.832369928092405,52.660520762619555,30.43458,-84.56554,20,40,0.853,42.9725,36.6,0.8500000000000001,rot_ts,meso-eutro
NLA17_FL-10002,2017,52.832369928092405,52.660520762619555,30.43458,-84.56554,20,40,0.853,42.9725,36.6,0.8500000000000001,crs_ts,meso-eutro
NLA17_FL-10003,2017,62.38906595905624,50.93227445006694,28.63769,-81.13767,11,40,0.416,13.04625,2.33,2.125,ncp_ts,dys
NLA17_FL-10003,2017,62.38906595905624,50.93227445006694,28.63769,-81.13767,11,40,0.416,13.04625,2.33,2.125,chla_ts,oligo
NLA17_FL-10003,2017,62.38906595905624,50.93227445006694,28.63769,-81.13767,11,40,0.416,13.04625,2.33,2.125,ptl_ts,meso
NLA17_FL-10003,2017,62.38906595905624,50.93227445006694,28.63769,-81.13767,11,40,0.416,13.04625,2.33,2.125,sdd_ts,meso
NLA17_FL-10003,2017,62.38906595905624,50.93227445006694,28.63769,-81.13767,11,40,0.416,13.04625,2.33,2.125,rot_ts,meso-eutro
NLA17_FL-10003,2017,62.38906595905624,50.93227445006694,28.63769,-81.13767,11,40,0.416,13.04625,2.33,2.125,crs_ts,eutro
NLA17_FL-10004,2017,63.599894050550354,48.83267056517215,28.09205,-81.70722,38,55,1.241,50.71625,29.07,0.8,ncp_ts,mixo
NLA17_FL-10004,2017,63.599894050550354,48.83267056517215,28.09205,-81.70722,38,55,1.241,50.71625,29.07,0.8,chla_ts,eutro
NLA17_FL-10004,2017,63.599894050550354,48.83267056517215,28.09205,-81.70722,38,55,1.241,50.71625,29.07,0.8,ptl_ts,eutro
NLA17_FL-10004,2017,63.599894050550354,48.83267056517215,28.09205,-81.70722,38,55,1.241,50.71625,29.07,0.8,sdd_ts,eutro
NLA17_FL-10004,2017,63.599894050550354,48.83267056517215,28.09205,-81.70722,38,55,1.241,50.71625,29.07,0.8,rot_ts,meso-eutro
NLA17_FL-10004,2017,63.599894050550354,48.83267056517215,28.09205,-81.70722,38,55,1.241,50.71625,29.07,0.8,crs_ts,eutro
NLA17_FL-10005,2017,63.00438906895193,51.336324848500226,28.89574,-81.83983,17,22,2.316,32.67125,69.87,0.35,ncp_ts,mixo
NLA17_FL-10005,2017,63.00438906895193,51.336324848500226,28.89574,-81.83983,17,22,2.316,32.67125,69.87,0.35,chla_ts,hypereu
NLA17_FL-10005,2017,63.00438906895193,51.336324848500226,28.89574,-81.83983,17,22,2.316,32.67125,69.87,0.35,ptl_ts,eutro
NLA17_FL-10005,2017,63.00438906895193,51.336324848500226,28.89574,-81.83983,17,22,2.316,32.67125,69.87,0.35,sdd_ts,hypereu
NLA17_FL-10005,2017,63.00438906895193,51.336324848500226,28.89574,-81.83983,17,22,2.316,32.67125,69.87,0.35,rot_ts,meso-eutro
NLA17_FL-10005,2017,63.00438906895193,51.336324848500226,28.89574,-81.83983,17,22,2.316,32.67125,69.87,0.35,crs_ts,eutro
NLA17_FL-10006,2017,63.927627678744784,49.49822850544616,28.83882,-81.26992,0,55,1.428,85.9325,23.84,0.8,ncp_ts,mixo
NLA17_FL-10006,2017,63.927627678744784,49.49822850544616,28.83882,-81.26992,0,55,1.428,85.9325,23.84,0.8,chla_ts,eutro
NLA17_FL-10006,2017,63.927627678744784,49.49822850544616,28.83882,-81.26992,0,55,1.428,85.9325,23.84,0.8,ptl_ts,eutro
NLA17_FL-10006,2017,63.927627678744784,49.49822850544616,28.83882,-81.26992,0,55,1.428,85.9325,23.84,0.8,sdd_ts,eutro
NLA17_FL-10006,2017,63.927627678744784,49.49822850544616,28.83882,-81.26992,0,55,1.428,85.9325,23.84,0.8,rot_ts,meso-eutro
NLA17_FL-10006,2017,63.927627678744784,49.49822850544616,28.83882,-81.26992,0,55,1.428,85.9325,23.84,0.8,crs_ts,eutro
NLA17_FL-10007,2017,71.47680400463084,52.17161012749741,27.84219,-81.50928,29,14,0.525,16.003125,10.465,1.625,ncp_ts,oligo
NLA17_FL-10007,2017,71.47680400463084,52.17161012749741,27.84219,-81.50928,29,14,0.525,16.003125,10.465,1.625,chla_ts,eutro
NLA17_FL-10007,2017,71.47680400463084,52.17161012749741,27.84219,-81.50928,29,14,0.525,16.003125,10.465,1.625,ptl_ts,meso
NLA17_FL-10007,2017,71.47680400463084,52.17161012749741,27.84219,-81.50928,29,14,0.525,16.003125,10.465,1.625,sdd_ts,eutro
NLA17_FL-10007,2017,71.47680400463084,52.17161012749741,27.84219,-81.50928,29,14,0.525,16.003125,10.465,1.625,rot_ts,meso-eutro
NLA17_FL-10007,2017,71.47680400463084,52.17161012749741,27.84219,-81.50928,29,14,0.525,16.003125,10.465,1.625,crs_ts,hypereu
NLA17_FL-10008,2017,62.58231412560748,50.51162613277071,26.42267,-81.49335,5,53,2.305,168.545,62.8,0.275,ncp_ts,mixo
NLA17_FL-10008,2017,62.58231412560748,50.51162613277071,26.42267,-81.49335,5,53,2.305,168.545,62.8,0.275,chla_ts,hypereu
NLA17_FL-10008,2017,62.58231412560748,50.51162613277071,26.42267,-81.49335,5,53,2.305,168.545,62.8,0.275,ptl_ts,hypereu
NLA17_FL-10008,2017,62.58231412560748,50.51162613277071,26.42267,-81.49335,5,53,2.305,168.545,62.8,0.275,sdd_ts,hypereu
NLA17_FL-10008,2017,62.58231412560748,50.51162613277071,26.42267,-81.49335,5,53,2.305,168.545,62.8,0.275,rot_ts,meso-eutro
NLA17_FL-10008,2017,62.58231412560748,50.51162613277071,26.42267,-81.49335,5,53,2.305,168.545,62.8,0.275,crs_ts,eutro
NLA17_FL-10011,2017,62.724919650376876,51.51407926344094,27.58052,-81.51214,35,21,0.745,8.32375,5.52,2.5,ncp_ts,dys
NLA17_FL-10011,2017,62.724919650376876,51.51407926344094,27.58052,-81.51214,35,21,0.745,8.32375,5.52,2.5,chla_ts,meso
NLA17_FL-10011,2017,62.724919650376876,51.51407926344094,27.58052,-81.51214,35,21,0.745,8.32375,5.52,2.5,ptl_ts,oligo
NLA17_FL-10011,2017,62.724919650376876,51.51407926344094,27.58052,-81.51214,35,21,0.745,8.32375,5.52,2.5,sdd_ts,meso
NLA17_FL-10011,2017,62.724919650376876,51.51407926344094,27.58052,-81.51214,35,21,0.745,8.32375,5.52,2.5,rot_ts,meso-eutro
NLA17_FL-10011,2017,62.724919650376876,51.51407926344094,27.58052,-81.51214,35,21,0.745,8.32375,5.52,2.5,crs_ts,eutro
NLA17_FL-10015,2017,64.06701102087139,49.258188693116374,26.94674,-82.02308,0,160,1.405,74.92625,4.49,1.5,ncp_ts,mixo
NLA17_FL-10015,2017,64.06701102087139,49.258188693116374,26.94674,-82.02308,0,160,1.405,74.92625,4.49,1.5,chla_ts,meso
NLA17_FL-10015,2017,64.06701102087139,49.258188693116374,26.94674,-82.02308,0,160,1.405,74.92625,4.49,1.5,ptl_ts,eutro
NLA17_FL-10015,2017,64.06701102087139,49.258188693116374,26.94674,-82.02308,0,160,1.405,74.92625,4.49,1.5,sdd_ts,eutro
NLA17_FL-10015,2017,64.06701102087139,49.258188693116374,26.94674,-82.02308,0,160,1.405,74.92625,4.49,1.5,rot_ts,meso-eutro
NLA17_FL-10015,2017,64.06701102087139,49.258188693116374,26.94674,-82.02308,0,160,1.405,74.92625,4.49,1.5,crs_ts,eutro
NLA17_FL-10020,2017,62.973704838205876,54.05109847823321,27.20735,-81.35075,33,45,0.39,1.66125,2.73,2.55,ncp_ts,dys
NLA17_FL-10020,2017,62.973704838205876,54.05109847823321,27.20735,-81.35075,33,45,0.39,1.66125,2.73,2.55,chla_ts,meso
NLA17_FL-10020,2017,62.973704838205876,54.05109847823321,27.20735,-81.35075,33,45,0.39,1.66125,2.73,2.55,ptl_ts,oligo
NLA17_FL-10020,2017,62.973704838205876,54.05109847823321,27.20735,-81.35075,33,45,0.39,1.66125,2.73,2.55,sdd_ts,meso
NLA17_FL-10020,2017,62.973704838205876,54.05109847823321,27.20735,-81.35075,33,45,0.39,1.66125,2.73,2.55,rot_ts,meso-eutro
NLA17_FL-10020,2017,62.973704838205876,54.05109847823321,27.20735,-81.35075,33,45,0.39,1.66125,2.73,2.55,crs_ts,eutro
NLA17_FL-10029,2017,65.02007849439234,48.48987948377489,30.38261,-86.40663,0,30,0.314,7.37875,2.24,3.175,ncp_ts,dys
NLA17_FL-10029,2017,65.02007849439234,48.48987948377489,30.38261,-86.40663,0,30,0.314,7.37875,2.24,3.175,chla_ts,oligo
NLA17_FL-10029,2017,65.02007849439234,48.48987948377489,30.38261,-86.40663,0,30,0.314,7.37875,2.24,3.175,ptl_ts,oligo
NLA17_FL-10029,2017,65.02007849439234,48.48987948377489,30.38261,-86.40663,0,30,0.314,7.37875,2.24,3.175,sdd_ts,meso
NLA17_FL-10029,2017,65.02007849439234,48.48987948377489,30.38261,-86.40663,0,30,0.314,7.37875,2.24,3.175,rot_ts,meso-eutro
NLA17_FL-10029,2017,65.02007849439234,48.48987948377489,30.38261,-86.40663,0,30,0.314,7.37875,2.24,3.175,crs_ts,hypereu
NLA17_FL-10030,2017,65.83697012512891,46.55070460794485,26.6388,-80.16398,5,10,0.759,5.05375,2.37,3.875,ncp_ts,oligo
NLA17_FL-10030,2017,65.83697012512891,46.55070460794485,26.6388,-80.16398,5,10,0.759,5.05375,2.37,3.875,chla_ts,oligo
NLA17_FL-10030,2017,65.83697012512891,46.55070460794485,26.6388,-80.16398,5,10,0.759,5.05375,2.37,3.875,ptl_ts,oligo
NLA17_FL-10030,2017,65.83697012512891,46.55070460794485,26.6388,-80.16398,5,10,0.759,5.05375,2.37,3.875,sdd_ts,meso
NLA17_FL-10030,2017,65.83697012512891,46.55070460794485,26.6388,-80.16398,5,10,0.759,5.05375,2.37,3.875,rot_ts,meso-eutro
NLA17_FL-10030,2017,65.83697012512891,46.55070460794485,26.6388,-80.16398,5,10,0.759,5.05375,2.37,3.875,crs_ts,hypereu
NLA17_FL-10034,2017,47.758345115401866,52.03906142990403,29.55954,-82.95384,1,20,0.885,50.67875,21.81,0.75,ncp_ts,eutro
NLA17_FL-10034,2017,47.758345115401866,52.03906142990403,29.55954,-82.95384,1,20,0.885,50.67875,21.81,0.75,chla_ts,eutro
NLA17_FL-10034,2017,47.758345115401866,52.03906142990403,29.55954,-82.95384,1,20,0.885,50.67875,21.81,0.75,ptl_ts,eutro
NLA17_FL-10034,2017,47.758345115401866,52.03906142990403,29.55954,-82.95384,1,20,0.885,50.67875,21.81,0.75,sdd_ts,eutro
NLA17_FL-10034,2017,47.758345115401866,52.03906142990403,29.55954,-82.95384,1,20,0.885,50.67875,21.81,0.75,rot_ts,meso-eutro
NLA17_FL-10034,2017,47.758345115401866,52.03906142990403,29.55954,-82.95384,1,20,0.885,50.67875,21.81,0.75,crs_ts,meso-eutro
NLA17_FL-10035,2017,39.29120247905719,51.32240504772079,27.70463,-82.43352,2,27,6.663,279.83,45.6,0.1875,ncp_ts,mixo
NLA17_FL-10035,2017,39.29120247905719,51.32240504772079,27.70463,-82.43352,2,27,6.663,279.83,45.6,0.1875,chla_ts,eutro
NLA17_FL-10035,2017,39.29120247905719,51.32240504772079,27.70463,-82.43352,2,27,6.663,279.83,45.6,0.1875,ptl_ts,hypereu
NLA17_FL-10035,2017,39.29120247905719,51.32240504772079,27.70463,-82.43352,2,27,6.663,279.83,45.6,0.1875,sdd_ts,hypereu
NLA17_FL-10035,2017,39.29120247905719,51.32240504772079,27.70463,-82.43352,2,27,6.663,279.83,45.6,0.1875,rot_ts,meso-eutro
NLA17_FL-10035,2017,39.29120247905719,51.32240504772079,27.70463,-82.43352,2,27,6.663,279.83,45.6,0.1875,crs_ts,oligo-meso
NLA17_FL-10038,2017,63.78638352858139,50.56002226121886,30.65704,-84.43297,51,5,0.478,57.40375,23.15,0.8500000000000001,ncp_ts,eutro
NLA17_FL-10038,2017,63.78638352858139,50.56002226121886,30.65704,-84.43297,51,5,0.478,57.40375,23.15,0.8500000000000001,chla_ts,eutro
NLA17_FL-10038,2017,63.78638352858139,50.56002226121886,30.65704,-84.43297,51,5,0.478,57.40375,23.15,0.8500000000000001,ptl_ts,eutro
NLA17_FL-10038,2017,63.78638352858139,50.56002226121886,30.65704,-84.43297,51,5,0.478,57.40375,23.15,0.8500000000000001,sdd_ts,eutro
NLA17_FL-10038,2017,63.78638352858139,50.56002226121886,30.65704,-84.43297,51,5,0.478,57.40375,23.15,0.8500000000000001,rot_ts,meso-eutro
NLA17_FL-10038,2017,63.78638352858139,50.56002226121886,30.65704,-84.43297,51,5,0.478,57.40375,23.15,0.8500000000000001,crs_ts,eutro
NLA17_FL-10042,2017,48.461633842726215,51.050846742533594,26.38943,-80.11494,1,25,1.259,98.4034,63.42,0.55,ncp_ts,mixo
NLA17_FL-10042,2017,48.461633842726215,51.050846742533594,26.38943,-80.11494,1,25,1.259,98.4034,63.42,0.55,chla_ts,hypereu
NLA17_FL-10042,2017,48.461633842726215,51.050846742533594,26.38943,-80.11494,1,25,1.259,98.4034,63.42,0.55,ptl_ts,hypereu
NLA17_FL-10042,2017,48.461633842726215,51.050846742533594,26.38943,-80.11494,1,25,1.259,98.4034,63.42,0.55,sdd_ts,eutro
NLA17_FL-10042,2017,48.461633842726215,51.050846742533594,26.38943,-80.11494,1,25,1.259,98.4034,63.42,0.55,rot_ts,meso-eutro
NLA17_FL-10042,2017,48.461633842726215,51.050846742533594,26.38943,-80.11494,1,25,1.259,98.4034,63.42,0.55,crs_ts,meso-eutro
NLA17_FL-HP002,2017,64.95656591734509,47.648737625072954,30.22667337,-82.43711308,46.64,45,0.489,20.7775,3.1,0.8500000000000001,ncp_ts,dys
NLA17_FL-HP002,2017,64.95656591734509,47.648737625072954,30.22667337,-82.43711308,46.64,45,0.489,20.7775,3.1,0.8500000000000001,chla_ts,meso
NLA17_FL-HP002,2017,64.95656591734509,47.648737625072954,30.22667337,-82.43711308,46.64,45,0.489,20.7775,3.1,0.8500000000000001,ptl_ts,meso
NLA17_FL-HP002,2017,64.95656591734509,47.648737625072954,30.22667337,-82.43711308,46.64,45,0.489,20.7775,3.1,0.8500000000000001,sdd_ts,eutro
NLA17_FL-HP002,2017,64.95656591734509,47.648737625072954,30.22667337,-82.43711308,46.64,45,0.489,20.7775,3.1,0.8500000000000001,rot_ts,meso-eutro
NLA17_FL-HP002,2017,64.95656591734509,47.648737625072954,30.22667337,-82.43711308,46.64,45,0.489,20.7775,3.1,0.8500000000000001,crs_ts,eutro
NLA17_GA-10001,2017,71.08437998336,49.70923594221081,31.05991,-81.41324,1,32.5,1.3765,183.44125000000003,29.659999999999997,0.9650000000000001,ncp_ts,mixo
NLA17_GA-10001,2017,71.08437998336,49.70923594221081,31.05991,-81.41324,1,32.5,1.3765,183.44125000000003,29.659999999999997,0.9650000000000001,chla_ts,eutro
NLA17_GA-10001,2017,71.08437998336,49.70923594221081,31.05991,-81.41324,1,32.5,1.3765,183.44125000000003,29.659999999999997,0.9650000000000001,ptl_ts,hypereu
NLA17_GA-10001,2017,71.08437998336,49.70923594221081,31.05991,-81.41324,1,32.5,1.3765,183.44125000000003,29.659999999999997,0.9650000000000001,sdd_ts,eutro
NLA17_GA-10001,2017,71.08437998336,49.70923594221081,31.05991,-81.41324,1,32.5,1.3765,183.44125000000003,29.659999999999997,0.9650000000000001,rot_ts,meso-eutro
NLA17_GA-10001,2017,71.08437998336,49.70923594221081,31.05991,-81.41324,1,32.5,1.3765,183.44125000000003,29.659999999999997,0.9650000000000001,crs_ts,hypereu
NLA17_GA-10003,2017,61.75204020221854,51.30844913846828,32.07002,-84.29711,110,23,0.511,35.0809,42.4,0.805,ncp_ts,mixo
NLA17_GA-10003,2017,61.75204020221854,51.30844913846828,32.07002,-84.29711,110,23,0.511,35.0809,42.4,0.805,chla_ts,eutro
NLA17_GA-10003,2017,61.75204020221854,51.30844913846828,32.07002,-84.29711,110,23,0.511,35.0809,42.4,0.805,ptl_ts,eutro
NLA17_GA-10003,2017,61.75204020221854,51.30844913846828,32.07002,-84.29711,110,23,0.511,35.0809,42.4,0.805,sdd_ts,eutro
NLA17_GA-10003,2017,61.75204020221854,51.30844913846828,32.07002,-84.29711,110,23,0.511,35.0809,42.4,0.805,rot_ts,meso-eutro
NLA17_GA-10003,2017,61.75204020221854,51.30844913846828,32.07002,-84.29711,110,23,0.511,35.0809,42.4,0.805,crs_ts,eutro
NLA17_GA-10004,2017,44.56717903347938,51.43276789202289,34.13781,-84.64845,256,9,0.279,10.0975,7.41,2.525,ncp_ts,oligo
NLA17_GA-10004,2017,44.56717903347938,51.43276789202289,34.13781,-84.64845,256,9,0.279,10.0975,7.41,2.525,chla_ts,eutro
NLA17_GA-10004,2017,44.56717903347938,51.43276789202289,34.13781,-84.64845,256,9,0.279,10.0975,7.41,2.525,ptl_ts,oligo
NLA17_GA-10004,2017,44.56717903347938,51.43276789202289,34.13781,-84.64845,256,9,0.279,10.0975,7.41,2.525,sdd_ts,meso
NLA17_GA-10004,2017,44.56717903347938,51.43276789202289,34.13781,-84.64845,256,9,0.279,10.0975,7.41,2.525,rot_ts,meso-eutro
NLA17_GA-10004,2017,44.56717903347938,51.43276789202289,34.13781,-84.64845,256,9,0.279,10.0975,7.41,2.525,crs_ts,oligo-meso
NLA17_GA-10005,2017,57.55913841755607,55.81677146946688,32.63901,-83.96636,129,5.5,1.4785,57.65375,51.105000000000004,0.845,ncp_ts,eutro
NLA17_GA-10005,2017,57.55913841755607,55.81677146946688,32.63901,-83.96636,129,5.5,1.4785,57.65375,51.105000000000004,0.845,chla_ts,eutro
NLA17_GA-10005,2017,57.55913841755607,55.81677146946688,32.63901,-83.96636,129,5.5,1.4785,57.65375,51.105000000000004,0.845,ptl_ts,eutro
NLA17_GA-10005,2017,57.55913841755607,55.81677146946688,32.63901,-83.96636,129,5.5,1.4785,57.65375,51.105000000000004,0.845,sdd_ts,eutro
NLA17_GA-10005,2017,57.55913841755607,55.81677146946688,32.63901,-83.96636,129,5.5,1.4785,57.65375,51.105000000000004,0.845,rot_ts,eutro
NLA17_GA-10005,2017,57.55913841755607,55.81677146946688,32.63901,-83.96636,129,5.5,1.4785,57.65375,51.105000000000004,0.845,crs_ts,eutro
NLA17_GA-10008,2017,66.05786922162999,43.94712503524768,33.01464,-83.02665,107,4,0.095,7.325,0.98,4.6,ncp_ts,oligo
NLA17_GA-10008,2017,66.05786922162999,43.94712503524768,33.01464,-83.02665,107,4,0.095,7.325,0.98,4.6,chla_ts,oligo
NLA17_GA-10008,2017,66.05786922162999,43.94712503524768,33.01464,-83.02665,107,4,0.095,7.325,0.98,4.6,ptl_ts,oligo
NLA17_GA-10008,2017,66.05786922162999,43.94712503524768,33.01464,-83.02665,107,4,0.095,7.325,0.98,4.6,sdd_ts,oligo
NLA17_GA-10008,2017,66.05786922162999,43.94712503524768,33.01464,-83.02665,107,4,0.095,7.325,0.98,4.6,rot_ts,oligo-meso
NLA17_GA-10008,2017,66.05786922162999,43.94712503524768,33.01464,-83.02665,107,4,0.095,7.325,0.98,4.6,crs_ts,hypereu
NLA17_GA-10020,2017,64.68563362059825,47.004708778398054,31.75569,-83.49964,102,66,0.499,22.295,8.96,1.365,ncp_ts,dys
NLA17_GA-10020,2017,64.68563362059825,47.004708778398054,31.75569,-83.49964,102,66,0.499,22.295,8.96,1.365,chla_ts,eutro
NLA17_GA-10020,2017,64.68563362059825,47.004708778398054,31.75569,-83.49964,102,66,0.499,22.295,8.96,1.365,ptl_ts,meso
NLA17_GA-10020,2017,64.68563362059825,47.004708778398054,31.75569,-83.49964,102,66,0.499,22.295,8.96,1.365,sdd_ts,eutro
NLA17_GA-10020,2017,64.68563362059825,47.004708778398054,31.75569,-83.49964,102,66,0.499,22.295,8.96,1.365,rot_ts,meso-eutro
NLA17_GA-10020,2017,64.68563362059825,47.004708778398054,31.75569,-83.49964,102,66,0.499,22.295,8.96,1.365,crs_ts,eutro
NLA17_GA-10022,2017,63.36573674087194,48.48987948377489,32.43722,-82.07362,59,35,0.856,59.52,19.52,1.935,ncp_ts,mixo
NLA17_GA-10022,2017,63.36573674087194,48.48987948377489,32.43722,-82.07362,59,35,0.856,59.52,19.52,1.935,chla_ts,eutro
NLA17_GA-10022,2017,63.36573674087194,48.48987948377489,32.43722,-82.07362,59,35,0.856,59.52,19.52,1.935,ptl_ts,eutro
NLA17_GA-10022,2017,63.36573674087194,48.48987948377489,32.43722,-82.07362,59,35,0.856,59.52,19.52,1.935,sdd_ts,eutro
NLA17_GA-10022,2017,63.36573674087194,48.48987948377489,32.43722,-82.07362,59,35,0.856,59.52,19.52,1.935,rot_ts,meso-eutro
NLA17_GA-10022,2017,63.36573674087194,48.48987948377489,32.43722,-82.07362,59,35,0.856,59.52,19.52,1.935,crs_ts,eutro
NLA17_GA-10023,2017,57.71653880692073,50.91726746683577,34.05677,-84.68063,257,29,0.64,35.86125,24.51,1.225,ncp_ts,mixo
NLA17_GA-10023,2017,57.71653880692073,50.91726746683577,34.05677,-84.68063,257,29,0.64,35.86125,24.51,1.225,chla_ts,eutro
NLA17_GA-10023,2017,57.71653880692073,50.91726746683577,34.05677,-84.68063,257,29,0.64,35.86125,24.51,1.225,ptl_ts,eutro
NLA17_GA-10023,2017,57.71653880692073,50.91726746683577,34.05677,-84.68063,257,29,0.64,35.86125,24.51,1.225,sdd_ts,eutro
NLA17_GA-10023,2017,57.71653880692073,50.91726746683577,34.05677,-84.68063,257,29,0.64,35.86125,24.51,1.225,rot_ts,meso-eutro
NLA17_GA-10023,2017,57.71653880692073,50.91726746683577,34.05677,-84.68063,257,29,0.64,35.86125,24.51,1.225,crs_ts,eutro
NLA17_GA-10026,2017,61.32826422274192,52.70382079514317,33.83376,-84.0932,247,25,1.063,81.7425,58.6,0.98,ncp_ts,mixo
NLA17_GA-10026,2017,61.32826422274192,52.70382079514317,33.83376,-84.0932,247,25,1.063,81.7425,58.6,0.98,chla_ts,hypereu
NLA17_GA-10026,2017,61.32826422274192,52.70382079514317,33.83376,-84.0932,247,25,1.063,81.7425,58.6,0.98,ptl_ts,eutro
NLA17_GA-10026,2017,61.32826422274192,52.70382079514317,33.83376,-84.0932,247,25,1.063,81.7425,58.6,0.98,sdd_ts,eutro
NLA17_GA-10026,2017,61.32826422274192,52.70382079514317,33.83376,-84.0932,247,25,1.063,81.7425,58.6,0.98,rot_ts,meso-eutro
NLA17_GA-10026,2017,61.32826422274192,52.70382079514317,33.83376,-84.0932,247,25,1.063,81.7425,58.6,0.98,crs_ts,eutro
NLA17_GA-10039,2017,62.05871825281603,51.827565989147935,33.79051,-84.94634,316,29,0.243,23.56,10.75,1.75,ncp_ts,dys
NLA17_GA-10039,2017,62.05871825281603,51.827565989147935,33.79051,-84.94634,316,29,0.243,23.56,10.75,1.75,chla_ts,eutro
NLA17_GA-10039,2017,62.05871825281603,51.827565989147935,33.79051,-84.94634,316,29,0.243,23.56,10.75,1.75,ptl_ts,meso
NLA17_GA-10039,2017,62.05871825281603,51.827565989147935,33.79051,-84.94634,316,29,0.243,23.56,10.75,1.75,sdd_ts,eutro
NLA17_GA-10039,2017,62.05871825281603,51.827565989147935,33.79051,-84.94634,316,29,0.243,23.56,10.75,1.75,rot_ts,meso-eutro
NLA17_GA-10039,2017,62.05871825281603,51.827565989147935,33.79051,-84.94634,316,29,0.243,23.56,10.75,1.75,crs_ts,eutro
NLA17_GA-HP001,2017,68.21536506023311,43.24438845384387,31.01972222,-83.1275,58.02,65,0.701,27.38625,12.1,1.7,ncp_ts,dys
NLA17_GA-HP001,2017,68.21536506023311,43.24438845384387,31.01972222,-83.1275,58.02,65,0.701,27.38625,12.1,1.7,chla_ts,eutro
NLA17_GA-HP001,2017,68.21536506023311,43.24438845384387,31.01972222,-83.1275,58.02,65,0.701,27.38625,12.1,1.7,ptl_ts,eutro
NLA17_GA-HP001,2017,68.21536506023311,43.24438845384387,31.01972222,-83.1275,58.02,65,0.701,27.38625,12.1,1.7,sdd_ts,eutro
NLA17_GA-HP001,2017,68.21536506023311,43.24438845384387,31.01972222,-83.1275,58.02,65,0.701,27.38625,12.1,1.7,rot_ts,oligo-meso
NLA17_GA-HP001,2017,68.21536506023311,43.24438845384387,31.01972222,-83.1275,58.02,65,0.701,27.38625,12.1,1.7,crs_ts,hypereu
NLA17_GA-HP002,2017,59.58001989969656,52.38170189750808,34.73011014,-83.35256907,268.79,20,0.2,19.165,14.98,1.7,ncp_ts,oligo
NLA17_GA-HP002,2017,59.58001989969656,52.38170189750808,34.73011014,-83.35256907,268.79,20,0.2,19.165,14.98,1.7,chla_ts,eutro
NLA17_GA-HP002,2017,59.58001989969656,52.38170189750808,34.73011014,-83.35256907,268.79,20,0.2,19.165,14.98,1.7,ptl_ts,meso
NLA17_GA-HP002,2017,59.58001989969656,52.38170189750808,34.73011014,-83.35256907,268.79,20,0.2,19.165,14.98,1.7,sdd_ts,eutro
NLA17_GA-HP002,2017,59.58001989969656,52.38170189750808,34.73011014,-83.35256907,268.79,20,0.2,19.165,14.98,1.7,rot_ts,meso-eutro
NLA17_GA-HP002,2017,59.58001989969656,52.38170189750808,34.73011014,-83.35256907,268.79,20,0.2,19.165,14.98,1.7,crs_ts,eutro
NLA17_IA-10001,2017,69.07302818919462,56.19600701178633,43.15574,-94.65035,372,21.5,2.2199999999999998,110.99937499999999,85.18,0.4,ncp_ts,mixo
NLA17_IA-10001,2017,69.07302818919462,56.19600701178633,43.15574,-94.65035,372,21.5,2.2199999999999998,110.99937499999999,85.18,0.4,chla_ts,hypereu
NLA17_IA-10001,2017,69.07302818919462,56.19600701178633,43.15574,-94.65035,372,21.5,2.2199999999999998,110.99937499999999,85.18,0.4,ptl_ts,hypereu
NLA17_IA-10001,2017,69.07302818919462,56.19600701178633,43.15574,-94.65035,372,21.5,2.2199999999999998,110.99937499999999,85.18,0.4,sdd_ts,hypereu
NLA17_IA-10001,2017,69.07302818919462,56.19600701178633,43.15574,-94.65035,372,21.5,2.2199999999999998,110.99937499999999,85.18,0.4,rot_ts,eutro
NLA17_IA-10001,2017,69.07302818919462,56.19600701178633,43.15574,-94.65035,372,21.5,2.2199999999999998,110.99937499999999,85.18,0.4,crs_ts,hypereu
NLA17_IA-10002,2017,63.45415850973401,52.57286098218433,42.48526,-94.63007,369,10,1.816,75.52,69.12,0.4,ncp_ts,eutro
NLA17_IA-10002,2017,63.45415850973401,52.57286098218433,42.48526,-94.63007,369,10,1.816,75.52,69.12,0.4,chla_ts,hypereu
NLA17_IA-10002,2017,63.45415850973401,52.57286098218433,42.48526,-94.63007,369,10,1.816,75.52,69.12,0.4,ptl_ts,eutro
NLA17_IA-10002,2017,63.45415850973401,52.57286098218433,42.48526,-94.63007,369,10,1.816,75.52,69.12,0.4,sdd_ts,hypereu
NLA17_IA-10002,2017,63.45415850973401,52.57286098218433,42.48526,-94.63007,369,10,1.816,75.52,69.12,0.4,rot_ts,meso-eutro
NLA17_IA-10002,2017,63.45415850973401,52.57286098218433,42.48526,-94.63007,369,10,1.816,75.52,69.12,0.4,crs_ts,eutro
NLA17_IA-10003,2017,60.99840789543028,52.27768147132197,41.47723,-92.46028,234,5,0.798,32.85375,24.16,1.2000000000000002,ncp_ts,eutro
NLA17_IA-10003,2017,60.99840789543028,52.27768147132197,41.47723,-92.46028,234,5,0.798,32.85375,24.16,1.2000000000000002,chla_ts,eutro
NLA17_IA-10003,2017,60.99840789543028,52.27768147132197,41.47723,-92.46028,234,5,0.798,32.85375,24.16,1.2000000000000002,ptl_ts,eutro
NLA17_IA-10003,2017,60.99840789543028,52.27768147132197,41.47723,-92.46028,234,5,0.798,32.85375,24.16,1.2000000000000002,sdd_ts,eutro
NLA17_IA-10003,2017,60.99840789543028,52.27768147132197,41.47723,-92.46028,234,5,0.798,32.85375,24.16,1.2000000000000002,rot_ts,meso-eutro
NLA17_IA-10003,2017,60.99840789543028,52.27768147132197,41.47723,-92.46028,234,5,0.798,32.85375,24.16,1.2000000000000002,crs_ts,eutro
NLA17_IA-10004,2017,64.12225511966345,46.017595551718884,43.46132,-95.17251,436,10,1.336,178.1825,25.28,0.55,ncp_ts,eutro
NLA17_IA-10004,2017,64.12225511966345,46.017595551718884,43.46132,-95.17251,436,10,1.336,178.1825,25.28,0.55,chla_ts,eutro
NLA17_IA-10004,2017,64.12225511966345,46.017595551718884,43.46132,-95.17251,436,10,1.336,178.1825,25.28,0.55,ptl_ts,hypereu
NLA17_IA-10004,2017,64.12225511966345,46.017595551718884,43.46132,-95.17251,436,10,1.336,178.1825,25.28,0.55,sdd_ts,eutro
NLA17_IA-10004,2017,64.12225511966345,46.017595551718884,43.46132,-95.17251,436,10,1.336,178.1825,25.28,0.55,rot_ts,meso-eutro
NLA17_IA-10004,2017,64.12225511966345,46.017595551718884,43.46132,-95.17251,436,10,1.336,178.1825,25.28,0.55,crs_ts,eutro
NLA17_IA-10005,2017,68.91372297221443,55.120778504133774,43.17179,-94.905,410,14,0.765,46.654375,12.73,1.25,ncp_ts,eutro
NLA17_IA-10005,2017,68.91372297221443,55.120778504133774,43.17179,-94.905,410,14,0.765,46.654375,12.73,1.25,chla_ts,eutro
NLA17_IA-10005,2017,68.91372297221443,55.120778504133774,43.17179,-94.905,410,14,0.765,46.654375,12.73,1.25,ptl_ts,eutro
NLA17_IA-10005,2017,68.91372297221443,55.120778504133774,43.17179,-94.905,410,14,0.765,46.654375,12.73,1.25,sdd_ts,eutro
NLA17_IA-10005,2017,68.91372297221443,55.120778504133774,43.17179,-94.905,410,14,0.765,46.654375,12.73,1.25,rot_ts,eutro
NLA17_IA-10005,2017,68.91372297221443,55.120778504133774,43.17179,-94.905,410,14,0.765,46.654375,12.73,1.25,crs_ts,hypereu
NLA17_IA-10006,2017,56.1035288399491,53.02807829521838,43.48249,-95.19145,429,25,1.225,69.7925,27.92,NA,ncp_ts,mixo
NLA17_IA-10006,2017,56.1035288399491,53.02807829521838,43.48249,-95.19145,429,25,1.225,69.7925,27.92,NA,chla_ts,eutro
NLA17_IA-10006,2017,56.1035288399491,53.02807829521838,43.48249,-95.19145,429,25,1.225,69.7925,27.92,NA,ptl_ts,eutro
NLA17_IA-10006,2017,56.1035288399491,53.02807829521838,43.48249,-95.19145,429,25,1.225,69.7925,27.92,NA,sdd_ts,NA
NLA17_IA-10006,2017,56.1035288399491,53.02807829521838,43.48249,-95.19145,429,25,1.225,69.7925,27.92,NA,rot_ts,meso-eutro
NLA17_IA-10006,2017,56.1035288399491,53.02807829521838,43.48249,-95.19145,429,25,1.225,69.7925,27.92,NA,crs_ts,eutro
NLA17_IA-10007,2017,62.7563453253837,54.076219146441424,40.75439,-92.44008,249,0,1.049,53.68,22.27,0.8,ncp_ts,eutro
NLA17_IA-10007,2017,62.7563453253837,54.076219146441424,40.75439,-92.44008,249,0,1.049,53.68,22.27,0.8,chla_ts,eutro
NLA17_IA-10007,2017,62.7563453253837,54.076219146441424,40.75439,-92.44008,249,0,1.049,53.68,22.27,0.8,ptl_ts,eutro
NLA17_IA-10007,2017,62.7563453253837,54.076219146441424,40.75439,-92.44008,249,0,1.049,53.68,22.27,0.8,sdd_ts,eutro
NLA17_IA-10007,2017,62.7563453253837,54.076219146441424,40.75439,-92.44008,249,0,1.049,53.68,22.27,0.8,rot_ts,meso-eutro
NLA17_IA-10007,2017,62.7563453253837,54.076219146441424,40.75439,-92.44008,249,0,1.049,53.68,22.27,0.8,crs_ts,eutro
NLA17_IA-10028,2017,63.43947317997933,48.83267056517215,41.03367,-93.74273,319,21,2.059,254.815,65.71,0.75,ncp_ts,mixo
NLA17_IA-10028,2017,63.43947317997933,48.83267056517215,41.03367,-93.74273,319,21,2.059,254.815,65.71,0.75,chla_ts,hypereu
NLA17_IA-10028,2017,63.43947317997933,48.83267056517215,41.03367,-93.74273,319,21,2.059,254.815,65.71,0.75,ptl_ts,hypereu
NLA17_IA-10028,2017,63.43947317997933,48.83267056517215,41.03367,-93.74273,319,21,2.059,254.815,65.71,0.75,sdd_ts,eutro
NLA17_IA-10028,2017,63.43947317997933,48.83267056517215,41.03367,-93.74273,319,21,2.059,254.815,65.71,0.75,rot_ts,meso-eutro
NLA17_IA-10028,2017,63.43947317997933,48.83267056517215,41.03367,-93.74273,319,21,2.059,254.815,65.71,0.75,crs_ts,eutro
NLA17_IA-10029,2017,61.6302488110539,53.42895394794934,41.77773,-91.84439,221,15,1.053,228.46875,45.6,1.05,ncp_ts,eutro
NLA17_IA-10029,2017,61.6302488110539,53.42895394794934,41.77773,-91.84439,221,15,1.053,228.46875,45.6,1.05,chla_ts,eutro
NLA17_IA-10029,2017,61.6302488110539,53.42895394794934,41.77773,-91.84439,221,15,1.053,228.46875,45.6,1.05,ptl_ts,hypereu
NLA17_IA-10029,2017,61.6302488110539,53.42895394794934,41.77773,-91.84439,221,15,1.053,228.46875,45.6,1.05,sdd_ts,eutro
NLA17_IA-10029,2017,61.6302488110539,53.42895394794934,41.77773,-91.84439,221,15,1.053,228.46875,45.6,1.05,rot_ts,meso-eutro
NLA17_IA-10029,2017,61.6302488110539,53.42895394794934,41.77773,-91.84439,221,15,1.053,228.46875,45.6,1.05,crs_ts,eutro
NLA17_IA-10030,2017,61.035594278202886,55.051536879133295,42.60756,-94.45157,350,33,4.55,421.485,170.4,0.2,ncp_ts,mixo
NLA17_IA-10030,2017,61.035594278202886,55.051536879133295,42.60756,-94.45157,350,33,4.55,421.485,170.4,0.2,chla_ts,hypereu
NLA17_IA-10030,2017,61.035594278202886,55.051536879133295,42.60756,-94.45157,350,33,4.55,421.485,170.4,0.2,ptl_ts,hypereu
NLA17_IA-10030,2017,61.035594278202886,55.051536879133295,42.60756,-94.45157,350,33,4.55,421.485,170.4,0.2,sdd_ts,hypereu
NLA17_IA-10030,2017,61.035594278202886,55.051536879133295,42.60756,-94.45157,350,33,4.55,421.485,170.4,0.2,rot_ts,eutro
NLA17_IA-10030,2017,61.035594278202886,55.051536879133295,42.60756,-94.45157,350,33,4.55,421.485,170.4,0.2,crs_ts,eutro
NLA17_IA-10031,2017,60.81039140624742,53.05844526201224,41.53587,-94.88106,398,20,0.958,67.1725,13.14,1.55,ncp_ts,eutro
NLA17_IA-10031,2017,60.81039140624742,53.05844526201224,41.53587,-94.88106,398,20,0.958,67.1725,13.14,1.55,chla_ts,eutro
NLA17_IA-10031,2017,60.81039140624742,53.05844526201224,41.53587,-94.88106,398,20,0.958,67.1725,13.14,1.55,ptl_ts,eutro
NLA17_IA-10031,2017,60.81039140624742,53.05844526201224,41.53587,-94.88106,398,20,0.958,67.1725,13.14,1.55,sdd_ts,eutro
NLA17_IA-10031,2017,60.81039140624742,53.05844526201224,41.53587,-94.88106,398,20,0.958,67.1725,13.14,1.55,rot_ts,meso-eutro
NLA17_IA-10031,2017,60.81039140624742,53.05844526201224,41.53587,-94.88106,398,20,0.958,67.1725,13.14,1.55,crs_ts,eutro
NLA17_IA-10034,2017,61.43587363343097,54.48624572913858,43.17446,-91.9091,345,18,3.838,78.3775,70.66,0.75,ncp_ts,eutro
NLA17_IA-10034,2017,61.43587363343097,54.48624572913858,43.17446,-91.9091,345,18,3.838,78.3775,70.66,0.75,chla_ts,hypereu
NLA17_IA-10034,2017,61.43587363343097,54.48624572913858,43.17446,-91.9091,345,18,3.838,78.3775,70.66,0.75,ptl_ts,eutro
NLA17_IA-10034,2017,61.43587363343097,54.48624572913858,43.17446,-91.9091,345,18,3.838,78.3775,70.66,0.75,sdd_ts,eutro
NLA17_IA-10034,2017,61.43587363343097,54.48624572913858,43.17446,-91.9091,345,18,3.838,78.3775,70.66,0.75,rot_ts,meso-eutro
NLA17_IA-10034,2017,61.43587363343097,54.48624572913858,43.17446,-91.9091,345,18,3.838,78.3775,70.66,0.75,crs_ts,eutro
NLA17_IA-10038,2017,60.99840789543028,51.405388698072684,42.72963,-93.41735,376,10,2.248,181.39375,177.12,0.8500000000000001,ncp_ts,eutro
NLA17_IA-10038,2017,60.99840789543028,51.405388698072684,42.72963,-93.41735,376,10,2.248,181.39375,177.12,0.8500000000000001,chla_ts,hypereu
NLA17_IA-10038,2017,60.99840789543028,51.405388698072684,42.72963,-93.41735,376,10,2.248,181.39375,177.12,0.8500000000000001,ptl_ts,hypereu
NLA17_IA-10038,2017,60.99840789543028,51.405388698072684,42.72963,-93.41735,376,10,2.248,181.39375,177.12,0.8500000000000001,sdd_ts,eutro
NLA17_IA-10038,2017,60.99840789543028,51.405388698072684,42.72963,-93.41735,376,10,2.248,181.39375,177.12,0.8500000000000001,rot_ts,meso-eutro
NLA17_IA-10038,2017,60.99840789543028,51.405388698072684,42.72963,-93.41735,376,10,2.248,181.39375,177.12,0.8500000000000001,crs_ts,eutro
NLA17_IA-10039,2017,60.71505005414288,54.0929013303504,41.06394,-94.39957,375,35,2.434,460.86965,137.6,0.3,ncp_ts,mixo
NLA17_IA-10039,2017,60.71505005414288,54.0929013303504,41.06394,-94.39957,375,35,2.434,460.86965,137.6,0.3,chla_ts,hypereu
NLA17_IA-10039,2017,60.71505005414288,54.0929013303504,41.06394,-94.39957,375,35,2.434,460.86965,137.6,0.3,ptl_ts,hypereu
NLA17_IA-10039,2017,60.71505005414288,54.0929013303504,41.06394,-94.39957,375,35,2.434,460.86965,137.6,0.3,sdd_ts,hypereu
NLA17_IA-10039,2017,60.71505005414288,54.0929013303504,41.06394,-94.39957,375,35,2.434,460.86965,137.6,0.3,rot_ts,meso-eutro
NLA17_IA-10039,2017,60.71505005414288,54.0929013303504,41.06394,-94.39957,375,35,2.434,460.86965,137.6,0.3,crs_ts,eutro
NLA17_IA-10041,2017,63.38052554384101,51.827565989147935,41.33523,-91.54461,214,19,1.286,94.21125,43.76,1.05,ncp_ts,eutro
NLA17_IA-10041,2017,63.38052554384101,51.827565989147935,41.33523,-91.54461,214,19,1.286,94.21125,43.76,1.05,chla_ts,eutro
NLA17_IA-10041,2017,63.38052554384101,51.827565989147935,41.33523,-91.54461,214,19,1.286,94.21125,43.76,1.05,ptl_ts,eutro
NLA17_IA-10041,2017,63.38052554384101,51.827565989147935,41.33523,-91.54461,214,19,1.286,94.21125,43.76,1.05,sdd_ts,eutro
NLA17_IA-10041,2017,63.38052554384101,51.827565989147935,41.33523,-91.54461,214,19,1.286,94.21125,43.76,1.05,rot_ts,meso-eutro
NLA17_IA-10041,2017,63.38052554384101,51.827565989147935,41.33523,-91.54461,214,19,1.286,94.21125,43.76,1.05,crs_ts,eutro
NLA17_IA-HP001,2017,64.62010367384478,53.18809008950759,42.478854,-92.388799,259.87,2,0.473,15.91,7.61,1.2,ncp_ts,oligo
NLA17_IA-HP001,2017,64.62010367384478,53.18809008950759,42.478854,-92.388799,259.87,2,0.473,15.91,7.61,1.2,chla_ts,eutro
NLA17_IA-HP001,2017,64.62010367384478,53.18809008950759,42.478854,-92.388799,259.87,2,0.473,15.91,7.61,1.2,ptl_ts,meso
NLA17_IA-HP001,2017,64.62010367384478,53.18809008950759,42.478854,-92.388799,259.87,2,0.473,15.91,7.61,1.2,sdd_ts,eutro
NLA17_IA-HP001,2017,64.62010367384478,53.18809008950759,42.478854,-92.388799,259.87,2,0.473,15.91,7.61,1.2,rot_ts,meso-eutro
NLA17_IA-HP001,2017,64.62010367384478,53.18809008950759,42.478854,-92.388799,259.87,2,0.473,15.91,7.61,1.2,crs_ts,eutro
NLA17_IA-HP002,2017,61.87239728102073,51.37786945648546,40.596744,-93.772298,285.83,0,0.495,11.1925,1.79,4.300000000000001,ncp_ts,oligo
NLA17_IA-HP002,2017,61.87239728102073,51.37786945648546,40.596744,-93.772298,285.83,0,0.495,11.1925,1.79,4.300000000000001,chla_ts,oligo
NLA17_IA-HP002,2017,61.87239728102073,51.37786945648546,40.596744,-93.772298,285.83,0,0.495,11.1925,1.79,4.300000000000001,ptl_ts,oligo
NLA17_IA-HP002,2017,61.87239728102073,51.37786945648546,40.596744,-93.772298,285.83,0,0.495,11.1925,1.79,4.300000000000001,sdd_ts,oligo
NLA17_IA-HP002,2017,61.87239728102073,51.37786945648546,40.596744,-93.772298,285.83,0,0.495,11.1925,1.79,4.300000000000001,rot_ts,meso-eutro
NLA17_IA-HP002,2017,61.87239728102073,51.37786945648546,40.596744,-93.772298,285.83,0,0.495,11.1925,1.79,4.300000000000001,crs_ts,eutro
NLA17_ID-10001,2017,68.12018413189396,54.57072997771364,44.96412,-116.463,1453,3,0.25,35.1825,1.775,NA,ncp_ts,eutro
NLA17_ID-10001,2017,68.12018413189396,54.57072997771364,44.96412,-116.463,1453,3,0.25,35.1825,1.775,NA,chla_ts,oligo
NLA17_ID-10001,2017,68.12018413189396,54.57072997771364,44.96412,-116.463,1453,3,0.25,35.1825,1.775,NA,ptl_ts,eutro
NLA17_ID-10001,2017,68.12018413189396,54.57072997771364,44.96412,-116.463,1453,3,0.25,35.1825,1.775,NA,sdd_ts,NA
NLA17_ID-10001,2017,68.12018413189396,54.57072997771364,44.96412,-116.463,1453,3,0.25,35.1825,1.775,NA,rot_ts,meso-eutro
NLA17_ID-10001,2017,68.12018413189396,54.57072997771364,44.96412,-116.463,1453,3,0.25,35.1825,1.775,NA,crs_ts,hypereu
NLA17_ID-10002,2017,62.35650366046054,53.48519139381358,42.67705,-113.4073,1279,25,0.029,1.91625,29.44,1.15,ncp_ts,dys
NLA17_ID-10002,2017,62.35650366046054,53.48519139381358,42.67705,-113.4073,1279,25,0.029,1.91625,29.44,1.15,chla_ts,eutro
NLA17_ID-10002,2017,62.35650366046054,53.48519139381358,42.67705,-113.4073,1279,25,0.029,1.91625,29.44,1.15,ptl_ts,oligo
NLA17_ID-10002,2017,62.35650366046054,53.48519139381358,42.67705,-113.4073,1279,25,0.029,1.91625,29.44,1.15,sdd_ts,eutro
NLA17_ID-10002,2017,62.35650366046054,53.48519139381358,42.67705,-113.4073,1279,25,0.029,1.91625,29.44,1.15,rot_ts,meso-eutro
NLA17_ID-10002,2017,62.35650366046054,53.48519139381358,42.67705,-113.4073,1279,25,0.029,1.91625,29.44,1.15,crs_ts,eutro
NLA17_ID-10003,2017,63.2765630995463,52.4159331900866,48.4584,-116.8242,761,10,0.358,12.01125,2.62,2.1,ncp_ts,oligo
NLA17_ID-10003,2017,63.2765630995463,52.4159331900866,48.4584,-116.8242,761,10,0.358,12.01125,2.62,2.1,chla_ts,meso
NLA17_ID-10003,2017,63.2765630995463,52.4159331900866,48.4584,-116.8242,761,10,0.358,12.01125,2.62,2.1,ptl_ts,meso
NLA17_ID-10003,2017,63.2765630995463,52.4159331900866,48.4584,-116.8242,761,10,0.358,12.01125,2.62,2.1,sdd_ts,meso
NLA17_ID-10003,2017,63.2765630995463,52.4159331900866,48.4584,-116.8242,761,10,0.358,12.01125,2.62,2.1,rot_ts,meso-eutro
NLA17_ID-10003,2017,63.2765630995463,52.4159331900866,48.4584,-116.8242,761,10,0.358,12.01125,2.62,2.1,crs_ts,eutro
NLA17_ID-10004,2017,60.58003355597999,51.16686201972081,47.46649,-116.6019,650,12,0.329,27.06,5.11,2.115,ncp_ts,oligo
NLA17_ID-10004,2017,60.58003355597999,51.16686201972081,47.46649,-116.6019,650,12,0.329,27.06,5.11,2.115,chla_ts,meso
NLA17_ID-10004,2017,60.58003355597999,51.16686201972081,47.46649,-116.6019,650,12,0.329,27.06,5.11,2.115,ptl_ts,eutro
NLA17_ID-10004,2017,60.58003355597999,51.16686201972081,47.46649,-116.6019,650,12,0.329,27.06,5.11,2.115,sdd_ts,meso
NLA17_ID-10004,2017,60.58003355597999,51.16686201972081,47.46649,-116.6019,650,12,0.329,27.06,5.11,2.115,rot_ts,meso-eutro
NLA17_ID-10004,2017,60.58003355597999,51.16686201972081,47.46649,-116.6019,650,12,0.329,27.06,5.11,2.115,crs_ts,eutro
NLA17_ID-10005,2017,60.65740807414456,51.25226063818165,42.23855,-111.8531,1512,19,1.074,68.87875,22.72,1.6,ncp_ts,eutro
NLA17_ID-10005,2017,60.65740807414456,51.25226063818165,42.23855,-111.8531,1512,19,1.074,68.87875,22.72,1.6,chla_ts,eutro
NLA17_ID-10005,2017,60.65740807414456,51.25226063818165,42.23855,-111.8531,1512,19,1.074,68.87875,22.72,1.6,ptl_ts,eutro
NLA17_ID-10005,2017,60.65740807414456,51.25226063818165,42.23855,-111.8531,1512,19,1.074,68.87875,22.72,1.6,sdd_ts,eutro
NLA17_ID-10005,2017,60.65740807414456,51.25226063818165,42.23855,-111.8531,1512,19,1.074,68.87875,22.72,1.6,rot_ts,meso-eutro
NLA17_ID-10005,2017,60.65740807414456,51.25226063818165,42.23855,-111.8531,1512,19,1.074,68.87875,22.72,1.6,crs_ts,eutro
NLA17_ID-10006,2017,69.06423594679458,55.34315204923584,48.75668,-116.0927,803,28.5,0.606,40.041250000000005,13.89,0.9000000000000001,ncp_ts,mixo
NLA17_ID-10006,2017,69.06423594679458,55.34315204923584,48.75668,-116.0927,803,28.5,0.606,40.041250000000005,13.89,0.9000000000000001,chla_ts,eutro
NLA17_ID-10006,2017,69.06423594679458,55.34315204923584,48.75668,-116.0927,803,28.5,0.606,40.041250000000005,13.89,0.9000000000000001,ptl_ts,eutro
NLA17_ID-10006,2017,69.06423594679458,55.34315204923584,48.75668,-116.0927,803,28.5,0.606,40.041250000000005,13.89,0.9000000000000001,sdd_ts,eutro
NLA17_ID-10006,2017,69.06423594679458,55.34315204923584,48.75668,-116.0927,803,28.5,0.606,40.041250000000005,13.89,0.9000000000000001,rot_ts,eutro
NLA17_ID-10006,2017,69.06423594679458,55.34315204923584,48.75668,-116.0927,803,28.5,0.606,40.041250000000005,13.89,0.9000000000000001,crs_ts,hypereu
NLA17_ID-10007,2017,61.48925412719029,50.17735715041502,43.0784,-112.6937,1338,2,1.153,52.46,3.58,NA,ncp_ts,eutro
NLA17_ID-10007,2017,61.48925412719029,50.17735715041502,43.0784,-112.6937,1338,2,1.153,52.46,3.58,NA,chla_ts,meso
NLA17_ID-10007,2017,61.48925412719029,50.17735715041502,43.0784,-112.6937,1338,2,1.153,52.46,3.58,NA,ptl_ts,eutro
NLA17_ID-10007,2017,61.48925412719029,50.17735715041502,43.0784,-112.6937,1338,2,1.153,52.46,3.58,NA,sdd_ts,NA
NLA17_ID-10007,2017,61.48925412719029,50.17735715041502,43.0784,-112.6937,1338,2,1.153,52.46,3.58,NA,rot_ts,meso-eutro
NLA17_ID-10007,2017,61.48925412719029,50.17735715041502,43.0784,-112.6937,1338,2,1.153,52.46,3.58,NA,crs_ts,eutro
NLA17_ID-10010,2017,60.56059629427138,53.128641970823764,44.3291,-116.1841,1506,18,0.281,19.6575,1.3,5.75,ncp_ts,oligo
NLA17_ID-10010,2017,60.56059629427138,53.128641970823764,44.3291,-116.1841,1506,18,0.281,19.6575,1.3,5.75,chla_ts,oligo
NLA17_ID-10010,2017,60.56059629427138,53.128641970823764,44.3291,-116.1841,1506,18,0.281,19.6575,1.3,5.75,ptl_ts,meso
NLA17_ID-10010,2017,60.56059629427138,53.128641970823764,44.3291,-116.1841,1506,18,0.281,19.6575,1.3,5.75,sdd_ts,oligo
NLA17_ID-10010,2017,60.56059629427138,53.128641970823764,44.3291,-116.1841,1506,18,0.281,19.6575,1.3,5.75,rot_ts,meso-eutro
NLA17_ID-10010,2017,60.56059629427138,53.128641970823764,44.3291,-116.1841,1506,18,0.281,19.6575,1.3,5.75,crs_ts,eutro
NLA17_ID-10011,2017,60.102781567621655,53.1086790536704,42.89755,-111.9673,1646,8,0.844,34.2625,3.63,4.45,ncp_ts,eutro
NLA17_ID-10011,2017,60.102781567621655,53.1086790536704,42.89755,-111.9673,1646,8,0.844,34.2625,3.63,4.45,chla_ts,meso
NLA17_ID-10011,2017,60.102781567621655,53.1086790536704,42.89755,-111.9673,1646,8,0.844,34.2625,3.63,4.45,ptl_ts,eutro
NLA17_ID-10011,2017,60.102781567621655,53.1086790536704,42.89755,-111.9673,1646,8,0.844,34.2625,3.63,4.45,sdd_ts,oligo
NLA17_ID-10011,2017,60.102781567621655,53.1086790536704,42.89755,-111.9673,1646,8,0.844,34.2625,3.63,4.45,rot_ts,meso-eutro
NLA17_ID-10011,2017,60.102781567621655,53.1086790536704,42.89755,-111.9673,1646,8,0.844,34.2625,3.63,4.45,crs_ts,eutro
NLA17_ID-10012,2017,60.02097005257459,52.68221434039987,47.51656,-115.7308,1710,14,0.12,9.9325,1.21,NA,ncp_ts,oligo
NLA17_ID-10012,2017,60.02097005257459,52.68221434039987,47.51656,-115.7308,1710,14,0.12,9.9325,1.21,NA,chla_ts,oligo
NLA17_ID-10012,2017,60.02097005257459,52.68221434039987,47.51656,-115.7308,1710,14,0.12,9.9325,1.21,NA,ptl_ts,oligo
NLA17_ID-10012,2017,60.02097005257459,52.68221434039987,47.51656,-115.7308,1710,14,0.12,9.9325,1.21,NA,sdd_ts,NA
NLA17_ID-10012,2017,60.02097005257459,52.68221434039987,47.51656,-115.7308,1710,14,0.12,9.9325,1.21,NA,rot_ts,meso-eutro
NLA17_ID-10012,2017,60.02097005257459,52.68221434039987,47.51656,-115.7308,1710,14,0.12,9.9325,1.21,NA,crs_ts,eutro
NLA17_ID-10017,2017,61.255885646542716,50.7493673161141,47.88285,-116.8756,705,9,0.408,15.98875,2.14,5.86,ncp_ts,oligo
NLA17_ID-10017,2017,61.255885646542716,50.7493673161141,47.88285,-116.8756,705,9,0.408,15.98875,2.14,5.86,chla_ts,oligo
NLA17_ID-10017,2017,61.255885646542716,50.7493673161141,47.88285,-116.8756,705,9,0.408,15.98875,2.14,5.86,ptl_ts,meso
NLA17_ID-10017,2017,61.255885646542716,50.7493673161141,47.88285,-116.8756,705,9,0.408,15.98875,2.14,5.86,sdd_ts,oligo
NLA17_ID-10017,2017,61.255885646542716,50.7493673161141,47.88285,-116.8756,705,9,0.408,15.98875,2.14,5.86,rot_ts,meso-eutro
NLA17_ID-10017,2017,61.255885646542716,50.7493673161141,47.88285,-116.8756,705,9,0.408,15.98875,2.14,5.86,crs_ts,eutro
NLA17_ID-10030,2017,63.556385072531484,51.87808279223007,45.12767,-116.0224,1694,9,0.109,10.17875,0.62,6.65,ncp_ts,oligo
NLA17_ID-10030,2017,63.556385072531484,51.87808279223007,45.12767,-116.0224,1694,9,0.109,10.17875,0.62,6.65,chla_ts,oligo
NLA17_ID-10030,2017,63.556385072531484,51.87808279223007,45.12767,-116.0224,1694,9,0.109,10.17875,0.62,6.65,ptl_ts,oligo
NLA17_ID-10030,2017,63.556385072531484,51.87808279223007,45.12767,-116.0224,1694,9,0.109,10.17875,0.62,6.65,sdd_ts,oligo
NLA17_ID-10030,2017,63.556385072531484,51.87808279223007,45.12767,-116.0224,1694,9,0.109,10.17875,0.62,6.65,rot_ts,meso-eutro
NLA17_ID-10030,2017,63.556385072531484,51.87808279223007,45.12767,-116.0224,1694,9,0.109,10.17875,0.62,6.65,crs_ts,eutro
NLA17_ID-10032,2017,62.88110618602792,49.339397782193345,42.16055,-113.9391,1434,14,0.305,84.845,2.92,1.8,ncp_ts,eutro
NLA17_ID-10032,2017,62.88110618602792,49.339397782193345,42.16055,-113.9391,1434,14,0.305,84.845,2.92,1.8,chla_ts,meso
NLA17_ID-10032,2017,62.88110618602792,49.339397782193345,42.16055,-113.9391,1434,14,0.305,84.845,2.92,1.8,ptl_ts,eutro
NLA17_ID-10032,2017,62.88110618602792,49.339397782193345,42.16055,-113.9391,1434,14,0.305,84.845,2.92,1.8,sdd_ts,eutro
NLA17_ID-10032,2017,62.88110618602792,49.339397782193345,42.16055,-113.9391,1434,14,0.305,84.845,2.92,1.8,rot_ts,meso-eutro
NLA17_ID-10032,2017,62.88110618602792,49.339397782193345,42.16055,-113.9391,1434,14,0.305,84.845,2.92,1.8,crs_ts,eutro
NLA17_ID-10054,2017,60.69587279272856,51.36405686866724,48.59713,-116.9714,799,59,0.855,30.8575,7.96,1.2,ncp_ts,mixo
NLA17_ID-10054,2017,60.69587279272856,51.36405686866724,48.59713,-116.9714,799,59,0.855,30.8575,7.96,1.2,chla_ts,eutro
NLA17_ID-10054,2017,60.69587279272856,51.36405686866724,48.59713,-116.9714,799,59,0.855,30.8575,7.96,1.2,ptl_ts,eutro
NLA17_ID-10054,2017,60.69587279272856,51.36405686866724,48.59713,-116.9714,799,59,0.855,30.8575,7.96,1.2,sdd_ts,eutro
NLA17_ID-10054,2017,60.69587279272856,51.36405686866724,48.59713,-116.9714,799,59,0.855,30.8575,7.96,1.2,rot_ts,meso-eutro
NLA17_ID-10054,2017,60.69587279272856,51.36405686866724,48.59713,-116.9714,799,59,0.855,30.8575,7.96,1.2,crs_ts,eutro
NLA17_ID-10059,2017,60.618795407841716,51.15249619009018,42.96557,-115.8431,749,4,0.663,41.60375,3.04,3.3,ncp_ts,eutro
NLA17_ID-10059,2017,60.618795407841716,51.15249619009018,42.96557,-115.8431,749,4,0.663,41.60375,3.04,3.3,chla_ts,meso
NLA17_ID-10059,2017,60.618795407841716,51.15249619009018,42.96557,-115.8431,749,4,0.663,41.60375,3.04,3.3,ptl_ts,eutro
NLA17_ID-10059,2017,60.618795407841716,51.15249619009018,42.96557,-115.8431,749,4,0.663,41.60375,3.04,3.3,sdd_ts,meso
NLA17_ID-10059,2017,60.618795407841716,51.15249619009018,42.96557,-115.8431,749,4,0.663,41.60375,3.04,3.3,rot_ts,meso-eutro
NLA17_ID-10059,2017,60.618795407841716,51.15249619009018,42.96557,-115.8431,749,4,0.663,41.60375,3.04,3.3,crs_ts,eutro
NLA17_ID-10062,2017,59.97981028619819,54.54016171365886,44.65145,-115.4972,2071,10,0.274,18.18375,3.86,NA,ncp_ts,oligo
NLA17_ID-10062,2017,59.97981028619819,54.54016171365886,44.65145,-115.4972,2071,10,0.274,18.18375,3.86,NA,chla_ts,meso
NLA17_ID-10062,2017,59.97981028619819,54.54016171365886,44.65145,-115.4972,2071,10,0.274,18.18375,3.86,NA,ptl_ts,meso
NLA17_ID-10062,2017,59.97981028619819,54.54016171365886,44.65145,-115.4972,2071,10,0.274,18.18375,3.86,NA,sdd_ts,NA
NLA17_ID-10062,2017,59.97981028619819,54.54016171365886,44.65145,-115.4972,2071,10,0.274,18.18375,3.86,NA,rot_ts,meso-eutro
NLA17_ID-10062,2017,59.97981028619819,54.54016171365886,44.65145,-115.4972,2071,10,0.274,18.18375,3.86,NA,crs_ts,eutro
NLA17_ID-10071,2017,59.750326112605464,56.5555334617259,43.91242,-114.8611,2139,5,0.056,14.6075,0.32,8.45,ncp_ts,oligo
NLA17_ID-10071,2017,59.750326112605464,56.5555334617259,43.91242,-114.8611,2139,5,0.056,14.6075,0.32,8.45,chla_ts,oligo
NLA17_ID-10071,2017,59.750326112605464,56.5555334617259,43.91242,-114.8611,2139,5,0.056,14.6075,0.32,8.45,ptl_ts,meso
NLA17_ID-10071,2017,59.750326112605464,56.5555334617259,43.91242,-114.8611,2139,5,0.056,14.6075,0.32,8.45,sdd_ts,oligo
NLA17_ID-10071,2017,59.750326112605464,56.5555334617259,43.91242,-114.8611,2139,5,0.056,14.6075,0.32,8.45,rot_ts,eutro
NLA17_ID-10071,2017,59.750326112605464,56.5555334617259,43.91242,-114.8611,2139,5,0.056,14.6075,0.32,8.45,crs_ts,eutro
NLA17_ID-10075,2017,61.32826422274192,51.050846742533594,42.34945,-115.9023,1588,23,0.483,147.26875,2.37,0.9,ncp_ts,mixo
NLA17_ID-10075,2017,61.32826422274192,51.050846742533594,42.34945,-115.9023,1588,23,0.483,147.26875,2.37,0.9,chla_ts,oligo
NLA17_ID-10075,2017,61.32826422274192,51.050846742533594,42.34945,-115.9023,1588,23,0.483,147.26875,2.37,0.9,ptl_ts,hypereu
NLA17_ID-10075,2017,61.32826422274192,51.050846742533594,42.34945,-115.9023,1588,23,0.483,147.26875,2.37,0.9,sdd_ts,eutro
NLA17_ID-10075,2017,61.32826422274192,51.050846742533594,42.34945,-115.9023,1588,23,0.483,147.26875,2.37,0.9,rot_ts,meso-eutro
NLA17_ID-10075,2017,61.32826422274192,51.050846742533594,42.34945,-115.9023,1588,23,0.483,147.26875,2.37,0.9,crs_ts,eutro
NLA17_ID-10084,2017,61.95750851613973,50.51162613277071,44.4062,-111.5055,1922,10,0.519,71.9625,22,1.9,ncp_ts,eutro
NLA17_ID-10084,2017,61.95750851613973,50.51162613277071,44.4062,-111.5055,1922,10,0.519,71.9625,22,1.9,chla_ts,eutro
NLA17_ID-10084,2017,61.95750851613973,50.51162613277071,44.4062,-111.5055,1922,10,0.519,71.9625,22,1.9,ptl_ts,eutro
NLA17_ID-10084,2017,61.95750851613973,50.51162613277071,44.4062,-111.5055,1922,10,0.519,71.9625,22,1.9,sdd_ts,eutro
NLA17_ID-10084,2017,61.95750851613973,50.51162613277071,44.4062,-111.5055,1922,10,0.519,71.9625,22,1.9,rot_ts,meso-eutro
NLA17_ID-10084,2017,61.95750851613973,50.51162613277071,44.4062,-111.5055,1922,10,0.519,71.9625,22,1.9,crs_ts,eutro
NLA17_ID-10086,2017,61.20126060733696,51.673105619500454,48.72519,-116.1086,759,18,0.6,22.51125,1.1,4.7,ncp_ts,oligo
NLA17_ID-10086,2017,61.20126060733696,51.673105619500454,48.72519,-116.1086,759,18,0.6,22.51125,1.1,4.7,chla_ts,oligo
NLA17_ID-10086,2017,61.20126060733696,51.673105619500454,48.72519,-116.1086,759,18,0.6,22.51125,1.1,4.7,ptl_ts,meso
NLA17_ID-10086,2017,61.20126060733696,51.673105619500454,48.72519,-116.1086,759,18,0.6,22.51125,1.1,4.7,sdd_ts,oligo
NLA17_ID-10086,2017,61.20126060733696,51.673105619500454,48.72519,-116.1086,759,18,0.6,22.51125,1.1,4.7,rot_ts,meso-eutro
NLA17_ID-10086,2017,61.20126060733696,51.673105619500454,48.72519,-116.1086,759,18,0.6,22.51125,1.1,4.7,crs_ts,eutro
NLA17_ID-10088,2017,61.43587363343097,51.85288368292922,42.17765,-111.8766,1485,4,0.444,21.1825,1.36,5.05,ncp_ts,oligo
NLA17_ID-10088,2017,61.43587363343097,51.85288368292922,42.17765,-111.8766,1485,4,0.444,21.1825,1.36,5.05,chla_ts,oligo
NLA17_ID-10088,2017,61.43587363343097,51.85288368292922,42.17765,-111.8766,1485,4,0.444,21.1825,1.36,5.05,ptl_ts,meso
NLA17_ID-10088,2017,61.43587363343097,51.85288368292922,42.17765,-111.8766,1485,4,0.444,21.1825,1.36,5.05,sdd_ts,oligo
NLA17_ID-10088,2017,61.43587363343097,51.85288368292922,42.17765,-111.8766,1485,4,0.444,21.1825,1.36,5.05,rot_ts,meso-eutro
NLA17_ID-10088,2017,61.43587363343097,51.85288368292922,42.17765,-111.8766,1485,4,0.444,21.1825,1.36,5.05,crs_ts,eutro
NLA17_ID-10147,2017,60.90483802452898,51.03616733369935,42.75928,-114.8639,902,0,0.994,35.80875,0.97,NA,ncp_ts,eutro
NLA17_ID-10147,2017,60.90483802452898,51.03616733369935,42.75928,-114.8639,902,0,0.994,35.80875,0.97,NA,chla_ts,oligo
NLA17_ID-10147,2017,60.90483802452898,51.03616733369935,42.75928,-114.8639,902,0,0.994,35.80875,0.97,NA,ptl_ts,eutro
NLA17_ID-10147,2017,60.90483802452898,51.03616733369935,42.75928,-114.8639,902,0,0.994,35.80875,0.97,NA,sdd_ts,NA
NLA17_ID-10147,2017,60.90483802452898,51.03616733369935,42.75928,-114.8639,902,0,0.994,35.80875,0.97,NA,rot_ts,meso-eutro
NLA17_ID-10147,2017,60.90483802452898,51.03616733369935,42.75928,-114.8639,902,0,0.994,35.80875,0.97,NA,crs_ts,eutro
NLA17_ID-10168,2017,53.34952267202245,50.97704585962265,46.7701,-116.1716,859,8,0.264,48.02375,11.84,1.9500000000000002,ncp_ts,eutro
NLA17_ID-10168,2017,53.34952267202245,50.97704585962265,46.7701,-116.1716,859,8,0.264,48.02375,11.84,1.9500000000000002,chla_ts,eutro
NLA17_ID-10168,2017,53.34952267202245,50.97704585962265,46.7701,-116.1716,859,8,0.264,48.02375,11.84,1.9500000000000002,ptl_ts,eutro
NLA17_ID-10168,2017,53.34952267202245,50.97704585962265,46.7701,-116.1716,859,8,0.264,48.02375,11.84,1.9500000000000002,sdd_ts,eutro
NLA17_ID-10168,2017,53.34952267202245,50.97704585962265,46.7701,-116.1716,859,8,0.264,48.02375,11.84,1.9500000000000002,rot_ts,meso-eutro
NLA17_ID-10168,2017,53.34952267202245,50.97704585962265,46.7701,-116.1716,859,8,0.264,48.02375,11.84,1.9500000000000002,crs_ts,meso-eutro
NLA17_ID-10172,2017,63.57090806484169,49.298946463805876,48.13497,-116.1556,840,7,0.454,6.58375,2.46,3.35,ncp_ts,oligo
NLA17_ID-10172,2017,63.57090806484169,49.298946463805876,48.13497,-116.1556,840,7,0.454,6.58375,2.46,3.35,chla_ts,oligo
NLA17_ID-10172,2017,63.57090806484169,49.298946463805876,48.13497,-116.1556,840,7,0.454,6.58375,2.46,3.35,ptl_ts,oligo
NLA17_ID-10172,2017,63.57090806484169,49.298946463805876,48.13497,-116.1556,840,7,0.454,6.58375,2.46,3.35,sdd_ts,meso
NLA17_ID-10172,2017,63.57090806484169,49.298946463805876,48.13497,-116.1556,840,7,0.454,6.58375,2.46,3.35,rot_ts,meso-eutro
NLA17_ID-10172,2017,63.57090806484169,49.298946463805876,48.13497,-116.1556,840,7,0.454,6.58375,2.46,3.35,crs_ts,eutro
NLA17_ID-10173,2017,60.58003355597999,51.43276789202289,44.37343,-115.9853,1483,10,0.469,43.86625,16.96,2.75,ncp_ts,eutro
NLA17_ID-10173,2017,60.58003355597999,51.43276789202289,44.37343,-115.9853,1483,10,0.469,43.86625,16.96,2.75,chla_ts,eutro
NLA17_ID-10173,2017,60.58003355597999,51.43276789202289,44.37343,-115.9853,1483,10,0.469,43.86625,16.96,2.75,ptl_ts,eutro
NLA17_ID-10173,2017,60.58003355597999,51.43276789202289,44.37343,-115.9853,1483,10,0.469,43.86625,16.96,2.75,sdd_ts,meso
NLA17_ID-10173,2017,60.58003355597999,51.43276789202289,44.37343,-115.9853,1483,10,0.469,43.86625,16.96,2.75,rot_ts,meso-eutro
NLA17_ID-10173,2017,60.58003355597999,51.43276789202289,44.37343,-115.9853,1483,10,0.469,43.86625,16.96,2.75,crs_ts,eutro
NLA17_ID-10175,2017,63.498091705103526,48.047438515259984,43.25163,-114.8125,1537,45,1.686,547.58,32.8,1.6,ncp_ts,mixo
NLA17_ID-10175,2017,63.498091705103526,48.047438515259984,43.25163,-114.8125,1537,45,1.686,547.58,32.8,1.6,chla_ts,eutro
NLA17_ID-10175,2017,63.498091705103526,48.047438515259984,43.25163,-114.8125,1537,45,1.686,547.58,32.8,1.6,ptl_ts,hypereu
NLA17_ID-10175,2017,63.498091705103526,48.047438515259984,43.25163,-114.8125,1537,45,1.686,547.58,32.8,1.6,sdd_ts,eutro
NLA17_ID-10175,2017,63.498091705103526,48.047438515259984,43.25163,-114.8125,1537,45,1.686,547.58,32.8,1.6,rot_ts,meso-eutro
NLA17_ID-10175,2017,63.498091705103526,48.047438515259984,43.25163,-114.8125,1537,45,1.686,547.58,32.8,1.6,crs_ts,eutro
NLA17_ID-HP001,2017,59.750326112605464,54.43959803805348,44.412769,-115.13265,1994.78,15,0.216,17.69,1.03,NA,ncp_ts,oligo
NLA17_ID-HP001,2017,59.750326112605464,54.43959803805348,44.412769,-115.13265,1994.78,15,0.216,17.69,1.03,NA,chla_ts,oligo
NLA17_ID-HP001,2017,59.750326112605464,54.43959803805348,44.412769,-115.13265,1994.78,15,0.216,17.69,1.03,NA,ptl_ts,meso
NLA17_ID-HP001,2017,59.750326112605464,54.43959803805348,44.412769,-115.13265,1994.78,15,0.216,17.69,1.03,NA,sdd_ts,NA
NLA17_ID-HP001,2017,59.750326112605464,54.43959803805348,44.412769,-115.13265,1994.78,15,0.216,17.69,1.03,NA,rot_ts,meso-eutro
NLA17_ID-HP001,2017,59.750326112605464,54.43959803805348,44.412769,-115.13265,1994.78,15,0.216,17.69,1.03,NA,crs_ts,eutro
NLA17_ID-HP002,2017,60.791395300045245,52.47250574080404,44.000621,-114.875721,2158.25,15,0.046,4.4775,0.8,10.8,ncp_ts,oligo
NLA17_ID-HP002,2017,60.791395300045245,52.47250574080404,44.000621,-114.875721,2158.25,15,0.046,4.4775,0.8,10.8,chla_ts,oligo
NLA17_ID-HP002,2017,60.791395300045245,52.47250574080404,44.000621,-114.875721,2158.25,15,0.046,4.4775,0.8,10.8,ptl_ts,oligo
NLA17_ID-HP002,2017,60.791395300045245,52.47250574080404,44.000621,-114.875721,2158.25,15,0.046,4.4775,0.8,10.8,sdd_ts,oligo
NLA17_ID-HP002,2017,60.791395300045245,52.47250574080404,44.000621,-114.875721,2158.25,15,0.046,4.4775,0.8,10.8,rot_ts,meso-eutro
NLA17_ID-HP002,2017,60.791395300045245,52.47250574080404,44.000621,-114.875721,2158.25,15,0.046,4.4775,0.8,10.8,crs_ts,eutro
NLA17_IL-10001,2017,64.1084710420533,47.70363606061038,42.19773,-88.10332,257,3,0.771,22.195,3.42,4.699999999999999,ncp_ts,oligo
NLA17_IL-10001,2017,64.1084710420533,47.70363606061038,42.19773,-88.10332,257,3,0.771,22.195,3.42,4.699999999999999,chla_ts,meso
NLA17_IL-10001,2017,64.1084710420533,47.70363606061038,42.19773,-88.10332,257,3,0.771,22.195,3.42,4.699999999999999,ptl_ts,meso
NLA17_IL-10001,2017,64.1084710420533,47.70363606061038,42.19773,-88.10332,257,3,0.771,22.195,3.42,4.699999999999999,sdd_ts,oligo
NLA17_IL-10001,2017,64.1084710420533,47.70363606061038,42.19773,-88.10332,257,3,0.771,22.195,3.42,4.699999999999999,rot_ts,meso-eutro
NLA17_IL-10001,2017,64.1084710420533,47.70363606061038,42.19773,-88.10332,257,3,0.771,22.195,3.42,4.699999999999999,crs_ts,eutro
NLA17_IL-10002,2017,61.559995369988954,53.58679097969461,40.98745,-90.39981,229,10,2.441,58.55125,50.72,1.05,ncp_ts,eutro
NLA17_IL-10002,2017,61.559995369988954,53.58679097969461,40.98745,-90.39981,229,10,2.441,58.55125,50.72,1.05,chla_ts,eutro
NLA17_IL-10002,2017,61.559995369988954,53.58679097969461,40.98745,-90.39981,229,10,2.441,58.55125,50.72,1.05,ptl_ts,eutro
NLA17_IL-10002,2017,61.559995369988954,53.58679097969461,40.98745,-90.39981,229,10,2.441,58.55125,50.72,1.05,sdd_ts,eutro
NLA17_IL-10002,2017,61.559995369988954,53.58679097969461,40.98745,-90.39981,229,10,2.441,58.55125,50.72,1.05,rot_ts,meso-eutro
NLA17_IL-10002,2017,61.559995369988954,53.58679097969461,40.98745,-90.39981,229,10,2.441,58.55125,50.72,1.05,crs_ts,eutro
NLA17_IL-10003,2017,68.56991534607937,55.236481888222556,38.75119,-89.99254,152,23.5,1.305,110.04125,58.24,0.7999999999999999,ncp_ts,mixo
NLA17_IL-10003,2017,68.56991534607937,55.236481888222556,38.75119,-89.99254,152,23.5,1.305,110.04125,58.24,0.7999999999999999,chla_ts,hypereu
NLA17_IL-10003,2017,68.56991534607937,55.236481888222556,38.75119,-89.99254,152,23.5,1.305,110.04125,58.24,0.7999999999999999,ptl_ts,hypereu
NLA17_IL-10003,2017,68.56991534607937,55.236481888222556,38.75119,-89.99254,152,23.5,1.305,110.04125,58.24,0.7999999999999999,sdd_ts,eutro
NLA17_IL-10003,2017,68.56991534607937,55.236481888222556,38.75119,-89.99254,152,23.5,1.305,110.04125,58.24,0.7999999999999999,rot_ts,eutro
NLA17_IL-10003,2017,68.56991534607937,55.236481888222556,38.75119,-89.99254,152,23.5,1.305,110.04125,58.24,0.7999999999999999,crs_ts,hypereu
NLA17_IL-10004,2017,69.0201729840785,54.36885925415542,40.51208,-90.14863,196,8.5,0.364,11.57375,2.9699999999999998,2.9499999999999997,ncp_ts,oligo
NLA17_IL-10004,2017,69.0201729840785,54.36885925415542,40.51208,-90.14863,196,8.5,0.364,11.57375,2.9699999999999998,2.9499999999999997,chla_ts,meso
NLA17_IL-10004,2017,69.0201729840785,54.36885925415542,40.51208,-90.14863,196,8.5,0.364,11.57375,2.9699999999999998,2.9499999999999997,ptl_ts,oligo
NLA17_IL-10004,2017,69.0201729840785,54.36885925415542,40.51208,-90.14863,196,8.5,0.364,11.57375,2.9699999999999998,2.9499999999999997,sdd_ts,meso
NLA17_IL-10004,2017,69.0201729840785,54.36885925415542,40.51208,-90.14863,196,8.5,0.364,11.57375,2.9699999999999998,2.9499999999999997,rot_ts,meso-eutro
NLA17_IL-10004,2017,69.0201729840785,54.36885925415542,40.51208,-90.14863,196,8.5,0.364,11.57375,2.9699999999999998,2.9499999999999997,crs_ts,hypereu
NLA17_IL-10005,2017,60.97976321636369,53.98353087113566,37.82077,-88.90073,129,10,0.729,44.4725,25.76,1.55,ncp_ts,eutro
NLA17_IL-10005,2017,60.97976321636369,53.98353087113566,37.82077,-88.90073,129,10,0.729,44.4725,25.76,1.55,chla_ts,eutro
NLA17_IL-10005,2017,60.97976321636369,53.98353087113566,37.82077,-88.90073,129,10,0.729,44.4725,25.76,1.55,ptl_ts,eutro
NLA17_IL-10005,2017,60.97976321636369,53.98353087113566,37.82077,-88.90073,129,10,0.729,44.4725,25.76,1.55,sdd_ts,eutro
NLA17_IL-10005,2017,60.97976321636369,53.98353087113566,37.82077,-88.90073,129,10,0.729,44.4725,25.76,1.55,rot_ts,meso-eutro
NLA17_IL-10005,2017,60.97976321636369,53.98353087113566,37.82077,-88.90073,129,10,0.729,44.4725,25.76,1.55,crs_ts,eutro
NLA17_IL-10006,2017,65.17099714852137,47.970027107767685,40.48022,-88.103,235,0,0.399,14.08,3.38,1.65,ncp_ts,oligo
NLA17_IL-10006,2017,65.17099714852137,47.970027107767685,40.48022,-88.103,235,0,0.399,14.08,3.38,1.65,chla_ts,meso
NLA17_IL-10006,2017,65.17099714852137,47.970027107767685,40.48022,-88.103,235,0,0.399,14.08,3.38,1.65,ptl_ts,meso
NLA17_IL-10006,2017,65.17099714852137,47.970027107767685,40.48022,-88.103,235,0,0.399,14.08,3.38,1.65,sdd_ts,eutro
NLA17_IL-10006,2017,65.17099714852137,47.970027107767685,40.48022,-88.103,235,0,0.399,14.08,3.38,1.65,rot_ts,meso-eutro
NLA17_IL-10006,2017,65.17099714852137,47.970027107767685,40.48022,-88.103,235,0,0.399,14.08,3.38,1.65,crs_ts,hypereu
NLA17_IL-10007,2017,60.59943320809257,55.134520529485194,37.61538,-88.27512,125,12,0.444,26.02625,18.4,2.3499999999999996,ncp_ts,oligo
NLA17_IL-10007,2017,60.59943320809257,55.134520529485194,37.61538,-88.27512,125,12,0.444,26.02625,18.4,2.3499999999999996,chla_ts,eutro
NLA17_IL-10007,2017,60.59943320809257,55.134520529485194,37.61538,-88.27512,125,12,0.444,26.02625,18.4,2.3499999999999996,ptl_ts,eutro
NLA17_IL-10007,2017,60.59943320809257,55.134520529485194,37.61538,-88.27512,125,12,0.444,26.02625,18.4,2.3499999999999996,sdd_ts,meso
NLA17_IL-10007,2017,60.59943320809257,55.134520529485194,37.61538,-88.27512,125,12,0.444,26.02625,18.4,2.3499999999999996,rot_ts,eutro
NLA17_IL-10007,2017,60.59943320809257,55.134520529485194,37.61538,-88.27512,125,12,0.444,26.02625,18.4,2.3499999999999996,crs_ts,eutro
NLA17_IL-10009,2017,61.88947618427927,50.330353242439486,40.63115,-89.74544,170,15,0.878,59.466,3.27,3.75,ncp_ts,eutro
NLA17_IL-10009,2017,61.88947618427927,50.330353242439486,40.63115,-89.74544,170,15,0.878,59.466,3.27,3.75,chla_ts,meso
NLA17_IL-10009,2017,61.88947618427927,50.330353242439486,40.63115,-89.74544,170,15,0.878,59.466,3.27,3.75,ptl_ts,eutro
NLA17_IL-10009,2017,61.88947618427927,50.330353242439486,40.63115,-89.74544,170,15,0.878,59.466,3.27,3.75,sdd_ts,meso
NLA17_IL-10009,2017,61.88947618427927,50.330353242439486,40.63115,-89.74544,170,15,0.878,59.466,3.27,3.75,rot_ts,meso-eutro
NLA17_IL-10009,2017,61.88947618427927,50.330353242439486,40.63115,-89.74544,170,15,0.878,59.466,3.27,3.75,crs_ts,eutro
NLA17_IL-10010,2017,56.78798747304815,51.580912421033176,38.3323,-89.85636,114,15,0.701,31.365,18.56,1.25,ncp_ts,eutro
NLA17_IL-10010,2017,56.78798747304815,51.580912421033176,38.3323,-89.85636,114,15,0.701,31.365,18.56,1.25,chla_ts,eutro
NLA17_IL-10010,2017,56.78798747304815,51.580912421033176,38.3323,-89.85636,114,15,0.701,31.365,18.56,1.25,ptl_ts,eutro
NLA17_IL-10010,2017,56.78798747304815,51.580912421033176,38.3323,-89.85636,114,15,0.701,31.365,18.56,1.25,sdd_ts,eutro
NLA17_IL-10010,2017,56.78798747304815,51.580912421033176,38.3323,-89.85636,114,15,0.701,31.365,18.56,1.25,rot_ts,meso-eutro
NLA17_IL-10010,2017,56.78798747304815,51.580912421033176,38.3323,-89.85636,114,15,0.701,31.365,18.56,1.25,crs_ts,eutro
NLA17_IL-10011,2017,62.07548995859914,50.94723968920184,41.3928,-87.76008,226,17,1.07,74.4625,14.3,2.6500000000000004,ncp_ts,eutro
NLA17_IL-10011,2017,62.07548995859914,50.94723968920184,41.3928,-87.76008,226,17,1.07,74.4625,14.3,2.6500000000000004,chla_ts,eutro
NLA17_IL-10011,2017,62.07548995859914,50.94723968920184,41.3928,-87.76008,226,17,1.07,74.4625,14.3,2.6500000000000004,ptl_ts,eutro
NLA17_IL-10011,2017,62.07548995859914,50.94723968920184,41.3928,-87.76008,226,17,1.07,74.4625,14.3,2.6500000000000004,sdd_ts,meso
NLA17_IL-10011,2017,62.07548995859914,50.94723968920184,41.3928,-87.76008,226,17,1.07,74.4625,14.3,2.6500000000000004,rot_ts,meso-eutro
NLA17_IL-10011,2017,62.07548995859914,50.94723968920184,41.3928,-87.76008,226,17,1.07,74.4625,14.3,2.6500000000000004,crs_ts,eutro
NLA17_IL-10012,2017,63.52727878930343,50.245893109097594,40.97766,-90.09147,225,10,0.811,37.7575,19.84,1.4249999999999998,ncp_ts,eutro
NLA17_IL-10012,2017,63.52727878930343,50.245893109097594,40.97766,-90.09147,225,10,0.811,37.7575,19.84,1.4249999999999998,chla_ts,eutro
NLA17_IL-10012,2017,63.52727878930343,50.245893109097594,40.97766,-90.09147,225,10,0.811,37.7575,19.84,1.4249999999999998,ptl_ts,eutro
NLA17_IL-10012,2017,63.52727878930343,50.245893109097594,40.97766,-90.09147,225,10,0.811,37.7575,19.84,1.4249999999999998,sdd_ts,eutro
NLA17_IL-10012,2017,63.52727878930343,50.245893109097594,40.97766,-90.09147,225,10,0.811,37.7575,19.84,1.4249999999999998,rot_ts,meso-eutro
NLA17_IL-10012,2017,63.52727878930343,50.245893109097594,40.97766,-90.09147,225,10,0.811,37.7575,19.84,1.4249999999999998,crs_ts,eutro
NLA17_IL-10013,2017,63.410040750754376,56.74196212398188,40.20011,-88.37851,216,2,0.771,50.1725,20.16,0.875,ncp_ts,eutro
NLA17_IL-10013,2017,63.410040750754376,56.74196212398188,40.20011,-88.37851,216,2,0.771,50.1725,20.16,0.875,chla_ts,eutro
NLA17_IL-10013,2017,63.410040750754376,56.74196212398188,40.20011,-88.37851,216,2,0.771,50.1725,20.16,0.875,ptl_ts,eutro
NLA17_IL-10013,2017,63.410040750754376,56.74196212398188,40.20011,-88.37851,216,2,0.771,50.1725,20.16,0.875,sdd_ts,eutro
NLA17_IL-10013,2017,63.410040750754376,56.74196212398188,40.20011,-88.37851,216,2,0.771,50.1725,20.16,0.875,rot_ts,eutro
NLA17_IL-10013,2017,63.410040750754376,56.74196212398188,40.20011,-88.37851,216,2,0.771,50.1725,20.16,0.875,crs_ts,eutro
NLA17_IL-10021,2017,45.498928180139345,53.62326569567595,37.66889,-88.767,123,10,0.438,22.43625,92.16,1.55,ncp_ts,oligo
NLA17_IL-10021,2017,45.498928180139345,53.62326569567595,37.66889,-88.767,123,10,0.438,22.43625,92.16,1.55,chla_ts,hypereu
NLA17_IL-10021,2017,45.498928180139345,53.62326569567595,37.66889,-88.767,123,10,0.438,22.43625,92.16,1.55,ptl_ts,meso
NLA17_IL-10021,2017,45.498928180139345,53.62326569567595,37.66889,-88.767,123,10,0.438,22.43625,92.16,1.55,sdd_ts,eutro
NLA17_IL-10021,2017,45.498928180139345,53.62326569567595,37.66889,-88.767,123,10,0.438,22.43625,92.16,1.55,rot_ts,meso-eutro
NLA17_IL-10021,2017,45.498928180139345,53.62326569567595,37.66889,-88.767,123,10,0.438,22.43625,92.16,1.55,crs_ts,meso-eutro
NLA17_IL-HP001,2017,62.67760202643308,49.98425322434895,42.31778,-88.226392,223.9,33,0.944,22.345,3.34,3.1500000000000004,ncp_ts,dys
NLA17_IL-HP001,2017,62.67760202643308,49.98425322434895,42.31778,-88.226392,223.9,33,0.944,22.345,3.34,3.1500000000000004,chla_ts,meso
NLA17_IL-HP001,2017,62.67760202643308,49.98425322434895,42.31778,-88.226392,223.9,33,0.944,22.345,3.34,3.1500000000000004,ptl_ts,meso
NLA17_IL-HP001,2017,62.67760202643308,49.98425322434895,42.31778,-88.226392,223.9,33,0.944,22.345,3.34,3.1500000000000004,sdd_ts,meso
NLA17_IL-HP001,2017,62.67760202643308,49.98425322434895,42.31778,-88.226392,223.9,33,0.944,22.345,3.34,3.1500000000000004,rot_ts,meso-eutro
NLA17_IL-HP001,2017,62.67760202643308,49.98425322434895,42.31778,-88.226392,223.9,33,0.944,22.345,3.34,3.1500000000000004,crs_ts,eutro
NLA17_IN-10002,2017,61.0911184551639,53.854507901122375,38.21299,-87.11606,150,3,0.428,11.9225,4.23,3.35,ncp_ts,oligo
NLA17_IN-10002,2017,61.0911184551639,53.854507901122375,38.21299,-87.11606,150,3,0.428,11.9225,4.23,3.35,chla_ts,meso
NLA17_IN-10002,2017,61.0911184551639,53.854507901122375,38.21299,-87.11606,150,3,0.428,11.9225,4.23,3.35,ptl_ts,oligo
NLA17_IN-10002,2017,61.0911184551639,53.854507901122375,38.21299,-87.11606,150,3,0.428,11.9225,4.23,3.35,sdd_ts,meso
NLA17_IN-10002,2017,61.0911184551639,53.854507901122375,38.21299,-87.11606,150,3,0.428,11.9225,4.23,3.35,rot_ts,meso-eutro
NLA17_IN-10002,2017,61.0911184551639,53.854507901122375,38.21299,-87.11606,150,3,0.428,11.9225,4.23,3.35,crs_ts,eutro
NLA17_IN-10003,2017,61.838153772148594,51.86549799117,41.32109,-85.75191,250,25,1.06,21.92875,10.67,1.725,ncp_ts,dys
NLA17_IN-10003,2017,61.838153772148594,51.86549799117,41.32109,-85.75191,250,25,1.06,21.92875,10.67,1.725,chla_ts,eutro
NLA17_IN-10003,2017,61.838153772148594,51.86549799117,41.32109,-85.75191,250,25,1.06,21.92875,10.67,1.725,ptl_ts,meso
NLA17_IN-10003,2017,61.838153772148594,51.86549799117,41.32109,-85.75191,250,25,1.06,21.92875,10.67,1.725,sdd_ts,eutro
NLA17_IN-10003,2017,61.838153772148594,51.86549799117,41.32109,-85.75191,250,25,1.06,21.92875,10.67,1.725,rot_ts,meso-eutro
NLA17_IN-10003,2017,61.838153772148594,51.86549799117,41.32109,-85.75191,250,25,1.06,21.92875,10.67,1.725,crs_ts,eutro
NLA17_IN-10004,2017,64.12225511966345,53.42895394794934,41.70096,-85.04234,292,3,0.6,5.07625,2.69,2.5,ncp_ts,oligo
NLA17_IN-10004,2017,64.12225511966345,53.42895394794934,41.70096,-85.04234,292,3,0.6,5.07625,2.69,2.5,chla_ts,meso
NLA17_IN-10004,2017,64.12225511966345,53.42895394794934,41.70096,-85.04234,292,3,0.6,5.07625,2.69,2.5,ptl_ts,oligo
NLA17_IN-10004,2017,64.12225511966345,53.42895394794934,41.70096,-85.04234,292,3,0.6,5.07625,2.69,2.5,sdd_ts,meso
NLA17_IN-10004,2017,64.12225511966345,53.42895394794934,41.70096,-85.04234,292,3,0.6,5.07625,2.69,2.5,rot_ts,meso-eutro
NLA17_IN-10004,2017,64.12225511966345,53.42895394794934,41.70096,-85.04234,292,3,0.6,5.07625,2.69,2.5,crs_ts,eutro
NLA17_IN-10005,2017,60.59943320809257,51.43276789202289,41.40065,-85.37023,283,53,3.631,74.015,92.6,0.45,ncp_ts,mixo
NLA17_IN-10005,2017,60.59943320809257,51.43276789202289,41.40065,-85.37023,283,53,3.631,74.015,92.6,0.45,chla_ts,hypereu
NLA17_IN-10005,2017,60.59943320809257,51.43276789202289,41.40065,-85.37023,283,53,3.631,74.015,92.6,0.45,ptl_ts,eutro
NLA17_IN-10005,2017,60.59943320809257,51.43276789202289,41.40065,-85.37023,283,53,3.631,74.015,92.6,0.45,sdd_ts,hypereu
NLA17_IN-10005,2017,60.59943320809257,51.43276789202289,41.40065,-85.37023,283,53,3.631,74.015,92.6,0.45,rot_ts,meso-eutro
NLA17_IN-10005,2017,60.59943320809257,51.43276789202289,41.40065,-85.37023,283,53,3.631,74.015,92.6,0.45,crs_ts,eutro
NLA17_IN-10006,2017,67.33849004886143,50.330353242439486,39.27761,-86.21214,235,25,0.471,18.48625,3.4,3.8,ncp_ts,dys
NLA17_IN-10006,2017,67.33849004886143,50.330353242439486,39.27761,-86.21214,235,25,0.471,18.48625,3.4,3.8,chla_ts,meso
NLA17_IN-10006,2017,67.33849004886143,50.330353242439486,39.27761,-86.21214,235,25,0.471,18.48625,3.4,3.8,ptl_ts,meso
NLA17_IN-10006,2017,67.33849004886143,50.330353242439486,39.27761,-86.21214,235,25,0.471,18.48625,3.4,3.8,sdd_ts,meso
NLA17_IN-10006,2017,67.33849004886143,50.330353242439486,39.27761,-86.21214,235,25,0.471,18.48625,3.4,3.8,rot_ts,meso-eutro
NLA17_IN-10006,2017,67.33849004886143,50.330353242439486,39.27761,-86.21214,235,25,0.471,18.48625,3.4,3.8,crs_ts,hypereu
NLA17_IN-10008,2017,61.127965876664454,53.04834197265805,41.07632,-86.46293,221,29,1.694,56.1925,38.4,0.45,ncp_ts,mixo
NLA17_IN-10008,2017,61.127965876664454,53.04834197265805,41.07632,-86.46293,221,29,1.694,56.1925,38.4,0.45,chla_ts,eutro
NLA17_IN-10008,2017,61.127965876664454,53.04834197265805,41.07632,-86.46293,221,29,1.694,56.1925,38.4,0.45,ptl_ts,eutro
NLA17_IN-10008,2017,61.127965876664454,53.04834197265805,41.07632,-86.46293,221,29,1.694,56.1925,38.4,0.45,sdd_ts,hypereu
NLA17_IN-10008,2017,61.127965876664454,53.04834197265805,41.07632,-86.46293,221,29,1.694,56.1925,38.4,0.45,rot_ts,meso-eutro
NLA17_IN-10008,2017,61.127965876664454,53.04834197265805,41.07632,-86.46293,221,29,1.694,56.1925,38.4,0.45,crs_ts,eutro
NLA17_IN-10009,2017,61.82098895910066,51.02144776227381,39.026,-86.47055,163,3,0.33,23.41875,8,2,ncp_ts,oligo
NLA17_IN-10009,2017,61.82098895910066,51.02144776227381,39.026,-86.47055,163,3,0.33,23.41875,8,2,chla_ts,eutro
NLA17_IN-10009,2017,61.82098895910066,51.02144776227381,39.026,-86.47055,163,3,0.33,23.41875,8,2,ptl_ts,meso
NLA17_IN-10009,2017,61.82098895910066,51.02144776227381,39.026,-86.47055,163,3,0.33,23.41875,8,2,sdd_ts,meso
NLA17_IN-10009,2017,61.82098895910066,51.02144776227381,39.026,-86.47055,163,3,0.33,23.41875,8,2,rot_ts,meso-eutro
NLA17_IN-10009,2017,61.82098895910066,51.02144776227381,39.026,-86.47055,163,3,0.33,23.41875,8,2,crs_ts,eutro
NLA17_IN-10010,2017,67.93709520086833,54.80192285997863,41.48876,-85.35247,279,16.5,1.0105,39.224375,17.99,1.0750000000000002,ncp_ts,eutro
NLA17_IN-10010,2017,67.93709520086833,54.80192285997863,41.48876,-85.35247,279,16.5,1.0105,39.224375,17.99,1.0750000000000002,chla_ts,eutro
NLA17_IN-10010,2017,67.93709520086833,54.80192285997863,41.48876,-85.35247,279,16.5,1.0105,39.224375,17.99,1.0750000000000002,ptl_ts,eutro
NLA17_IN-10010,2017,67.93709520086833,54.80192285997863,41.48876,-85.35247,279,16.5,1.0105,39.224375,17.99,1.0750000000000002,sdd_ts,eutro
NLA17_IN-10010,2017,67.93709520086833,54.80192285997863,41.48876,-85.35247,279,16.5,1.0105,39.224375,17.99,1.0750000000000002,rot_ts,meso-eutro
NLA17_IN-10010,2017,67.93709520086833,54.80192285997863,41.48876,-85.35247,279,16.5,1.0105,39.224375,17.99,1.0750000000000002,crs_ts,hypereu
NLA17_IN-10011,2017,62.94293000266777,45.549474343514675,41.28518,-85.69358,253,13,0.679,19.31625,6.13,3.1,ncp_ts,oligo
NLA17_IN-10011,2017,62.94293000266777,45.549474343514675,41.28518,-85.69358,253,13,0.679,19.31625,6.13,3.1,chla_ts,meso
NLA17_IN-10011,2017,62.94293000266777,45.549474343514675,41.28518,-85.69358,253,13,0.679,19.31625,6.13,3.1,ptl_ts,meso
NLA17_IN-10011,2017,62.94293000266777,45.549474343514675,41.28518,-85.69358,253,13,0.679,19.31625,6.13,3.1,sdd_ts,meso
NLA17_IN-10011,2017,62.94293000266777,45.549474343514675,41.28518,-85.69358,253,13,0.679,19.31625,6.13,3.1,rot_ts,meso-eutro
NLA17_IN-10011,2017,62.94293000266777,45.549474343514675,41.28518,-85.69358,253,13,0.679,19.31625,6.13,3.1,crs_ts,eutro
NLA17_IN-10012,2017,64.7767069383911,46.97352028525638,39.83839,-86.30452,245,30,1.3,52.13,34,1.05,ncp_ts,mixo
NLA17_IN-10012,2017,64.7767069383911,46.97352028525638,39.83839,-86.30452,245,30,1.3,52.13,34,1.05,chla_ts,eutro
NLA17_IN-10012,2017,64.7767069383911,46.97352028525638,39.83839,-86.30452,245,30,1.3,52.13,34,1.05,ptl_ts,eutro
NLA17_IN-10012,2017,64.7767069383911,46.97352028525638,39.83839,-86.30452,245,30,1.3,52.13,34,1.05,sdd_ts,eutro
NLA17_IN-10012,2017,64.7767069383911,46.97352028525638,39.83839,-86.30452,245,30,1.3,52.13,34,1.05,rot_ts,meso-eutro
NLA17_IN-10012,2017,64.7767069383911,46.97352028525638,39.83839,-86.30452,245,30,1.3,52.13,34,1.05,crs_ts,eutro
NLA17_IN-10013,2017,63.75790663577102,51.686148050130356,38.73897,-86.99523,151,34,3.043,954.315,284.4,0.25,ncp_ts,mixo
NLA17_IN-10013,2017,63.75790663577102,51.686148050130356,38.73897,-86.99523,151,34,3.043,954.315,284.4,0.25,chla_ts,hypereu
NLA17_IN-10013,2017,63.75790663577102,51.686148050130356,38.73897,-86.99523,151,34,3.043,954.315,284.4,0.25,ptl_ts,hypereu
NLA17_IN-10013,2017,63.75790663577102,51.686148050130356,38.73897,-86.99523,151,34,3.043,954.315,284.4,0.25,sdd_ts,hypereu
NLA17_IN-10013,2017,63.75790663577102,51.686148050130356,38.73897,-86.99523,151,34,3.043,954.315,284.4,0.25,rot_ts,meso-eutro
NLA17_IN-10013,2017,63.75790663577102,51.686148050130356,38.73897,-86.99523,151,34,3.043,954.315,284.4,0.25,crs_ts,eutro
NLA17_IN-10026,2017,61.23770999682018,53.15844814124457,39.77904,-85.56348,281,23,1.708,167.74,85.6,0.35,ncp_ts,mixo
NLA17_IN-10026,2017,61.23770999682018,53.15844814124457,39.77904,-85.56348,281,23,1.708,167.74,85.6,0.35,chla_ts,hypereu
NLA17_IN-10026,2017,61.23770999682018,53.15844814124457,39.77904,-85.56348,281,23,1.708,167.74,85.6,0.35,ptl_ts,hypereu
NLA17_IN-10026,2017,61.23770999682018,53.15844814124457,39.77904,-85.56348,281,23,1.708,167.74,85.6,0.35,sdd_ts,hypereu
NLA17_IN-10026,2017,61.23770999682018,53.15844814124457,39.77904,-85.56348,281,23,1.708,167.74,85.6,0.35,rot_ts,meso-eutro
NLA17_IN-10026,2017,61.23770999682018,53.15844814124457,39.77904,-85.56348,281,23,1.708,167.74,85.6,0.35,crs_ts,eutro
NLA17_IN-10028,2017,67.87865309753315,54.93886260384589,41.28699,-85.78291,250,7.5,0.732,21.291874999999997,7.755000000000001,1.75,ncp_ts,oligo
NLA17_IN-10028,2017,67.87865309753315,54.93886260384589,41.28699,-85.78291,250,7.5,0.732,21.291874999999997,7.755000000000001,1.75,chla_ts,eutro
NLA17_IN-10028,2017,67.87865309753315,54.93886260384589,41.28699,-85.78291,250,7.5,0.732,21.291874999999997,7.755000000000001,1.75,ptl_ts,meso
NLA17_IN-10028,2017,67.87865309753315,54.93886260384589,41.28699,-85.78291,250,7.5,0.732,21.291874999999997,7.755000000000001,1.75,sdd_ts,eutro
NLA17_IN-10028,2017,67.87865309753315,54.93886260384589,41.28699,-85.78291,250,7.5,0.732,21.291874999999997,7.755000000000001,1.75,rot_ts,meso-eutro
NLA17_IN-10028,2017,67.87865309753315,54.93886260384589,41.28699,-85.78291,250,7.5,0.732,21.291874999999997,7.755000000000001,1.75,crs_ts,hypereu
NLA17_IN-10029,2017,60.54112126471647,54.772643876150184,39.61189,-84.96862,252,10,3.775,40.77125,9.33,1.55,ncp_ts,eutro
NLA17_IN-10029,2017,60.54112126471647,54.772643876150184,39.61189,-84.96862,252,10,3.775,40.77125,9.33,1.55,chla_ts,eutro
NLA17_IN-10029,2017,60.54112126471647,54.772643876150184,39.61189,-84.96862,252,10,3.775,40.77125,9.33,1.55,ptl_ts,eutro
NLA17_IN-10029,2017,60.54112126471647,54.772643876150184,39.61189,-84.96862,252,10,3.775,40.77125,9.33,1.55,sdd_ts,eutro
NLA17_IN-10029,2017,60.54112126471647,54.772643876150184,39.61189,-84.96862,252,10,3.775,40.77125,9.33,1.55,rot_ts,meso-eutro
NLA17_IN-10029,2017,60.54112126471647,54.772643876150184,39.61189,-84.96862,252,10,3.775,40.77125,9.33,1.55,crs_ts,eutro
NLA17_IN-10031,2017,62.14230438836492,53.26634601470039,41.22553,-85.65006,259,20,2.099,67.7125,22.08,0.875,ncp_ts,eutro
NLA17_IN-10031,2017,62.14230438836492,53.26634601470039,41.22553,-85.65006,259,20,2.099,67.7125,22.08,0.875,chla_ts,eutro
NLA17_IN-10031,2017,62.14230438836492,53.26634601470039,41.22553,-85.65006,259,20,2.099,67.7125,22.08,0.875,ptl_ts,eutro
NLA17_IN-10031,2017,62.14230438836492,53.26634601470039,41.22553,-85.65006,259,20,2.099,67.7125,22.08,0.875,sdd_ts,eutro
NLA17_IN-10031,2017,62.14230438836492,53.26634601470039,41.22553,-85.65006,259,20,2.099,67.7125,22.08,0.875,rot_ts,meso-eutro
NLA17_IN-10031,2017,62.14230438836492,53.26634601470039,41.22553,-85.65006,259,20,2.099,67.7125,22.08,0.875,crs_ts,eutro
NLA17_IN-10032,2017,61.07264426908007,51.09464617033389,41.41448,-86.4746,218,12,1.255,62.49625,24.8,0.6499999999999999,ncp_ts,eutro
NLA17_IN-10032,2017,61.07264426908007,51.09464617033389,41.41448,-86.4746,218,12,1.255,62.49625,24.8,0.6499999999999999,chla_ts,eutro
NLA17_IN-10032,2017,61.07264426908007,51.09464617033389,41.41448,-86.4746,218,12,1.255,62.49625,24.8,0.6499999999999999,ptl_ts,eutro
NLA17_IN-10032,2017,61.07264426908007,51.09464617033389,41.41448,-86.4746,218,12,1.255,62.49625,24.8,0.6499999999999999,sdd_ts,eutro
NLA17_IN-10032,2017,61.07264426908007,51.09464617033389,41.41448,-86.4746,218,12,1.255,62.49625,24.8,0.6499999999999999,rot_ts,meso-eutro
NLA17_IN-10032,2017,61.07264426908007,51.09464617033389,41.41448,-86.4746,218,12,1.255,62.49625,24.8,0.6499999999999999,crs_ts,eutro
NLA17_IN-10037,2017,61.803795301054535,50.12537606970987,41.42652,-85.73665,260,10,0.616,8.8725,4.83,2.75,ncp_ts,oligo
NLA17_IN-10037,2017,61.803795301054535,50.12537606970987,41.42652,-85.73665,260,10,0.616,8.8725,4.83,2.75,chla_ts,meso
NLA17_IN-10037,2017,61.803795301054535,50.12537606970987,41.42652,-85.73665,260,10,0.616,8.8725,4.83,2.75,ptl_ts,oligo
NLA17_IN-10037,2017,61.803795301054535,50.12537606970987,41.42652,-85.73665,260,10,0.616,8.8725,4.83,2.75,sdd_ts,meso
NLA17_IN-10037,2017,61.803795301054535,50.12537606970987,41.42652,-85.73665,260,10,0.616,8.8725,4.83,2.75,rot_ts,meso-eutro
NLA17_IN-10037,2017,61.803795301054535,50.12537606970987,41.42652,-85.73665,260,10,0.616,8.8725,4.83,2.75,crs_ts,eutro
NLA17_IN-10039,2017,63.62880043410668,53.65046036183549,38.12723,-86.64352,139,3,0.674,30.0975,12.8,1.35,ncp_ts,eutro
NLA17_IN-10039,2017,63.62880043410668,53.65046036183549,38.12723,-86.64352,139,3,0.674,30.0975,12.8,1.35,chla_ts,eutro
NLA17_IN-10039,2017,63.62880043410668,53.65046036183549,38.12723,-86.64352,139,3,0.674,30.0975,12.8,1.35,ptl_ts,eutro
NLA17_IN-10039,2017,63.62880043410668,53.65046036183549,38.12723,-86.64352,139,3,0.674,30.0975,12.8,1.35,sdd_ts,eutro
NLA17_IN-10039,2017,63.62880043410668,53.65046036183549,38.12723,-86.64352,139,3,0.674,30.0975,12.8,1.35,rot_ts,meso-eutro
NLA17_IN-10039,2017,63.62880043410668,53.65046036183549,38.12723,-86.64352,139,3,0.674,30.0975,12.8,1.35,crs_ts,eutro
NLA17_IN-10047,2017,61.70002167639676,50.71826896362872,39.18593,-86.34304,180,10,0.179,5.66,2.93,4.3,ncp_ts,oligo
NLA17_IN-10047,2017,61.70002167639676,50.71826896362872,39.18593,-86.34304,180,10,0.179,5.66,2.93,4.3,chla_ts,meso
NLA17_IN-10047,2017,61.70002167639676,50.71826896362872,39.18593,-86.34304,180,10,0.179,5.66,2.93,4.3,ptl_ts,oligo
NLA17_IN-10047,2017,61.70002167639676,50.71826896362872,39.18593,-86.34304,180,10,0.179,5.66,2.93,4.3,sdd_ts,oligo
NLA17_IN-10047,2017,61.70002167639676,50.71826896362872,39.18593,-86.34304,180,10,0.179,5.66,2.93,4.3,rot_ts,meso-eutro
NLA17_IN-10047,2017,61.70002167639676,50.71826896362872,39.18593,-86.34304,180,10,0.179,5.66,2.93,4.3,crs_ts,eutro
NLA17_IN-10051,2017,66.96327833441366,46.749986649585125,41.71686,-85.65816,259,63,2.004,119.33625,26.72,1.15,ncp_ts,mixo
NLA17_IN-10051,2017,66.96327833441366,46.749986649585125,41.71686,-85.65816,259,63,2.004,119.33625,26.72,1.15,chla_ts,eutro
NLA17_IN-10051,2017,66.96327833441366,46.749986649585125,41.71686,-85.65816,259,63,2.004,119.33625,26.72,1.15,ptl_ts,hypereu
NLA17_IN-10051,2017,66.96327833441366,46.749986649585125,41.71686,-85.65816,259,63,2.004,119.33625,26.72,1.15,sdd_ts,eutro
NLA17_IN-10051,2017,66.96327833441366,46.749986649585125,41.71686,-85.65816,259,63,2.004,119.33625,26.72,1.15,rot_ts,meso-eutro
NLA17_IN-10051,2017,66.96327833441366,46.749986649585125,41.71686,-85.65816,259,63,2.004,119.33625,26.72,1.15,crs_ts,hypereu
NLA17_IN-10053,2017,62.803306284806055,51.280428241791874,41.35309,-85.44887,268,33,1.913,62.285,20.96,1.15,ncp_ts,mixo
NLA17_IN-10053,2017,62.803306284806055,51.280428241791874,41.35309,-85.44887,268,33,1.913,62.285,20.96,1.15,chla_ts,eutro
NLA17_IN-10053,2017,62.803306284806055,51.280428241791874,41.35309,-85.44887,268,33,1.913,62.285,20.96,1.15,ptl_ts,eutro
NLA17_IN-10053,2017,62.803306284806055,51.280428241791874,41.35309,-85.44887,268,33,1.913,62.285,20.96,1.15,sdd_ts,eutro
NLA17_IN-10053,2017,62.803306284806055,51.280428241791874,41.35309,-85.44887,268,33,1.913,62.285,20.96,1.15,rot_ts,meso-eutro
NLA17_IN-10053,2017,62.803306284806055,51.280428241791874,41.35309,-85.44887,268,33,1.913,62.285,20.96,1.15,crs_ts,eutro
NLA17_IN-10055,2017,60.56059629427138,53.19793455703026,41.38936,-85.83056,252,2,1.621,11.125,4.37,2.6500000000000004,ncp_ts,oligo
NLA17_IN-10055,2017,60.56059629427138,53.19793455703026,41.38936,-85.83056,252,2,1.621,11.125,4.37,2.6500000000000004,chla_ts,meso
NLA17_IN-10055,2017,60.56059629427138,53.19793455703026,41.38936,-85.83056,252,2,1.621,11.125,4.37,2.6500000000000004,ptl_ts,oligo
NLA17_IN-10055,2017,60.56059629427138,53.19793455703026,41.38936,-85.83056,252,2,1.621,11.125,4.37,2.6500000000000004,sdd_ts,meso
NLA17_IN-10055,2017,60.56059629427138,53.19793455703026,41.38936,-85.83056,252,2,1.621,11.125,4.37,2.6500000000000004,rot_ts,meso-eutro
NLA17_IN-10055,2017,60.56059629427138,53.19793455703026,41.38936,-85.83056,252,2,1.621,11.125,4.37,2.6500000000000004,crs_ts,eutro
NLA17_IN-10067,2017,60.26441410667099,51.35020872717321,41.52798,-84.90757,269,10,1.044,17.93625,2.43,2.3499999999999996,ncp_ts,oligo
NLA17_IN-10067,2017,60.26441410667099,51.35020872717321,41.52798,-84.90757,269,10,1.044,17.93625,2.43,2.3499999999999996,chla_ts,oligo
NLA17_IN-10067,2017,60.26441410667099,51.35020872717321,41.52798,-84.90757,269,10,1.044,17.93625,2.43,2.3499999999999996,ptl_ts,meso
NLA17_IN-10067,2017,60.26441410667099,51.35020872717321,41.52798,-84.90757,269,10,1.044,17.93625,2.43,2.3499999999999996,sdd_ts,meso
NLA17_IN-10067,2017,60.26441410667099,51.35020872717321,41.52798,-84.90757,269,10,1.044,17.93625,2.43,2.3499999999999996,rot_ts,meso-eutro
NLA17_IN-10067,2017,60.26441410667099,51.35020872717321,41.52798,-84.90757,269,10,1.044,17.93625,2.43,2.3499999999999996,crs_ts,eutro
NLA17_IN-10068,2017,61.14633937687216,52.49496923899242,40.53272,-85.62905,243,10,0.955,54.56375,21.52,0.775,ncp_ts,eutro
NLA17_IN-10068,2017,61.14633937687216,52.49496923899242,40.53272,-85.62905,243,10,0.955,54.56375,21.52,0.775,chla_ts,eutro
NLA17_IN-10068,2017,61.14633937687216,52.49496923899242,40.53272,-85.62905,243,10,0.955,54.56375,21.52,0.775,ptl_ts,eutro
NLA17_IN-10068,2017,61.14633937687216,52.49496923899242,40.53272,-85.62905,243,10,0.955,54.56375,21.52,0.775,sdd_ts,eutro
NLA17_IN-10068,2017,61.14633937687216,52.49496923899242,40.53272,-85.62905,243,10,0.955,54.56375,21.52,0.775,rot_ts,meso-eutro
NLA17_IN-10068,2017,61.14633937687216,52.49496923899242,40.53272,-85.62905,243,10,0.955,54.56375,21.52,0.775,crs_ts,eutro
NLA17_IN-10070,2017,40.27612329478345,51.62061739829439,39.0349,-87.23715,147,3,0.428,11.379,2.48,3.8,ncp_ts,oligo
NLA17_IN-10070,2017,40.27612329478345,51.62061739829439,39.0349,-87.23715,147,3,0.428,11.379,2.48,3.8,chla_ts,oligo
NLA17_IN-10070,2017,40.27612329478345,51.62061739829439,39.0349,-87.23715,147,3,0.428,11.379,2.48,3.8,ptl_ts,oligo
NLA17_IN-10070,2017,40.27612329478345,51.62061739829439,39.0349,-87.23715,147,3,0.428,11.379,2.48,3.8,sdd_ts,meso
NLA17_IN-10070,2017,40.27612329478345,51.62061739829439,39.0349,-87.23715,147,3,0.428,11.379,2.48,3.8,rot_ts,meso-eutro
NLA17_IN-10070,2017,40.27612329478345,51.62061739829439,39.0349,-87.23715,147,3,0.428,11.379,2.48,3.8,crs_ts,oligo-meso
NLA17_IN-10072,2017,61.05413625490101,51.00668780788567,41.40107,-85.70056,260,13,0.745,18.6625,8.72,1.85,ncp_ts,oligo
NLA17_IN-10072,2017,61.05413625490101,51.00668780788567,41.40107,-85.70056,260,13,0.745,18.6625,8.72,1.85,chla_ts,eutro
NLA17_IN-10072,2017,61.05413625490101,51.00668780788567,41.40107,-85.70056,260,13,0.745,18.6625,8.72,1.85,ptl_ts,meso
NLA17_IN-10072,2017,61.05413625490101,51.00668780788567,41.40107,-85.70056,260,13,0.745,18.6625,8.72,1.85,sdd_ts,eutro
NLA17_IN-10072,2017,61.05413625490101,51.00668780788567,41.40107,-85.70056,260,13,0.745,18.6625,8.72,1.85,rot_ts,meso-eutro
NLA17_IN-10072,2017,61.05413625490101,51.00668780788567,41.40107,-85.70056,260,13,0.745,18.6625,8.72,1.85,crs_ts,eutro
NLA17_IN-10076,2017,63.927627678744784,46.97352028525638,39.23423,-85.73445,212,2,2.595,310.3075,145.33,1.55,ncp_ts,eutro
NLA17_IN-10076,2017,63.927627678744784,46.97352028525638,39.23423,-85.73445,212,2,2.595,310.3075,145.33,1.55,chla_ts,hypereu
NLA17_IN-10076,2017,63.927627678744784,46.97352028525638,39.23423,-85.73445,212,2,2.595,310.3075,145.33,1.55,ptl_ts,hypereu
NLA17_IN-10076,2017,63.927627678744784,46.97352028525638,39.23423,-85.73445,212,2,2.595,310.3075,145.33,1.55,sdd_ts,eutro
NLA17_IN-10076,2017,63.927627678744784,46.97352028525638,39.23423,-85.73445,212,2,2.595,310.3075,145.33,1.55,rot_ts,meso-eutro
NLA17_IN-10076,2017,63.927627678744784,46.97352028525638,39.23423,-85.73445,212,2,2.595,310.3075,145.33,1.55,crs_ts,eutro
NLA17_IN-10077,2017,54.301175187551266,52.977082652742936,37.95701,-87.40161,130,25,1.6,118.9575,43.68,0.8500000000000001,ncp_ts,mixo
NLA17_IN-10077,2017,54.301175187551266,52.977082652742936,37.95701,-87.40161,130,25,1.6,118.9575,43.68,0.8500000000000001,chla_ts,eutro
NLA17_IN-10077,2017,54.301175187551266,52.977082652742936,37.95701,-87.40161,130,25,1.6,118.9575,43.68,0.8500000000000001,ptl_ts,hypereu
NLA17_IN-10077,2017,54.301175187551266,52.977082652742936,37.95701,-87.40161,130,25,1.6,118.9575,43.68,0.8500000000000001,sdd_ts,eutro
NLA17_IN-10077,2017,54.301175187551266,52.977082652742936,37.95701,-87.40161,130,25,1.6,118.9575,43.68,0.8500000000000001,rot_ts,meso-eutro
NLA17_IN-10077,2017,54.301175187551266,52.977082652742936,37.95701,-87.40161,130,25,1.6,118.9575,43.68,0.8500000000000001,crs_ts,meso-eutro
NLA17_IN-10082,2017,63.88545225807598,49.217119791396094,41.72506,-85.01198,293,25,0.765,13.6825,3.59,1.45,ncp_ts,dys
NLA17_IN-10082,2017,63.88545225807598,49.217119791396094,41.72506,-85.01198,293,25,0.765,13.6825,3.59,1.45,chla_ts,meso
NLA17_IN-10082,2017,63.88545225807598,49.217119791396094,41.72506,-85.01198,293,25,0.765,13.6825,3.59,1.45,ptl_ts,meso
NLA17_IN-10082,2017,63.88545225807598,49.217119791396094,41.72506,-85.01198,293,25,0.765,13.6825,3.59,1.45,sdd_ts,eutro
NLA17_IN-10082,2017,63.88545225807598,49.217119791396094,41.72506,-85.01198,293,25,0.765,13.6825,3.59,1.45,rot_ts,meso-eutro
NLA17_IN-10082,2017,63.88545225807598,49.217119791396094,41.72506,-85.01198,293,25,0.765,13.6825,3.59,1.45,crs_ts,eutro
NLA17_IN-10085,2017,61.57760417656237,51.405388698072684,38.25519,-86.77643,147,20,0.948,52.91375,25.28,1.2000000000000002,ncp_ts,eutro
NLA17_IN-10085,2017,61.57760417656237,51.405388698072684,38.25519,-86.77643,147,20,0.948,52.91375,25.28,1.2000000000000002,chla_ts,eutro
NLA17_IN-10085,2017,61.57760417656237,51.405388698072684,38.25519,-86.77643,147,20,0.948,52.91375,25.28,1.2000000000000002,ptl_ts,eutro
NLA17_IN-10085,2017,61.57760417656237,51.405388698072684,38.25519,-86.77643,147,20,0.948,52.91375,25.28,1.2000000000000002,sdd_ts,eutro
NLA17_IN-10085,2017,61.57760417656237,51.405388698072684,38.25519,-86.77643,147,20,0.948,52.91375,25.28,1.2000000000000002,rot_ts,meso-eutro
NLA17_IN-10085,2017,61.57760417656237,51.405388698072684,38.25519,-86.77643,147,20,0.948,52.91375,25.28,1.2000000000000002,crs_ts,eutro
NLA17_IN-10089,2017,61.88947618427927,51.87808279223007,39.06945,-85.18936,297,25,0.605,21.3375,9.68,1.75,ncp_ts,dys
NLA17_IN-10089,2017,61.88947618427927,51.87808279223007,39.06945,-85.18936,297,25,0.605,21.3375,9.68,1.75,chla_ts,eutro
NLA17_IN-10089,2017,61.88947618427927,51.87808279223007,39.06945,-85.18936,297,25,0.605,21.3375,9.68,1.75,ptl_ts,meso
NLA17_IN-10089,2017,61.88947618427927,51.87808279223007,39.06945,-85.18936,297,25,0.605,21.3375,9.68,1.75,sdd_ts,eutro
NLA17_IN-10089,2017,61.88947618427927,51.87808279223007,39.06945,-85.18936,297,25,0.605,21.3375,9.68,1.75,rot_ts,meso-eutro
NLA17_IN-10089,2017,61.88947618427927,51.87808279223007,39.06945,-85.18936,297,25,0.605,21.3375,9.68,1.75,crs_ts,eutro
NLA17_IN-10094,2017,64.48782634498797,50.17735715041502,41.53788,-87.50166,184,10,0.594,18.47875,2.83,1.5,ncp_ts,oligo
NLA17_IN-10094,2017,64.48782634498797,50.17735715041502,41.53788,-87.50166,184,10,0.594,18.47875,2.83,1.5,chla_ts,meso
NLA17_IN-10094,2017,64.48782634498797,50.17735715041502,41.53788,-87.50166,184,10,0.594,18.47875,2.83,1.5,ptl_ts,meso
NLA17_IN-10094,2017,64.48782634498797,50.17735715041502,41.53788,-87.50166,184,10,0.594,18.47875,2.83,1.5,sdd_ts,eutro
NLA17_IN-10094,2017,64.48782634498797,50.17735715041502,41.53788,-87.50166,184,10,0.594,18.47875,2.83,1.5,rot_ts,meso-eutro
NLA17_IN-10094,2017,64.48782634498797,50.17735715041502,41.53788,-87.50166,184,10,0.594,18.47875,2.83,1.5,crs_ts,eutro
NLA17_IN-10096,2017,61.559995369988954,51.35020872717321,39.32339,-86.80005,222,15,0.459,36.04875,18.88,1.15,ncp_ts,eutro
NLA17_IN-10096,2017,61.559995369988954,51.35020872717321,39.32339,-86.80005,222,15,0.459,36.04875,18.88,1.15,chla_ts,eutro
NLA17_IN-10096,2017,61.559995369988954,51.35020872717321,39.32339,-86.80005,222,15,0.459,36.04875,18.88,1.15,ptl_ts,eutro
NLA17_IN-10096,2017,61.559995369988954,51.35020872717321,39.32339,-86.80005,222,15,0.459,36.04875,18.88,1.15,sdd_ts,eutro
NLA17_IN-10096,2017,61.559995369988954,51.35020872717321,39.32339,-86.80005,222,15,0.459,36.04875,18.88,1.15,rot_ts,meso-eutro
NLA17_IN-10096,2017,61.559995369988954,51.35020872717321,39.32339,-86.80005,222,15,0.459,36.04875,18.88,1.15,crs_ts,eutro
NLA17_IN-10099,2017,61.23770999682018,52.925599006276045,40.61074,-85.37019,253,63,2.255,297.13375,49.92,0.225,ncp_ts,mixo
NLA17_IN-10099,2017,61.23770999682018,52.925599006276045,40.61074,-85.37019,253,63,2.255,297.13375,49.92,0.225,chla_ts,eutro
NLA17_IN-10099,2017,61.23770999682018,52.925599006276045,40.61074,-85.37019,253,63,2.255,297.13375,49.92,0.225,ptl_ts,hypereu
NLA17_IN-10099,2017,61.23770999682018,52.925599006276045,40.61074,-85.37019,253,63,2.255,297.13375,49.92,0.225,sdd_ts,hypereu
NLA17_IN-10099,2017,61.23770999682018,52.925599006276045,40.61074,-85.37019,253,63,2.255,297.13375,49.92,0.225,rot_ts,meso-eutro
NLA17_IN-10099,2017,61.23770999682018,52.925599006276045,40.61074,-85.37019,253,63,2.255,297.13375,49.92,0.225,crs_ts,eutro
NLA17_IN-10100,2017,60.4037250472411,49.72801432078676,41.49718,-86.7819,222,10,0.661,94.00375,17.1,0.6499999999999999,ncp_ts,eutro
NLA17_IN-10100,2017,60.4037250472411,49.72801432078676,41.49718,-86.7819,222,10,0.661,94.00375,17.1,0.6499999999999999,chla_ts,eutro
NLA17_IN-10100,2017,60.4037250472411,49.72801432078676,41.49718,-86.7819,222,10,0.661,94.00375,17.1,0.6499999999999999,ptl_ts,eutro
NLA17_IN-10100,2017,60.4037250472411,49.72801432078676,41.49718,-86.7819,222,10,0.661,94.00375,17.1,0.6499999999999999,sdd_ts,eutro
NLA17_IN-10100,2017,60.4037250472411,49.72801432078676,41.49718,-86.7819,222,10,0.661,94.00375,17.1,0.6499999999999999,rot_ts,meso-eutro
NLA17_IN-10100,2017,60.4037250472411,49.72801432078676,41.49718,-86.7819,222,10,0.661,94.00375,17.1,0.6499999999999999,crs_ts,eutro
NLA17_IN-10102,2017,62.10895146034394,55.42178925922746,39.44676,-87.34945,162,18,0.984,133.13375,57.12,0.55,ncp_ts,eutro
NLA17_IN-10102,2017,62.10895146034394,55.42178925922746,39.44676,-87.34945,162,18,0.984,133.13375,57.12,0.55,chla_ts,hypereu
NLA17_IN-10102,2017,62.10895146034394,55.42178925922746,39.44676,-87.34945,162,18,0.984,133.13375,57.12,0.55,ptl_ts,hypereu
NLA17_IN-10102,2017,62.10895146034394,55.42178925922746,39.44676,-87.34945,162,18,0.984,133.13375,57.12,0.55,sdd_ts,eutro
NLA17_IN-10102,2017,62.10895146034394,55.42178925922746,39.44676,-87.34945,162,18,0.984,133.13375,57.12,0.55,rot_ts,eutro
NLA17_IN-10102,2017,62.10895146034394,55.42178925922746,39.44676,-87.34945,162,18,0.984,133.13375,57.12,0.55,crs_ts,eutro
NLA17_IN-10105,2017,61.18298661219375,52.38170189750808,38.69738,-85.70424,171,23,0.988,70.2225,76.96,1.25,ncp_ts,mixo
NLA17_IN-10105,2017,61.18298661219375,52.38170189750808,38.69738,-85.70424,171,23,0.988,70.2225,76.96,1.25,chla_ts,hypereu
NLA17_IN-10105,2017,61.18298661219375,52.38170189750808,38.69738,-85.70424,171,23,0.988,70.2225,76.96,1.25,ptl_ts,eutro
NLA17_IN-10105,2017,61.18298661219375,52.38170189750808,38.69738,-85.70424,171,23,0.988,70.2225,76.96,1.25,sdd_ts,eutro
NLA17_IN-10105,2017,61.18298661219375,52.38170189750808,38.69738,-85.70424,171,23,0.988,70.2225,76.96,1.25,rot_ts,meso-eutro
NLA17_IN-10105,2017,61.18298661219375,52.38170189750808,38.69738,-85.70424,171,23,0.988,70.2225,76.96,1.25,crs_ts,eutro
NLA17_IN-10108,2017,63.03498327058151,49.69039178984534,38.32512,-87.05558,148,15,0.611,30.57125,12.69,2.1500000000000004,ncp_ts,eutro
NLA17_IN-10108,2017,63.03498327058151,49.69039178984534,38.32512,-87.05558,148,15,0.611,30.57125,12.69,2.1500000000000004,chla_ts,eutro
NLA17_IN-10108,2017,63.03498327058151,49.69039178984534,38.32512,-87.05558,148,15,0.611,30.57125,12.69,2.1500000000000004,ptl_ts,eutro
NLA17_IN-10108,2017,63.03498327058151,49.69039178984534,38.32512,-87.05558,148,15,0.611,30.57125,12.69,2.1500000000000004,sdd_ts,meso
NLA17_IN-10108,2017,63.03498327058151,49.69039178984534,38.32512,-87.05558,148,15,0.611,30.57125,12.69,2.1500000000000004,rot_ts,meso-eutro
NLA17_IN-10108,2017,63.03498327058151,49.69039178984534,38.32512,-87.05558,148,15,0.611,30.57125,12.69,2.1500000000000004,crs_ts,eutro
NLA17_IN-10109,2017,61.23770999682018,50.84159814630114,38.06487,-87.29741,122,15,0.275,10.43,1.46,4.300000000000001,ncp_ts,oligo
NLA17_IN-10109,2017,61.23770999682018,50.84159814630114,38.06487,-87.29741,122,15,0.275,10.43,1.46,4.300000000000001,chla_ts,oligo
NLA17_IN-10109,2017,61.23770999682018,50.84159814630114,38.06487,-87.29741,122,15,0.275,10.43,1.46,4.300000000000001,ptl_ts,oligo
NLA17_IN-10109,2017,61.23770999682018,50.84159814630114,38.06487,-87.29741,122,15,0.275,10.43,1.46,4.300000000000001,sdd_ts,oligo
NLA17_IN-10109,2017,61.23770999682018,50.84159814630114,38.06487,-87.29741,122,15,0.275,10.43,1.46,4.300000000000001,rot_ts,meso-eutro
NLA17_IN-10109,2017,61.23770999682018,50.84159814630114,38.06487,-87.29741,122,15,0.275,10.43,1.46,4.300000000000001,crs_ts,eutro
NLA17_IN-10120,2017,62.258195517871656,51.594179998657324,41.33684,-85.41727,272,48,1.345,52.0875,34.4,1.45,ncp_ts,mixo
NLA17_IN-10120,2017,62.258195517871656,51.594179998657324,41.33684,-85.41727,272,48,1.345,52.0875,34.4,1.45,chla_ts,eutro
NLA17_IN-10120,2017,62.258195517871656,51.594179998657324,41.33684,-85.41727,272,48,1.345,52.0875,34.4,1.45,ptl_ts,eutro
NLA17_IN-10120,2017,62.258195517871656,51.594179998657324,41.33684,-85.41727,272,48,1.345,52.0875,34.4,1.45,sdd_ts,eutro
NLA17_IN-10120,2017,62.258195517871656,51.594179998657324,41.33684,-85.41727,272,48,1.345,52.0875,34.4,1.45,rot_ts,meso-eutro
NLA17_IN-10120,2017,62.258195517871656,51.594179998657324,41.33684,-85.41727,272,48,1.345,52.0875,34.4,1.45,crs_ts,eutro
NLA17_IN-10122,2017,60.99840789543028,53.42895394794934,39.57109,-87.09138,206,38,0.795,97.70125,36.27,0.95,ncp_ts,mixo
NLA17_IN-10122,2017,60.99840789543028,53.42895394794934,39.57109,-87.09138,206,38,0.795,97.70125,36.27,0.95,chla_ts,eutro
NLA17_IN-10122,2017,60.99840789543028,53.42895394794934,39.57109,-87.09138,206,38,0.795,97.70125,36.27,0.95,ptl_ts,hypereu
NLA17_IN-10122,2017,60.99840789543028,53.42895394794934,39.57109,-87.09138,206,38,0.795,97.70125,36.27,0.95,sdd_ts,eutro
NLA17_IN-10122,2017,60.99840789543028,53.42895394794934,39.57109,-87.09138,206,38,0.795,97.70125,36.27,0.95,rot_ts,meso-eutro
NLA17_IN-10122,2017,60.99840789543028,53.42895394794934,39.57109,-87.09138,206,38,0.795,97.70125,36.27,0.95,crs_ts,eutro
NLA17_IN-10123,2017,65.17099714852137,53.26634601470039,39.14517,-86.21886,208,30,0.723,46.03375,34.24,1.15,ncp_ts,mixo
NLA17_IN-10123,2017,65.17099714852137,53.26634601470039,39.14517,-86.21886,208,30,0.723,46.03375,34.24,1.15,chla_ts,eutro
NLA17_IN-10123,2017,65.17099714852137,53.26634601470039,39.14517,-86.21886,208,30,0.723,46.03375,34.24,1.15,ptl_ts,eutro
NLA17_IN-10123,2017,65.17099714852137,53.26634601470039,39.14517,-86.21886,208,30,0.723,46.03375,34.24,1.15,sdd_ts,eutro
NLA17_IN-10123,2017,65.17099714852137,53.26634601470039,39.14517,-86.21886,208,30,0.723,46.03375,34.24,1.15,rot_ts,meso-eutro
NLA17_IN-10123,2017,65.17099714852137,53.26634601470039,39.14517,-86.21886,208,30,0.723,46.03375,34.24,1.15,crs_ts,hypereu
NLA17_IN-10125,2017,62.88110618602792,53.4477651559253,41.43616,-87.18351,227,36,0.828,303.07375,32.97,0.6499999999999999,ncp_ts,mixo
NLA17_IN-10125,2017,62.88110618602792,53.4477651559253,41.43616,-87.18351,227,36,0.828,303.07375,32.97,0.6499999999999999,chla_ts,eutro
NLA17_IN-10125,2017,62.88110618602792,53.4477651559253,41.43616,-87.18351,227,36,0.828,303.07375,32.97,0.6499999999999999,ptl_ts,hypereu
NLA17_IN-10125,2017,62.88110618602792,53.4477651559253,41.43616,-87.18351,227,36,0.828,303.07375,32.97,0.6499999999999999,sdd_ts,eutro
NLA17_IN-10125,2017,62.88110618602792,53.4477651559253,41.43616,-87.18351,227,36,0.828,303.07375,32.97,0.6499999999999999,rot_ts,meso-eutro
NLA17_IN-10125,2017,62.88110618602792,53.4477651559253,41.43616,-87.18351,227,36,0.828,303.07375,32.97,0.6499999999999999,crs_ts,eutro
NLA17_IN-10126,2017,65.9770044885072,52.539616798135484,39.39399,-86.03805,214,20,0.89,57.5175,8.51,1.1,ncp_ts,eutro
NLA17_IN-10126,2017,65.9770044885072,52.539616798135484,39.39399,-86.03805,214,20,0.89,57.5175,8.51,1.1,chla_ts,eutro
NLA17_IN-10126,2017,65.9770044885072,52.539616798135484,39.39399,-86.03805,214,20,0.89,57.5175,8.51,1.1,ptl_ts,eutro
NLA17_IN-10126,2017,65.9770044885072,52.539616798135484,39.39399,-86.03805,214,20,0.89,57.5175,8.51,1.1,sdd_ts,eutro
NLA17_IN-10126,2017,65.9770044885072,52.539616798135484,39.39399,-86.03805,214,20,0.89,57.5175,8.51,1.1,rot_ts,meso-eutro
NLA17_IN-10126,2017,65.9770044885072,52.539616798135484,39.39399,-86.03805,214,20,0.89,57.5175,8.51,1.1,crs_ts,hypereu
NLA17_IN-10129,2017,61.127965876664454,50.73384060981056,41.59922,-85.05515,289,30,2.376,36.99875,7.66,2,ncp_ts,mixo
NLA17_IN-10129,2017,61.127965876664454,50.73384060981056,41.59922,-85.05515,289,30,2.376,36.99875,7.66,2,chla_ts,eutro
NLA17_IN-10129,2017,61.127965876664454,50.73384060981056,41.59922,-85.05515,289,30,2.376,36.99875,7.66,2,ptl_ts,eutro
NLA17_IN-10129,2017,61.127965876664454,50.73384060981056,41.59922,-85.05515,289,30,2.376,36.99875,7.66,2,sdd_ts,meso
NLA17_IN-10129,2017,61.127965876664454,50.73384060981056,41.59922,-85.05515,289,30,2.376,36.99875,7.66,2,rot_ts,meso-eutro
NLA17_IN-10129,2017,61.127965876664454,50.73384060981056,41.59922,-85.05515,289,30,2.376,36.99875,7.66,2,crs_ts,eutro
NLA17_IN-10132,2017,62.43771768886224,52.393136545808325,38.66283,-85.79005,175,18,0.698,35.07625,19.44,1.1,ncp_ts,eutro
NLA17_IN-10132,2017,62.43771768886224,52.393136545808325,38.66283,-85.79005,175,18,0.698,35.07625,19.44,1.1,chla_ts,eutro
NLA17_IN-10132,2017,62.43771768886224,52.393136545808325,38.66283,-85.79005,175,18,0.698,35.07625,19.44,1.1,ptl_ts,eutro
NLA17_IN-10132,2017,62.43771768886224,52.393136545808325,38.66283,-85.79005,175,18,0.698,35.07625,19.44,1.1,sdd_ts,eutro
NLA17_IN-10132,2017,62.43771768886224,52.393136545808325,38.66283,-85.79005,175,18,0.698,35.07625,19.44,1.1,rot_ts,meso-eutro
NLA17_IN-10132,2017,62.43771768886224,52.393136545808325,38.66283,-85.79005,175,18,0.698,35.07625,19.44,1.1,crs_ts,eutro
NLA17_IN-10133,2017,58.32148016358692,52.50616591316899,39.06614,-87.34955,138,5,0.565,14.315,5.84,1.05,ncp_ts,oligo
NLA17_IN-10133,2017,58.32148016358692,52.50616591316899,39.06614,-87.34955,138,5,0.565,14.315,5.84,1.05,chla_ts,meso
NLA17_IN-10133,2017,58.32148016358692,52.50616591316899,39.06614,-87.34955,138,5,0.565,14.315,5.84,1.05,ptl_ts,meso
NLA17_IN-10133,2017,58.32148016358692,52.50616591316899,39.06614,-87.34955,138,5,0.565,14.315,5.84,1.05,sdd_ts,eutro
NLA17_IN-10133,2017,58.32148016358692,52.50616591316899,39.06614,-87.34955,138,5,0.565,14.315,5.84,1.05,rot_ts,meso-eutro
NLA17_IN-10133,2017,58.32148016358692,52.50616591316899,39.06614,-87.34955,138,5,0.565,14.315,5.84,1.05,crs_ts,eutro
NLA17_IN-10134,2017,48.3106206321681,55.36949237112952,39.75722,-85.41588,309,5,3.175,76.21625,22.7,0.775,ncp_ts,eutro
NLA17_IN-10134,2017,48.3106206321681,55.36949237112952,39.75722,-85.41588,309,5,3.175,76.21625,22.7,0.775,chla_ts,eutro
NLA17_IN-10134,2017,48.3106206321681,55.36949237112952,39.75722,-85.41588,309,5,3.175,76.21625,22.7,0.775,ptl_ts,eutro
NLA17_IN-10134,2017,48.3106206321681,55.36949237112952,39.75722,-85.41588,309,5,3.175,76.21625,22.7,0.775,sdd_ts,eutro
NLA17_IN-10134,2017,48.3106206321681,55.36949237112952,39.75722,-85.41588,309,5,3.175,76.21625,22.7,0.775,rot_ts,eutro
NLA17_IN-10134,2017,48.3106206321681,55.36949237112952,39.75722,-85.41588,309,5,3.175,76.21625,22.7,0.775,crs_ts,meso-eutro
NLA17_IN-10136,2017,62.225216665957824,53.04834197265805,38.12682,-86.24282,128,3,0.431,40.2075,10.08,0.6499999999999999,ncp_ts,eutro
NLA17_IN-10136,2017,62.225216665957824,53.04834197265805,38.12682,-86.24282,128,3,0.431,40.2075,10.08,0.6499999999999999,chla_ts,eutro
NLA17_IN-10136,2017,62.225216665957824,53.04834197265805,38.12682,-86.24282,128,3,0.431,40.2075,10.08,0.6499999999999999,ptl_ts,eutro
NLA17_IN-10136,2017,62.225216665957824,53.04834197265805,38.12682,-86.24282,128,3,0.431,40.2075,10.08,0.6499999999999999,sdd_ts,eutro
NLA17_IN-10136,2017,62.225216665957824,53.04834197265805,38.12682,-86.24282,128,3,0.431,40.2075,10.08,0.6499999999999999,rot_ts,meso-eutro
NLA17_IN-10136,2017,62.225216665957824,53.04834197265805,38.12682,-86.24282,128,3,0.431,40.2075,10.08,0.6499999999999999,crs_ts,eutro
NLA17_IN-10138,2017,61.20126060733696,52.725340823836575,40.4347,-86.16207,249,5,0.518,21.4475,6.38,1.65,ncp_ts,oligo
NLA17_IN-10138,2017,61.20126060733696,52.725340823836575,40.4347,-86.16207,249,5,0.518,21.4475,6.38,1.65,chla_ts,meso
NLA17_IN-10138,2017,61.20126060733696,52.725340823836575,40.4347,-86.16207,249,5,0.518,21.4475,6.38,1.65,ptl_ts,meso
NLA17_IN-10138,2017,61.20126060733696,52.725340823836575,40.4347,-86.16207,249,5,0.518,21.4475,6.38,1.65,sdd_ts,eutro
NLA17_IN-10138,2017,61.20126060733696,52.725340823836575,40.4347,-86.16207,249,5,0.518,21.4475,6.38,1.65,rot_ts,meso-eutro
NLA17_IN-10138,2017,61.20126060733696,52.725340823836575,40.4347,-86.16207,249,5,0.518,21.4475,6.38,1.65,crs_ts,eutro
NLA17_IN-10139,2017,61.6826231250513,55.78037899699052,38.84259,-85.82827,170,10,1.85,222.2225,102.4,0.95,ncp_ts,eutro
NLA17_IN-10139,2017,61.6826231250513,55.78037899699052,38.84259,-85.82827,170,10,1.85,222.2225,102.4,0.95,chla_ts,hypereu
NLA17_IN-10139,2017,61.6826231250513,55.78037899699052,38.84259,-85.82827,170,10,1.85,222.2225,102.4,0.95,ptl_ts,hypereu
NLA17_IN-10139,2017,61.6826231250513,55.78037899699052,38.84259,-85.82827,170,10,1.85,222.2225,102.4,0.95,sdd_ts,eutro
NLA17_IN-10139,2017,61.6826231250513,55.78037899699052,38.84259,-85.82827,170,10,1.85,222.2225,102.4,0.95,rot_ts,eutro
NLA17_IN-10139,2017,61.6826231250513,55.78037899699052,38.84259,-85.82827,170,10,1.85,222.2225,102.4,0.95,crs_ts,eutro
NLA17_IN-10140,2017,61.274028768571974,52.75746032222396,38.05021,-87.97929,135,15,0.511,28.41375,17.37,1.15,ncp_ts,oligo
NLA17_IN-10140,2017,61.274028768571974,52.75746032222396,38.05021,-87.97929,135,15,0.511,28.41375,17.37,1.15,chla_ts,eutro
NLA17_IN-10140,2017,61.274028768571974,52.75746032222396,38.05021,-87.97929,135,15,0.511,28.41375,17.37,1.15,ptl_ts,eutro
NLA17_IN-10140,2017,61.274028768571974,52.75746032222396,38.05021,-87.97929,135,15,0.511,28.41375,17.37,1.15,sdd_ts,eutro
NLA17_IN-10140,2017,61.274028768571974,52.75746032222396,38.05021,-87.97929,135,15,0.511,28.41375,17.37,1.15,rot_ts,meso-eutro
NLA17_IN-10140,2017,61.274028768571974,52.75746032222396,38.05021,-87.97929,135,15,0.511,28.41375,17.37,1.15,crs_ts,eutro
NLA17_IN-10141,2017,61.035594278202886,51.990040589614274,41.56149,-87.30418,181,21,0.629,17.405,4.84,2.45,ncp_ts,dys
NLA17_IN-10141,2017,61.035594278202886,51.990040589614274,41.56149,-87.30418,181,21,0.629,17.405,4.84,2.45,chla_ts,meso
NLA17_IN-10141,2017,61.035594278202886,51.990040589614274,41.56149,-87.30418,181,21,0.629,17.405,4.84,2.45,ptl_ts,meso
NLA17_IN-10141,2017,61.035594278202886,51.990040589614274,41.56149,-87.30418,181,21,0.629,17.405,4.84,2.45,sdd_ts,meso
NLA17_IN-10141,2017,61.035594278202886,51.990040589614274,41.56149,-87.30418,181,21,0.629,17.405,4.84,2.45,rot_ts,meso-eutro
NLA17_IN-10141,2017,61.035594278202886,51.990040589614274,41.56149,-87.30418,181,21,0.629,17.405,4.84,2.45,crs_ts,eutro
NLA17_IN-10142,2017,63.498091705103526,52.33571871159597,39.85374,-86.1305,223,22,1.064,102.07,30.22,1.35,ncp_ts,mixo
NLA17_IN-10142,2017,63.498091705103526,52.33571871159597,39.85374,-86.1305,223,22,1.064,102.07,30.22,1.35,chla_ts,eutro
NLA17_IN-10142,2017,63.498091705103526,52.33571871159597,39.85374,-86.1305,223,22,1.064,102.07,30.22,1.35,ptl_ts,hypereu
NLA17_IN-10142,2017,63.498091705103526,52.33571871159597,39.85374,-86.1305,223,22,1.064,102.07,30.22,1.35,sdd_ts,eutro
NLA17_IN-10142,2017,63.498091705103526,52.33571871159597,39.85374,-86.1305,223,22,1.064,102.07,30.22,1.35,rot_ts,meso-eutro
NLA17_IN-10142,2017,63.498091705103526,52.33571871159597,39.85374,-86.1305,223,22,1.064,102.07,30.22,1.35,crs_ts,eutro
NLA17_IN-10161,2017,61.57760417656237,50.67128176539681,41.62674,-86.76266,242,20,0.451,11.3475,3.25,3.45,ncp_ts,oligo
NLA17_IN-10161,2017,61.57760417656237,50.67128176539681,41.62674,-86.76266,242,20,0.451,11.3475,3.25,3.45,chla_ts,meso
NLA17_IN-10161,2017,61.57760417656237,50.67128176539681,41.62674,-86.76266,242,20,0.451,11.3475,3.25,3.45,ptl_ts,oligo
NLA17_IN-10161,2017,61.57760417656237,50.67128176539681,41.62674,-86.76266,242,20,0.451,11.3475,3.25,3.45,sdd_ts,meso
NLA17_IN-10161,2017,61.57760417656237,50.67128176539681,41.62674,-86.76266,242,20,0.451,11.3475,3.25,3.45,rot_ts,meso-eutro
NLA17_IN-10161,2017,61.57760417656237,50.67128176539681,41.62674,-86.76266,242,20,0.451,11.3475,3.25,3.45,crs_ts,eutro
NLA17_IN-10171,2017,63.30637204305564,48.854765052077425,41.34494,-87.41204,208,36,2.728,244.5375,174.4,0.35,ncp_ts,mixo
NLA17_IN-10171,2017,63.30637204305564,48.854765052077425,41.34494,-87.41204,208,36,2.728,244.5375,174.4,0.35,chla_ts,hypereu
NLA17_IN-10171,2017,63.30637204305564,48.854765052077425,41.34494,-87.41204,208,36,2.728,244.5375,174.4,0.35,ptl_ts,hypereu
NLA17_IN-10171,2017,63.30637204305564,48.854765052077425,41.34494,-87.41204,208,36,2.728,244.5375,174.4,0.35,sdd_ts,hypereu
NLA17_IN-10171,2017,63.30637204305564,48.854765052077425,41.34494,-87.41204,208,36,2.728,244.5375,174.4,0.35,rot_ts,meso-eutro
NLA17_IN-10171,2017,63.30637204305564,48.854765052077425,41.34494,-87.41204,208,36,2.728,244.5375,174.4,0.35,crs_ts,eutro
NLA17_IN-10173,2017,59.93847914575025,58.935227695967534,39.29887,-86.70253,220,33,1.378,129.33875,67.04,0.55,ncp_ts,mixo
NLA17_IN-10173,2017,59.93847914575025,58.935227695967534,39.29887,-86.70253,220,33,1.378,129.33875,67.04,0.55,chla_ts,hypereu
NLA17_IN-10173,2017,59.93847914575025,58.935227695967534,39.29887,-86.70253,220,33,1.378,129.33875,67.04,0.55,ptl_ts,hypereu
NLA17_IN-10173,2017,59.93847914575025,58.935227695967534,39.29887,-86.70253,220,33,1.378,129.33875,67.04,0.55,sdd_ts,eutro
NLA17_IN-10173,2017,59.93847914575025,58.935227695967534,39.29887,-86.70253,220,33,1.378,129.33875,67.04,0.55,rot_ts,eutro
NLA17_IN-10173,2017,59.93847914575025,58.935227695967534,39.29887,-86.70253,220,33,1.378,129.33875,67.04,0.55,crs_ts,eutro
NLA17_IN-10175,2017,60.69587279272856,52.49496923899242,41.62445,-85.32885,284,27,1.424,17.19875,18.56,0.95,ncp_ts,dys
NLA17_IN-10175,2017,60.69587279272856,52.49496923899242,41.62445,-85.32885,284,27,1.424,17.19875,18.56,0.95,chla_ts,eutro
NLA17_IN-10175,2017,60.69587279272856,52.49496923899242,41.62445,-85.32885,284,27,1.424,17.19875,18.56,0.95,ptl_ts,meso
NLA17_IN-10175,2017,60.69587279272856,52.49496923899242,41.62445,-85.32885,284,27,1.424,17.19875,18.56,0.95,sdd_ts,eutro
NLA17_IN-10175,2017,60.69587279272856,52.49496923899242,41.62445,-85.32885,284,27,1.424,17.19875,18.56,0.95,rot_ts,meso-eutro
NLA17_IN-10175,2017,60.69587279272856,52.49496923899242,41.62445,-85.32885,284,27,1.424,17.19875,18.56,0.95,crs_ts,eutro
NLA17_KS-10001,2017,73.20387966456451,47.097203893305256,39.3321,-97.37486,415,52.5,2.6105,501.97249999999997,8.61,0.05625000000000001,ncp_ts,mixo
NLA17_KS-10001,2017,73.20387966456451,47.097203893305256,39.3321,-97.37486,415,52.5,2.6105,501.97249999999997,8.61,0.05625000000000001,chla_ts,eutro
NLA17_KS-10001,2017,73.20387966456451,47.097203893305256,39.3321,-97.37486,415,52.5,2.6105,501.97249999999997,8.61,0.05625000000000001,ptl_ts,hypereu
NLA17_KS-10001,2017,73.20387966456451,47.097203893305256,39.3321,-97.37486,415,52.5,2.6105,501.97249999999997,8.61,0.05625000000000001,sdd_ts,hypereu
NLA17_KS-10001,2017,73.20387966456451,47.097203893305256,39.3321,-97.37486,415,52.5,2.6105,501.97249999999997,8.61,0.05625000000000001,rot_ts,meso-eutro
NLA17_KS-10001,2017,73.20387966456451,47.097203893305256,39.3321,-97.37486,415,52.5,2.6105,501.97249999999997,8.61,0.05625000000000001,crs_ts,hypereu
NLA17_KS-10002,2017,62.83449612003489,53.36259187305956,37.19249,-95.98673,251,18,1.034,85.93875,59.47,0.32499999999999996,ncp_ts,eutro
NLA17_KS-10002,2017,62.83449612003489,53.36259187305956,37.19249,-95.98673,251,18,1.034,85.93875,59.47,0.32499999999999996,chla_ts,hypereu
NLA17_KS-10002,2017,62.83449612003489,53.36259187305956,37.19249,-95.98673,251,18,1.034,85.93875,59.47,0.32499999999999996,ptl_ts,eutro
NLA17_KS-10002,2017,62.83449612003489,53.36259187305956,37.19249,-95.98673,251,18,1.034,85.93875,59.47,0.32499999999999996,sdd_ts,hypereu
NLA17_KS-10002,2017,62.83449612003489,53.36259187305956,37.19249,-95.98673,251,18,1.034,85.93875,59.47,0.32499999999999996,rot_ts,meso-eutro
NLA17_KS-10002,2017,62.83449612003489,53.36259187305956,37.19249,-95.98673,251,18,1.034,85.93875,59.47,0.32499999999999996,crs_ts,eutro
NLA17_KS-10003,2017,62.55035574809769,51.16686201972081,38.12596,-96.30956,389,14,0.496,27.16125,8.46,0.5,ncp_ts,oligo
NLA17_KS-10003,2017,62.55035574809769,51.16686201972081,38.12596,-96.30956,389,14,0.496,27.16125,8.46,0.5,chla_ts,eutro
NLA17_KS-10003,2017,62.55035574809769,51.16686201972081,38.12596,-96.30956,389,14,0.496,27.16125,8.46,0.5,ptl_ts,eutro
NLA17_KS-10003,2017,62.55035574809769,51.16686201972081,38.12596,-96.30956,389,14,0.496,27.16125,8.46,0.5,sdd_ts,eutro
NLA17_KS-10003,2017,62.55035574809769,51.16686201972081,38.12596,-96.30956,389,14,0.496,27.16125,8.46,0.5,rot_ts,meso-eutro
NLA17_KS-10003,2017,62.55035574809769,51.16686201972081,38.12596,-96.30956,389,14,0.496,27.16125,8.46,0.5,crs_ts,eutro
NLA17_KS-10004,2017,62.6300675725834,51.44640541516804,37.65556,-98.26099,479,4,1.67,153.62625,80.4,0.07500000000000001,ncp_ts,eutro
NLA17_KS-10004,2017,62.6300675725834,51.44640541516804,37.65556,-98.26099,479,4,1.67,153.62625,80.4,0.07500000000000001,chla_ts,hypereu
NLA17_KS-10004,2017,62.6300675725834,51.44640541516804,37.65556,-98.26099,479,4,1.67,153.62625,80.4,0.07500000000000001,ptl_ts,hypereu
NLA17_KS-10004,2017,62.6300675725834,51.44640541516804,37.65556,-98.26099,479,4,1.67,153.62625,80.4,0.07500000000000001,sdd_ts,hypereu
NLA17_KS-10004,2017,62.6300675725834,51.44640541516804,37.65556,-98.26099,479,4,1.67,153.62625,80.4,0.07500000000000001,rot_ts,meso-eutro
NLA17_KS-10004,2017,62.6300675725834,51.44640541516804,37.65556,-98.26099,479,4,1.67,153.62625,80.4,0.07500000000000001,crs_ts,eutro
NLA17_KS-10005,2017,67.80025428148605,55.14137840166936,39.34876,-95.04207,288,27.5,0.8285,67.00625,16.585,0.775,ncp_ts,mixo
NLA17_KS-10005,2017,67.80025428148605,55.14137840166936,39.34876,-95.04207,288,27.5,0.8285,67.00625,16.585,0.775,chla_ts,eutro
NLA17_KS-10005,2017,67.80025428148605,55.14137840166936,39.34876,-95.04207,288,27.5,0.8285,67.00625,16.585,0.775,ptl_ts,eutro
NLA17_KS-10005,2017,67.80025428148605,55.14137840166936,39.34876,-95.04207,288,27.5,0.8285,67.00625,16.585,0.775,sdd_ts,eutro
NLA17_KS-10005,2017,67.80025428148605,55.14137840166936,39.34876,-95.04207,288,27.5,0.8285,67.00625,16.585,0.775,rot_ts,eutro
NLA17_KS-10005,2017,67.80025428148605,55.14137840166936,39.34876,-95.04207,288,27.5,0.8285,67.00625,16.585,0.775,crs_ts,hypereu
NLA17_KS-10006,2017,64.8926758804753,45.74949738095532,38.46564,-95.73628,325,10,1.051,118.22875,19.71,0.15000000000000002,ncp_ts,eutro
NLA17_KS-10006,2017,64.8926758804753,45.74949738095532,38.46564,-95.73628,325,10,1.051,118.22875,19.71,0.15000000000000002,chla_ts,eutro
NLA17_KS-10006,2017,64.8926758804753,45.74949738095532,38.46564,-95.73628,325,10,1.051,118.22875,19.71,0.15000000000000002,ptl_ts,hypereu
NLA17_KS-10006,2017,64.8926758804753,45.74949738095532,38.46564,-95.73628,325,10,1.051,118.22875,19.71,0.15000000000000002,sdd_ts,hypereu
NLA17_KS-10006,2017,64.8926758804753,45.74949738095532,38.46564,-95.73628,325,10,1.051,118.22875,19.71,0.15000000000000002,rot_ts,meso-eutro
NLA17_KS-10006,2017,64.8926758804753,45.74949738095532,38.46564,-95.73628,325,10,1.051,118.22875,19.71,0.15000000000000002,crs_ts,eutro
NLA17_KS-10007,2017,59.93847914575025,52.91524289143248,39.16654,-94.78202,253,0,0.418,14.0125,4.83,3.3,ncp_ts,oligo
NLA17_KS-10007,2017,59.93847914575025,52.91524289143248,39.16654,-94.78202,253,0,0.418,14.0125,4.83,3.3,chla_ts,meso
NLA17_KS-10007,2017,59.93847914575025,52.91524289143248,39.16654,-94.78202,253,0,0.418,14.0125,4.83,3.3,ptl_ts,meso
NLA17_KS-10007,2017,59.93847914575025,52.91524289143248,39.16654,-94.78202,253,0,0.418,14.0125,4.83,3.3,sdd_ts,meso
NLA17_KS-10007,2017,59.93847914575025,52.91524289143248,39.16654,-94.78202,253,0,0.418,14.0125,4.83,3.3,rot_ts,meso-eutro
NLA17_KS-10007,2017,59.93847914575025,52.91524289143248,39.16654,-94.78202,253,0,0.418,14.0125,4.83,3.3,crs_ts,eutro
NLA17_KS-10010,2017,61.47149173470389,54.71360350311815,37.65573,-97.39951,391,3,0.751,38.42,5.41,1.55,ncp_ts,eutro
NLA17_KS-10010,2017,61.47149173470389,54.71360350311815,37.65573,-97.39951,391,3,0.751,38.42,5.41,1.55,chla_ts,meso
NLA17_KS-10010,2017,61.47149173470389,54.71360350311815,37.65573,-97.39951,391,3,0.751,38.42,5.41,1.55,ptl_ts,eutro
NLA17_KS-10010,2017,61.47149173470389,54.71360350311815,37.65573,-97.39951,391,3,0.751,38.42,5.41,1.55,sdd_ts,eutro
NLA17_KS-10010,2017,61.47149173470389,54.71360350311815,37.65573,-97.39951,391,3,0.751,38.42,5.41,1.55,rot_ts,meso-eutro
NLA17_KS-10010,2017,61.47149173470389,54.71360350311815,37.65573,-97.39951,391,3,0.751,38.42,5.41,1.55,crs_ts,eutro
NLA17_KS-10011,2017,62.10895146034394,50.16008586752428,38.2035,-98.20245,495,3,1.161,49.4225,21.76,0.55,ncp_ts,eutro
NLA17_KS-10011,2017,62.10895146034394,50.16008586752428,38.2035,-98.20245,495,3,1.161,49.4225,21.76,0.55,chla_ts,eutro
NLA17_KS-10011,2017,62.10895146034394,50.16008586752428,38.2035,-98.20245,495,3,1.161,49.4225,21.76,0.55,ptl_ts,eutro
NLA17_KS-10011,2017,62.10895146034394,50.16008586752428,38.2035,-98.20245,495,3,1.161,49.4225,21.76,0.55,sdd_ts,eutro
NLA17_KS-10011,2017,62.10895146034394,50.16008586752428,38.2035,-98.20245,495,3,1.161,49.4225,21.76,0.55,rot_ts,meso-eutro
NLA17_KS-10011,2017,62.10895146034394,50.16008586752428,38.2035,-98.20245,495,3,1.161,49.4225,21.76,0.55,crs_ts,eutro
NLA17_KS-10025,2017,61.255885646542716,51.554278703273155,37.50446,-94.68516,287,28,1.625,146.7975,26.35,0.15000000000000002,ncp_ts,mixo
NLA17_KS-10025,2017,61.255885646542716,51.554278703273155,37.50446,-94.68516,287,28,1.625,146.7975,26.35,0.15000000000000002,chla_ts,eutro
NLA17_KS-10025,2017,61.255885646542716,51.554278703273155,37.50446,-94.68516,287,28,1.625,146.7975,26.35,0.15000000000000002,ptl_ts,hypereu
NLA17_KS-10025,2017,61.255885646542716,51.554278703273155,37.50446,-94.68516,287,28,1.625,146.7975,26.35,0.15000000000000002,sdd_ts,hypereu
NLA17_KS-10025,2017,61.255885646542716,51.554278703273155,37.50446,-94.68516,287,28,1.625,146.7975,26.35,0.15000000000000002,rot_ts,meso-eutro
NLA17_KS-10025,2017,61.255885646542716,51.554278703273155,37.50446,-94.68516,287,28,1.625,146.7975,26.35,0.15000000000000002,crs_ts,eutro
NLA17_KS-10028,2017,62.00823815238194,51.487111788430276,39.83551,-96.55958,395,23,5.056,99.48,18.68,0.275,ncp_ts,mixo
NLA17_KS-10028,2017,62.00823815238194,51.487111788430276,39.83551,-96.55958,395,23,5.056,99.48,18.68,0.275,chla_ts,eutro
NLA17_KS-10028,2017,62.00823815238194,51.487111788430276,39.83551,-96.55958,395,23,5.056,99.48,18.68,0.275,ptl_ts,hypereu
NLA17_KS-10028,2017,62.00823815238194,51.487111788430276,39.83551,-96.55958,395,23,5.056,99.48,18.68,0.275,sdd_ts,hypereu
NLA17_KS-10028,2017,62.00823815238194,51.487111788430276,39.83551,-96.55958,395,23,5.056,99.48,18.68,0.275,rot_ts,meso-eutro
NLA17_KS-10028,2017,62.00823815238194,51.487111788430276,39.83551,-96.55958,395,23,5.056,99.48,18.68,0.275,crs_ts,eutro
NLA17_KS-10033,2017,65.44231663744031,44.05581560061593,37.22522,-97.0316,367,48,1.406,557.58875,18.96,0.175,ncp_ts,mixo
NLA17_KS-10033,2017,65.44231663744031,44.05581560061593,37.22522,-97.0316,367,48,1.406,557.58875,18.96,0.175,chla_ts,eutro
NLA17_KS-10033,2017,65.44231663744031,44.05581560061593,37.22522,-97.0316,367,48,1.406,557.58875,18.96,0.175,ptl_ts,hypereu
NLA17_KS-10033,2017,65.44231663744031,44.05581560061593,37.22522,-97.0316,367,48,1.406,557.58875,18.96,0.175,sdd_ts,hypereu
NLA17_KS-10033,2017,65.44231663744031,44.05581560061593,37.22522,-97.0316,367,48,1.406,557.58875,18.96,0.175,rot_ts,oligo-meso
NLA17_KS-10033,2017,65.44231663744031,44.05581560061593,37.22522,-97.0316,367,48,1.406,557.58875,18.96,0.175,crs_ts,hypereu
NLA17_KS-10034,2017,60.73419078570532,52.46123872097928,39.00367,-95.62764,292,4,0.693,17.9125,8.32,1.5,ncp_ts,oligo
NLA17_KS-10034,2017,60.73419078570532,52.46123872097928,39.00367,-95.62764,292,4,0.693,17.9125,8.32,1.5,chla_ts,eutro
NLA17_KS-10034,2017,60.73419078570532,52.46123872097928,39.00367,-95.62764,292,4,0.693,17.9125,8.32,1.5,ptl_ts,meso
NLA17_KS-10034,2017,60.73419078570532,52.46123872097928,39.00367,-95.62764,292,4,0.693,17.9125,8.32,1.5,sdd_ts,eutro
NLA17_KS-10034,2017,60.73419078570532,52.46123872097928,39.00367,-95.62764,292,4,0.693,17.9125,8.32,1.5,rot_ts,meso-eutro
NLA17_KS-10034,2017,60.73419078570532,52.46123872097928,39.00367,-95.62764,292,4,0.693,17.9125,8.32,1.5,crs_ts,eutro
NLA17_KS-10035,2017,64.6332418113756,50.70265211666889,37.6423,-97.73838,417,32,3.845,429.58,230.8,0.07500000000000001,ncp_ts,mixo
NLA17_KS-10035,2017,64.6332418113756,50.70265211666889,37.6423,-97.73838,417,32,3.845,429.58,230.8,0.07500000000000001,chla_ts,hypereu
NLA17_KS-10035,2017,64.6332418113756,50.70265211666889,37.6423,-97.73838,417,32,3.845,429.58,230.8,0.07500000000000001,ptl_ts,hypereu
NLA17_KS-10035,2017,64.6332418113756,50.70265211666889,37.6423,-97.73838,417,32,3.845,429.58,230.8,0.07500000000000001,sdd_ts,hypereu
NLA17_KS-10035,2017,64.6332418113756,50.70265211666889,37.6423,-97.73838,417,32,3.845,429.58,230.8,0.07500000000000001,rot_ts,meso-eutro
NLA17_KS-10035,2017,64.6332418113756,50.70265211666889,37.6423,-97.73838,417,32,3.845,429.58,230.8,0.07500000000000001,crs_ts,eutro
NLA17_KS-10041,2017,61.82098895910066,50.991887248344895,38.98379,-94.80279,265,4,0.398,22.6925,7.62,1.05,ncp_ts,oligo
NLA17_KS-10041,2017,61.82098895910066,50.991887248344895,38.98379,-94.80279,265,4,0.398,22.6925,7.62,1.05,chla_ts,eutro
NLA17_KS-10041,2017,61.82098895910066,50.991887248344895,38.98379,-94.80279,265,4,0.398,22.6925,7.62,1.05,ptl_ts,meso
NLA17_KS-10041,2017,61.82098895910066,50.991887248344895,38.98379,-94.80279,265,4,0.398,22.6925,7.62,1.05,sdd_ts,eutro
NLA17_KS-10041,2017,61.82098895910066,50.991887248344895,38.98379,-94.80279,265,4,0.398,22.6925,7.62,1.05,rot_ts,meso-eutro
NLA17_KS-10041,2017,61.82098895910066,50.991887248344895,38.98379,-94.80279,265,4,0.398,22.6925,7.62,1.05,crs_ts,eutro
NLA17_KS-HP001,2017,60.63812031145117,53.30505121761145,37.09209,-96.798912,354.04,12,0.54,35.99,26.32,0.95,ncp_ts,eutro
NLA17_KS-HP001,2017,60.63812031145117,53.30505121761145,37.09209,-96.798912,354.04,12,0.54,35.99,26.32,0.95,chla_ts,eutro
NLA17_KS-HP001,2017,60.63812031145117,53.30505121761145,37.09209,-96.798912,354.04,12,0.54,35.99,26.32,0.95,ptl_ts,eutro
NLA17_KS-HP001,2017,60.63812031145117,53.30505121761145,37.09209,-96.798912,354.04,12,0.54,35.99,26.32,0.95,sdd_ts,eutro
NLA17_KS-HP001,2017,60.63812031145117,53.30505121761145,37.09209,-96.798912,354.04,12,0.54,35.99,26.32,0.95,rot_ts,meso-eutro
NLA17_KS-HP001,2017,60.63812031145117,53.30505121761145,37.09209,-96.798912,354.04,12,0.54,35.99,26.32,0.95,crs_ts,eutro
NLA17_KS-HP002,2017,63.30637204305564,51.065486207348854,37.23553,-96.19013,266.54,19,0.374,17.45625,4.78,2.05,ncp_ts,oligo
NLA17_KS-HP002,2017,63.30637204305564,51.065486207348854,37.23553,-96.19013,266.54,19,0.374,17.45625,4.78,2.05,chla_ts,meso
NLA17_KS-HP002,2017,63.30637204305564,51.065486207348854,37.23553,-96.19013,266.54,19,0.374,17.45625,4.78,2.05,ptl_ts,meso
NLA17_KS-HP002,2017,63.30637204305564,51.065486207348854,37.23553,-96.19013,266.54,19,0.374,17.45625,4.78,2.05,sdd_ts,meso
NLA17_KS-HP002,2017,63.30637204305564,51.065486207348854,37.23553,-96.19013,266.54,19,0.374,17.45625,4.78,2.05,rot_ts,meso-eutro
NLA17_KS-HP002,2017,63.30637204305564,51.065486207348854,37.23553,-96.19013,266.54,19,0.374,17.45625,4.78,2.05,crs_ts,eutro
NLA17_KS-HP003,2017,65.50304265244193,43.8919450643482,38.948542,-98.568716,461.61,8,0.838,35.5175,4.69,1.05,ncp_ts,eutro
NLA17_KS-HP003,2017,65.50304265244193,43.8919450643482,38.948542,-98.568716,461.61,8,0.838,35.5175,4.69,1.05,chla_ts,meso
NLA17_KS-HP003,2017,65.50304265244193,43.8919450643482,38.948542,-98.568716,461.61,8,0.838,35.5175,4.69,1.05,ptl_ts,eutro
NLA17_KS-HP003,2017,65.50304265244193,43.8919450643482,38.948542,-98.568716,461.61,8,0.838,35.5175,4.69,1.05,sdd_ts,eutro
NLA17_KS-HP003,2017,65.50304265244193,43.8919450643482,38.948542,-98.568716,461.61,8,0.838,35.5175,4.69,1.05,rot_ts,oligo-meso
NLA17_KS-HP003,2017,65.50304265244193,43.8919450643482,38.948542,-98.568716,461.61,8,0.838,35.5175,4.69,1.05,crs_ts,hypereu
NLA17_KY-10001,2017,67.61183073154398,54.63888007969376,36.68168,-83.70503,390,11,0.107,7.186875,2.1500000000000004,2.5500000000000003,ncp_ts,oligo
NLA17_KY-10001,2017,67.61183073154398,54.63888007969376,36.68168,-83.70503,390,11,0.107,7.186875,2.1500000000000004,2.5500000000000003,chla_ts,oligo
NLA17_KY-10001,2017,67.61183073154398,54.63888007969376,36.68168,-83.70503,390,11,0.107,7.186875,2.1500000000000004,2.5500000000000003,ptl_ts,oligo
NLA17_KY-10001,2017,67.61183073154398,54.63888007969376,36.68168,-83.70503,390,11,0.107,7.186875,2.1500000000000004,2.5500000000000003,sdd_ts,meso
NLA17_KY-10001,2017,67.61183073154398,54.63888007969376,36.68168,-83.70503,390,11,0.107,7.186875,2.1500000000000004,2.5500000000000003,rot_ts,meso-eutro
NLA17_KY-10001,2017,67.61183073154398,54.63888007969376,36.68168,-83.70503,390,11,0.107,7.186875,2.1500000000000004,2.5500000000000003,crs_ts,hypereu
NLA17_KY-10002,2017,60.54112126471647,54.65390802242596,38.48626,-82.87262,180,5,0.225,9.94125,2.16,5.95,ncp_ts,oligo
NLA17_KY-10002,2017,60.54112126471647,54.65390802242596,38.48626,-82.87262,180,5,0.225,9.94125,2.16,5.95,chla_ts,oligo
NLA17_KY-10002,2017,60.54112126471647,54.65390802242596,38.48626,-82.87262,180,5,0.225,9.94125,2.16,5.95,ptl_ts,oligo
NLA17_KY-10002,2017,60.54112126471647,54.65390802242596,38.48626,-82.87262,180,5,0.225,9.94125,2.16,5.95,sdd_ts,oligo
NLA17_KY-10002,2017,60.54112126471647,54.65390802242596,38.48626,-82.87262,180,5,0.225,9.94125,2.16,5.95,rot_ts,meso-eutro
NLA17_KY-10002,2017,60.54112126471647,54.65390802242596,38.48626,-82.87262,180,5,0.225,9.94125,2.16,5.95,crs_ts,eutro
NLA17_KY-10003,2017,65.03273613833436,54.765299165111855,36.50433,-89.33693,86,41.5,1.4215,469.30812499999996,46,0.44999999999999996,ncp_ts,mixo
NLA17_KY-10003,2017,65.03273613833436,54.765299165111855,36.50433,-89.33693,86,41.5,1.4215,469.30812499999996,46,0.44999999999999996,chla_ts,eutro
NLA17_KY-10003,2017,65.03273613833436,54.765299165111855,36.50433,-89.33693,86,41.5,1.4215,469.30812499999996,46,0.44999999999999996,ptl_ts,hypereu
NLA17_KY-10003,2017,65.03273613833436,54.765299165111855,36.50433,-89.33693,86,41.5,1.4215,469.30812499999996,46,0.44999999999999996,sdd_ts,hypereu
NLA17_KY-10003,2017,65.03273613833436,54.765299165111855,36.50433,-89.33693,86,41.5,1.4215,469.30812499999996,46,0.44999999999999996,rot_ts,meso-eutro
NLA17_KY-10003,2017,65.03273613833436,54.765299165111855,36.50433,-89.33693,86,41.5,1.4215,469.30812499999996,46,0.44999999999999996,crs_ts,hypereu
NLA17_KY-10004,2017,61.18298661219375,52.83166839529593,36.8752,-88.48954,119,12,1.795,196.64375,53.92,0.35,ncp_ts,eutro
NLA17_KY-10004,2017,61.18298661219375,52.83166839529593,36.8752,-88.48954,119,12,1.795,196.64375,53.92,0.35,chla_ts,eutro
NLA17_KY-10004,2017,61.18298661219375,52.83166839529593,36.8752,-88.48954,119,12,1.795,196.64375,53.92,0.35,ptl_ts,hypereu
NLA17_KY-10004,2017,61.18298661219375,52.83166839529593,36.8752,-88.48954,119,12,1.795,196.64375,53.92,0.35,sdd_ts,hypereu
NLA17_KY-10004,2017,61.18298661219375,52.83166839529593,36.8752,-88.48954,119,12,1.795,196.64375,53.92,0.35,rot_ts,meso-eutro
NLA17_KY-10004,2017,61.18298661219375,52.83166839529593,36.8752,-88.48954,119,12,1.795,196.64375,53.92,0.35,crs_ts,eutro
NLA17_KY-10006,2017,64.73777027779359,47.48059894102087,37.48693,-84.67911,323,0,0.386,16.17625,16.88,1.15,ncp_ts,oligo
NLA17_KY-10006,2017,64.73777027779359,47.48059894102087,37.48693,-84.67911,323,0,0.386,16.17625,16.88,1.15,chla_ts,eutro
NLA17_KY-10006,2017,64.73777027779359,47.48059894102087,37.48693,-84.67911,323,0,0.386,16.17625,16.88,1.15,ptl_ts,meso
NLA17_KY-10006,2017,64.73777027779359,47.48059894102087,37.48693,-84.67911,323,0,0.386,16.17625,16.88,1.15,sdd_ts,eutro
NLA17_KY-10006,2017,64.73777027779359,47.48059894102087,37.48693,-84.67911,323,0,0.386,16.17625,16.88,1.15,rot_ts,meso-eutro
NLA17_KY-10006,2017,64.73777027779359,47.48059894102087,37.48693,-84.67911,323,0,0.386,16.17625,16.88,1.15,crs_ts,eutro
NLA17_KY-10017,2017,62.29106915270501,51.39164667272127,37.40584,-87.78581,123,4,0.6,28.745,15.12,1.55,ncp_ts,oligo
NLA17_KY-10017,2017,62.29106915270501,51.39164667272127,37.40584,-87.78581,123,4,0.6,28.745,15.12,1.55,chla_ts,eutro
NLA17_KY-10017,2017,62.29106915270501,51.39164667272127,37.40584,-87.78581,123,4,0.6,28.745,15.12,1.55,ptl_ts,eutro
NLA17_KY-10017,2017,62.29106915270501,51.39164667272127,37.40584,-87.78581,123,4,0.6,28.745,15.12,1.55,sdd_ts,eutro
NLA17_KY-10017,2017,62.29106915270501,51.39164667272127,37.40584,-87.78581,123,4,0.6,28.745,15.12,1.55,rot_ts,meso-eutro
NLA17_KY-10017,2017,62.29106915270501,51.39164667272127,37.40584,-87.78581,123,4,0.6,28.745,15.12,1.55,crs_ts,eutro
NLA17_KY-10023,2017,61.18298661219375,54.86000709488203,37.40457,-87.52033,143,10,0.405,11.0875,4.2,2.95,ncp_ts,oligo
NLA17_KY-10023,2017,61.18298661219375,54.86000709488203,37.40457,-87.52033,143,10,0.405,11.0875,4.2,2.95,chla_ts,meso
NLA17_KY-10023,2017,61.18298661219375,54.86000709488203,37.40457,-87.52033,143,10,0.405,11.0875,4.2,2.95,ptl_ts,oligo
NLA17_KY-10023,2017,61.18298661219375,54.86000709488203,37.40457,-87.52033,143,10,0.405,11.0875,4.2,2.95,sdd_ts,meso
NLA17_KY-10023,2017,61.18298661219375,54.86000709488203,37.40457,-87.52033,143,10,0.405,11.0875,4.2,2.95,rot_ts,meso-eutro
NLA17_KY-10023,2017,61.18298661219375,54.86000709488203,37.40457,-87.52033,143,10,0.405,11.0875,4.2,2.95,crs_ts,eutro
NLA17_KY-10024,2017,60.3243569562361,52.27768147132197,37.54089,-84.17999,241,4,0.234,8.94625,2.87,1.75,ncp_ts,oligo
NLA17_KY-10024,2017,60.3243569562361,52.27768147132197,37.54089,-84.17999,241,4,0.234,8.94625,2.87,1.75,chla_ts,meso
NLA17_KY-10024,2017,60.3243569562361,52.27768147132197,37.54089,-84.17999,241,4,0.234,8.94625,2.87,1.75,ptl_ts,oligo
NLA17_KY-10024,2017,60.3243569562361,52.27768147132197,37.54089,-84.17999,241,4,0.234,8.94625,2.87,1.75,sdd_ts,eutro
NLA17_KY-10024,2017,60.3243569562361,52.27768147132197,37.54089,-84.17999,241,4,0.234,8.94625,2.87,1.75,rot_ts,meso-eutro
NLA17_KY-10024,2017,60.3243569562361,52.27768147132197,37.54089,-84.17999,241,4,0.234,8.94625,2.87,1.75,crs_ts,eutro
NLA17_KY-10027,2017,62.27464544197789,57.370542569583534,38.49867,-84.5809,256,25,1.038,35.195,28.08,0.75,ncp_ts,mixo
NLA17_KY-10027,2017,62.27464544197789,57.370542569583534,38.49867,-84.5809,256,25,1.038,35.195,28.08,0.75,chla_ts,eutro
NLA17_KY-10027,2017,62.27464544197789,57.370542569583534,38.49867,-84.5809,256,25,1.038,35.195,28.08,0.75,ptl_ts,eutro
NLA17_KY-10027,2017,62.27464544197789,57.370542569583534,38.49867,-84.5809,256,25,1.038,35.195,28.08,0.75,sdd_ts,eutro
NLA17_KY-10027,2017,62.27464544197789,57.370542569583534,38.49867,-84.5809,256,25,1.038,35.195,28.08,0.75,rot_ts,eutro
NLA17_KY-10027,2017,62.27464544197789,57.370542569583534,38.49867,-84.5809,256,25,1.038,35.195,28.08,0.75,crs_ts,eutro
NLA17_LA-10001,2017,60.67665885015399,53.353044399391536,31.6674,-91.50773,14,12.5,1.2405,112.078125,63.065,0.6375,ncp_ts,eutro
NLA17_LA-10001,2017,60.67665885015399,53.353044399391536,31.6674,-91.50773,14,12.5,1.2405,112.078125,63.065,0.6375,chla_ts,hypereu
NLA17_LA-10001,2017,60.67665885015399,53.353044399391536,31.6674,-91.50773,14,12.5,1.2405,112.078125,63.065,0.6375,ptl_ts,hypereu
NLA17_LA-10001,2017,60.67665885015399,53.353044399391536,31.6674,-91.50773,14,12.5,1.2405,112.078125,63.065,0.6375,sdd_ts,eutro
NLA17_LA-10001,2017,60.67665885015399,53.353044399391536,31.6674,-91.50773,14,12.5,1.2405,112.078125,63.065,0.6375,rot_ts,meso-eutro
NLA17_LA-10001,2017,60.67665885015399,53.353044399391536,31.6674,-91.50773,14,12.5,1.2405,112.078125,63.065,0.6375,crs_ts,eutro
NLA17_LA-10002,2017,52.515960439476565,55.19592893239548,31.3165,-92.73712,30,20,0.549,38.23625,20.27,1.375,ncp_ts,eutro
NLA17_LA-10002,2017,52.515960439476565,55.19592893239548,31.3165,-92.73712,30,20,0.549,38.23625,20.27,1.375,chla_ts,eutro
NLA17_LA-10002,2017,52.515960439476565,55.19592893239548,31.3165,-92.73712,30,20,0.549,38.23625,20.27,1.375,ptl_ts,eutro
NLA17_LA-10002,2017,52.515960439476565,55.19592893239548,31.3165,-92.73712,30,20,0.549,38.23625,20.27,1.375,sdd_ts,eutro
NLA17_LA-10002,2017,52.515960439476565,55.19592893239548,31.3165,-92.73712,30,20,0.549,38.23625,20.27,1.375,rot_ts,eutro
NLA17_LA-10002,2017,52.515960439476565,55.19592893239548,31.3165,-92.73712,30,20,0.549,38.23625,20.27,1.375,crs_ts,meso-eutro
NLA17_LA-10004,2017,63.58541103762663,54.191922530530206,29.89163,-92.75451,0,46,0.7484999999999999,151.64375,6.630000000000001,0.32499999999999996,ncp_ts,mixo
NLA17_LA-10004,2017,63.58541103762663,54.191922530530206,29.89163,-92.75451,0,46,0.7484999999999999,151.64375,6.630000000000001,0.32499999999999996,chla_ts,meso
NLA17_LA-10004,2017,63.58541103762663,54.191922530530206,29.89163,-92.75451,0,46,0.7484999999999999,151.64375,6.630000000000001,0.32499999999999996,ptl_ts,hypereu
NLA17_LA-10004,2017,63.58541103762663,54.191922530530206,29.89163,-92.75451,0,46,0.7484999999999999,151.64375,6.630000000000001,0.32499999999999996,sdd_ts,hypereu
NLA17_LA-10004,2017,63.58541103762663,54.191922530530206,29.89163,-92.75451,0,46,0.7484999999999999,151.64375,6.630000000000001,0.32499999999999996,rot_ts,meso-eutro
NLA17_LA-10004,2017,63.58541103762663,54.191922530530206,29.89163,-92.75451,0,46,0.7484999999999999,151.64375,6.630000000000001,0.32499999999999996,crs_ts,eutro
NLA17_LA-10006,2017,56.134356304486076,51.554278703273155,30.83414,-92.4765,28,25,0.674,79.6075,15.88,0.225,ncp_ts,mixo
NLA17_LA-10006,2017,56.134356304486076,51.554278703273155,30.83414,-92.4765,28,25,0.674,79.6075,15.88,0.225,chla_ts,eutro
NLA17_LA-10006,2017,56.134356304486076,51.554278703273155,30.83414,-92.4765,28,25,0.674,79.6075,15.88,0.225,ptl_ts,eutro
NLA17_LA-10006,2017,56.134356304486076,51.554278703273155,30.83414,-92.4765,28,25,0.674,79.6075,15.88,0.225,sdd_ts,hypereu
NLA17_LA-10006,2017,56.134356304486076,51.554278703273155,30.83414,-92.4765,28,25,0.674,79.6075,15.88,0.225,rot_ts,meso-eutro
NLA17_LA-10006,2017,56.134356304486076,51.554278703273155,30.83414,-92.4765,28,25,0.674,79.6075,15.88,0.225,crs_ts,eutro
NLA17_LA-10007,2017,50.205052489711655,51.109167096828,30.4245,-91.16672,6,15,1.456,236.06125,79.6,0.375,ncp_ts,eutro
NLA17_LA-10007,2017,50.205052489711655,51.109167096828,30.4245,-91.16672,6,15,1.456,236.06125,79.6,0.375,chla_ts,hypereu
NLA17_LA-10007,2017,50.205052489711655,51.109167096828,30.4245,-91.16672,6,15,1.456,236.06125,79.6,0.375,ptl_ts,hypereu
NLA17_LA-10007,2017,50.205052489711655,51.109167096828,30.4245,-91.16672,6,15,1.456,236.06125,79.6,0.375,sdd_ts,hypereu
NLA17_LA-10007,2017,50.205052489711655,51.109167096828,30.4245,-91.16672,6,15,1.456,236.06125,79.6,0.375,rot_ts,meso-eutro
NLA17_LA-10007,2017,50.205052489711655,51.109167096828,30.4245,-91.16672,6,15,1.456,236.06125,79.6,0.375,crs_ts,meso-eutro
NLA17_LA-10015,2017,56.78798747304815,50.330353242439486,32.713,-91.69816,26,21,0.969,99.93,41.6,0.775,ncp_ts,mixo
NLA17_LA-10015,2017,56.78798747304815,50.330353242439486,32.713,-91.69816,26,21,0.969,99.93,41.6,0.775,chla_ts,eutro
NLA17_LA-10015,2017,56.78798747304815,50.330353242439486,32.713,-91.69816,26,21,0.969,99.93,41.6,0.775,ptl_ts,hypereu
NLA17_LA-10015,2017,56.78798747304815,50.330353242439486,32.713,-91.69816,26,21,0.969,99.93,41.6,0.775,sdd_ts,eutro
NLA17_LA-10015,2017,56.78798747304815,50.330353242439486,32.713,-91.69816,26,21,0.969,99.93,41.6,0.775,rot_ts,meso-eutro
NLA17_LA-10015,2017,56.78798747304815,50.330353242439486,32.713,-91.69816,26,21,0.969,99.93,41.6,0.775,crs_ts,eutro
NLA17_LA-10018,2017,61.57760417656237,50.47911848099763,32.3514,-93.7702,44,55,1.389,251.98,84.8,0.475,ncp_ts,mixo
NLA17_LA-10018,2017,61.57760417656237,50.47911848099763,32.3514,-93.7702,44,55,1.389,251.98,84.8,0.475,chla_ts,hypereu
NLA17_LA-10018,2017,61.57760417656237,50.47911848099763,32.3514,-93.7702,44,55,1.389,251.98,84.8,0.475,ptl_ts,hypereu
NLA17_LA-10018,2017,61.57760417656237,50.47911848099763,32.3514,-93.7702,44,55,1.389,251.98,84.8,0.475,sdd_ts,hypereu
NLA17_LA-10018,2017,61.57760417656237,50.47911848099763,32.3514,-93.7702,44,55,1.389,251.98,84.8,0.475,rot_ts,meso-eutro
NLA17_LA-10018,2017,61.57760417656237,50.47911848099763,32.3514,-93.7702,44,55,1.389,251.98,84.8,0.475,crs_ts,eutro
NLA17_LA-10024,2017,44.9303802754004,52.85268404701874,30.54652,-90.50086,15,2,0.715,41.8425,15.31,2.05,ncp_ts,eutro
NLA17_LA-10024,2017,44.9303802754004,52.85268404701874,30.54652,-90.50086,15,2,0.715,41.8425,15.31,2.05,chla_ts,eutro
NLA17_LA-10024,2017,44.9303802754004,52.85268404701874,30.54652,-90.50086,15,2,0.715,41.8425,15.31,2.05,ptl_ts,eutro
NLA17_LA-10024,2017,44.9303802754004,52.85268404701874,30.54652,-90.50086,15,2,0.715,41.8425,15.31,2.05,sdd_ts,meso
NLA17_LA-10024,2017,44.9303802754004,52.85268404701874,30.54652,-90.50086,15,2,0.715,41.8425,15.31,2.05,rot_ts,meso-eutro
NLA17_LA-10024,2017,44.9303802754004,52.85268404701874,30.54652,-90.50086,15,2,0.715,41.8425,15.31,2.05,crs_ts,oligo-meso
NLA17_LA-10046,2017,61.43587363343097,48.07299675810124,30.78229,-90.1467,34,15,0.983,102.77625,81.87,0.625,ncp_ts,eutro
NLA17_LA-10046,2017,61.43587363343097,48.07299675810124,30.78229,-90.1467,34,15,0.983,102.77625,81.87,0.625,chla_ts,hypereu
NLA17_LA-10046,2017,61.43587363343097,48.07299675810124,30.78229,-90.1467,34,15,0.983,102.77625,81.87,0.625,ptl_ts,hypereu
NLA17_LA-10046,2017,61.43587363343097,48.07299675810124,30.78229,-90.1467,34,15,0.983,102.77625,81.87,0.625,sdd_ts,eutro
NLA17_LA-10046,2017,61.43587363343097,48.07299675810124,30.78229,-90.1467,34,15,0.983,102.77625,81.87,0.625,rot_ts,meso-eutro
NLA17_LA-10046,2017,61.43587363343097,48.07299675810124,30.78229,-90.1467,34,15,0.983,102.77625,81.87,0.625,crs_ts,eutro
NLA17_LA-10075,2017,65.40571694410738,45.904328210234546,31.44023,-92.23634,19,13,0.904,66.84,36.24,0.575,ncp_ts,eutro
NLA17_LA-10075,2017,65.40571694410738,45.904328210234546,31.44023,-92.23634,19,13,0.904,66.84,36.24,0.575,chla_ts,eutro
NLA17_LA-10075,2017,65.40571694410738,45.904328210234546,31.44023,-92.23634,19,13,0.904,66.84,36.24,0.575,ptl_ts,eutro
NLA17_LA-10075,2017,65.40571694410738,45.904328210234546,31.44023,-92.23634,19,13,0.904,66.84,36.24,0.575,sdd_ts,eutro
NLA17_LA-10075,2017,65.40571694410738,45.904328210234546,31.44023,-92.23634,19,13,0.904,66.84,36.24,0.575,rot_ts,meso-eutro
NLA17_LA-10075,2017,65.40571694410738,45.904328210234546,31.44023,-92.23634,19,13,0.904,66.84,36.24,0.575,crs_ts,hypereu
NLA17_LA-10108,2017,59.91774882587333,51.03616733369935,30.97631,-91.12686,83,40,0.583,41.6625,19.44,1.25,ncp_ts,mixo
NLA17_LA-10108,2017,59.91774882587333,51.03616733369935,30.97631,-91.12686,83,40,0.583,41.6625,19.44,1.25,chla_ts,eutro
NLA17_LA-10108,2017,59.91774882587333,51.03616733369935,30.97631,-91.12686,83,40,0.583,41.6625,19.44,1.25,ptl_ts,eutro
NLA17_LA-10108,2017,59.91774882587333,51.03616733369935,30.97631,-91.12686,83,40,0.583,41.6625,19.44,1.25,sdd_ts,eutro
NLA17_LA-10108,2017,59.91774882587333,51.03616733369935,30.97631,-91.12686,83,40,0.583,41.6625,19.44,1.25,rot_ts,meso-eutro
NLA17_LA-10108,2017,59.91774882587333,51.03616733369935,30.97631,-91.12686,83,40,0.583,41.6625,19.44,1.25,crs_ts,eutro
NLA17_LA-10155,2017,62.40530867771893,52.44994805576504,32.04151,-91.99869,16,10,0.705,46.7775,25.6,1.45,ncp_ts,eutro
NLA17_LA-10155,2017,62.40530867771893,52.44994805576504,32.04151,-91.99869,16,10,0.705,46.7775,25.6,1.45,chla_ts,eutro
NLA17_LA-10155,2017,62.40530867771893,52.44994805576504,32.04151,-91.99869,16,10,0.705,46.7775,25.6,1.45,ptl_ts,eutro
NLA17_LA-10155,2017,62.40530867771893,52.44994805576504,32.04151,-91.99869,16,10,0.705,46.7775,25.6,1.45,sdd_ts,eutro
NLA17_LA-10155,2017,62.40530867771893,52.44994805576504,32.04151,-91.99869,16,10,0.705,46.7775,25.6,1.45,rot_ts,meso-eutro
NLA17_LA-10155,2017,62.40530867771893,52.44994805576504,32.04151,-91.99869,16,10,0.705,46.7775,25.6,1.45,crs_ts,eutro
NLA17_LA-10231,2017,54.07260806886245,51.195479108470295,32.46931,-93.69903,44,18,1.299,166.4225,55,0.275,ncp_ts,eutro
NLA17_LA-10231,2017,54.07260806886245,51.195479108470295,32.46931,-93.69903,44,18,1.299,166.4225,55,0.275,chla_ts,eutro
NLA17_LA-10231,2017,54.07260806886245,51.195479108470295,32.46931,-93.69903,44,18,1.299,166.4225,55,0.275,ptl_ts,hypereu
NLA17_LA-10231,2017,54.07260806886245,51.195479108470295,32.46931,-93.69903,44,18,1.299,166.4225,55,0.275,sdd_ts,hypereu
NLA17_LA-10231,2017,54.07260806886245,51.195479108470295,32.46931,-93.69903,44,18,1.299,166.4225,55,0.275,rot_ts,meso-eutro
NLA17_LA-10231,2017,54.07260806886245,51.195479108470295,32.46931,-93.69903,44,18,1.299,166.4225,55,0.275,crs_ts,meso-eutro
NLA17_LA-10303,2017,56.58492705369692,52.64964108247103,32.58905,-92.04032,20,38,0.689,66.3125,51.2,1.1,ncp_ts,mixo
NLA17_LA-10303,2017,56.58492705369692,52.64964108247103,32.58905,-92.04032,20,38,0.689,66.3125,51.2,1.1,chla_ts,eutro
NLA17_LA-10303,2017,56.58492705369692,52.64964108247103,32.58905,-92.04032,20,38,0.689,66.3125,51.2,1.1,ptl_ts,eutro
NLA17_LA-10303,2017,56.58492705369692,52.64964108247103,32.58905,-92.04032,20,38,0.689,66.3125,51.2,1.1,sdd_ts,eutro
NLA17_LA-10303,2017,56.58492705369692,52.64964108247103,32.58905,-92.04032,20,38,0.689,66.3125,51.2,1.1,rot_ts,meso-eutro
NLA17_LA-10303,2017,56.58492705369692,52.64964108247103,32.58905,-92.04032,20,38,0.689,66.3125,51.2,1.1,crs_ts,eutro
NLA17_MA-10001,2017,67.61183073154398,56.28539639940733,41.76019,-70.65755,1,31.5,0.1995,12.55,5.33,1.85,ncp_ts,dys
NLA17_MA-10001,2017,67.61183073154398,56.28539639940733,41.76019,-70.65755,1,31.5,0.1995,12.55,5.33,1.85,chla_ts,meso
NLA17_MA-10001,2017,67.61183073154398,56.28539639940733,41.76019,-70.65755,1,31.5,0.1995,12.55,5.33,1.85,ptl_ts,meso
NLA17_MA-10001,2017,67.61183073154398,56.28539639940733,41.76019,-70.65755,1,31.5,0.1995,12.55,5.33,1.85,sdd_ts,eutro
NLA17_MA-10001,2017,67.61183073154398,56.28539639940733,41.76019,-70.65755,1,31.5,0.1995,12.55,5.33,1.85,rot_ts,eutro
NLA17_MA-10001,2017,67.61183073154398,56.28539639940733,41.76019,-70.65755,1,31.5,0.1995,12.55,5.33,1.85,crs_ts,hypereu
NLA17_MA-10002,2017,66.49778784916138,40.32668376920343,41.98474,-71.2003,30,20,0.705,29.745,5.03,NA,ncp_ts,oligo
NLA17_MA-10002,2017,66.49778784916138,40.32668376920343,41.98474,-71.2003,30,20,0.705,29.745,5.03,NA,chla_ts,meso
NLA17_MA-10002,2017,66.49778784916138,40.32668376920343,41.98474,-71.2003,30,20,0.705,29.745,5.03,NA,ptl_ts,eutro
NLA17_MA-10002,2017,66.49778784916138,40.32668376920343,41.98474,-71.2003,30,20,0.705,29.745,5.03,NA,sdd_ts,NA
NLA17_MA-10002,2017,66.49778784916138,40.32668376920343,41.98474,-71.2003,30,20,0.705,29.745,5.03,NA,rot_ts,oligo-meso
NLA17_MA-10002,2017,66.49778784916138,40.32668376920343,41.98474,-71.2003,30,20,0.705,29.745,5.03,NA,crs_ts,hypereu
NLA17_MA-10003,2017,64.36735870933454,49.633460041647055,42.31289,-73.13714,536,35,0.504,23.155,9.68,1.55,ncp_ts,dys
NLA17_MA-10003,2017,64.36735870933454,49.633460041647055,42.31289,-73.13714,536,35,0.504,23.155,9.68,1.55,chla_ts,eutro
NLA17_MA-10003,2017,64.36735870933454,49.633460041647055,42.31289,-73.13714,536,35,0.504,23.155,9.68,1.55,ptl_ts,meso
NLA17_MA-10003,2017,64.36735870933454,49.633460041647055,42.31289,-73.13714,536,35,0.504,23.155,9.68,1.55,sdd_ts,eutro
NLA17_MA-10003,2017,64.36735870933454,49.633460041647055,42.31289,-73.13714,536,35,0.504,23.155,9.68,1.55,rot_ts,meso-eutro
NLA17_MA-10003,2017,64.36735870933454,49.633460041647055,42.31289,-73.13714,536,35,0.504,23.155,9.68,1.55,crs_ts,eutro
NLA17_MA-10004,2017,66.89949114254267,55.168722806150804,42.64691,-72.2185,194,60.5,0.313,18.229999999999997,6.925,1.9,ncp_ts,dys
NLA17_MA-10004,2017,66.89949114254267,55.168722806150804,42.64691,-72.2185,194,60.5,0.313,18.229999999999997,6.925,1.9,chla_ts,meso
NLA17_MA-10004,2017,66.89949114254267,55.168722806150804,42.64691,-72.2185,194,60.5,0.313,18.229999999999997,6.925,1.9,ptl_ts,meso
NLA17_MA-10004,2017,66.89949114254267,55.168722806150804,42.64691,-72.2185,194,60.5,0.313,18.229999999999997,6.925,1.9,sdd_ts,eutro
NLA17_MA-10004,2017,66.89949114254267,55.168722806150804,42.64691,-72.2185,194,60.5,0.313,18.229999999999997,6.925,1.9,rot_ts,eutro
NLA17_MA-10004,2017,66.89949114254267,55.168722806150804,42.64691,-72.2185,194,60.5,0.313,18.229999999999997,6.925,1.9,crs_ts,hypereu
NLA17_MA-10005,2017,65.89553642387291,28.919665944446937,42.14574,-72.51368,62,10,0.306,8.23375,2.35,4.45,ncp_ts,oligo
NLA17_MA-10005,2017,65.89553642387291,28.919665944446937,42.14574,-72.51368,62,10,0.306,8.23375,2.35,4.45,chla_ts,oligo
NLA17_MA-10005,2017,65.89553642387291,28.919665944446937,42.14574,-72.51368,62,10,0.306,8.23375,2.35,4.45,ptl_ts,oligo
NLA17_MA-10005,2017,65.89553642387291,28.919665944446937,42.14574,-72.51368,62,10,0.306,8.23375,2.35,4.45,sdd_ts,oligo
NLA17_MA-10005,2017,65.89553642387291,28.919665944446937,42.14574,-72.51368,62,10,0.306,8.23375,2.35,4.45,rot_ts,oligo-meso
NLA17_MA-10005,2017,65.89553642387291,28.919665944446937,42.14574,-72.51368,62,10,0.306,8.23375,2.35,4.45,crs_ts,hypereu
NLA17_MA-10007,2017,60.4037250472411,53.42895394794934,42.10683,-71.13425,63,20,0.416,19.205,3.89,NA,ncp_ts,oligo
NLA17_MA-10007,2017,60.4037250472411,53.42895394794934,42.10683,-71.13425,63,20,0.416,19.205,3.89,NA,chla_ts,meso
NLA17_MA-10007,2017,60.4037250472411,53.42895394794934,42.10683,-71.13425,63,20,0.416,19.205,3.89,NA,ptl_ts,meso
NLA17_MA-10007,2017,60.4037250472411,53.42895394794934,42.10683,-71.13425,63,20,0.416,19.205,3.89,NA,sdd_ts,NA
NLA17_MA-10007,2017,60.4037250472411,53.42895394794934,42.10683,-71.13425,63,20,0.416,19.205,3.89,NA,rot_ts,meso-eutro
NLA17_MA-10007,2017,60.4037250472411,53.42895394794934,42.10683,-71.13425,63,20,0.416,19.205,3.89,NA,crs_ts,eutro
NLA17_MA-10017,2017,64.32689830987755,53.20776104378032,42.71482,-71.09953,37,76,1.778,280.43875,26.17,0.95,ncp_ts,mixo
NLA17_MA-10017,2017,64.32689830987755,53.20776104378032,42.71482,-71.09953,37,76,1.778,280.43875,26.17,0.95,chla_ts,eutro
NLA17_MA-10017,2017,64.32689830987755,53.20776104378032,42.71482,-71.09953,37,76,1.778,280.43875,26.17,0.95,ptl_ts,hypereu
NLA17_MA-10017,2017,64.32689830987755,53.20776104378032,42.71482,-71.09953,37,76,1.778,280.43875,26.17,0.95,sdd_ts,eutro
NLA17_MA-10017,2017,64.32689830987755,53.20776104378032,42.71482,-71.09953,37,76,1.778,280.43875,26.17,0.95,rot_ts,meso-eutro
NLA17_MA-10017,2017,64.32689830987755,53.20776104378032,42.71482,-71.09953,37,76,1.778,280.43875,26.17,0.95,crs_ts,eutro
NLA17_MA-10018,2017,63.98360133316016,46.61795548361641,42.06987046,-72.27857053,235,40,0.388,23.545,10.76,NA,ncp_ts,dys
NLA17_MA-10018,2017,63.98360133316016,46.61795548361641,42.06987046,-72.27857053,235,40,0.388,23.545,10.76,NA,chla_ts,eutro
NLA17_MA-10018,2017,63.98360133316016,46.61795548361641,42.06987046,-72.27857053,235,40,0.388,23.545,10.76,NA,ptl_ts,meso
NLA17_MA-10018,2017,63.98360133316016,46.61795548361641,42.06987046,-72.27857053,235,40,0.388,23.545,10.76,NA,sdd_ts,NA
NLA17_MA-10018,2017,63.98360133316016,46.61795548361641,42.06987046,-72.27857053,235,40,0.388,23.545,10.76,NA,rot_ts,meso-eutro
NLA17_MA-10018,2017,63.98360133316016,46.61795548361641,42.06987046,-72.27857053,235,40,0.388,23.545,10.76,NA,crs_ts,eutro
NLA17_MA-10019,2017,61.76932102867716,50.7493673161141,41.64846,-70.44178,11,34,0.335,8.4975,4.14,3.1500000000000004,ncp_ts,dys
NLA17_MA-10019,2017,61.76932102867716,50.7493673161141,41.64846,-70.44178,11,34,0.335,8.4975,4.14,3.1500000000000004,chla_ts,meso
NLA17_MA-10019,2017,61.76932102867716,50.7493673161141,41.64846,-70.44178,11,34,0.335,8.4975,4.14,3.1500000000000004,ptl_ts,oligo
NLA17_MA-10019,2017,61.76932102867716,50.7493673161141,41.64846,-70.44178,11,34,0.335,8.4975,4.14,3.1500000000000004,sdd_ts,meso
NLA17_MA-10019,2017,61.76932102867716,50.7493673161141,41.64846,-70.44178,11,34,0.335,8.4975,4.14,3.1500000000000004,rot_ts,meso-eutro
NLA17_MA-10019,2017,61.76932102867716,50.7493673161141,41.64846,-70.44178,11,34,0.335,8.4975,4.14,3.1500000000000004,crs_ts,eutro
NLA17_MA-10022,2017,61.6651948705047,53.314684165574434,42.51001915,-72.28161616,164,30,0.428,12.25125,2.78,3.45,ncp_ts,dys
NLA17_MA-10022,2017,61.6651948705047,53.314684165574434,42.51001915,-72.28161616,164,30,0.428,12.25125,2.78,3.45,chla_ts,meso
NLA17_MA-10022,2017,61.6651948705047,53.314684165574434,42.51001915,-72.28161616,164,30,0.428,12.25125,2.78,3.45,ptl_ts,meso
NLA17_MA-10022,2017,61.6651948705047,53.314684165574434,42.51001915,-72.28161616,164,30,0.428,12.25125,2.78,3.45,sdd_ts,meso
NLA17_MA-10022,2017,61.6651948705047,53.314684165574434,42.51001915,-72.28161616,164,30,0.428,12.25125,2.78,3.45,rot_ts,meso-eutro
NLA17_MA-10022,2017,61.6651948705047,53.314684165574434,42.51001915,-72.28161616,164,30,0.428,12.25125,2.78,3.45,crs_ts,eutro
NLA17_MA-HP001,2017,61.21950169285451,53.48519139381358,42.163341,-73.118017,427.6,65,0.37,15.29875,16.34,1.6600000000000001,ncp_ts,dys
NLA17_MA-HP001,2017,61.21950169285451,53.48519139381358,42.163341,-73.118017,427.6,65,0.37,15.29875,16.34,1.6600000000000001,chla_ts,eutro
NLA17_MA-HP001,2017,61.21950169285451,53.48519139381358,42.163341,-73.118017,427.6,65,0.37,15.29875,16.34,1.6600000000000001,ptl_ts,meso
NLA17_MA-HP001,2017,61.21950169285451,53.48519139381358,42.163341,-73.118017,427.6,65,0.37,15.29875,16.34,1.6600000000000001,sdd_ts,eutro
NLA17_MA-HP001,2017,61.21950169285451,53.48519139381358,42.163341,-73.118017,427.6,65,0.37,15.29875,16.34,1.6600000000000001,rot_ts,meso-eutro
NLA17_MA-HP001,2017,61.21950169285451,53.48519139381358,42.163341,-73.118017,427.6,65,0.37,15.29875,16.34,1.6600000000000001,crs_ts,eutro
NLA17_MD-10001,2017,66.8031158634599,55.20270902150959,39.70337,-78.65291,355,7.5,0.217,4.315625,1.225,5.5,ncp_ts,oligo
NLA17_MD-10001,2017,66.8031158634599,55.20270902150959,39.70337,-78.65291,355,7.5,0.217,4.315625,1.225,5.5,chla_ts,oligo
NLA17_MD-10001,2017,66.8031158634599,55.20270902150959,39.70337,-78.65291,355,7.5,0.217,4.315625,1.225,5.5,ptl_ts,oligo
NLA17_MD-10001,2017,66.8031158634599,55.20270902150959,39.70337,-78.65291,355,7.5,0.217,4.315625,1.225,5.5,sdd_ts,oligo
NLA17_MD-10001,2017,66.8031158634599,55.20270902150959,39.70337,-78.65291,355,7.5,0.217,4.315625,1.225,5.5,rot_ts,eutro
NLA17_MD-10001,2017,66.8031158634599,55.20270902150959,39.70337,-78.65291,355,7.5,0.217,4.315625,1.225,5.5,crs_ts,hypereu
NLA17_MD-10002,2017,64.0114775834216,52.47250574080404,39.6863,-79.22991,779,2,0.503,7.7675,5.52,NA,ncp_ts,oligo
NLA17_MD-10002,2017,64.0114775834216,52.47250574080404,39.6863,-79.22991,779,2,0.503,7.7675,5.52,NA,chla_ts,meso
NLA17_MD-10002,2017,64.0114775834216,52.47250574080404,39.6863,-79.22991,779,2,0.503,7.7675,5.52,NA,ptl_ts,oligo
NLA17_MD-10002,2017,64.0114775834216,52.47250574080404,39.6863,-79.22991,779,2,0.503,7.7675,5.52,NA,sdd_ts,NA
NLA17_MD-10002,2017,64.0114775834216,52.47250574080404,39.6863,-79.22991,779,2,0.503,7.7675,5.52,NA,rot_ts,meso-eutro
NLA17_MD-10002,2017,64.0114775834216,52.47250574080404,39.6863,-79.22991,779,2,0.503,7.7675,5.52,NA,crs_ts,eutro
NLA17_MD-10003,2017,69.24746883375288,57.644235706994344,39.12696,-77.13091,100,18,1.4525000000000001,45.565625,18.4,0.9125,ncp_ts,eutro
NLA17_MD-10003,2017,69.24746883375288,57.644235706994344,39.12696,-77.13091,100,18,1.4525000000000001,45.565625,18.4,0.9125,chla_ts,eutro
NLA17_MD-10003,2017,69.24746883375288,57.644235706994344,39.12696,-77.13091,100,18,1.4525000000000001,45.565625,18.4,0.9125,ptl_ts,eutro
NLA17_MD-10003,2017,69.24746883375288,57.644235706994344,39.12696,-77.13091,100,18,1.4525000000000001,45.565625,18.4,0.9125,sdd_ts,eutro
NLA17_MD-10003,2017,69.24746883375288,57.644235706994344,39.12696,-77.13091,100,18,1.4525000000000001,45.565625,18.4,0.9125,rot_ts,eutro
NLA17_MD-10003,2017,69.24746883375288,57.644235706994344,39.12696,-77.13091,100,18,1.4525000000000001,45.565625,18.4,0.9125,crs_ts,hypereu
NLA17_MD-10004,2017,61.94054272190701,51.03616733369935,38.32546,-76.4328,1,34,2.108,133.015,105.55,0.225,ncp_ts,mixo
NLA17_MD-10004,2017,61.94054272190701,51.03616733369935,38.32546,-76.4328,1,34,2.108,133.015,105.55,0.225,chla_ts,hypereu
NLA17_MD-10004,2017,61.94054272190701,51.03616733369935,38.32546,-76.4328,1,34,2.108,133.015,105.55,0.225,ptl_ts,hypereu
NLA17_MD-10004,2017,61.94054272190701,51.03616733369935,38.32546,-76.4328,1,34,2.108,133.015,105.55,0.225,sdd_ts,hypereu
NLA17_MD-10004,2017,61.94054272190701,51.03616733369935,38.32546,-76.4328,1,34,2.108,133.015,105.55,0.225,rot_ts,meso-eutro
NLA17_MD-10004,2017,61.94054272190701,51.03616733369935,38.32546,-76.4328,1,34,2.108,133.015,105.55,0.225,crs_ts,eutro
NLA17_MD-10015,2017,63.46882333261347,52.977082652742936,38.48058,-76.64456,1,50,0.329,20.0825,5.46,0.8500000000000001,ncp_ts,dys
NLA17_MD-10015,2017,63.46882333261347,52.977082652742936,38.48058,-76.64456,1,50,0.329,20.0825,5.46,0.8500000000000001,chla_ts,meso
NLA17_MD-10015,2017,63.46882333261347,52.977082652742936,38.48058,-76.64456,1,50,0.329,20.0825,5.46,0.8500000000000001,ptl_ts,meso
NLA17_MD-10015,2017,63.46882333261347,52.977082652742936,38.48058,-76.64456,1,50,0.329,20.0825,5.46,0.8500000000000001,sdd_ts,eutro
NLA17_MD-10015,2017,63.46882333261347,52.977082652742936,38.48058,-76.64456,1,50,0.329,20.0825,5.46,0.8500000000000001,rot_ts,meso-eutro
NLA17_MD-10015,2017,63.46882333261347,52.977082652742936,38.48058,-76.64456,1,50,0.329,20.0825,5.46,0.8500000000000001,crs_ts,eutro
NLA17_MD-10026,2017,61.18298661219375,50.62388057770682,39.40526,-76.98918,164,10,0.729,9.41125,3.7,4.05,ncp_ts,oligo
NLA17_MD-10026,2017,61.18298661219375,50.62388057770682,39.40526,-76.98918,164,10,0.729,9.41125,3.7,4.05,chla_ts,meso
NLA17_MD-10026,2017,61.18298661219375,50.62388057770682,39.40526,-76.98918,164,10,0.729,9.41125,3.7,4.05,ptl_ts,oligo
NLA17_MD-10026,2017,61.18298661219375,50.62388057770682,39.40526,-76.98918,164,10,0.729,9.41125,3.7,4.05,sdd_ts,oligo
NLA17_MD-10026,2017,61.18298661219375,50.62388057770682,39.40526,-76.98918,164,10,0.729,9.41125,3.7,4.05,rot_ts,meso-eutro
NLA17_MD-10026,2017,61.18298661219375,50.62388057770682,39.40526,-76.98918,164,10,0.729,9.41125,3.7,4.05,crs_ts,eutro
NLA17_MD-10034,2017,61.88947618427927,51.36405686866724,39.16392,-77.20148,108,15,0.915,58.1925,44,0.45,ncp_ts,eutro
NLA17_MD-10034,2017,61.88947618427927,51.36405686866724,39.16392,-77.20148,108,15,0.915,58.1925,44,0.45,chla_ts,eutro
NLA17_MD-10034,2017,61.88947618427927,51.36405686866724,39.16392,-77.20148,108,15,0.915,58.1925,44,0.45,ptl_ts,eutro
NLA17_MD-10034,2017,61.88947618427927,51.36405686866724,39.16392,-77.20148,108,15,0.915,58.1925,44,0.45,sdd_ts,hypereu
NLA17_MD-10034,2017,61.88947618427927,51.36405686866724,39.16392,-77.20148,108,15,0.915,58.1925,44,0.45,rot_ts,meso-eutro
NLA17_MD-10034,2017,61.88947618427927,51.36405686866724,39.16392,-77.20148,108,15,0.915,58.1925,44,0.45,crs_ts,eutro
NLA17_MD-10038,2017,54.63348899571212,52.427295390719515,38.72347,-76.09442,1,35,1.786,436.71125,54.08,0.25,ncp_ts,mixo
NLA17_MD-10038,2017,54.63348899571212,52.427295390719515,38.72347,-76.09442,1,35,1.786,436.71125,54.08,0.25,chla_ts,eutro
NLA17_MD-10038,2017,54.63348899571212,52.427295390719515,38.72347,-76.09442,1,35,1.786,436.71125,54.08,0.25,ptl_ts,hypereu
NLA17_MD-10038,2017,54.63348899571212,52.427295390719515,38.72347,-76.09442,1,35,1.786,436.71125,54.08,0.25,sdd_ts,hypereu
NLA17_MD-10038,2017,54.63348899571212,52.427295390719515,38.72347,-76.09442,1,35,1.786,436.71125,54.08,0.25,rot_ts,meso-eutro
NLA17_MD-10038,2017,54.63348899571212,52.427295390719515,38.72347,-76.09442,1,35,1.786,436.71125,54.08,0.25,crs_ts,meso-eutro
NLA17_ME-10001,2017,67.17329100397349,55.349749229706894,44.87848,-68.22616,98,22.5,0.266,6.355,1.81,NA,ncp_ts,dys
NLA17_ME-10001,2017,67.17329100397349,55.349749229706894,44.87848,-68.22616,98,22.5,0.266,6.355,1.81,NA,chla_ts,oligo
NLA17_ME-10001,2017,67.17329100397349,55.349749229706894,44.87848,-68.22616,98,22.5,0.266,6.355,1.81,NA,ptl_ts,oligo
NLA17_ME-10001,2017,67.17329100397349,55.349749229706894,44.87848,-68.22616,98,22.5,0.266,6.355,1.81,NA,sdd_ts,NA
NLA17_ME-10001,2017,67.17329100397349,55.349749229706894,44.87848,-68.22616,98,22.5,0.266,6.355,1.81,NA,rot_ts,eutro
NLA17_ME-10001,2017,67.17329100397349,55.349749229706894,44.87848,-68.22616,98,22.5,0.266,6.355,1.81,NA,crs_ts,hypereu
NLA17_ME-10002,2017,61.9744462860207,51.51407926344094,44.76672,-67.69865,69,22,0.158,3.315,1.27,6.26,ncp_ts,dys
NLA17_ME-10002,2017,61.9744462860207,51.51407926344094,44.76672,-67.69865,69,22,0.158,3.315,1.27,6.26,chla_ts,oligo
NLA17_ME-10002,2017,61.9744462860207,51.51407926344094,44.76672,-67.69865,69,22,0.158,3.315,1.27,6.26,ptl_ts,oligo
NLA17_ME-10002,2017,61.9744462860207,51.51407926344094,44.76672,-67.69865,69,22,0.158,3.315,1.27,6.26,sdd_ts,oligo
NLA17_ME-10002,2017,61.9744462860207,51.51407926344094,44.76672,-67.69865,69,22,0.158,3.315,1.27,6.26,rot_ts,meso-eutro
NLA17_ME-10002,2017,61.9744462860207,51.51407926344094,44.76672,-67.69865,69,22,0.158,3.315,1.27,6.26,crs_ts,eutro
NLA17_ME-10003,2017,62.48614143181511,50.4953968595286,45.63439,-70.36642,379,30,0.223,6.46,3.01,4.345000000000001,ncp_ts,dys
NLA17_ME-10003,2017,62.48614143181511,50.4953968595286,45.63439,-70.36642,379,30,0.223,6.46,3.01,4.345000000000001,chla_ts,meso
NLA17_ME-10003,2017,62.48614143181511,50.4953968595286,45.63439,-70.36642,379,30,0.223,6.46,3.01,4.345000000000001,ptl_ts,oligo
NLA17_ME-10003,2017,62.48614143181511,50.4953968595286,45.63439,-70.36642,379,30,0.223,6.46,3.01,4.345000000000001,sdd_ts,oligo
NLA17_ME-10003,2017,62.48614143181511,50.4953968595286,45.63439,-70.36642,379,30,0.223,6.46,3.01,4.345000000000001,rot_ts,meso-eutro
NLA17_ME-10003,2017,62.48614143181511,50.4953968595286,45.63439,-70.36642,379,30,0.223,6.46,3.01,4.345000000000001,crs_ts,eutro
NLA17_ME-10004,2017,63.871356321482715,47.70363606061038,46.16806,-69.00125,271,44,0.688,28.675,8.53,1.35,ncp_ts,dys
NLA17_ME-10004,2017,63.871356321482715,47.70363606061038,46.16806,-69.00125,271,44,0.688,28.675,8.53,1.35,chla_ts,eutro
NLA17_ME-10004,2017,63.871356321482715,47.70363606061038,46.16806,-69.00125,271,44,0.688,28.675,8.53,1.35,ptl_ts,eutro
NLA17_ME-10004,2017,63.871356321482715,47.70363606061038,46.16806,-69.00125,271,44,0.688,28.675,8.53,1.35,sdd_ts,eutro
NLA17_ME-10004,2017,63.871356321482715,47.70363606061038,46.16806,-69.00125,271,44,0.688,28.675,8.53,1.35,rot_ts,meso-eutro
NLA17_ME-10004,2017,63.871356321482715,47.70363606061038,46.16806,-69.00125,271,44,0.688,28.675,8.53,1.35,crs_ts,eutro
NLA17_ME-10006,2017,60.71505005414288,51.51407926344094,44.04172,-70.52594,129,1,0.244,4.36875,0.91,7.4,ncp_ts,oligo
NLA17_ME-10006,2017,60.71505005414288,51.51407926344094,44.04172,-70.52594,129,1,0.244,4.36875,0.91,7.4,chla_ts,oligo
NLA17_ME-10006,2017,60.71505005414288,51.51407926344094,44.04172,-70.52594,129,1,0.244,4.36875,0.91,7.4,ptl_ts,oligo
NLA17_ME-10006,2017,60.71505005414288,51.51407926344094,44.04172,-70.52594,129,1,0.244,4.36875,0.91,7.4,sdd_ts,oligo
NLA17_ME-10006,2017,60.71505005414288,51.51407926344094,44.04172,-70.52594,129,1,0.244,4.36875,0.91,7.4,rot_ts,meso-eutro
NLA17_ME-10006,2017,60.71505005414288,51.51407926344094,44.04172,-70.52594,129,1,0.244,4.36875,0.91,7.4,crs_ts,eutro
NLA17_ME-10007,2017,68.07229069414315,55.48645349923338,45.77843,-69.12447,338,44,0.544,13.4225,3.2199999999999998,3.865,ncp_ts,dys
NLA17_ME-10007,2017,68.07229069414315,55.48645349923338,45.77843,-69.12447,338,44,0.544,13.4225,3.2199999999999998,3.865,chla_ts,meso
NLA17_ME-10007,2017,68.07229069414315,55.48645349923338,45.77843,-69.12447,338,44,0.544,13.4225,3.2199999999999998,3.865,ptl_ts,meso
NLA17_ME-10007,2017,68.07229069414315,55.48645349923338,45.77843,-69.12447,338,44,0.544,13.4225,3.2199999999999998,3.865,sdd_ts,meso
NLA17_ME-10007,2017,68.07229069414315,55.48645349923338,45.77843,-69.12447,338,44,0.544,13.4225,3.2199999999999998,3.865,rot_ts,eutro
NLA17_ME-10007,2017,68.07229069414315,55.48645349923338,45.77843,-69.12447,338,44,0.544,13.4225,3.2199999999999998,3.865,crs_ts,hypereu
NLA17_ME-10009,2017,62.29106915270501,50.347087315028915,44.21011,-69.52274,54,12,0.258,7.57,1.09,4.645,ncp_ts,oligo
NLA17_ME-10009,2017,62.29106915270501,50.347087315028915,44.21011,-69.52274,54,12,0.258,7.57,1.09,4.645,chla_ts,oligo
NLA17_ME-10009,2017,62.29106915270501,50.347087315028915,44.21011,-69.52274,54,12,0.258,7.57,1.09,4.645,ptl_ts,oligo
NLA17_ME-10009,2017,62.29106915270501,50.347087315028915,44.21011,-69.52274,54,12,0.258,7.57,1.09,4.645,sdd_ts,oligo
NLA17_ME-10009,2017,62.29106915270501,50.347087315028915,44.21011,-69.52274,54,12,0.258,7.57,1.09,4.645,rot_ts,meso-eutro
NLA17_ME-10009,2017,62.29106915270501,50.347087315028915,44.21011,-69.52274,54,12,0.258,7.57,1.09,4.645,crs_ts,eutro
NLA17_ME-10010,2017,62.69339855408204,54.81650281470132,45.33344,-69.26659,183,60,0.281,11.4925,3.6,3.3449999999999998,ncp_ts,dys
NLA17_ME-10010,2017,62.69339855408204,54.81650281470132,45.33344,-69.26659,183,60,0.281,11.4925,3.6,3.3449999999999998,chla_ts,meso
NLA17_ME-10010,2017,62.69339855408204,54.81650281470132,45.33344,-69.26659,183,60,0.281,11.4925,3.6,3.3449999999999998,ptl_ts,oligo
NLA17_ME-10010,2017,62.69339855408204,54.81650281470132,45.33344,-69.26659,183,60,0.281,11.4925,3.6,3.3449999999999998,sdd_ts,meso
NLA17_ME-10010,2017,62.69339855408204,54.81650281470132,45.33344,-69.26659,183,60,0.281,11.4925,3.6,3.3449999999999998,rot_ts,meso-eutro
NLA17_ME-10010,2017,62.69339855408204,54.81650281470132,45.33344,-69.26659,183,60,0.281,11.4925,3.6,3.3449999999999998,crs_ts,eutro
NLA17_ME-10011,2017,61.52468618195221,50.7493673161141,43.76838,-70.60856,92,105,0.588,36.00375,23.73,1.26,ncp_ts,mixo
NLA17_ME-10011,2017,61.52468618195221,50.7493673161141,43.76838,-70.60856,92,105,0.588,36.00375,23.73,1.26,chla_ts,eutro
NLA17_ME-10011,2017,61.52468618195221,50.7493673161141,43.76838,-70.60856,92,105,0.588,36.00375,23.73,1.26,ptl_ts,eutro
NLA17_ME-10011,2017,61.52468618195221,50.7493673161141,43.76838,-70.60856,92,105,0.588,36.00375,23.73,1.26,sdd_ts,eutro
NLA17_ME-10011,2017,61.52468618195221,50.7493673161141,43.76838,-70.60856,92,105,0.588,36.00375,23.73,1.26,rot_ts,meso-eutro
NLA17_ME-10011,2017,61.52468618195221,50.7493673161141,43.76838,-70.60856,92,105,0.588,36.00375,23.73,1.26,crs_ts,eutro
NLA17_ME-10014,2017,61.382211411877265,53.16834694808497,43.97281299,-69.49571716,25,70,0.426,16.99125,7.93,NA,ncp_ts,dys
NLA17_ME-10014,2017,61.382211411877265,53.16834694808497,43.97281299,-69.49571716,25,70,0.426,16.99125,7.93,NA,chla_ts,eutro
NLA17_ME-10014,2017,61.382211411877265,53.16834694808497,43.97281299,-69.49571716,25,70,0.426,16.99125,7.93,NA,ptl_ts,meso
NLA17_ME-10014,2017,61.382211411877265,53.16834694808497,43.97281299,-69.49571716,25,70,0.426,16.99125,7.93,NA,sdd_ts,NA
NLA17_ME-10014,2017,61.382211411877265,53.16834694808497,43.97281299,-69.49571716,25,70,0.426,16.99125,7.93,NA,rot_ts,meso-eutro
NLA17_ME-10014,2017,61.382211411877265,53.16834694808497,43.97281299,-69.49571716,25,70,0.426,16.99125,7.93,NA,crs_ts,eutro
NLA17_ME-10016,2017,60.30441598610824,52.70382079514317,46.43397921,-69.14686517,358,55,0.854,17.69625,4.51,NA,ncp_ts,dys
NLA17_ME-10016,2017,60.30441598610824,52.70382079514317,46.43397921,-69.14686517,358,55,0.854,17.69625,4.51,NA,chla_ts,meso
NLA17_ME-10016,2017,60.30441598610824,52.70382079514317,46.43397921,-69.14686517,358,55,0.854,17.69625,4.51,NA,ptl_ts,meso
NLA17_ME-10016,2017,60.30441598610824,52.70382079514317,46.43397921,-69.14686517,358,55,0.854,17.69625,4.51,NA,sdd_ts,NA
NLA17_ME-10016,2017,60.30441598610824,52.70382079514317,46.43397921,-69.14686517,358,55,0.854,17.69625,4.51,NA,rot_ts,meso-eutro
NLA17_ME-10016,2017,60.30441598610824,52.70382079514317,46.43397921,-69.14686517,358,55,0.854,17.69625,4.51,NA,crs_ts,eutro
NLA17_ME-10018,2017,61.10955894675964,51.738003873277556,44.0685677,-69.28787409,39,60,0.45,26.4875,4.05,2.185,ncp_ts,dys
NLA17_ME-10018,2017,61.10955894675964,51.738003873277556,44.0685677,-69.28787409,39,60,0.45,26.4875,4.05,2.185,chla_ts,meso
NLA17_ME-10018,2017,61.10955894675964,51.738003873277556,44.0685677,-69.28787409,39,60,0.45,26.4875,4.05,2.185,ptl_ts,eutro
NLA17_ME-10018,2017,61.10955894675964,51.738003873277556,44.0685677,-69.28787409,39,60,0.45,26.4875,4.05,2.185,sdd_ts,meso
NLA17_ME-10018,2017,61.10955894675964,51.738003873277556,44.0685677,-69.28787409,39,60,0.45,26.4875,4.05,2.185,rot_ts,meso-eutro
NLA17_ME-10018,2017,61.10955894675964,51.738003873277556,44.0685677,-69.28787409,39,60,0.45,26.4875,4.05,2.185,crs_ts,eutro
NLA17_ME-10019,2017,62.19213186497063,50.94723968920184,46.47467226,-68.27593111,216,100,0.524,14.585,5.07,NA,ncp_ts,dys
NLA17_ME-10019,2017,62.19213186497063,50.94723968920184,46.47467226,-68.27593111,216,100,0.524,14.585,5.07,NA,chla_ts,meso
NLA17_ME-10019,2017,62.19213186497063,50.94723968920184,46.47467226,-68.27593111,216,100,0.524,14.585,5.07,NA,ptl_ts,meso
NLA17_ME-10019,2017,62.19213186497063,50.94723968920184,46.47467226,-68.27593111,216,100,0.524,14.585,5.07,NA,sdd_ts,NA
NLA17_ME-10019,2017,62.19213186497063,50.94723968920184,46.47467226,-68.27593111,216,100,0.524,14.585,5.07,NA,rot_ts,meso-eutro
NLA17_ME-10019,2017,62.19213186497063,50.94723968920184,46.47467226,-68.27593111,216,100,0.524,14.585,5.07,NA,crs_ts,eutro
NLA17_ME-10020,2017,61.292139488704926,54.31318987348864,44.95770081,-70.05456059,112,40,0.256,11.6925,1.71,NA,ncp_ts,dys
NLA17_ME-10020,2017,61.292139488704926,54.31318987348864,44.95770081,-70.05456059,112,40,0.256,11.6925,1.71,NA,chla_ts,oligo
NLA17_ME-10020,2017,61.292139488704926,54.31318987348864,44.95770081,-70.05456059,112,40,0.256,11.6925,1.71,NA,ptl_ts,oligo
NLA17_ME-10020,2017,61.292139488704926,54.31318987348864,44.95770081,-70.05456059,112,40,0.256,11.6925,1.71,NA,sdd_ts,NA
NLA17_ME-10020,2017,61.292139488704926,54.31318987348864,44.95770081,-70.05456059,112,40,0.256,11.6925,1.71,NA,rot_ts,meso-eutro
NLA17_ME-10020,2017,61.292139488704926,54.31318987348864,44.95770081,-70.05456059,112,40,0.256,11.6925,1.71,NA,crs_ts,eutro
NLA17_ME-10021,2017,63.700721219758066,48.78820750217972,43.83012559,-70.91540632,118,35,0.579,17.125,2.25,NA,ncp_ts,dys
NLA17_ME-10021,2017,63.700721219758066,48.78820750217972,43.83012559,-70.91540632,118,35,0.579,17.125,2.25,NA,chla_ts,oligo
NLA17_ME-10021,2017,63.700721219758066,48.78820750217972,43.83012559,-70.91540632,118,35,0.579,17.125,2.25,NA,ptl_ts,meso
NLA17_ME-10021,2017,63.700721219758066,48.78820750217972,43.83012559,-70.91540632,118,35,0.579,17.125,2.25,NA,sdd_ts,NA
NLA17_ME-10021,2017,63.700721219758066,48.78820750217972,43.83012559,-70.91540632,118,35,0.579,17.125,2.25,NA,rot_ts,meso-eutro
NLA17_ME-10021,2017,63.700721219758066,48.78820750217972,43.83012559,-70.91540632,118,35,0.579,17.125,2.25,NA,crs_ts,eutro
NLA17_ME-10023,2017,61.6302488110539,52.40454694245029,46.10494515,-68.76859317,224,16,0.466,22.37,3.58,1.4,ncp_ts,oligo
NLA17_ME-10023,2017,61.6302488110539,52.40454694245029,46.10494515,-68.76859317,224,16,0.466,22.37,3.58,1.4,chla_ts,meso
NLA17_ME-10023,2017,61.6302488110539,52.40454694245029,46.10494515,-68.76859317,224,16,0.466,22.37,3.58,1.4,ptl_ts,meso
NLA17_ME-10023,2017,61.6302488110539,52.40454694245029,46.10494515,-68.76859317,224,16,0.466,22.37,3.58,1.4,sdd_ts,eutro
NLA17_ME-10023,2017,61.6302488110539,52.40454694245029,46.10494515,-68.76859317,224,16,0.466,22.37,3.58,1.4,rot_ts,meso-eutro
NLA17_ME-10023,2017,61.6302488110539,52.40454694245029,46.10494515,-68.76859317,224,16,0.466,22.37,3.58,1.4,crs_ts,eutro
NLA17_ME-10025,2017,62.258195517871656,52.03906142990403,47.20799,-68.24261,177,17,0.228,13.31375,8.48,3.35,ncp_ts,oligo
NLA17_ME-10025,2017,62.258195517871656,52.03906142990403,47.20799,-68.24261,177,17,0.228,13.31375,8.48,3.35,chla_ts,eutro
NLA17_ME-10025,2017,62.258195517871656,52.03906142990403,47.20799,-68.24261,177,17,0.228,13.31375,8.48,3.35,ptl_ts,meso
NLA17_ME-10025,2017,62.258195517871656,52.03906142990403,47.20799,-68.24261,177,17,0.228,13.31375,8.48,3.35,sdd_ts,meso
NLA17_ME-10025,2017,62.258195517871656,52.03906142990403,47.20799,-68.24261,177,17,0.228,13.31375,8.48,3.35,rot_ts,meso-eutro
NLA17_ME-10025,2017,62.258195517871656,52.03906142990403,47.20799,-68.24261,177,17,0.228,13.31375,8.48,3.35,crs_ts,eutro
NLA17_ME-10029,2017,63.171558223579964,51.56761204343099,46.03359,-68.06507,189,25,0.2,7.635,2.12,4.199999999999999,ncp_ts,dys
NLA17_ME-10029,2017,63.171558223579964,51.56761204343099,46.03359,-68.06507,189,25,0.2,7.635,2.12,4.199999999999999,chla_ts,oligo
NLA17_ME-10029,2017,63.171558223579964,51.56761204343099,46.03359,-68.06507,189,25,0.2,7.635,2.12,4.199999999999999,ptl_ts,oligo
NLA17_ME-10029,2017,63.171558223579964,51.56761204343099,46.03359,-68.06507,189,25,0.2,7.635,2.12,4.199999999999999,sdd_ts,oligo
NLA17_ME-10029,2017,63.171558223579964,51.56761204343099,46.03359,-68.06507,189,25,0.2,7.635,2.12,4.199999999999999,rot_ts,meso-eutro
NLA17_ME-10029,2017,63.171558223579964,51.56761204343099,46.03359,-68.06507,189,25,0.2,7.635,2.12,4.199999999999999,crs_ts,eutro
NLA17_ME-10030,2017,63.291478174985045,51.09464617033389,44.41551,-70.26284,234,13,0.318,10.04625,2.57,3.465,ncp_ts,oligo
NLA17_ME-10030,2017,63.291478174985045,51.09464617033389,44.41551,-70.26284,234,13,0.318,10.04625,2.57,3.465,chla_ts,oligo
NLA17_ME-10030,2017,63.291478174985045,51.09464617033389,44.41551,-70.26284,234,13,0.318,10.04625,2.57,3.465,ptl_ts,oligo
NLA17_ME-10030,2017,63.291478174985045,51.09464617033389,44.41551,-70.26284,234,13,0.318,10.04625,2.57,3.465,sdd_ts,meso
NLA17_ME-10030,2017,63.291478174985045,51.09464617033389,44.41551,-70.26284,234,13,0.318,10.04625,2.57,3.465,rot_ts,meso-eutro
NLA17_ME-10030,2017,63.291478174985045,51.09464617033389,44.41551,-70.26284,234,13,0.318,10.04625,2.57,3.465,crs_ts,eutro
NLA17_ME-10038,2017,63.828955362851865,49.13402933673628,44.65505172,-68.07819304,72,155,0.448,15.37875,10.8,1.25,ncp_ts,dys
NLA17_ME-10038,2017,63.828955362851865,49.13402933673628,44.65505172,-68.07819304,72,155,0.448,15.37875,10.8,1.25,chla_ts,eutro
NLA17_ME-10038,2017,63.828955362851865,49.13402933673628,44.65505172,-68.07819304,72,155,0.448,15.37875,10.8,1.25,ptl_ts,meso
NLA17_ME-10038,2017,63.828955362851865,49.13402933673628,44.65505172,-68.07819304,72,155,0.448,15.37875,10.8,1.25,sdd_ts,eutro
NLA17_ME-10038,2017,63.828955362851865,49.13402933673628,44.65505172,-68.07819304,72,155,0.448,15.37875,10.8,1.25,rot_ts,meso-eutro
NLA17_ME-10038,2017,63.828955362851865,49.13402933673628,44.65505172,-68.07819304,72,155,0.448,15.37875,10.8,1.25,crs_ts,eutro
NLA17_ME-10039,2017,65.27044874432578,46.84692620918953,47.10643131,-68.86687135,312,5,0.275,11.22625,1.06,NA,ncp_ts,oligo
NLA17_ME-10039,2017,65.27044874432578,46.84692620918953,47.10643131,-68.86687135,312,5,0.275,11.22625,1.06,NA,chla_ts,oligo
NLA17_ME-10039,2017,65.27044874432578,46.84692620918953,47.10643131,-68.86687135,312,5,0.275,11.22625,1.06,NA,ptl_ts,oligo
NLA17_ME-10039,2017,65.27044874432578,46.84692620918953,47.10643131,-68.86687135,312,5,0.275,11.22625,1.06,NA,sdd_ts,NA
NLA17_ME-10039,2017,65.27044874432578,46.84692620918953,47.10643131,-68.86687135,312,5,0.275,11.22625,1.06,NA,rot_ts,meso-eutro
NLA17_ME-10039,2017,65.27044874432578,46.84692620918953,47.10643131,-68.86687135,312,5,0.275,11.22625,1.06,NA,crs_ts,hypereu
NLA17_ME-10040,2017,60.81039140624742,53.5130911970477,46.05712781,-69.90858434,445,50,0.313,9.32125,3.46,2.935,ncp_ts,dys
NLA17_ME-10040,2017,60.81039140624742,53.5130911970477,46.05712781,-69.90858434,445,50,0.313,9.32125,3.46,2.935,chla_ts,meso
NLA17_ME-10040,2017,60.81039140624742,53.5130911970477,46.05712781,-69.90858434,445,50,0.313,9.32125,3.46,2.935,ptl_ts,oligo
NLA17_ME-10040,2017,60.81039140624742,53.5130911970477,46.05712781,-69.90858434,445,50,0.313,9.32125,3.46,2.935,sdd_ts,meso
NLA17_ME-10040,2017,60.81039140624742,53.5130911970477,46.05712781,-69.90858434,445,50,0.313,9.32125,3.46,2.935,rot_ts,meso-eutro
NLA17_ME-10040,2017,60.81039140624742,53.5130911970477,46.05712781,-69.90858434,445,50,0.313,9.32125,3.46,2.935,crs_ts,eutro
NLA17_ME-10042,2017,63.913587882800314,52.427295390719515,44.4387,-69.15053,65,115,0.551,27.94875,9.68,1.525,ncp_ts,dys
NLA17_ME-10042,2017,63.913587882800314,52.427295390719515,44.4387,-69.15053,65,115,0.551,27.94875,9.68,1.525,chla_ts,eutro
NLA17_ME-10042,2017,63.913587882800314,52.427295390719515,44.4387,-69.15053,65,115,0.551,27.94875,9.68,1.525,ptl_ts,eutro
NLA17_ME-10042,2017,63.913587882800314,52.427295390719515,44.4387,-69.15053,65,115,0.551,27.94875,9.68,1.525,sdd_ts,eutro
NLA17_ME-10042,2017,63.913587882800314,52.427295390719515,44.4387,-69.15053,65,115,0.551,27.94875,9.68,1.525,rot_ts,meso-eutro
NLA17_ME-10042,2017,63.913587882800314,52.427295390719515,44.4387,-69.15053,65,115,0.551,27.94875,9.68,1.525,crs_ts,eutro
NLA17_ME-10043,2017,60.48246797101857,54.305189872014545,44.99273106,-69.31837903,89,25,0.491,22.98,6.56,2.7,ncp_ts,dys
NLA17_ME-10043,2017,60.48246797101857,54.305189872014545,44.99273106,-69.31837903,89,25,0.491,22.98,6.56,2.7,chla_ts,meso
NLA17_ME-10043,2017,60.48246797101857,54.305189872014545,44.99273106,-69.31837903,89,25,0.491,22.98,6.56,2.7,ptl_ts,meso
NLA17_ME-10043,2017,60.48246797101857,54.305189872014545,44.99273106,-69.31837903,89,25,0.491,22.98,6.56,2.7,sdd_ts,meso
NLA17_ME-10043,2017,60.48246797101857,54.305189872014545,44.99273106,-69.31837903,89,25,0.491,22.98,6.56,2.7,rot_ts,meso-eutro
NLA17_ME-10043,2017,60.48246797101857,54.305189872014545,44.99273106,-69.31837903,89,25,0.491,22.98,6.56,2.7,crs_ts,eutro
NLA17_ME-HP001,2017,61.786572692835335,52.15969428652441,44.742504,-70.959436,422.93,22,0.219,6.555,2.18,5.1,ncp_ts,dys
NLA17_ME-HP001,2017,61.786572692835335,52.15969428652441,44.742504,-70.959436,422.93,22,0.219,6.555,2.18,5.1,chla_ts,oligo
NLA17_ME-HP001,2017,61.786572692835335,52.15969428652441,44.742504,-70.959436,422.93,22,0.219,6.555,2.18,5.1,ptl_ts,oligo
NLA17_ME-HP001,2017,61.786572692835335,52.15969428652441,44.742504,-70.959436,422.93,22,0.219,6.555,2.18,5.1,sdd_ts,oligo
NLA17_ME-HP001,2017,61.786572692835335,52.15969428652441,44.742504,-70.959436,422.93,22,0.219,6.555,2.18,5.1,rot_ts,meso-eutro
NLA17_ME-HP001,2017,61.786572692835335,52.15969428652441,44.742504,-70.959436,422.93,22,0.219,6.555,2.18,5.1,crs_ts,eutro
NLA17_ME-HP002,2017,63.52727878930343,48.02175827557068,45.396384,-70.767819,428.09,40,0.324,6.78375,1.66,2.75,ncp_ts,dys
NLA17_ME-HP002,2017,63.52727878930343,48.02175827557068,45.396384,-70.767819,428.09,40,0.324,6.78375,1.66,2.75,chla_ts,oligo
NLA17_ME-HP002,2017,63.52727878930343,48.02175827557068,45.396384,-70.767819,428.09,40,0.324,6.78375,1.66,2.75,ptl_ts,oligo
NLA17_ME-HP002,2017,63.52727878930343,48.02175827557068,45.396384,-70.767819,428.09,40,0.324,6.78375,1.66,2.75,sdd_ts,meso
NLA17_ME-HP002,2017,63.52727878930343,48.02175827557068,45.396384,-70.767819,428.09,40,0.324,6.78375,1.66,2.75,rot_ts,meso-eutro
NLA17_ME-HP002,2017,63.52727878930343,48.02175827557068,45.396384,-70.767819,428.09,40,0.324,6.78375,1.66,2.75,crs_ts,eutro
NLA17_ME-HP003,2017,62.45388415401718,55.29008133529233,43.966999,-70.745565,158.23,30,0.246,6.545,3.21,2.735,ncp_ts,dys
NLA17_ME-HP003,2017,62.45388415401718,55.29008133529233,43.966999,-70.745565,158.23,30,0.246,6.545,3.21,2.735,chla_ts,meso
NLA17_ME-HP003,2017,62.45388415401718,55.29008133529233,43.966999,-70.745565,158.23,30,0.246,6.545,3.21,2.735,ptl_ts,oligo
NLA17_ME-HP003,2017,62.45388415401718,55.29008133529233,43.966999,-70.745565,158.23,30,0.246,6.545,3.21,2.735,sdd_ts,meso
NLA17_ME-HP003,2017,62.45388415401718,55.29008133529233,43.966999,-70.745565,158.23,30,0.246,6.545,3.21,2.735,rot_ts,eutro
NLA17_ME-HP003,2017,62.45388415401718,55.29008133529233,43.966999,-70.745565,158.23,30,0.246,6.545,3.21,2.735,crs_ts,eutro
NLA17_MI-10001,2017,69.03781856462518,55.00956007320438,43.21885,-85.46762,269,4.5,0.7735000000000001,17.20625,4.4750000000000005,2.75,ncp_ts,oligo
NLA17_MI-10001,2017,69.03781856462518,55.00956007320438,43.21885,-85.46762,269,4.5,0.7735000000000001,17.20625,4.4750000000000005,2.75,chla_ts,meso
NLA17_MI-10001,2017,69.03781856462518,55.00956007320438,43.21885,-85.46762,269,4.5,0.7735000000000001,17.20625,4.4750000000000005,2.75,ptl_ts,meso
NLA17_MI-10001,2017,69.03781856462518,55.00956007320438,43.21885,-85.46762,269,4.5,0.7735000000000001,17.20625,4.4750000000000005,2.75,sdd_ts,meso
NLA17_MI-10001,2017,69.03781856462518,55.00956007320438,43.21885,-85.46762,269,4.5,0.7735000000000001,17.20625,4.4750000000000005,2.75,rot_ts,eutro
NLA17_MI-10001,2017,69.03781856462518,55.00956007320438,43.21885,-85.46762,269,4.5,0.7735000000000001,17.20625,4.4750000000000005,2.75,crs_ts,hypereu
NLA17_MI-10002,2017,60.75329513776636,48.394655758980115,43.94203,-86.44956,176,5,0.578,27.17625,3.14,2.75,ncp_ts,oligo
NLA17_MI-10002,2017,60.75329513776636,48.394655758980115,43.94203,-86.44956,176,5,0.578,27.17625,3.14,2.75,chla_ts,meso
NLA17_MI-10002,2017,60.75329513776636,48.394655758980115,43.94203,-86.44956,176,5,0.578,27.17625,3.14,2.75,ptl_ts,eutro
NLA17_MI-10002,2017,60.75329513776636,48.394655758980115,43.94203,-86.44956,176,5,0.578,27.17625,3.14,2.75,sdd_ts,meso
NLA17_MI-10002,2017,60.75329513776636,48.394655758980115,43.94203,-86.44956,176,5,0.578,27.17625,3.14,2.75,rot_ts,meso-eutro
NLA17_MI-10002,2017,60.75329513776636,48.394655758980115,43.94203,-86.44956,176,5,0.578,27.17625,3.14,2.75,crs_ts,eutro
NLA17_MI-10003,2017,66.81386578605677,54.89599385113332,42.37793,-86.0448,202,12,0.67,17.08125,6.72,3.05,ncp_ts,oligo
NLA17_MI-10003,2017,66.81386578605677,54.89599385113332,42.37793,-86.0448,202,12,0.67,17.08125,6.72,3.05,chla_ts,meso
NLA17_MI-10003,2017,66.81386578605677,54.89599385113332,42.37793,-86.0448,202,12,0.67,17.08125,6.72,3.05,ptl_ts,meso
NLA17_MI-10003,2017,66.81386578605677,54.89599385113332,42.37793,-86.0448,202,12,0.67,17.08125,6.72,3.05,sdd_ts,meso
NLA17_MI-10003,2017,66.81386578605677,54.89599385113332,42.37793,-86.0448,202,12,0.67,17.08125,6.72,3.05,rot_ts,meso-eutro
NLA17_MI-10003,2017,66.81386578605677,54.89599385113332,42.37793,-86.0448,202,12,0.67,17.08125,6.72,3.05,crs_ts,hypereu
NLA17_MI-10004,2017,62.614174197274856,48.92050925105852,42.61886,-83.50544,285,2,0.655,13.18125,7.02,1.15,ncp_ts,oligo
NLA17_MI-10004,2017,62.614174197274856,48.92050925105852,42.61886,-83.50544,285,2,0.655,13.18125,7.02,1.15,chla_ts,meso
NLA17_MI-10004,2017,62.614174197274856,48.92050925105852,42.61886,-83.50544,285,2,0.655,13.18125,7.02,1.15,ptl_ts,meso
NLA17_MI-10004,2017,62.614174197274856,48.92050925105852,42.61886,-83.50544,285,2,0.655,13.18125,7.02,1.15,sdd_ts,eutro
NLA17_MI-10004,2017,62.614174197274856,48.92050925105852,42.61886,-83.50544,285,2,0.655,13.18125,7.02,1.15,rot_ts,meso-eutro
NLA17_MI-10004,2017,62.614174197274856,48.92050925105852,42.61886,-83.50544,285,2,0.655,13.18125,7.02,1.15,crs_ts,eutro
NLA17_MI-10005,2017,62.64593661559704,50.347087315028915,42.18639,-85.57428,259,25,0.823,13.69625,7.06,1.75,ncp_ts,dys
NLA17_MI-10005,2017,62.64593661559704,50.347087315028915,42.18639,-85.57428,259,25,0.823,13.69625,7.06,1.75,chla_ts,meso
NLA17_MI-10005,2017,62.64593661559704,50.347087315028915,42.18639,-85.57428,259,25,0.823,13.69625,7.06,1.75,ptl_ts,meso
NLA17_MI-10005,2017,62.64593661559704,50.347087315028915,42.18639,-85.57428,259,25,0.823,13.69625,7.06,1.75,sdd_ts,eutro
NLA17_MI-10005,2017,62.64593661559704,50.347087315028915,42.18639,-85.57428,259,25,0.823,13.69625,7.06,1.75,rot_ts,meso-eutro
NLA17_MI-10005,2017,62.64593661559704,50.347087315028915,42.18639,-85.57428,259,25,0.823,13.69625,7.06,1.75,crs_ts,eutro
NLA17_MI-10006,2017,64.02538824786248,48.37058413045544,42.74499,-83.31021,298,50,0.648,12.51625,1.65,3.75,ncp_ts,dys
NLA17_MI-10006,2017,64.02538824786248,48.37058413045544,42.74499,-83.31021,298,50,0.648,12.51625,1.65,3.75,chla_ts,oligo
NLA17_MI-10006,2017,64.02538824786248,48.37058413045544,42.74499,-83.31021,298,50,0.648,12.51625,1.65,3.75,ptl_ts,meso
NLA17_MI-10006,2017,64.02538824786248,48.37058413045544,42.74499,-83.31021,298,50,0.648,12.51625,1.65,3.75,sdd_ts,meso
NLA17_MI-10006,2017,64.02538824786248,48.37058413045544,42.74499,-83.31021,298,50,0.648,12.51625,1.65,3.75,rot_ts,meso-eutro
NLA17_MI-10006,2017,64.02538824786248,48.37058413045544,42.74499,-83.31021,298,50,0.648,12.51625,1.65,3.75,crs_ts,eutro
NLA17_MI-10007,2017,61.82098895910066,51.16686201972081,41.94279,-85.31406,258,13,1.836,19.9675,20.8,0.6499999999999999,ncp_ts,oligo
NLA17_MI-10007,2017,61.82098895910066,51.16686201972081,41.94279,-85.31406,258,13,1.836,19.9675,20.8,0.6499999999999999,chla_ts,eutro
NLA17_MI-10007,2017,61.82098895910066,51.16686201972081,41.94279,-85.31406,258,13,1.836,19.9675,20.8,0.6499999999999999,ptl_ts,meso
NLA17_MI-10007,2017,61.82098895910066,51.16686201972081,41.94279,-85.31406,258,13,1.836,19.9675,20.8,0.6499999999999999,sdd_ts,eutro
NLA17_MI-10007,2017,61.82098895910066,51.16686201972081,41.94279,-85.31406,258,13,1.836,19.9675,20.8,0.6499999999999999,rot_ts,meso-eutro
NLA17_MI-10007,2017,61.82098895910066,51.16686201972081,41.94279,-85.31406,258,13,1.836,19.9675,20.8,0.6499999999999999,crs_ts,eutro
NLA17_MI-10008,2017,62.19213186497063,50.3135669573705,46.15177,-88.83002,497,18,0.35,7.3275,3.95,4.1,ncp_ts,oligo
NLA17_MI-10008,2017,62.19213186497063,50.3135669573705,46.15177,-88.83002,497,18,0.35,7.3275,3.95,4.1,chla_ts,meso
NLA17_MI-10008,2017,62.19213186497063,50.3135669573705,46.15177,-88.83002,497,18,0.35,7.3275,3.95,4.1,ptl_ts,oligo
NLA17_MI-10008,2017,62.19213186497063,50.3135669573705,46.15177,-88.83002,497,18,0.35,7.3275,3.95,4.1,sdd_ts,oligo
NLA17_MI-10008,2017,62.19213186497063,50.3135669573705,46.15177,-88.83002,497,18,0.35,7.3275,3.95,4.1,rot_ts,meso-eutro
NLA17_MI-10008,2017,62.19213186497063,50.3135669573705,46.15177,-88.83002,497,18,0.35,7.3275,3.95,4.1,crs_ts,eutro
NLA17_MI-10009,2017,61.6127307841972,50.330353242439486,44.43035,-83.92045,273,15,0.578,9.775,1.81,5.4,ncp_ts,oligo
NLA17_MI-10009,2017,61.6127307841972,50.330353242439486,44.43035,-83.92045,273,15,0.578,9.775,1.81,5.4,chla_ts,oligo
NLA17_MI-10009,2017,61.6127307841972,50.330353242439486,44.43035,-83.92045,273,15,0.578,9.775,1.81,5.4,ptl_ts,oligo
NLA17_MI-10009,2017,61.6127307841972,50.330353242439486,44.43035,-83.92045,273,15,0.578,9.775,1.81,5.4,sdd_ts,oligo
NLA17_MI-10009,2017,61.6127307841972,50.330353242439486,44.43035,-83.92045,273,15,0.578,9.775,1.81,5.4,rot_ts,meso-eutro
NLA17_MI-10009,2017,61.6127307841972,50.330353242439486,44.43035,-83.92045,273,15,0.578,9.775,1.81,5.4,crs_ts,eutro
NLA17_MI-10010,2017,61.16467957857971,53.68650739786112,45.41361,-84.80677,181,10,0.484,12.13625,5.29,2.1,ncp_ts,oligo
NLA17_MI-10010,2017,61.16467957857971,53.68650739786112,45.41361,-84.80677,181,10,0.484,12.13625,5.29,2.1,chla_ts,meso
NLA17_MI-10010,2017,61.16467957857971,53.68650739786112,45.41361,-84.80677,181,10,0.484,12.13625,5.29,2.1,ptl_ts,meso
NLA17_MI-10010,2017,61.16467957857971,53.68650739786112,45.41361,-84.80677,181,10,0.484,12.13625,5.29,2.1,sdd_ts,meso
NLA17_MI-10010,2017,61.16467957857971,53.68650739786112,45.41361,-84.80677,181,10,0.484,12.13625,5.29,2.1,rot_ts,meso-eutro
NLA17_MI-10010,2017,61.16467957857971,53.68650739786112,45.41361,-84.80677,181,10,0.484,12.13625,5.29,2.1,crs_ts,eutro
NLA17_MI-10011,2017,69.29928714084423,56.30199281359684,43.37318,-86.14407,198,9,0.5695,14.296875,2.93,2.45,ncp_ts,oligo
NLA17_MI-10011,2017,69.29928714084423,56.30199281359684,43.37318,-86.14407,198,9,0.5695,14.296875,2.93,2.45,chla_ts,meso
NLA17_MI-10011,2017,69.29928714084423,56.30199281359684,43.37318,-86.14407,198,9,0.5695,14.296875,2.93,2.45,ptl_ts,meso
NLA17_MI-10011,2017,69.29928714084423,56.30199281359684,43.37318,-86.14407,198,9,0.5695,14.296875,2.93,2.45,sdd_ts,meso
NLA17_MI-10011,2017,69.29928714084423,56.30199281359684,43.37318,-86.14407,198,9,0.5695,14.296875,2.93,2.45,rot_ts,eutro
NLA17_MI-10011,2017,69.29928714084423,56.30199281359684,43.37318,-86.14407,198,9,0.5695,14.296875,2.93,2.45,crs_ts,hypereu
NLA17_MI-10012,2017,61.6826231250513,53.419523621257845,44.35551,-85.30726,394,12,0.589,13.29,11.17,2.1,ncp_ts,oligo
NLA17_MI-10012,2017,61.6826231250513,53.419523621257845,44.35551,-85.30726,394,12,0.589,13.29,11.17,2.1,chla_ts,eutro
NLA17_MI-10012,2017,61.6826231250513,53.419523621257845,44.35551,-85.30726,394,12,0.589,13.29,11.17,2.1,ptl_ts,meso
NLA17_MI-10012,2017,61.6826231250513,53.419523621257845,44.35551,-85.30726,394,12,0.589,13.29,11.17,2.1,sdd_ts,meso
NLA17_MI-10012,2017,61.6826231250513,53.419523621257845,44.35551,-85.30726,394,12,0.589,13.29,11.17,2.1,rot_ts,meso-eutro
NLA17_MI-10012,2017,61.6826231250513,53.419523621257845,44.35551,-85.30726,394,12,0.589,13.29,11.17,2.1,crs_ts,eutro
NLA17_MI-10013,2017,60.75329513776636,51.66003149398974,42.20474,-85.70757,271,2,0.37,9.26875,2.03,5.1,ncp_ts,oligo
NLA17_MI-10013,2017,60.75329513776636,51.66003149398974,42.20474,-85.70757,271,2,0.37,9.26875,2.03,5.1,chla_ts,oligo
NLA17_MI-10013,2017,60.75329513776636,51.66003149398974,42.20474,-85.70757,271,2,0.37,9.26875,2.03,5.1,ptl_ts,oligo
NLA17_MI-10013,2017,60.75329513776636,51.66003149398974,42.20474,-85.70757,271,2,0.37,9.26875,2.03,5.1,sdd_ts,oligo
NLA17_MI-10013,2017,60.75329513776636,51.66003149398974,42.20474,-85.70757,271,2,0.37,9.26875,2.03,5.1,rot_ts,meso-eutro
NLA17_MI-10013,2017,60.75329513776636,51.66003149398974,42.20474,-85.70757,271,2,0.37,9.26875,2.03,5.1,crs_ts,eutro
NLA17_MI-10014,2017,60.12312970507338,53.4477651559253,46.27668,-88.06311,455,70,0.838,20.225,12.34,1.6,ncp_ts,dys
NLA17_MI-10014,2017,60.12312970507338,53.4477651559253,46.27668,-88.06311,455,70,0.838,20.225,12.34,1.6,chla_ts,eutro
NLA17_MI-10014,2017,60.12312970507338,53.4477651559253,46.27668,-88.06311,455,70,0.838,20.225,12.34,1.6,ptl_ts,meso
NLA17_MI-10014,2017,60.12312970507338,53.4477651559253,46.27668,-88.06311,455,70,0.838,20.225,12.34,1.6,sdd_ts,eutro
NLA17_MI-10014,2017,60.12312970507338,53.4477651559253,46.27668,-88.06311,455,70,0.838,20.225,12.34,1.6,rot_ts,meso-eutro
NLA17_MI-10014,2017,60.12312970507338,53.4477651559253,46.27668,-88.06311,455,70,0.838,20.225,12.34,1.6,crs_ts,eutro
NLA17_MI-10015,2017,61.75204020221854,52.84218648271255,44.24711,-85.48184,392,32,0.605,22.285,9.14,1.6,ncp_ts,dys
NLA17_MI-10015,2017,61.75204020221854,52.84218648271255,44.24711,-85.48184,392,32,0.605,22.285,9.14,1.6,chla_ts,eutro
NLA17_MI-10015,2017,61.75204020221854,52.84218648271255,44.24711,-85.48184,392,32,0.605,22.285,9.14,1.6,ptl_ts,meso
NLA17_MI-10015,2017,61.75204020221854,52.84218648271255,44.24711,-85.48184,392,32,0.605,22.285,9.14,1.6,sdd_ts,eutro
NLA17_MI-10015,2017,61.75204020221854,52.84218648271255,44.24711,-85.48184,392,32,0.605,22.285,9.14,1.6,rot_ts,meso-eutro
NLA17_MI-10015,2017,61.75204020221854,52.84218648271255,44.24711,-85.48184,392,32,0.605,22.285,9.14,1.6,crs_ts,eutro
NLA17_MI-10016,2017,62.566347266125774,50.9621634158309,43.95692,-85,328,20,0.465,9.09875,2.84,4.4,ncp_ts,oligo
NLA17_MI-10016,2017,62.566347266125774,50.9621634158309,43.95692,-85,328,20,0.465,9.09875,2.84,4.4,chla_ts,meso
NLA17_MI-10016,2017,62.566347266125774,50.9621634158309,43.95692,-85,328,20,0.465,9.09875,2.84,4.4,ptl_ts,oligo
NLA17_MI-10016,2017,62.566347266125774,50.9621634158309,43.95692,-85,328,20,0.465,9.09875,2.84,4.4,sdd_ts,oligo
NLA17_MI-10016,2017,62.566347266125774,50.9621634158309,43.95692,-85,328,20,0.465,9.09875,2.84,4.4,rot_ts,meso-eutro
NLA17_MI-10016,2017,62.566347266125774,50.9621634158309,43.95692,-85,328,20,0.465,9.09875,2.84,4.4,crs_ts,eutro
NLA17_MI-10017,2017,61.48925412719029,50.296728132982466,42.78404,-85.11544,248,30,4.45,13.61875,4.26,2.85,ncp_ts,dys
NLA17_MI-10017,2017,61.48925412719029,50.296728132982466,42.78404,-85.11544,248,30,4.45,13.61875,4.26,2.85,chla_ts,meso
NLA17_MI-10017,2017,61.48925412719029,50.296728132982466,42.78404,-85.11544,248,30,4.45,13.61875,4.26,2.85,ptl_ts,meso
NLA17_MI-10017,2017,61.48925412719029,50.296728132982466,42.78404,-85.11544,248,30,4.45,13.61875,4.26,2.85,sdd_ts,meso
NLA17_MI-10017,2017,61.48925412719029,50.296728132982466,42.78404,-85.11544,248,30,4.45,13.61875,4.26,2.85,rot_ts,meso-eutro
NLA17_MI-10017,2017,61.48925412719029,50.296728132982466,42.78404,-85.11544,248,30,4.45,13.61875,4.26,2.85,crs_ts,eutro
NLA17_MI-10018,2017,60.65740807414456,52.03906142990403,46.69731,-88.08198,552,25,0.305,7.52125,2.31,4.1,ncp_ts,dys
NLA17_MI-10018,2017,60.65740807414456,52.03906142990403,46.69731,-88.08198,552,25,0.305,7.52125,2.31,4.1,chla_ts,oligo
NLA17_MI-10018,2017,60.65740807414456,52.03906142990403,46.69731,-88.08198,552,25,0.305,7.52125,2.31,4.1,ptl_ts,oligo
NLA17_MI-10018,2017,60.65740807414456,52.03906142990403,46.69731,-88.08198,552,25,0.305,7.52125,2.31,4.1,sdd_ts,oligo
NLA17_MI-10018,2017,60.65740807414456,52.03906142990403,46.69731,-88.08198,552,25,0.305,7.52125,2.31,4.1,rot_ts,meso-eutro
NLA17_MI-10018,2017,60.65740807414456,52.03906142990403,46.69731,-88.08198,552,25,0.305,7.52125,2.31,4.1,crs_ts,eutro
NLA17_MI-10019,2017,50.61758283853086,55.95403903760093,45.12481,-84.18028,264,0,0.273,5.855,0.65,12.1,ncp_ts,oligo
NLA17_MI-10019,2017,50.61758283853086,55.95403903760093,45.12481,-84.18028,264,0,0.273,5.855,0.65,12.1,chla_ts,oligo
NLA17_MI-10019,2017,50.61758283853086,55.95403903760093,45.12481,-84.18028,264,0,0.273,5.855,0.65,12.1,ptl_ts,oligo
NLA17_MI-10019,2017,50.61758283853086,55.95403903760093,45.12481,-84.18028,264,0,0.273,5.855,0.65,12.1,sdd_ts,oligo
NLA17_MI-10019,2017,50.61758283853086,55.95403903760093,45.12481,-84.18028,264,0,0.273,5.855,0.65,12.1,rot_ts,eutro
NLA17_MI-10019,2017,50.61758283853086,55.95403903760093,45.12481,-84.18028,264,0,0.273,5.855,0.65,12.1,crs_ts,meso-eutro
NLA17_MI-10023,2017,65.15850100301606,49.04963544935406,43.79752,-85.2114,339,40,0.815,21.87,17.16,2.05,ncp_ts,dys
NLA17_MI-10023,2017,65.15850100301606,49.04963544935406,43.79752,-85.2114,339,40,0.815,21.87,17.16,2.05,chla_ts,eutro
NLA17_MI-10023,2017,65.15850100301606,49.04963544935406,43.79752,-85.2114,339,40,0.815,21.87,17.16,2.05,ptl_ts,meso
NLA17_MI-10023,2017,65.15850100301606,49.04963544935406,43.79752,-85.2114,339,40,0.815,21.87,17.16,2.05,sdd_ts,meso
NLA17_MI-10023,2017,65.15850100301606,49.04963544935406,43.79752,-85.2114,339,40,0.815,21.87,17.16,2.05,rot_ts,meso-eutro
NLA17_MI-10023,2017,65.15850100301606,49.04963544935406,43.79752,-85.2114,339,40,0.815,21.87,17.16,2.05,crs_ts,hypereu
NLA17_MI-10025,2017,65.30750822616824,47.970027107767685,42.87447,-85.61069,230,18,0.965,92.77625,48.64,0.55,ncp_ts,eutro
NLA17_MI-10025,2017,65.30750822616824,47.970027107767685,42.87447,-85.61069,230,18,0.965,92.77625,48.64,0.55,chla_ts,eutro
NLA17_MI-10025,2017,65.30750822616824,47.970027107767685,42.87447,-85.61069,230,18,0.965,92.77625,48.64,0.55,ptl_ts,eutro
NLA17_MI-10025,2017,65.30750822616824,47.970027107767685,42.87447,-85.61069,230,18,0.965,92.77625,48.64,0.55,sdd_ts,eutro
NLA17_MI-10025,2017,65.30750822616824,47.970027107767685,42.87447,-85.61069,230,18,0.965,92.77625,48.64,0.55,rot_ts,meso-eutro
NLA17_MI-10025,2017,65.30750822616824,47.970027107767685,42.87447,-85.61069,230,18,0.965,92.77625,48.64,0.55,crs_ts,hypereu
NLA17_MI-10027,2017,60.102781567621655,52.78938919932057,44.02913,-85.54542,339,2,0.275,18.6825,2.67,NA,ncp_ts,oligo
NLA17_MI-10027,2017,60.102781567621655,52.78938919932057,44.02913,-85.54542,339,2,0.275,18.6825,2.67,NA,chla_ts,meso
NLA17_MI-10027,2017,60.102781567621655,52.78938919932057,44.02913,-85.54542,339,2,0.275,18.6825,2.67,NA,ptl_ts,meso
NLA17_MI-10027,2017,60.102781567621655,52.78938919932057,44.02913,-85.54542,339,2,0.275,18.6825,2.67,NA,sdd_ts,NA
NLA17_MI-10027,2017,60.102781567621655,52.78938919932057,44.02913,-85.54542,339,2,0.275,18.6825,2.67,NA,rot_ts,meso-eutro
NLA17_MI-10027,2017,60.102781567621655,52.78938919932057,44.02913,-85.54542,339,2,0.275,18.6825,2.67,NA,crs_ts,eutro
NLA17_MI-10028,2017,62.45388415401718,50.0020973534768,46.14496,-86.48319,218,14,0.441,15.09625,1.43,NA,ncp_ts,oligo
NLA17_MI-10028,2017,62.45388415401718,50.0020973534768,46.14496,-86.48319,218,14,0.441,15.09625,1.43,NA,chla_ts,oligo
NLA17_MI-10028,2017,62.45388415401718,50.0020973534768,46.14496,-86.48319,218,14,0.441,15.09625,1.43,NA,ptl_ts,meso
NLA17_MI-10028,2017,62.45388415401718,50.0020973534768,46.14496,-86.48319,218,14,0.441,15.09625,1.43,NA,sdd_ts,NA
NLA17_MI-10028,2017,62.45388415401718,50.0020973534768,46.14496,-86.48319,218,14,0.441,15.09625,1.43,NA,rot_ts,meso-eutro
NLA17_MI-10028,2017,62.45388415401718,50.0020973534768,46.14496,-86.48319,218,14,0.441,15.09625,1.43,NA,crs_ts,eutro
NLA17_MI-10029,2017,63.85724156312692,49.85765914828211,42.58961,-85.29964,263,16,0.543,17.608,5.08,2.9,ncp_ts,oligo
NLA17_MI-10029,2017,63.85724156312692,49.85765914828211,42.58961,-85.29964,263,16,0.543,17.608,5.08,2.9,chla_ts,meso
NLA17_MI-10029,2017,63.85724156312692,49.85765914828211,42.58961,-85.29964,263,16,0.543,17.608,5.08,2.9,ptl_ts,meso
NLA17_MI-10029,2017,63.85724156312692,49.85765914828211,42.58961,-85.29964,263,16,0.543,17.608,5.08,2.9,sdd_ts,meso
NLA17_MI-10029,2017,63.85724156312692,49.85765914828211,42.58961,-85.29964,263,16,0.543,17.608,5.08,2.9,rot_ts,meso-eutro
NLA17_MI-10029,2017,63.85724156312692,49.85765914828211,42.58961,-85.29964,263,16,0.543,17.608,5.08,2.9,crs_ts,eutro
NLA17_MI-10030,2017,62.66178140684144,50.90221850597446,43.11811,-83.3604,242,5,0.609,8.415,3.37,3.775,ncp_ts,oligo
NLA17_MI-10030,2017,62.66178140684144,50.90221850597446,43.11811,-83.3604,242,5,0.609,8.415,3.37,3.775,chla_ts,meso
NLA17_MI-10030,2017,62.66178140684144,50.90221850597446,43.11811,-83.3604,242,5,0.609,8.415,3.37,3.775,ptl_ts,oligo
NLA17_MI-10030,2017,62.66178140684144,50.90221850597446,43.11811,-83.3604,242,5,0.609,8.415,3.37,3.775,sdd_ts,meso
NLA17_MI-10030,2017,62.66178140684144,50.90221850597446,43.11811,-83.3604,242,5,0.609,8.415,3.37,3.775,rot_ts,meso-eutro
NLA17_MI-10030,2017,62.66178140684144,50.90221850597446,43.11811,-83.3604,242,5,0.609,8.415,3.37,3.775,crs_ts,eutro
NLA17_MI-10035,2017,61.255885646542716,51.37786945648546,46.61753,-85.39789,227,160,0.835,16.695,6.88,0.6,ncp_ts,dys
NLA17_MI-10035,2017,61.255885646542716,51.37786945648546,46.61753,-85.39789,227,160,0.835,16.695,6.88,0.6,chla_ts,meso
NLA17_MI-10035,2017,61.255885646542716,51.37786945648546,46.61753,-85.39789,227,160,0.835,16.695,6.88,0.6,ptl_ts,meso
NLA17_MI-10035,2017,61.255885646542716,51.37786945648546,46.61753,-85.39789,227,160,0.835,16.695,6.88,0.6,sdd_ts,eutro
NLA17_MI-10035,2017,61.255885646542716,51.37786945648546,46.61753,-85.39789,227,160,0.835,16.695,6.88,0.6,rot_ts,meso-eutro
NLA17_MI-10035,2017,61.255885646542716,51.37786945648546,46.61753,-85.39789,227,160,0.835,16.695,6.88,0.6,crs_ts,eutro
NLA17_MI-10036,2017,60.02097005257459,52.44994805576504,46.24674,-89.25979,528,80,0.625,24.27875,11.66,1.9,ncp_ts,dys
NLA17_MI-10036,2017,60.02097005257459,52.44994805576504,46.24674,-89.25979,528,80,0.625,24.27875,11.66,1.9,chla_ts,eutro
NLA17_MI-10036,2017,60.02097005257459,52.44994805576504,46.24674,-89.25979,528,80,0.625,24.27875,11.66,1.9,ptl_ts,eutro
NLA17_MI-10036,2017,60.02097005257459,52.44994805576504,46.24674,-89.25979,528,80,0.625,24.27875,11.66,1.9,sdd_ts,eutro
NLA17_MI-10036,2017,60.02097005257459,52.44994805576504,46.24674,-89.25979,528,80,0.625,24.27875,11.66,1.9,rot_ts,meso-eutro
NLA17_MI-10036,2017,60.02097005257459,52.44994805576504,46.24674,-89.25979,528,80,0.625,24.27875,11.66,1.9,crs_ts,eutro
NLA17_MI-10073,2017,61.71739063394916,51.56761204343099,46.73566,-88.89174,363,40,0.829,45.95,36.28,1.15,ncp_ts,mixo
NLA17_MI-10073,2017,61.71739063394916,51.56761204343099,46.73566,-88.89174,363,40,0.829,45.95,36.28,1.15,chla_ts,eutro
NLA17_MI-10073,2017,61.71739063394916,51.56761204343099,46.73566,-88.89174,363,40,0.829,45.95,36.28,1.15,ptl_ts,eutro
NLA17_MI-10073,2017,61.71739063394916,51.56761204343099,46.73566,-88.89174,363,40,0.829,45.95,36.28,1.15,sdd_ts,eutro
NLA17_MI-10073,2017,61.71739063394916,51.56761204343099,46.73566,-88.89174,363,40,0.829,45.95,36.28,1.15,rot_ts,meso-eutro
NLA17_MI-10073,2017,61.71739063394916,51.56761204343099,46.73566,-88.89174,363,40,0.829,45.95,36.28,1.15,crs_ts,eutro
NLA17_MI-10078,2017,62.47002537326184,50.70265211666889,43.64014,-85.9603,241,45,0.716,34.52375,5.09,2.95,ncp_ts,mixo
NLA17_MI-10078,2017,62.47002537326184,50.70265211666889,43.64014,-85.9603,241,45,0.716,34.52375,5.09,2.95,chla_ts,meso
NLA17_MI-10078,2017,62.47002537326184,50.70265211666889,43.64014,-85.9603,241,45,0.716,34.52375,5.09,2.95,ptl_ts,eutro
NLA17_MI-10078,2017,62.47002537326184,50.70265211666889,43.64014,-85.9603,241,45,0.716,34.52375,5.09,2.95,sdd_ts,meso
NLA17_MI-10078,2017,62.47002537326184,50.70265211666889,43.64014,-85.9603,241,45,0.716,34.52375,5.09,2.95,rot_ts,meso-eutro
NLA17_MI-10078,2017,62.47002537326184,50.70265211666889,43.64014,-85.9603,241,45,0.716,34.52375,5.09,2.95,crs_ts,eutro
NLA17_MI-10083,2017,60.30441598610824,51.827565989147935,44.92043,-84.34722,376,0,0.806,10.81125,2.55,4.55,ncp_ts,oligo
NLA17_MI-10083,2017,60.30441598610824,51.827565989147935,44.92043,-84.34722,376,0,0.806,10.81125,2.55,4.55,chla_ts,oligo
NLA17_MI-10083,2017,60.30441598610824,51.827565989147935,44.92043,-84.34722,376,0,0.806,10.81125,2.55,4.55,ptl_ts,oligo
NLA17_MI-10083,2017,60.30441598610824,51.827565989147935,44.92043,-84.34722,376,0,0.806,10.81125,2.55,4.55,sdd_ts,oligo
NLA17_MI-10083,2017,60.30441598610824,51.827565989147935,44.92043,-84.34722,376,0,0.806,10.81125,2.55,4.55,rot_ts,meso-eutro
NLA17_MI-10083,2017,60.30441598610824,51.827565989147935,44.92043,-84.34722,376,0,0.806,10.81125,2.55,4.55,crs_ts,eutro
NLA17_MI-10084,2017,62.37279764912828,50.70265211666889,44.59968,-83.76897,279,4,0.669,8.17875,1.93,NA,ncp_ts,oligo
NLA17_MI-10084,2017,62.37279764912828,50.70265211666889,44.59968,-83.76897,279,4,0.669,8.17875,1.93,NA,chla_ts,oligo
NLA17_MI-10084,2017,62.37279764912828,50.70265211666889,44.59968,-83.76897,279,4,0.669,8.17875,1.93,NA,ptl_ts,oligo
NLA17_MI-10084,2017,62.37279764912828,50.70265211666889,44.59968,-83.76897,279,4,0.669,8.17875,1.93,NA,sdd_ts,NA
NLA17_MI-10084,2017,62.37279764912828,50.70265211666889,44.59968,-83.76897,279,4,0.669,8.17875,1.93,NA,rot_ts,meso-eutro
NLA17_MI-10084,2017,62.37279764912828,50.70265211666889,44.59968,-83.76897,279,4,0.669,8.17875,1.93,NA,crs_ts,eutro
NLA17_MI-10087,2017,62.94293000266777,49.45895825809508,42.60472,-83.75838,291,12,0.628,8.235,1.99,5.4,ncp_ts,oligo
NLA17_MI-10087,2017,62.94293000266777,49.45895825809508,42.60472,-83.75838,291,12,0.628,8.235,1.99,5.4,chla_ts,oligo
NLA17_MI-10087,2017,62.94293000266777,49.45895825809508,42.60472,-83.75838,291,12,0.628,8.235,1.99,5.4,ptl_ts,oligo
NLA17_MI-10087,2017,62.94293000266777,49.45895825809508,42.60472,-83.75838,291,12,0.628,8.235,1.99,5.4,sdd_ts,oligo
NLA17_MI-10087,2017,62.94293000266777,49.45895825809508,42.60472,-83.75838,291,12,0.628,8.235,1.99,5.4,rot_ts,meso-eutro
NLA17_MI-10087,2017,62.94293000266777,49.45895825809508,42.60472,-83.75838,291,12,0.628,8.235,1.99,5.4,crs_ts,eutro
NLA17_MI-10089,2017,60.92362157276349,51.95297959346018,45.90731,-86.44973,217,170,0.836,20.58,8.62,0.8500000000000001,ncp_ts,dys
NLA17_MI-10089,2017,60.92362157276349,51.95297959346018,45.90731,-86.44973,217,170,0.836,20.58,8.62,0.8500000000000001,chla_ts,eutro
NLA17_MI-10089,2017,60.92362157276349,51.95297959346018,45.90731,-86.44973,217,170,0.836,20.58,8.62,0.8500000000000001,ptl_ts,meso
NLA17_MI-10089,2017,60.92362157276349,51.95297959346018,45.90731,-86.44973,217,170,0.836,20.58,8.62,0.8500000000000001,sdd_ts,eutro
NLA17_MI-10089,2017,60.92362157276349,51.95297959346018,45.90731,-86.44973,217,170,0.836,20.58,8.62,0.8500000000000001,rot_ts,meso-eutro
NLA17_MI-10089,2017,60.92362157276349,51.95297959346018,45.90731,-86.44973,217,170,0.836,20.58,8.62,0.8500000000000001,crs_ts,eutro
NLA17_MI-10091,2017,62.67760202643308,55.774289579249306,42.17863,-84.14928,293,42,1.234,16.73125,4.12,NA,ncp_ts,dys
NLA17_MI-10091,2017,62.67760202643308,55.774289579249306,42.17863,-84.14928,293,42,1.234,16.73125,4.12,NA,chla_ts,meso
NLA17_MI-10091,2017,62.67760202643308,55.774289579249306,42.17863,-84.14928,293,42,1.234,16.73125,4.12,NA,ptl_ts,meso
NLA17_MI-10091,2017,62.67760202643308,55.774289579249306,42.17863,-84.14928,293,42,1.234,16.73125,4.12,NA,sdd_ts,NA
NLA17_MI-10091,2017,62.67760202643308,55.774289579249306,42.17863,-84.14928,293,42,1.234,16.73125,4.12,NA,rot_ts,eutro
NLA17_MI-10091,2017,62.67760202643308,55.774289579249306,42.17863,-84.14928,293,42,1.234,16.73125,4.12,NA,crs_ts,eutro
NLA17_MI-10092,2017,62.973704838205876,50.47911848099763,45.63683,-84.77026,225,65,0.693,16.705,5.45,1.95,ncp_ts,dys
NLA17_MI-10092,2017,62.973704838205876,50.47911848099763,45.63683,-84.77026,225,65,0.693,16.705,5.45,1.95,chla_ts,meso
NLA17_MI-10092,2017,62.973704838205876,50.47911848099763,45.63683,-84.77026,225,65,0.693,16.705,5.45,1.95,ptl_ts,meso
NLA17_MI-10092,2017,62.973704838205876,50.47911848099763,45.63683,-84.77026,225,65,0.693,16.705,5.45,1.95,sdd_ts,eutro
NLA17_MI-10092,2017,62.973704838205876,50.47911848099763,45.63683,-84.77026,225,65,0.693,16.705,5.45,1.95,rot_ts,meso-eutro
NLA17_MI-10092,2017,62.973704838205876,50.47911848099763,45.63683,-84.77026,225,65,0.693,16.705,5.45,1.95,crs_ts,eutro
NLA17_MI-10094,2017,61.14633937687216,51.43276789202289,43.76338,-86.15491,269,22,0.849,15.15,5.26,NA,ncp_ts,dys
NLA17_MI-10094,2017,61.14633937687216,51.43276789202289,43.76338,-86.15491,269,22,0.849,15.15,5.26,NA,chla_ts,meso
NLA17_MI-10094,2017,61.14633937687216,51.43276789202289,43.76338,-86.15491,269,22,0.849,15.15,5.26,NA,ptl_ts,meso
NLA17_MI-10094,2017,61.14633937687216,51.43276789202289,43.76338,-86.15491,269,22,0.849,15.15,5.26,NA,sdd_ts,NA
NLA17_MI-10094,2017,61.14633937687216,51.43276789202289,43.76338,-86.15491,269,22,0.849,15.15,5.26,NA,rot_ts,meso-eutro
NLA17_MI-10094,2017,61.14633937687216,51.43276789202289,43.76338,-86.15491,269,22,0.849,15.15,5.26,NA,crs_ts,eutro
NLA17_MI-10095,2017,61.6302488110539,51.266362874303375,43.39358,-83.41718,226,25,0.454,6.2,2.32,5.1,ncp_ts,dys
NLA17_MI-10095,2017,61.6302488110539,51.266362874303375,43.39358,-83.41718,226,25,0.454,6.2,2.32,5.1,chla_ts,oligo
NLA17_MI-10095,2017,61.6302488110539,51.266362874303375,43.39358,-83.41718,226,25,0.454,6.2,2.32,5.1,ptl_ts,oligo
NLA17_MI-10095,2017,61.6302488110539,51.266362874303375,43.39358,-83.41718,226,25,0.454,6.2,2.32,5.1,sdd_ts,oligo
NLA17_MI-10095,2017,61.6302488110539,51.266362874303375,43.39358,-83.41718,226,25,0.454,6.2,2.32,5.1,rot_ts,meso-eutro
NLA17_MI-10095,2017,61.6302488110539,51.266362874303375,43.39358,-83.41718,226,25,0.454,6.2,2.32,5.1,crs_ts,eutro
NLA17_MI-10097,2017,61.400130320963605,52.13578313605333,46.4454,-87.99653,480,145,0.538,19.80625,4.94,1.05,ncp_ts,dys
NLA17_MI-10097,2017,61.400130320963605,52.13578313605333,46.4454,-87.99653,480,145,0.538,19.80625,4.94,1.05,chla_ts,meso
NLA17_MI-10097,2017,61.400130320963605,52.13578313605333,46.4454,-87.99653,480,145,0.538,19.80625,4.94,1.05,ptl_ts,meso
NLA17_MI-10097,2017,61.400130320963605,52.13578313605333,46.4454,-87.99653,480,145,0.538,19.80625,4.94,1.05,sdd_ts,eutro
NLA17_MI-10097,2017,61.400130320963605,52.13578313605333,46.4454,-87.99653,480,145,0.538,19.80625,4.94,1.05,rot_ts,meso-eutro
NLA17_MI-10097,2017,61.400130320963605,52.13578313605333,46.4454,-87.99653,480,145,0.538,19.80625,4.94,1.05,crs_ts,eutro
NLA17_MI-10099,2017,65.65935728157966,47.70363606061038,44.72733,-85.11923,325,2,0.545,9.97875,1.34,NA,ncp_ts,oligo
NLA17_MI-10099,2017,65.65935728157966,47.70363606061038,44.72733,-85.11923,325,2,0.545,9.97875,1.34,NA,chla_ts,oligo
NLA17_MI-10099,2017,65.65935728157966,47.70363606061038,44.72733,-85.11923,325,2,0.545,9.97875,1.34,NA,ptl_ts,oligo
NLA17_MI-10099,2017,65.65935728157966,47.70363606061038,44.72733,-85.11923,325,2,0.545,9.97875,1.34,NA,sdd_ts,NA
NLA17_MI-10099,2017,65.65935728157966,47.70363606061038,44.72733,-85.11923,325,2,0.545,9.97875,1.34,NA,rot_ts,meso-eutro
NLA17_MI-10099,2017,65.65935728157966,47.70363606061038,44.72733,-85.11923,325,2,0.545,9.97875,1.34,NA,crs_ts,hypereu
NLA17_MI-10110,2017,61.71739063394916,50.19457316510602,43.16356,-85.65584,241,75,1.543,203.9525,32.8,0.75,ncp_ts,mixo
NLA17_MI-10110,2017,61.71739063394916,50.19457316510602,43.16356,-85.65584,241,75,1.543,203.9525,32.8,0.75,chla_ts,eutro
NLA17_MI-10110,2017,61.71739063394916,50.19457316510602,43.16356,-85.65584,241,75,1.543,203.9525,32.8,0.75,ptl_ts,hypereu
NLA17_MI-10110,2017,61.71739063394916,50.19457316510602,43.16356,-85.65584,241,75,1.543,203.9525,32.8,0.75,sdd_ts,eutro
NLA17_MI-10110,2017,61.71739063394916,50.19457316510602,43.16356,-85.65584,241,75,1.543,203.9525,32.8,0.75,rot_ts,meso-eutro
NLA17_MI-10110,2017,61.71739063394916,50.19457316510602,43.16356,-85.65584,241,75,1.543,203.9525,32.8,0.75,crs_ts,eutro
NLA17_MI-10115,2017,63.42476728114962,48.76583740757991,45.24795,-84.09623,251,13,0.456,8.91875,2.86,2.5,ncp_ts,oligo
NLA17_MI-10115,2017,63.42476728114962,48.76583740757991,45.24795,-84.09623,251,13,0.456,8.91875,2.86,2.5,chla_ts,meso
NLA17_MI-10115,2017,63.42476728114962,48.76583740757991,45.24795,-84.09623,251,13,0.456,8.91875,2.86,2.5,ptl_ts,oligo
NLA17_MI-10115,2017,63.42476728114962,48.76583740757991,45.24795,-84.09623,251,13,0.456,8.91875,2.86,2.5,sdd_ts,meso
NLA17_MI-10115,2017,63.42476728114962,48.76583740757991,45.24795,-84.09623,251,13,0.456,8.91875,2.86,2.5,rot_ts,meso-eutro
NLA17_MI-10115,2017,63.42476728114962,48.76583740757991,45.24795,-84.09623,251,13,0.456,8.91875,2.86,2.5,crs_ts,eutro
NLA17_MI-10117,2017,62.38906595905624,55.46713570469006,47.47517,-88.00176,196,30,0.593,20.0225,3.56,NA,ncp_ts,dys
NLA17_MI-10117,2017,62.38906595905624,55.46713570469006,47.47517,-88.00176,196,30,0.593,20.0225,3.56,NA,chla_ts,meso
NLA17_MI-10117,2017,62.38906595905624,55.46713570469006,47.47517,-88.00176,196,30,0.593,20.0225,3.56,NA,ptl_ts,meso
NLA17_MI-10117,2017,62.38906595905624,55.46713570469006,47.47517,-88.00176,196,30,0.593,20.0225,3.56,NA,sdd_ts,NA
NLA17_MI-10117,2017,62.38906595905624,55.46713570469006,47.47517,-88.00176,196,30,0.593,20.0225,3.56,NA,rot_ts,eutro
NLA17_MI-10117,2017,62.38906595905624,55.46713570469006,47.47517,-88.00176,196,30,0.593,20.0225,3.56,NA,crs_ts,eutro
NLA17_MI-10118,2017,62.89659659208385,50.19457316510602,43.69741,-85.35703,312,35,0.706,26.285,4.98,1.7,ncp_ts,dys
NLA17_MI-10118,2017,62.89659659208385,50.19457316510602,43.69741,-85.35703,312,35,0.706,26.285,4.98,1.7,chla_ts,meso
NLA17_MI-10118,2017,62.89659659208385,50.19457316510602,43.69741,-85.35703,312,35,0.706,26.285,4.98,1.7,ptl_ts,eutro
NLA17_MI-10118,2017,62.89659659208385,50.19457316510602,43.69741,-85.35703,312,35,0.706,26.285,4.98,1.7,sdd_ts,eutro
NLA17_MI-10118,2017,62.89659659208385,50.19457316510602,43.69741,-85.35703,312,35,0.706,26.285,4.98,1.7,rot_ts,meso-eutro
NLA17_MI-10118,2017,62.89659659208385,50.19457316510602,43.69741,-85.35703,312,35,0.706,26.285,4.98,1.7,crs_ts,eutro
NLA17_MI-10121,2017,61.41801768815265,52.195362925462454,46.8612,-88.84717,369,20,0.561,16.75875,3.52,2.4,ncp_ts,oligo
NLA17_MI-10121,2017,61.41801768815265,52.195362925462454,46.8612,-88.84717,369,20,0.561,16.75875,3.52,2.4,chla_ts,meso
NLA17_MI-10121,2017,61.41801768815265,52.195362925462454,46.8612,-88.84717,369,20,0.561,16.75875,3.52,2.4,ptl_ts,meso
NLA17_MI-10121,2017,61.41801768815265,52.195362925462454,46.8612,-88.84717,369,20,0.561,16.75875,3.52,2.4,sdd_ts,meso
NLA17_MI-10121,2017,61.41801768815265,52.195362925462454,46.8612,-88.84717,369,20,0.561,16.75875,3.52,2.4,rot_ts,meso-eutro
NLA17_MI-10121,2017,61.41801768815265,52.195362925462454,46.8612,-88.84717,369,20,0.561,16.75875,3.52,2.4,crs_ts,eutro
NLA17_MI-10122,2017,60.58003355597999,51.20973077243339,42.83113,-85.77959,214,30,1.134,59.0625,34.88,0.95,ncp_ts,mixo
NLA17_MI-10122,2017,60.58003355597999,51.20973077243339,42.83113,-85.77959,214,30,1.134,59.0625,34.88,0.95,chla_ts,eutro
NLA17_MI-10122,2017,60.58003355597999,51.20973077243339,42.83113,-85.77959,214,30,1.134,59.0625,34.88,0.95,ptl_ts,eutro
NLA17_MI-10122,2017,60.58003355597999,51.20973077243339,42.83113,-85.77959,214,30,1.134,59.0625,34.88,0.95,sdd_ts,eutro
NLA17_MI-10122,2017,60.58003355597999,51.20973077243339,42.83113,-85.77959,214,30,1.134,59.0625,34.88,0.95,rot_ts,meso-eutro
NLA17_MI-10122,2017,60.58003355597999,51.20973077243339,42.83113,-85.77959,214,30,1.134,59.0625,34.88,0.95,crs_ts,eutro
NLA17_MI-10123,2017,62.35650366046054,51.280428241791874,42.60619,-83.53376,285,8,0.749,26.85125,9.65,1.75,ncp_ts,oligo
NLA17_MI-10123,2017,62.35650366046054,51.280428241791874,42.60619,-83.53376,285,8,0.749,26.85125,9.65,1.75,chla_ts,eutro
NLA17_MI-10123,2017,62.35650366046054,51.280428241791874,42.60619,-83.53376,285,8,0.749,26.85125,9.65,1.75,ptl_ts,eutro
NLA17_MI-10123,2017,62.35650366046054,51.280428241791874,42.60619,-83.53376,285,8,0.749,26.85125,9.65,1.75,sdd_ts,eutro
NLA17_MI-10123,2017,62.35650366046054,51.280428241791874,42.60619,-83.53376,285,8,0.749,26.85125,9.65,1.75,rot_ts,meso-eutro
NLA17_MI-10123,2017,62.35650366046054,51.280428241791874,42.60619,-83.53376,285,8,0.749,26.85125,9.65,1.75,crs_ts,eutro
NLA17_MI-10127,2017,62.53433948890867,50.17735715041502,42.89458,-83.71904,254,35,2.111,240.31375,192.8,0.255,ncp_ts,mixo
NLA17_MI-10127,2017,62.53433948890867,50.17735715041502,42.89458,-83.71904,254,35,2.111,240.31375,192.8,0.255,chla_ts,hypereu
NLA17_MI-10127,2017,62.53433948890867,50.17735715041502,42.89458,-83.71904,254,35,2.111,240.31375,192.8,0.255,ptl_ts,hypereu
NLA17_MI-10127,2017,62.53433948890867,50.17735715041502,42.89458,-83.71904,254,35,2.111,240.31375,192.8,0.255,sdd_ts,hypereu
NLA17_MI-10127,2017,62.53433948890867,50.17735715041502,42.89458,-83.71904,254,35,2.111,240.31375,192.8,0.255,rot_ts,meso-eutro
NLA17_MI-10127,2017,62.53433948890867,50.17735715041502,42.89458,-83.71904,254,35,2.111,240.31375,192.8,0.255,crs_ts,eutro
NLA17_MI-10133,2017,60.942370194069305,51.86549799117,46.26051,-89.221,503,200,0.563,18.38125,7.99,0.55,ncp_ts,dys
NLA17_MI-10133,2017,60.942370194069305,51.86549799117,46.26051,-89.221,503,200,0.563,18.38125,7.99,0.55,chla_ts,eutro
NLA17_MI-10133,2017,60.942370194069305,51.86549799117,46.26051,-89.221,503,200,0.563,18.38125,7.99,0.55,ptl_ts,meso
NLA17_MI-10133,2017,60.942370194069305,51.86549799117,46.26051,-89.221,503,200,0.563,18.38125,7.99,0.55,sdd_ts,eutro
NLA17_MI-10133,2017,60.942370194069305,51.86549799117,46.26051,-89.221,503,200,0.563,18.38125,7.99,0.55,rot_ts,meso-eutro
NLA17_MI-10133,2017,60.942370194069305,51.86549799117,46.26051,-89.221,503,200,0.563,18.38125,7.99,0.55,crs_ts,eutro
NLA17_MI-10134,2017,62.12564144837633,50.42998571942722,43.11824,-85.35632,263,42,0.579,12.25,10.13,2.1,ncp_ts,dys
NLA17_MI-10134,2017,62.12564144837633,50.42998571942722,43.11824,-85.35632,263,42,0.579,12.25,10.13,2.1,chla_ts,eutro
NLA17_MI-10134,2017,62.12564144837633,50.42998571942722,43.11824,-85.35632,263,42,0.579,12.25,10.13,2.1,ptl_ts,meso
NLA17_MI-10134,2017,62.12564144837633,50.42998571942722,43.11824,-85.35632,263,42,0.579,12.25,10.13,2.1,sdd_ts,meso
NLA17_MI-10134,2017,62.12564144837633,50.42998571942722,43.11824,-85.35632,263,42,0.579,12.25,10.13,2.1,rot_ts,meso-eutro
NLA17_MI-10134,2017,62.12564144837633,50.42998571942722,43.11824,-85.35632,263,42,0.579,12.25,10.13,2.1,crs_ts,eutro
NLA17_MI-10141,2017,61.21950169285451,52.76812434950144,46.59082,-88.08687,512,145,0.501,22.8925,11.25,0.8500000000000001,ncp_ts,dys
NLA17_MI-10141,2017,61.21950169285451,52.76812434950144,46.59082,-88.08687,512,145,0.501,22.8925,11.25,0.8500000000000001,chla_ts,eutro
NLA17_MI-10141,2017,61.21950169285451,52.76812434950144,46.59082,-88.08687,512,145,0.501,22.8925,11.25,0.8500000000000001,ptl_ts,meso
NLA17_MI-10141,2017,61.21950169285451,52.76812434950144,46.59082,-88.08687,512,145,0.501,22.8925,11.25,0.8500000000000001,sdd_ts,eutro
NLA17_MI-10141,2017,61.21950169285451,52.76812434950144,46.59082,-88.08687,512,145,0.501,22.8925,11.25,0.8500000000000001,rot_ts,meso-eutro
NLA17_MI-10141,2017,61.21950169285451,52.76812434950144,46.59082,-88.08687,512,145,0.501,22.8925,11.25,0.8500000000000001,crs_ts,eutro
NLA17_MI-HP001,2017,62.43771768886224,51.266362874303375,42.61994,-85.458218,245.55,12,0.365,12.2,5.73,2.3,ncp_ts,oligo
NLA17_MI-HP001,2017,62.43771768886224,51.266362874303375,42.61994,-85.458218,245.55,12,0.365,12.2,5.73,2.3,chla_ts,meso
NLA17_MI-HP001,2017,62.43771768886224,51.266362874303375,42.61994,-85.458218,245.55,12,0.365,12.2,5.73,2.3,ptl_ts,meso
NLA17_MI-HP001,2017,62.43771768886224,51.266362874303375,42.61994,-85.458218,245.55,12,0.365,12.2,5.73,2.3,sdd_ts,meso
NLA17_MI-HP001,2017,62.43771768886224,51.266362874303375,42.61994,-85.458218,245.55,12,0.365,12.2,5.73,2.3,rot_ts,meso-eutro
NLA17_MI-HP001,2017,62.43771768886224,51.266362874303375,42.61994,-85.458218,245.55,12,0.365,12.2,5.73,2.3,crs_ts,eutro
NLA17_MN-10001,2017,69.77198015547836,54.11782801586801,47.59802,-93.40415,412,34,0.488,17.348999999999997,5.27,2.825,ncp_ts,dys
NLA17_MN-10001,2017,69.77198015547836,54.11782801586801,47.59802,-93.40415,412,34,0.488,17.348999999999997,5.27,2.825,chla_ts,meso
NLA17_MN-10001,2017,69.77198015547836,54.11782801586801,47.59802,-93.40415,412,34,0.488,17.348999999999997,5.27,2.825,ptl_ts,meso
NLA17_MN-10001,2017,69.77198015547836,54.11782801586801,47.59802,-93.40415,412,34,0.488,17.348999999999997,5.27,2.825,sdd_ts,meso
NLA17_MN-10001,2017,69.77198015547836,54.11782801586801,47.59802,-93.40415,412,34,0.488,17.348999999999997,5.27,2.825,rot_ts,meso-eutro
NLA17_MN-10001,2017,69.77198015547836,54.11782801586801,47.59802,-93.40415,412,34,0.488,17.348999999999997,5.27,2.825,crs_ts,hypereu
NLA17_MN-10002,2017,65.62348392815122,47.59327321630829,44.19519,-93.90054,300,35,3.206,242.54375,114.29,0.375,ncp_ts,mixo
NLA17_MN-10002,2017,65.62348392815122,47.59327321630829,44.19519,-93.90054,300,35,3.206,242.54375,114.29,0.375,chla_ts,hypereu
NLA17_MN-10002,2017,65.62348392815122,47.59327321630829,44.19519,-93.90054,300,35,3.206,242.54375,114.29,0.375,ptl_ts,hypereu
NLA17_MN-10002,2017,65.62348392815122,47.59327321630829,44.19519,-93.90054,300,35,3.206,242.54375,114.29,0.375,sdd_ts,hypereu
NLA17_MN-10002,2017,65.62348392815122,47.59327321630829,44.19519,-93.90054,300,35,3.206,242.54375,114.29,0.375,rot_ts,meso-eutro
NLA17_MN-10002,2017,65.62348392815122,47.59327321630829,44.19519,-93.90054,300,35,3.206,242.54375,114.29,0.375,crs_ts,hypereu
NLA17_MN-10003,2017,63.019697387646445,49.65250430932062,44.942,-94.03195,302,49,9.506,769.694,329.6,0.1,ncp_ts,mixo
NLA17_MN-10003,2017,63.019697387646445,49.65250430932062,44.942,-94.03195,302,49,9.506,769.694,329.6,0.1,chla_ts,hypereu
NLA17_MN-10003,2017,63.019697387646445,49.65250430932062,44.942,-94.03195,302,49,9.506,769.694,329.6,0.1,ptl_ts,hypereu
NLA17_MN-10003,2017,63.019697387646445,49.65250430932062,44.942,-94.03195,302,49,9.506,769.694,329.6,0.1,sdd_ts,hypereu
NLA17_MN-10003,2017,63.019697387646445,49.65250430932062,44.942,-94.03195,302,49,9.506,769.694,329.6,0.1,rot_ts,meso-eutro
NLA17_MN-10003,2017,63.019697387646445,49.65250430932062,44.942,-94.03195,302,49,9.506,769.694,329.6,0.1,crs_ts,eutro
NLA17_MN-10004,2017,63.3509270534317,49.83932863651182,45.91673,-95.39661,412,25,0.638,19.5825,2.98,5.9,ncp_ts,dys
NLA17_MN-10004,2017,63.3509270534317,49.83932863651182,45.91673,-95.39661,412,25,0.638,19.5825,2.98,5.9,chla_ts,meso
NLA17_MN-10004,2017,63.3509270534317,49.83932863651182,45.91673,-95.39661,412,25,0.638,19.5825,2.98,5.9,ptl_ts,meso
NLA17_MN-10004,2017,63.3509270534317,49.83932863651182,45.91673,-95.39661,412,25,0.638,19.5825,2.98,5.9,sdd_ts,oligo
NLA17_MN-10004,2017,63.3509270534317,49.83932863651182,45.91673,-95.39661,412,25,0.638,19.5825,2.98,5.9,rot_ts,meso-eutro
NLA17_MN-10004,2017,63.3509270534317,49.83932863651182,45.91673,-95.39661,412,25,0.638,19.5825,2.98,5.9,crs_ts,eutro
NLA17_MN-10005,2017,63.24666906424995,51.554278703273155,47.06912,-92.00226,428,54,0.449,20.365,2.11,3.5,ncp_ts,dys
NLA17_MN-10005,2017,63.24666906424995,51.554278703273155,47.06912,-92.00226,428,54,0.449,20.365,2.11,3.5,chla_ts,oligo
NLA17_MN-10005,2017,63.24666906424995,51.554278703273155,47.06912,-92.00226,428,54,0.449,20.365,2.11,3.5,ptl_ts,meso
NLA17_MN-10005,2017,63.24666906424995,51.554278703273155,47.06912,-92.00226,428,54,0.449,20.365,2.11,3.5,sdd_ts,meso
NLA17_MN-10005,2017,63.24666906424995,51.554278703273155,47.06912,-92.00226,428,54,0.449,20.365,2.11,3.5,rot_ts,meso-eutro
NLA17_MN-10005,2017,63.24666906424995,51.554278703273155,47.06912,-92.00226,428,54,0.449,20.365,2.11,3.5,crs_ts,eutro
NLA17_MN-10006,2017,60.71505005414288,53.94942616104837,46.43745,-93.95703,384,35,0.661,33.565,5.1,NA,ncp_ts,mixo
NLA17_MN-10006,2017,60.71505005414288,53.94942616104837,46.43745,-93.95703,384,35,0.661,33.565,5.1,NA,chla_ts,meso
NLA17_MN-10006,2017,60.71505005414288,53.94942616104837,46.43745,-93.95703,384,35,0.661,33.565,5.1,NA,ptl_ts,eutro
NLA17_MN-10006,2017,60.71505005414288,53.94942616104837,46.43745,-93.95703,384,35,0.661,33.565,5.1,NA,sdd_ts,NA
NLA17_MN-10006,2017,60.71505005414288,53.94942616104837,46.43745,-93.95703,384,35,0.661,33.565,5.1,NA,rot_ts,meso-eutro
NLA17_MN-10006,2017,60.71505005414288,53.94942616104837,46.43745,-93.95703,384,35,0.661,33.565,5.1,NA,crs_ts,eutro
NLA17_MN-10007,2017,63.89952942717314,50.91726746683577,47.07371,-94.60199,401,10,0.475,13.71125,2.95,3.45,ncp_ts,oligo
NLA17_MN-10007,2017,63.89952942717314,50.91726746683577,47.07371,-94.60199,401,10,0.475,13.71125,2.95,3.45,chla_ts,meso
NLA17_MN-10007,2017,63.89952942717314,50.91726746683577,47.07371,-94.60199,401,10,0.475,13.71125,2.95,3.45,ptl_ts,meso
NLA17_MN-10007,2017,63.89952942717314,50.91726746683577,47.07371,-94.60199,401,10,0.475,13.71125,2.95,3.45,sdd_ts,meso
NLA17_MN-10007,2017,63.89952942717314,50.91726746683577,47.07371,-94.60199,401,10,0.475,13.71125,2.95,3.45,rot_ts,meso-eutro
NLA17_MN-10007,2017,63.89952942717314,50.91726746683577,47.07371,-94.60199,401,10,0.475,13.71125,2.95,3.45,crs_ts,eutro
NLA17_MN-10008,2017,63.46882333261347,50.52780659609479,47.66784,-90.9889,511,32,0.76,20.50375,9.1,1.25,ncp_ts,dys
NLA17_MN-10008,2017,63.46882333261347,50.52780659609479,47.66784,-90.9889,511,32,0.76,20.50375,9.1,1.25,chla_ts,eutro
NLA17_MN-10008,2017,63.46882333261347,50.52780659609479,47.66784,-90.9889,511,32,0.76,20.50375,9.1,1.25,ptl_ts,meso
NLA17_MN-10008,2017,63.46882333261347,50.52780659609479,47.66784,-90.9889,511,32,0.76,20.50375,9.1,1.25,sdd_ts,eutro
NLA17_MN-10008,2017,63.46882333261347,50.52780659609479,47.66784,-90.9889,511,32,0.76,20.50375,9.1,1.25,rot_ts,meso-eutro
NLA17_MN-10008,2017,63.46882333261347,50.52780659609479,47.66784,-90.9889,511,32,0.76,20.50375,9.1,1.25,crs_ts,eutro
NLA17_MN-10009,2017,61.6127307841972,50.3135669573705,44.9994,-94.33311,320,23,0.903,41.77,21,1.35,ncp_ts,mixo
NLA17_MN-10009,2017,61.6127307841972,50.3135669573705,44.9994,-94.33311,320,23,0.903,41.77,21,1.35,chla_ts,eutro
NLA17_MN-10009,2017,61.6127307841972,50.3135669573705,44.9994,-94.33311,320,23,0.903,41.77,21,1.35,ptl_ts,eutro
NLA17_MN-10009,2017,61.6127307841972,50.3135669573705,44.9994,-94.33311,320,23,0.903,41.77,21,1.35,sdd_ts,eutro
NLA17_MN-10009,2017,61.6127307841972,50.3135669573705,44.9994,-94.33311,320,23,0.903,41.77,21,1.35,rot_ts,meso-eutro
NLA17_MN-10009,2017,61.6127307841972,50.3135669573705,44.9994,-94.33311,320,23,0.903,41.77,21,1.35,crs_ts,eutro
NLA17_MN-10010,2017,63.7150466692789,51.840239728813366,45.07151,-93.12346,270,2,0.716,9.82875,8.19,2.45,ncp_ts,oligo
NLA17_MN-10010,2017,63.7150466692789,51.840239728813366,45.07151,-93.12346,270,2,0.716,9.82875,8.19,2.45,chla_ts,eutro
NLA17_MN-10010,2017,63.7150466692789,51.840239728813366,45.07151,-93.12346,270,2,0.716,9.82875,8.19,2.45,ptl_ts,oligo
NLA17_MN-10010,2017,63.7150466692789,51.840239728813366,45.07151,-93.12346,270,2,0.716,9.82875,8.19,2.45,sdd_ts,meso
NLA17_MN-10010,2017,63.7150466692789,51.840239728813366,45.07151,-93.12346,270,2,0.716,9.82875,8.19,2.45,rot_ts,meso-eutro
NLA17_MN-10010,2017,63.7150466692789,51.840239728813366,45.07151,-93.12346,270,2,0.716,9.82875,8.19,2.45,crs_ts,eutro
NLA17_MN-10011,2017,60.81039140624742,52.34725140625867,46.41943,-95.84002,405,20,0.585,16.12875,3.17,3.45,ncp_ts,oligo
NLA17_MN-10011,2017,60.81039140624742,52.34725140625867,46.41943,-95.84002,405,20,0.585,16.12875,3.17,3.45,chla_ts,meso
NLA17_MN-10011,2017,60.81039140624742,52.34725140625867,46.41943,-95.84002,405,20,0.585,16.12875,3.17,3.45,ptl_ts,meso
NLA17_MN-10011,2017,60.81039140624742,52.34725140625867,46.41943,-95.84002,405,20,0.585,16.12875,3.17,3.45,sdd_ts,meso
NLA17_MN-10011,2017,60.81039140624742,52.34725140625867,46.41943,-95.84002,405,20,0.585,16.12875,3.17,3.45,rot_ts,meso-eutro
NLA17_MN-10011,2017,60.81039140624742,52.34725140625867,46.41943,-95.84002,405,20,0.585,16.12875,3.17,3.45,crs_ts,eutro
NLA17_MN-10012,2017,61.23770999682018,50.60798691769864,46.97471,-95.65491,448,6,1.261,46.85875,8.64,1.75,ncp_ts,eutro
NLA17_MN-10012,2017,61.23770999682018,50.60798691769864,46.97471,-95.65491,448,6,1.261,46.85875,8.64,1.75,chla_ts,eutro
NLA17_MN-10012,2017,61.23770999682018,50.60798691769864,46.97471,-95.65491,448,6,1.261,46.85875,8.64,1.75,ptl_ts,eutro
NLA17_MN-10012,2017,61.23770999682018,50.60798691769864,46.97471,-95.65491,448,6,1.261,46.85875,8.64,1.75,sdd_ts,eutro
NLA17_MN-10012,2017,61.23770999682018,50.60798691769864,46.97471,-95.65491,448,6,1.261,46.85875,8.64,1.75,rot_ts,meso-eutro
NLA17_MN-10012,2017,61.23770999682018,50.60798691769864,46.97471,-95.65491,448,6,1.261,46.85875,8.64,1.75,crs_ts,eutro
NLA17_MN-10014,2017,62.092234329009855,52.33571871159597,48.39552,-92.65806,347,80,0.7,24.5275,9.84,1.65,ncp_ts,dys
NLA17_MN-10014,2017,62.092234329009855,52.33571871159597,48.39552,-92.65806,347,80,0.7,24.5275,9.84,1.65,chla_ts,eutro
NLA17_MN-10014,2017,62.092234329009855,52.33571871159597,48.39552,-92.65806,347,80,0.7,24.5275,9.84,1.65,ptl_ts,eutro
NLA17_MN-10014,2017,62.092234329009855,52.33571871159597,48.39552,-92.65806,347,80,0.7,24.5275,9.84,1.65,sdd_ts,eutro
NLA17_MN-10014,2017,62.092234329009855,52.33571871159597,48.39552,-92.65806,347,80,0.7,24.5275,9.84,1.65,rot_ts,meso-eutro
NLA17_MN-10014,2017,62.092234329009855,52.33571871159597,48.39552,-92.65806,347,80,0.7,24.5275,9.84,1.65,crs_ts,eutro
NLA17_MN-10016,2017,63.171558223579964,52.33571871159597,46.7324,-96.07605,410,22,1.304,58.94375,27.52,NA,ncp_ts,mixo
NLA17_MN-10016,2017,63.171558223579964,52.33571871159597,46.7324,-96.07605,410,22,1.304,58.94375,27.52,NA,chla_ts,eutro
NLA17_MN-10016,2017,63.171558223579964,52.33571871159597,46.7324,-96.07605,410,22,1.304,58.94375,27.52,NA,ptl_ts,eutro
NLA17_MN-10016,2017,63.171558223579964,52.33571871159597,46.7324,-96.07605,410,22,1.304,58.94375,27.52,NA,sdd_ts,NA
NLA17_MN-10016,2017,63.171558223579964,52.33571871159597,46.7324,-96.07605,410,22,1.304,58.94375,27.52,NA,rot_ts,meso-eutro
NLA17_MN-10016,2017,63.171558223579964,52.33571871159597,46.7324,-96.07605,410,22,1.304,58.94375,27.52,NA,crs_ts,eutro
NLA17_MN-10017,2017,61.82098895910066,54.73581963929817,46.12736,-96.13317,341,15,2.73,93.97625,51.2,0.25,ncp_ts,eutro
NLA17_MN-10017,2017,61.82098895910066,54.73581963929817,46.12736,-96.13317,341,15,2.73,93.97625,51.2,0.25,chla_ts,eutro
NLA17_MN-10017,2017,61.82098895910066,54.73581963929817,46.12736,-96.13317,341,15,2.73,93.97625,51.2,0.25,ptl_ts,eutro
NLA17_MN-10017,2017,61.82098895910066,54.73581963929817,46.12736,-96.13317,341,15,2.73,93.97625,51.2,0.25,sdd_ts,hypereu
NLA17_MN-10017,2017,61.82098895910066,54.73581963929817,46.12736,-96.13317,341,15,2.73,93.97625,51.2,0.25,rot_ts,meso-eutro
NLA17_MN-10017,2017,61.82098895910066,54.73581963929817,46.12736,-96.13317,341,15,2.73,93.97625,51.2,0.25,crs_ts,eutro
NLA17_MN-10018,2017,63.20166730835434,49.53721418328789,48.02228,-91.43911,430,70,0.768,12.32875,6.37,1.2,ncp_ts,dys
NLA17_MN-10018,2017,63.20166730835434,49.53721418328789,48.02228,-91.43911,430,70,0.768,12.32875,6.37,1.2,chla_ts,meso
NLA17_MN-10018,2017,63.20166730835434,49.53721418328789,48.02228,-91.43911,430,70,0.768,12.32875,6.37,1.2,ptl_ts,meso
NLA17_MN-10018,2017,63.20166730835434,49.53721418328789,48.02228,-91.43911,430,70,0.768,12.32875,6.37,1.2,sdd_ts,eutro
NLA17_MN-10018,2017,63.20166730835434,49.53721418328789,48.02228,-91.43911,430,70,0.768,12.32875,6.37,1.2,rot_ts,meso-eutro
NLA17_MN-10018,2017,63.20166730835434,49.53721418328789,48.02228,-91.43911,430,70,0.768,12.32875,6.37,1.2,crs_ts,eutro
NLA17_MN-10019,2017,60.65740807414456,52.40454694245029,46.19689,-94.57479,403,25,0.763,22.12875,7.26,1.75,ncp_ts,dys
NLA17_MN-10019,2017,60.65740807414456,52.40454694245029,46.19689,-94.57479,403,25,0.763,22.12875,7.26,1.75,chla_ts,meso
NLA17_MN-10019,2017,60.65740807414456,52.40454694245029,46.19689,-94.57479,403,25,0.763,22.12875,7.26,1.75,ptl_ts,meso
NLA17_MN-10019,2017,60.65740807414456,52.40454694245029,46.19689,-94.57479,403,25,0.763,22.12875,7.26,1.75,sdd_ts,eutro
NLA17_MN-10019,2017,60.65740807414456,52.40454694245029,46.19689,-94.57479,403,25,0.763,22.12875,7.26,1.75,rot_ts,meso-eutro
NLA17_MN-10019,2017,60.65740807414456,52.40454694245029,46.19689,-94.57479,403,25,0.763,22.12875,7.26,1.75,crs_ts,eutro
NLA17_MN-10020,2017,65.23326168495379,51.738003873277556,47.55974,-93.03256,434,63,0.801,24.6359,12.1,1.9,ncp_ts,dys
NLA17_MN-10020,2017,65.23326168495379,51.738003873277556,47.55974,-93.03256,434,63,0.801,24.6359,12.1,1.9,chla_ts,eutro
NLA17_MN-10020,2017,65.23326168495379,51.738003873277556,47.55974,-93.03256,434,63,0.801,24.6359,12.1,1.9,ptl_ts,eutro
NLA17_MN-10020,2017,65.23326168495379,51.738003873277556,47.55974,-93.03256,434,63,0.801,24.6359,12.1,1.9,sdd_ts,eutro
NLA17_MN-10020,2017,65.23326168495379,51.738003873277556,47.55974,-93.03256,434,63,0.801,24.6359,12.1,1.9,rot_ts,meso-eutro
NLA17_MN-10020,2017,65.23326168495379,51.738003873277556,47.55974,-93.03256,434,63,0.801,24.6359,12.1,1.9,crs_ts,hypereu
NLA17_MN-10021,2017,63.43947317997933,50.279836439357354,45.47429,-93.34521,278,12,1.834,124.0225,89.6,0.4,ncp_ts,eutro
NLA17_MN-10021,2017,63.43947317997933,50.279836439357354,45.47429,-93.34521,278,12,1.834,124.0225,89.6,0.4,chla_ts,hypereu
NLA17_MN-10021,2017,63.43947317997933,50.279836439357354,45.47429,-93.34521,278,12,1.834,124.0225,89.6,0.4,ptl_ts,hypereu
NLA17_MN-10021,2017,63.43947317997933,50.279836439357354,45.47429,-93.34521,278,12,1.834,124.0225,89.6,0.4,sdd_ts,hypereu
NLA17_MN-10021,2017,63.43947317997933,50.279836439357354,45.47429,-93.34521,278,12,1.834,124.0225,89.6,0.4,rot_ts,meso-eutro
NLA17_MN-10021,2017,63.43947317997933,50.279836439357354,45.47429,-93.34521,278,12,1.834,124.0225,89.6,0.4,crs_ts,eutro
NLA17_MN-10022,2017,62.29106915270501,50.655527727785326,46.05283,-92.47217,307,35,0.384,13.4,3.14,4.15,ncp_ts,dys
NLA17_MN-10022,2017,62.29106915270501,50.655527727785326,46.05283,-92.47217,307,35,0.384,13.4,3.14,4.15,chla_ts,meso
NLA17_MN-10022,2017,62.29106915270501,50.655527727785326,46.05283,-92.47217,307,35,0.384,13.4,3.14,4.15,ptl_ts,meso
NLA17_MN-10022,2017,62.29106915270501,50.655527727785326,46.05283,-92.47217,307,35,0.384,13.4,3.14,4.15,sdd_ts,oligo
NLA17_MN-10022,2017,62.29106915270501,50.655527727785326,46.05283,-92.47217,307,35,0.384,13.4,3.14,4.15,rot_ts,meso-eutro
NLA17_MN-10022,2017,62.29106915270501,50.655527727785326,46.05283,-92.47217,307,35,0.384,13.4,3.14,4.15,crs_ts,eutro
NLA17_MN-10023,2017,61.400130320963605,51.32240504772079,46.10148,-95.81966,383,10,1.103,27.02625,3.74,NA,ncp_ts,oligo
NLA17_MN-10023,2017,61.400130320963605,51.32240504772079,46.10148,-95.81966,383,10,1.103,27.02625,3.74,NA,chla_ts,meso
NLA17_MN-10023,2017,61.400130320963605,51.32240504772079,46.10148,-95.81966,383,10,1.103,27.02625,3.74,NA,ptl_ts,eutro
NLA17_MN-10023,2017,61.400130320963605,51.32240504772079,46.10148,-95.81966,383,10,1.103,27.02625,3.74,NA,sdd_ts,NA
NLA17_MN-10023,2017,61.400130320963605,51.32240504772079,46.10148,-95.81966,383,10,1.103,27.02625,3.74,NA,rot_ts,meso-eutro
NLA17_MN-10023,2017,61.400130320963605,51.32240504772079,46.10148,-95.81966,383,10,1.103,27.02625,3.74,NA,crs_ts,eutro
NLA17_MN-10025,2017,61.453698276084474,50.90221850597446,47.07554,-94.13103,395,18,0.92625,21.8225,6.1,1.6749999999999998,ncp_ts,oligo
NLA17_MN-10025,2017,61.453698276084474,50.90221850597446,47.07554,-94.13103,395,18,0.92625,21.8225,6.1,1.6749999999999998,chla_ts,meso
NLA17_MN-10025,2017,61.453698276084474,50.90221850597446,47.07554,-94.13103,395,18,0.92625,21.8225,6.1,1.6749999999999998,ptl_ts,meso
NLA17_MN-10025,2017,61.453698276084474,50.90221850597446,47.07554,-94.13103,395,18,0.92625,21.8225,6.1,1.6749999999999998,sdd_ts,eutro
NLA17_MN-10025,2017,61.453698276084474,50.90221850597446,47.07554,-94.13103,395,18,0.92625,21.8225,6.1,1.6749999999999998,rot_ts,meso-eutro
NLA17_MN-10025,2017,61.453698276084474,50.90221850597446,47.07554,-94.13103,395,18,0.92625,21.8225,6.1,1.6749999999999998,crs_ts,eutro
NLA17_MN-10026,2017,60.364119818961015,53.60505924852073,45.2638,-94.02673,311,10,1.319,51.88875,39.04,1.15,ncp_ts,eutro
NLA17_MN-10026,2017,60.364119818961015,53.60505924852073,45.2638,-94.02673,311,10,1.319,51.88875,39.04,1.15,chla_ts,eutro
NLA17_MN-10026,2017,60.364119818961015,53.60505924852073,45.2638,-94.02673,311,10,1.319,51.88875,39.04,1.15,ptl_ts,eutro
NLA17_MN-10026,2017,60.364119818961015,53.60505924852073,45.2638,-94.02673,311,10,1.319,51.88875,39.04,1.15,sdd_ts,eutro
NLA17_MN-10026,2017,60.364119818961015,53.60505924852073,45.2638,-94.02673,311,10,1.319,51.88875,39.04,1.15,rot_ts,meso-eutro
NLA17_MN-10026,2017,60.364119818961015,53.60505924852073,45.2638,-94.02673,311,10,1.319,51.88875,39.04,1.15,crs_ts,eutro
NLA17_MN-10027,2017,61.36426084020088,50.81102988224636,46.0096,-94.69823,364,10,0.589,18.3225,5.84,3.45,ncp_ts,oligo
NLA17_MN-10027,2017,61.36426084020088,50.81102988224636,46.0096,-94.69823,364,10,0.589,18.3225,5.84,3.45,chla_ts,meso
NLA17_MN-10027,2017,61.36426084020088,50.81102988224636,46.0096,-94.69823,364,10,0.589,18.3225,5.84,3.45,ptl_ts,meso
NLA17_MN-10027,2017,61.36426084020088,50.81102988224636,46.0096,-94.69823,364,10,0.589,18.3225,5.84,3.45,sdd_ts,meso
NLA17_MN-10027,2017,61.36426084020088,50.81102988224636,46.0096,-94.69823,364,10,0.589,18.3225,5.84,3.45,rot_ts,meso-eutro
NLA17_MN-10027,2017,61.36426084020088,50.81102988224636,46.0096,-94.69823,364,10,0.589,18.3225,5.84,3.45,crs_ts,eutro
NLA17_MN-10028,2017,65.80167866529831,46.017595551718884,48.04965,-91.30297,442,18,0.418,5.975,4.6,3.6,ncp_ts,oligo
NLA17_MN-10028,2017,65.80167866529831,46.017595551718884,48.04965,-91.30297,442,18,0.418,5.975,4.6,3.6,chla_ts,meso
NLA17_MN-10028,2017,65.80167866529831,46.017595551718884,48.04965,-91.30297,442,18,0.418,5.975,4.6,3.6,ptl_ts,oligo
NLA17_MN-10028,2017,65.80167866529831,46.017595551718884,48.04965,-91.30297,442,18,0.418,5.975,4.6,3.6,sdd_ts,meso
NLA17_MN-10028,2017,65.80167866529831,46.017595551718884,48.04965,-91.30297,442,18,0.418,5.975,4.6,3.6,rot_ts,meso-eutro
NLA17_MN-10028,2017,65.80167866529831,46.017595551718884,48.04965,-91.30297,442,18,0.418,5.975,4.6,3.6,crs_ts,hypereu
NLA17_MN-10030,2017,63.11107862474535,49.070858356559725,44.05364,-95.376,412,5,1.209,101.75625,20.16,1.45,ncp_ts,eutro
NLA17_MN-10030,2017,63.11107862474535,49.070858356559725,44.05364,-95.376,412,5,1.209,101.75625,20.16,1.45,chla_ts,eutro
NLA17_MN-10030,2017,63.11107862474535,49.070858356559725,44.05364,-95.376,412,5,1.209,101.75625,20.16,1.45,ptl_ts,hypereu
NLA17_MN-10030,2017,63.11107862474535,49.070858356559725,44.05364,-95.376,412,5,1.209,101.75625,20.16,1.45,sdd_ts,eutro
NLA17_MN-10030,2017,63.11107862474535,49.070858356559725,44.05364,-95.376,412,5,1.209,101.75625,20.16,1.45,rot_ts,meso-eutro
NLA17_MN-10030,2017,63.11107862474535,49.070858356559725,44.05364,-95.376,412,5,1.209,101.75625,20.16,1.45,crs_ts,eutro
NLA17_MN-10033,2017,61.21950169285451,50.446413213106695,47.15998,-95.05449,476,22,0.613,18.9875,3.62,3.1500000000000004,ncp_ts,dys
NLA17_MN-10033,2017,61.21950169285451,50.446413213106695,47.15998,-95.05449,476,22,0.613,18.9875,3.62,3.1500000000000004,chla_ts,meso
NLA17_MN-10033,2017,61.21950169285451,50.446413213106695,47.15998,-95.05449,476,22,0.613,18.9875,3.62,3.1500000000000004,ptl_ts,meso
NLA17_MN-10033,2017,61.21950169285451,50.446413213106695,47.15998,-95.05449,476,22,0.613,18.9875,3.62,3.1500000000000004,sdd_ts,meso
NLA17_MN-10033,2017,61.21950169285451,50.446413213106695,47.15998,-95.05449,476,22,0.613,18.9875,3.62,3.1500000000000004,rot_ts,meso-eutro
NLA17_MN-10033,2017,61.21950169285451,50.446413213106695,47.15998,-95.05449,476,22,0.613,18.9875,3.62,3.1500000000000004,crs_ts,eutro
NLA17_MN-10034,2017,62.19213186497063,52.528489596650836,46.26641,-95.61862,409,25,0.963,31.87125,2.6,NA,ncp_ts,mixo
NLA17_MN-10034,2017,62.19213186497063,52.528489596650836,46.26641,-95.61862,409,25,0.963,31.87125,2.6,NA,chla_ts,oligo
NLA17_MN-10034,2017,62.19213186497063,52.528489596650836,46.26641,-95.61862,409,25,0.963,31.87125,2.6,NA,ptl_ts,eutro
NLA17_MN-10034,2017,62.19213186497063,52.528489596650836,46.26641,-95.61862,409,25,0.963,31.87125,2.6,NA,sdd_ts,NA
NLA17_MN-10034,2017,62.19213186497063,52.528489596650836,46.26641,-95.61862,409,25,0.963,31.87125,2.6,NA,rot_ts,meso-eutro
NLA17_MN-10034,2017,62.19213186497063,52.528489596650836,46.26641,-95.61862,409,25,0.963,31.87125,2.6,NA,crs_ts,eutro
NLA17_MN-10037,2017,63.54184200075718,47.565325101509465,46.22321,-96.04381,359,35,2.448,211.32125,21.68,2.95,ncp_ts,mixo
NLA17_MN-10037,2017,63.54184200075718,47.565325101509465,46.22321,-96.04381,359,35,2.448,211.32125,21.68,2.95,chla_ts,eutro
NLA17_MN-10037,2017,63.54184200075718,47.565325101509465,46.22321,-96.04381,359,35,2.448,211.32125,21.68,2.95,ptl_ts,hypereu
NLA17_MN-10037,2017,63.54184200075718,47.565325101509465,46.22321,-96.04381,359,35,2.448,211.32125,21.68,2.95,sdd_ts,meso
NLA17_MN-10037,2017,63.54184200075718,47.565325101509465,46.22321,-96.04381,359,35,2.448,211.32125,21.68,2.95,rot_ts,meso-eutro
NLA17_MN-10037,2017,63.54184200075718,47.565325101509465,46.22321,-96.04381,359,35,2.448,211.32125,21.68,2.95,crs_ts,eutro
NLA17_MN-10038,2017,61.10955894675964,55.72532450860396,46.67872,-92.70048,394,135,1.119,33.55875,19.04,1.23,ncp_ts,mixo
NLA17_MN-10038,2017,61.10955894675964,55.72532450860396,46.67872,-92.70048,394,135,1.119,33.55875,19.04,1.23,chla_ts,eutro
NLA17_MN-10038,2017,61.10955894675964,55.72532450860396,46.67872,-92.70048,394,135,1.119,33.55875,19.04,1.23,ptl_ts,eutro
NLA17_MN-10038,2017,61.10955894675964,55.72532450860396,46.67872,-92.70048,394,135,1.119,33.55875,19.04,1.23,sdd_ts,eutro
NLA17_MN-10038,2017,61.10955894675964,55.72532450860396,46.67872,-92.70048,394,135,1.119,33.55875,19.04,1.23,rot_ts,eutro
NLA17_MN-10038,2017,61.10955894675964,55.72532450860396,46.67872,-92.70048,394,135,1.119,33.55875,19.04,1.23,crs_ts,eutro
NLA17_MN-10042,2017,60.71505005414288,56.07638323767117,45.2935,-94.30134,327,27,1.371,116.5775,67.2,0.875,ncp_ts,mixo
NLA17_MN-10042,2017,60.71505005414288,56.07638323767117,45.2935,-94.30134,327,27,1.371,116.5775,67.2,0.875,chla_ts,hypereu
NLA17_MN-10042,2017,60.71505005414288,56.07638323767117,45.2935,-94.30134,327,27,1.371,116.5775,67.2,0.875,ptl_ts,hypereu
NLA17_MN-10042,2017,60.71505005414288,56.07638323767117,45.2935,-94.30134,327,27,1.371,116.5775,67.2,0.875,sdd_ts,eutro
NLA17_MN-10042,2017,60.71505005414288,56.07638323767117,45.2935,-94.30134,327,27,1.371,116.5775,67.2,0.875,rot_ts,eutro
NLA17_MN-10042,2017,60.71505005414288,56.07638323767117,45.2935,-94.30134,327,27,1.371,116.5775,67.2,0.875,crs_ts,eutro
NLA17_MN-10044,2017,62.19213186497063,51.20973077243339,48.17831,-91.98468,394,20,0.47,9.53375,3.38,2.75,ncp_ts,oligo
NLA17_MN-10044,2017,62.19213186497063,51.20973077243339,48.17831,-91.98468,394,20,0.47,9.53375,3.38,2.75,chla_ts,meso
NLA17_MN-10044,2017,62.19213186497063,51.20973077243339,48.17831,-91.98468,394,20,0.47,9.53375,3.38,2.75,ptl_ts,oligo
NLA17_MN-10044,2017,62.19213186497063,51.20973077243339,48.17831,-91.98468,394,20,0.47,9.53375,3.38,2.75,sdd_ts,meso
NLA17_MN-10044,2017,62.19213186497063,51.20973077243339,48.17831,-91.98468,394,20,0.47,9.53375,3.38,2.75,rot_ts,meso-eutro
NLA17_MN-10044,2017,62.19213186497063,51.20973077243339,48.17831,-91.98468,394,20,0.47,9.53375,3.38,2.75,crs_ts,eutro
NLA17_MN-10045,2017,63.336096417548625,49.80247917738264,47.0361,-95.63038,452,13,0.899,42.81715,12.35,1.05,ncp_ts,eutro
NLA17_MN-10045,2017,63.336096417548625,49.80247917738264,47.0361,-95.63038,452,13,0.899,42.81715,12.35,1.05,chla_ts,eutro
NLA17_MN-10045,2017,63.336096417548625,49.80247917738264,47.0361,-95.63038,452,13,0.899,42.81715,12.35,1.05,ptl_ts,eutro
NLA17_MN-10045,2017,63.336096417548625,49.80247917738264,47.0361,-95.63038,452,13,0.899,42.81715,12.35,1.05,sdd_ts,eutro
NLA17_MN-10045,2017,63.336096417548625,49.80247917738264,47.0361,-95.63038,452,13,0.899,42.81715,12.35,1.05,rot_ts,meso-eutro
NLA17_MN-10045,2017,63.336096417548625,49.80247917738264,47.0361,-95.63038,452,13,0.899,42.81715,12.35,1.05,crs_ts,eutro
NLA17_MN-10046,2017,62.55035574809769,52.38170189750808,45.30999,-95.04378,362,7,1.071,26.60875,7.64,1.35,ncp_ts,oligo
NLA17_MN-10046,2017,62.55035574809769,52.38170189750808,45.30999,-95.04378,362,7,1.071,26.60875,7.64,1.35,chla_ts,eutro
NLA17_MN-10046,2017,62.55035574809769,52.38170189750808,45.30999,-95.04378,362,7,1.071,26.60875,7.64,1.35,ptl_ts,eutro
NLA17_MN-10046,2017,62.55035574809769,52.38170189750808,45.30999,-95.04378,362,7,1.071,26.60875,7.64,1.35,sdd_ts,eutro
NLA17_MN-10046,2017,62.55035574809769,52.38170189750808,45.30999,-95.04378,362,7,1.071,26.60875,7.64,1.35,rot_ts,meso-eutro
NLA17_MN-10046,2017,62.55035574809769,52.38170189750808,45.30999,-95.04378,362,7,1.071,26.60875,7.64,1.35,crs_ts,eutro
NLA17_MN-10047,2017,61.453698276084474,51.223944783343455,46.4289,-94.12349,358,5,0.56,19.5675,5.15,2.8,ncp_ts,oligo
NLA17_MN-10047,2017,61.453698276084474,51.223944783343455,46.4289,-94.12349,358,5,0.56,19.5675,5.15,2.8,chla_ts,meso
NLA17_MN-10047,2017,61.453698276084474,51.223944783343455,46.4289,-94.12349,358,5,0.56,19.5675,5.15,2.8,ptl_ts,meso
NLA17_MN-10047,2017,61.453698276084474,51.223944783343455,46.4289,-94.12349,358,5,0.56,19.5675,5.15,2.8,sdd_ts,meso
NLA17_MN-10047,2017,61.453698276084474,51.223944783343455,46.4289,-94.12349,358,5,0.56,19.5675,5.15,2.8,rot_ts,meso-eutro
NLA17_MN-10047,2017,61.453698276084474,51.223944783343455,46.4289,-94.12349,358,5,0.56,19.5675,5.15,2.8,crs_ts,eutro
NLA17_MN-10048,2017,62.00823815238194,52.12378759039262,47.67271,-93.49585,420,20,0.431,12.09125,1.63,5.85,ncp_ts,oligo
NLA17_MN-10048,2017,62.00823815238194,52.12378759039262,47.67271,-93.49585,420,20,0.431,12.09125,1.63,5.85,chla_ts,oligo
NLA17_MN-10048,2017,62.00823815238194,52.12378759039262,47.67271,-93.49585,420,20,0.431,12.09125,1.63,5.85,ptl_ts,meso
NLA17_MN-10048,2017,62.00823815238194,52.12378759039262,47.67271,-93.49585,420,20,0.431,12.09125,1.63,5.85,sdd_ts,oligo
NLA17_MN-10048,2017,62.00823815238194,52.12378759039262,47.67271,-93.49585,420,20,0.431,12.09125,1.63,5.85,rot_ts,meso-eutro
NLA17_MN-10048,2017,62.00823815238194,52.12378759039262,47.67271,-93.49585,420,20,0.431,12.09125,1.63,5.85,crs_ts,eutro
NLA17_MN-10049,2017,60.06195997624371,52.38170189750808,47.48081,-95.68504,434,20,0.938,35.94125,8.53,1.1,ncp_ts,eutro
NLA17_MN-10049,2017,60.06195997624371,52.38170189750808,47.48081,-95.68504,434,20,0.938,35.94125,8.53,1.1,chla_ts,eutro
NLA17_MN-10049,2017,60.06195997624371,52.38170189750808,47.48081,-95.68504,434,20,0.938,35.94125,8.53,1.1,ptl_ts,eutro
NLA17_MN-10049,2017,60.06195997624371,52.38170189750808,47.48081,-95.68504,434,20,0.938,35.94125,8.53,1.1,sdd_ts,eutro
NLA17_MN-10049,2017,60.06195997624371,52.38170189750808,47.48081,-95.68504,434,20,0.938,35.94125,8.53,1.1,rot_ts,meso-eutro
NLA17_MN-10049,2017,60.06195997624371,52.38170189750808,47.48081,-95.68504,434,20,0.938,35.94125,8.53,1.1,crs_ts,eutro
NLA17_MN-10159,2017,70.00125515727616,56.268748629547986,47.91117,-90.48658,587,20,0.3805,17.278125,5.285,3.65,ncp_ts,oligo
NLA17_MN-10159,2017,70.00125515727616,56.268748629547986,47.91117,-90.48658,587,20,0.3805,17.278125,5.285,3.65,chla_ts,meso
NLA17_MN-10159,2017,70.00125515727616,56.268748629547986,47.91117,-90.48658,587,20,0.3805,17.278125,5.285,3.65,ptl_ts,meso
NLA17_MN-10159,2017,70.00125515727616,56.268748629547986,47.91117,-90.48658,587,20,0.3805,17.278125,5.285,3.65,sdd_ts,meso
NLA17_MN-10159,2017,70.00125515727616,56.268748629547986,47.91117,-90.48658,587,20,0.3805,17.278125,5.285,3.65,rot_ts,eutro
NLA17_MN-10159,2017,70.00125515727616,56.268748629547986,47.91117,-90.48658,587,20,0.3805,17.278125,5.285,3.65,crs_ts,hypereu
NLA17_MN-10161,2017,63.81478381118522,49.517756657558266,45.08147,-94.81726,343,15,2.339,139.51125,58.4,0.375,ncp_ts,eutro
NLA17_MN-10161,2017,63.81478381118522,49.517756657558266,45.08147,-94.81726,343,15,2.339,139.51125,58.4,0.375,chla_ts,hypereu
NLA17_MN-10161,2017,63.81478381118522,49.517756657558266,45.08147,-94.81726,343,15,2.339,139.51125,58.4,0.375,ptl_ts,hypereu
NLA17_MN-10161,2017,63.81478381118522,49.517756657558266,45.08147,-94.81726,343,15,2.339,139.51125,58.4,0.375,sdd_ts,hypereu
NLA17_MN-10161,2017,63.81478381118522,49.517756657558266,45.08147,-94.81726,343,15,2.339,139.51125,58.4,0.375,rot_ts,meso-eutro
NLA17_MN-10161,2017,63.81478381118522,49.517756657558266,45.08147,-94.81726,343,15,2.339,139.51125,58.4,0.375,crs_ts,eutro
NLA17_MN-10179,2017,62.12564144837633,51.460008456549104,47.01292,-95.4041,471,7,0.73,22.2025,14.94,NA,ncp_ts,oligo
NLA17_MN-10179,2017,62.12564144837633,51.460008456549104,47.01292,-95.4041,471,7,0.73,22.2025,14.94,NA,chla_ts,eutro
NLA17_MN-10179,2017,62.12564144837633,51.460008456549104,47.01292,-95.4041,471,7,0.73,22.2025,14.94,NA,ptl_ts,meso
NLA17_MN-10179,2017,62.12564144837633,51.460008456549104,47.01292,-95.4041,471,7,0.73,22.2025,14.94,NA,sdd_ts,NA
NLA17_MN-10179,2017,62.12564144837633,51.460008456549104,47.01292,-95.4041,471,7,0.73,22.2025,14.94,NA,rot_ts,meso-eutro
NLA17_MN-10179,2017,62.12564144837633,51.460008456549104,47.01292,-95.4041,471,7,0.73,22.2025,14.94,NA,crs_ts,eutro
NLA17_MN-10180,2017,68.59743928917136,42.05949299473326,46.14895,-95.52203,441,55,2.505,203.05375,115.2,0.4,ncp_ts,mixo
NLA17_MN-10180,2017,68.59743928917136,42.05949299473326,46.14895,-95.52203,441,55,2.505,203.05375,115.2,0.4,chla_ts,hypereu
NLA17_MN-10180,2017,68.59743928917136,42.05949299473326,46.14895,-95.52203,441,55,2.505,203.05375,115.2,0.4,ptl_ts,hypereu
NLA17_MN-10180,2017,68.59743928917136,42.05949299473326,46.14895,-95.52203,441,55,2.505,203.05375,115.2,0.4,sdd_ts,hypereu
NLA17_MN-10180,2017,68.59743928917136,42.05949299473326,46.14895,-95.52203,441,55,2.505,203.05375,115.2,0.4,rot_ts,oligo-meso
NLA17_MN-10180,2017,68.59743928917136,42.05949299473326,46.14895,-95.52203,441,55,2.505,203.05375,115.2,0.4,crs_ts,hypereu
NLA17_MN-10183,2017,65.20839896453475,42.28846372030638,45.48802,-96.44255,352,36,2.329,196.6125,46.8,1.45,ncp_ts,mixo
NLA17_MN-10183,2017,65.20839896453475,42.28846372030638,45.48802,-96.44255,352,36,2.329,196.6125,46.8,1.45,chla_ts,eutro
NLA17_MN-10183,2017,65.20839896453475,42.28846372030638,45.48802,-96.44255,352,36,2.329,196.6125,46.8,1.45,ptl_ts,hypereu
NLA17_MN-10183,2017,65.20839896453475,42.28846372030638,45.48802,-96.44255,352,36,2.329,196.6125,46.8,1.45,sdd_ts,eutro
NLA17_MN-10183,2017,65.20839896453475,42.28846372030638,45.48802,-96.44255,352,36,2.329,196.6125,46.8,1.45,rot_ts,oligo-meso
NLA17_MN-10183,2017,65.20839896453475,42.28846372030638,45.48802,-96.44255,352,36,2.329,196.6125,46.8,1.45,crs_ts,hypereu
NLA17_MN-10187,2017,62.14230438836492,51.646925519177145,47.30019,-94.55996,398,8,0.831,18.1825,3.58,3.375,ncp_ts,oligo
NLA17_MN-10187,2017,62.14230438836492,51.646925519177145,47.30019,-94.55996,398,8,0.831,18.1825,3.58,3.375,chla_ts,meso
NLA17_MN-10187,2017,62.14230438836492,51.646925519177145,47.30019,-94.55996,398,8,0.831,18.1825,3.58,3.375,ptl_ts,meso
NLA17_MN-10187,2017,62.14230438836492,51.646925519177145,47.30019,-94.55996,398,8,0.831,18.1825,3.58,3.375,sdd_ts,meso
NLA17_MN-10187,2017,62.14230438836492,51.646925519177145,47.30019,-94.55996,398,8,0.831,18.1825,3.58,3.375,rot_ts,meso-eutro
NLA17_MN-10187,2017,62.14230438836492,51.646925519177145,47.30019,-94.55996,398,8,0.831,18.1825,3.58,3.375,crs_ts,eutro
NLA17_MN-10188,2017,61.838153772148594,51.915661524758164,44.78814,-93.91278,297,30,3.2,251.775,165.2,0.35,ncp_ts,mixo
NLA17_MN-10188,2017,61.838153772148594,51.915661524758164,44.78814,-93.91278,297,30,3.2,251.775,165.2,0.35,chla_ts,hypereu
NLA17_MN-10188,2017,61.838153772148594,51.915661524758164,44.78814,-93.91278,297,30,3.2,251.775,165.2,0.35,ptl_ts,hypereu
NLA17_MN-10188,2017,61.838153772148594,51.915661524758164,44.78814,-93.91278,297,30,3.2,251.775,165.2,0.35,sdd_ts,hypereu
NLA17_MN-10188,2017,61.838153772148594,51.915661524758164,44.78814,-93.91278,297,30,3.2,251.775,165.2,0.35,rot_ts,meso-eutro
NLA17_MN-10188,2017,61.838153772148594,51.915661524758164,44.78814,-93.91278,297,30,3.2,251.775,165.2,0.35,crs_ts,eutro
NLA17_MN-10189,2017,61.21950169285451,50.91726746683577,46.84557,-93.99548,401,25,0.551,12.475,3.07,4,ncp_ts,dys
NLA17_MN-10189,2017,61.21950169285451,50.91726746683577,46.84557,-93.99548,401,25,0.551,12.475,3.07,4,chla_ts,meso
NLA17_MN-10189,2017,61.21950169285451,50.91726746683577,46.84557,-93.99548,401,25,0.551,12.475,3.07,4,ptl_ts,meso
NLA17_MN-10189,2017,61.21950169285451,50.91726746683577,46.84557,-93.99548,401,25,0.551,12.475,3.07,4,sdd_ts,oligo
NLA17_MN-10189,2017,61.21950169285451,50.91726746683577,46.84557,-93.99548,401,25,0.551,12.475,3.07,4,rot_ts,meso-eutro
NLA17_MN-10189,2017,61.21950169285451,50.91726746683577,46.84557,-93.99548,401,25,0.551,12.475,3.07,4,crs_ts,eutro
NLA17_MN-10191,2017,62.00823815238194,51.09464617033389,46.93452,-95.59822,443,13,1.109,54.91465,15.36,1.65,ncp_ts,eutro
NLA17_MN-10191,2017,62.00823815238194,51.09464617033389,46.93452,-95.59822,443,13,1.109,54.91465,15.36,1.65,chla_ts,eutro
NLA17_MN-10191,2017,62.00823815238194,51.09464617033389,46.93452,-95.59822,443,13,1.109,54.91465,15.36,1.65,ptl_ts,eutro
NLA17_MN-10191,2017,62.00823815238194,51.09464617033389,46.93452,-95.59822,443,13,1.109,54.91465,15.36,1.65,sdd_ts,eutro
NLA17_MN-10191,2017,62.00823815238194,51.09464617033389,46.93452,-95.59822,443,13,1.109,54.91465,15.36,1.65,rot_ts,meso-eutro
NLA17_MN-10191,2017,62.00823815238194,51.09464617033389,46.93452,-95.59822,443,13,1.109,54.91465,15.36,1.65,crs_ts,eutro
NLA17_MN-10192,2017,64.29983903610525,47.127685561247205,45.01082,-94.95729,336,35,2.983,269.23125,46.8,0.35,ncp_ts,mixo
NLA17_MN-10192,2017,64.29983903610525,47.127685561247205,45.01082,-94.95729,336,35,2.983,269.23125,46.8,0.35,chla_ts,eutro
NLA17_MN-10192,2017,64.29983903610525,47.127685561247205,45.01082,-94.95729,336,35,2.983,269.23125,46.8,0.35,ptl_ts,hypereu
NLA17_MN-10192,2017,64.29983903610525,47.127685561247205,45.01082,-94.95729,336,35,2.983,269.23125,46.8,0.35,sdd_ts,hypereu
NLA17_MN-10192,2017,64.29983903610525,47.127685561247205,45.01082,-94.95729,336,35,2.983,269.23125,46.8,0.35,rot_ts,meso-eutro
NLA17_MN-10192,2017,64.29983903610525,47.127685561247205,45.01082,-94.95729,336,35,2.983,269.23125,46.8,0.35,crs_ts,eutro
NLA17_MN-10193,2017,60.69587279272856,51.527512478909344,46.43534,-93.93337,385,175,0.944,138.71,40.96,0.475,ncp_ts,mixo
NLA17_MN-10193,2017,60.69587279272856,51.527512478909344,46.43534,-93.93337,385,175,0.944,138.71,40.96,0.475,chla_ts,eutro
NLA17_MN-10193,2017,60.69587279272856,51.527512478909344,46.43534,-93.93337,385,175,0.944,138.71,40.96,0.475,ptl_ts,hypereu
NLA17_MN-10193,2017,60.69587279272856,51.527512478909344,46.43534,-93.93337,385,175,0.944,138.71,40.96,0.475,sdd_ts,hypereu
NLA17_MN-10193,2017,60.69587279272856,51.527512478909344,46.43534,-93.93337,385,175,0.944,138.71,40.96,0.475,rot_ts,meso-eutro
NLA17_MN-10193,2017,60.69587279272856,51.527512478909344,46.43534,-93.93337,385,175,0.944,138.71,40.96,0.475,crs_ts,eutro
NLA17_MN-10194,2017,64.0114775834216,47.91779368776464,47.52262,-93.66564,413,31,0.464,11.6025,1.86,6.95,ncp_ts,dys
NLA17_MN-10194,2017,64.0114775834216,47.91779368776464,47.52262,-93.66564,413,31,0.464,11.6025,1.86,6.95,chla_ts,oligo
NLA17_MN-10194,2017,64.0114775834216,47.91779368776464,47.52262,-93.66564,413,31,0.464,11.6025,1.86,6.95,ptl_ts,oligo
NLA17_MN-10194,2017,64.0114775834216,47.91779368776464,47.52262,-93.66564,413,31,0.464,11.6025,1.86,6.95,sdd_ts,oligo
NLA17_MN-10194,2017,64.0114775834216,47.91779368776464,47.52262,-93.66564,413,31,0.464,11.6025,1.86,6.95,rot_ts,meso-eutro
NLA17_MN-10194,2017,64.0114775834216,47.91779368776464,47.52262,-93.66564,413,31,0.464,11.6025,1.86,6.95,crs_ts,eutro
NLA17_MN-10842,2017,61.48925412719029,50.592046165295706,47.18926,-95.21868,448,27,0.473,17.18,3.54,3.3499999999999996,ncp_ts,dys
NLA17_MN-10842,2017,61.48925412719029,50.592046165295706,47.18926,-95.21868,448,27,0.473,17.18,3.54,3.3499999999999996,chla_ts,meso
NLA17_MN-10842,2017,61.48925412719029,50.592046165295706,47.18926,-95.21868,448,27,0.473,17.18,3.54,3.3499999999999996,ptl_ts,meso
NLA17_MN-10842,2017,61.48925412719029,50.592046165295706,47.18926,-95.21868,448,27,0.473,17.18,3.54,3.3499999999999996,sdd_ts,meso
NLA17_MN-10842,2017,61.48925412719029,50.592046165295706,47.18926,-95.21868,448,27,0.473,17.18,3.54,3.3499999999999996,rot_ts,meso-eutro
NLA17_MN-10842,2017,61.48925412719029,50.592046165295706,47.18926,-95.21868,448,27,0.473,17.18,3.54,3.3499999999999996,crs_ts,eutro
NLA17_MN-HP002,2017,64.80258636390047,48.513424379121815,47.86235,-94.91158,371.33,20,0.483,10.95875,1.67,5.324999999999999,ncp_ts,oligo
NLA17_MN-HP002,2017,64.80258636390047,48.513424379121815,47.86235,-94.91158,371.33,20,0.483,10.95875,1.67,5.324999999999999,chla_ts,oligo
NLA17_MN-HP002,2017,64.80258636390047,48.513424379121815,47.86235,-94.91158,371.33,20,0.483,10.95875,1.67,5.324999999999999,ptl_ts,oligo
NLA17_MN-HP002,2017,64.80258636390047,48.513424379121815,47.86235,-94.91158,371.33,20,0.483,10.95875,1.67,5.324999999999999,sdd_ts,oligo
NLA17_MN-HP002,2017,64.80258636390047,48.513424379121815,47.86235,-94.91158,371.33,20,0.483,10.95875,1.67,5.324999999999999,rot_ts,meso-eutro
NLA17_MN-HP002,2017,64.80258636390047,48.513424379121815,47.86235,-94.91158,371.33,20,0.483,10.95875,1.67,5.324999999999999,crs_ts,eutro
NLA17_MN-HP003,2017,61.734730106497935,50.90221850597446,46.83218,-92.6949,401.94,22,0.399,14.845,2.39,4.449999999999999,ncp_ts,dys
NLA17_MN-HP003,2017,61.734730106497935,50.90221850597446,46.83218,-92.6949,401.94,22,0.399,14.845,2.39,4.449999999999999,chla_ts,oligo
NLA17_MN-HP003,2017,61.734730106497935,50.90221850597446,46.83218,-92.6949,401.94,22,0.399,14.845,2.39,4.449999999999999,ptl_ts,meso
NLA17_MN-HP003,2017,61.734730106497935,50.90221850597446,46.83218,-92.6949,401.94,22,0.399,14.845,2.39,4.449999999999999,sdd_ts,oligo
NLA17_MN-HP003,2017,61.734730106497935,50.90221850597446,46.83218,-92.6949,401.94,22,0.399,14.845,2.39,4.449999999999999,rot_ts,meso-eutro
NLA17_MN-HP003,2017,61.734730106497935,50.90221850597446,46.83218,-92.6949,401.94,22,0.399,14.845,2.39,4.449999999999999,crs_ts,eutro
NLA17_MN-HP004,2017,62.58231412560748,51.09464617033389,47.04493,-94.5032,426.6,39,0.883,27.83625,14.56,2.375,ncp_ts,dys
NLA17_MN-HP004,2017,62.58231412560748,51.09464617033389,47.04493,-94.5032,426.6,39,0.883,27.83625,14.56,2.375,chla_ts,eutro
NLA17_MN-HP004,2017,62.58231412560748,51.09464617033389,47.04493,-94.5032,426.6,39,0.883,27.83625,14.56,2.375,ptl_ts,eutro
NLA17_MN-HP004,2017,62.58231412560748,51.09464617033389,47.04493,-94.5032,426.6,39,0.883,27.83625,14.56,2.375,sdd_ts,meso
NLA17_MN-HP004,2017,62.58231412560748,51.09464617033389,47.04493,-94.5032,426.6,39,0.883,27.83625,14.56,2.375,rot_ts,meso-eutro
NLA17_MN-HP004,2017,62.58231412560748,51.09464617033389,47.04493,-94.5032,426.6,39,0.883,27.83625,14.56,2.375,crs_ts,eutro
NLA17_MO-10001,2017,71.34744056728753,57.03418304902396,37.80796,-94.20671,253,14,0.976,90.239375,36.56,0.36,ncp_ts,eutro
NLA17_MO-10001,2017,71.34744056728753,57.03418304902396,37.80796,-94.20671,253,14,0.976,90.239375,36.56,0.36,chla_ts,eutro
NLA17_MO-10001,2017,71.34744056728753,57.03418304902396,37.80796,-94.20671,253,14,0.976,90.239375,36.56,0.36,ptl_ts,eutro
NLA17_MO-10001,2017,71.34744056728753,57.03418304902396,37.80796,-94.20671,253,14,0.976,90.239375,36.56,0.36,sdd_ts,hypereu
NLA17_MO-10001,2017,71.34744056728753,57.03418304902396,37.80796,-94.20671,253,14,0.976,90.239375,36.56,0.36,rot_ts,eutro
NLA17_MO-10001,2017,71.34744056728753,57.03418304902396,37.80796,-94.20671,253,14,0.976,90.239375,36.56,0.36,crs_ts,hypereu
NLA17_MO-10002,2017,62.27464544197789,52.49496923899242,39.41431,-94.49779,262,2,0.761,38.24125,26.08,0.885,ncp_ts,eutro
NLA17_MO-10002,2017,62.27464544197789,52.49496923899242,39.41431,-94.49779,262,2,0.761,38.24125,26.08,0.885,chla_ts,eutro
NLA17_MO-10002,2017,62.27464544197789,52.49496923899242,39.41431,-94.49779,262,2,0.761,38.24125,26.08,0.885,ptl_ts,eutro
NLA17_MO-10002,2017,62.27464544197789,52.49496923899242,39.41431,-94.49779,262,2,0.761,38.24125,26.08,0.885,sdd_ts,eutro
NLA17_MO-10002,2017,62.27464544197789,52.49496923899242,39.41431,-94.49779,262,2,0.761,38.24125,26.08,0.885,rot_ts,meso-eutro
NLA17_MO-10002,2017,62.27464544197789,52.49496923899242,39.41431,-94.49779,262,2,0.761,38.24125,26.08,0.885,crs_ts,eutro
NLA17_MO-10003,2017,56.84520726001337,58.242403092802455,38.08838,-91.45204,268,15,0.786,42.39875,31.2,1.45,ncp_ts,eutro
NLA17_MO-10003,2017,56.84520726001337,58.242403092802455,38.08838,-91.45204,268,15,0.786,42.39875,31.2,1.45,chla_ts,eutro
NLA17_MO-10003,2017,56.84520726001337,58.242403092802455,38.08838,-91.45204,268,15,0.786,42.39875,31.2,1.45,ptl_ts,eutro
NLA17_MO-10003,2017,56.84520726001337,58.242403092802455,38.08838,-91.45204,268,15,0.786,42.39875,31.2,1.45,sdd_ts,eutro
NLA17_MO-10003,2017,56.84520726001337,58.242403092802455,38.08838,-91.45204,268,15,0.786,42.39875,31.2,1.45,rot_ts,eutro
NLA17_MO-10003,2017,56.84520726001337,58.242403092802455,38.08838,-91.45204,268,15,0.786,42.39875,31.2,1.45,crs_ts,eutro
NLA17_MO-10004,2017,44.18516042468541,53.37212243356785,37.87141,-93.28361,255,12,0.69,24.685,12.93,1.5699999999999998,ncp_ts,oligo
NLA17_MO-10004,2017,44.18516042468541,53.37212243356785,37.87141,-93.28361,255,12,0.69,24.685,12.93,1.5699999999999998,chla_ts,eutro
NLA17_MO-10004,2017,44.18516042468541,53.37212243356785,37.87141,-93.28361,255,12,0.69,24.685,12.93,1.5699999999999998,ptl_ts,eutro
NLA17_MO-10004,2017,44.18516042468541,53.37212243356785,37.87141,-93.28361,255,12,0.69,24.685,12.93,1.5699999999999998,sdd_ts,eutro
NLA17_MO-10004,2017,44.18516042468541,53.37212243356785,37.87141,-93.28361,255,12,0.69,24.685,12.93,1.5699999999999998,rot_ts,meso-eutro
NLA17_MO-10004,2017,44.18516042468541,53.37212243356785,37.87141,-93.28361,255,12,0.69,24.685,12.93,1.5699999999999998,crs_ts,oligo-meso
NLA17_MO-10005,2017,60.99840789543028,52.03906142990403,37.64848,-90.58851,323,0,0.379,21.22,4.79,0.88,ncp_ts,oligo
NLA17_MO-10005,2017,60.99840789543028,52.03906142990403,37.64848,-90.58851,323,0,0.379,21.22,4.79,0.88,chla_ts,meso
NLA17_MO-10005,2017,60.99840789543028,52.03906142990403,37.64848,-90.58851,323,0,0.379,21.22,4.79,0.88,ptl_ts,meso
NLA17_MO-10005,2017,60.99840789543028,52.03906142990403,37.64848,-90.58851,323,0,0.379,21.22,4.79,0.88,sdd_ts,eutro
NLA17_MO-10005,2017,60.99840789543028,52.03906142990403,37.64848,-90.58851,323,0,0.379,21.22,4.79,0.88,rot_ts,meso-eutro
NLA17_MO-10005,2017,60.99840789543028,52.03906142990403,37.64848,-90.58851,323,0,0.379,21.22,4.79,0.88,crs_ts,eutro
NLA17_MO-10006,2017,69.47034419497467,56.40051031719261,36.65984,-91.88282,324,26.5,0.4665,18.125625,9.305,1.025,ncp_ts,dys
NLA17_MO-10006,2017,69.47034419497467,56.40051031719261,36.65984,-91.88282,324,26.5,0.4665,18.125625,9.305,1.025,chla_ts,eutro
NLA17_MO-10006,2017,69.47034419497467,56.40051031719261,36.65984,-91.88282,324,26.5,0.4665,18.125625,9.305,1.025,ptl_ts,meso
NLA17_MO-10006,2017,69.47034419497467,56.40051031719261,36.65984,-91.88282,324,26.5,0.4665,18.125625,9.305,1.025,sdd_ts,eutro
NLA17_MO-10006,2017,69.47034419497467,56.40051031719261,36.65984,-91.88282,324,26.5,0.4665,18.125625,9.305,1.025,rot_ts,eutro
NLA17_MO-10006,2017,69.47034419497467,56.40051031719261,36.65984,-91.88282,324,26.5,0.4665,18.125625,9.305,1.025,crs_ts,hypereu
NLA17_MO-10007,2017,61.18298661219375,50.70265211666889,40.08162,-93.57344,241,20,0.881,62.12625,22.24,0.885,ncp_ts,eutro
NLA17_MO-10007,2017,61.18298661219375,50.70265211666889,40.08162,-93.57344,241,20,0.881,62.12625,22.24,0.885,chla_ts,eutro
NLA17_MO-10007,2017,61.18298661219375,50.70265211666889,40.08162,-93.57344,241,20,0.881,62.12625,22.24,0.885,ptl_ts,eutro
NLA17_MO-10007,2017,61.18298661219375,50.70265211666889,40.08162,-93.57344,241,20,0.881,62.12625,22.24,0.885,sdd_ts,eutro
NLA17_MO-10007,2017,61.18298661219375,50.70265211666889,40.08162,-93.57344,241,20,0.881,62.12625,22.24,0.885,rot_ts,meso-eutro
NLA17_MO-10007,2017,61.18298661219375,50.70265211666889,40.08162,-93.57344,241,20,0.881,62.12625,22.24,0.885,crs_ts,eutro
NLA17_MO-10008,2017,60.24435284923939,54.23264944719994,38.62966,-92.60392,250,38,1.366,103.61375,207.12,0.61,ncp_ts,mixo
NLA17_MO-10008,2017,60.24435284923939,54.23264944719994,38.62966,-92.60392,250,38,1.366,103.61375,207.12,0.61,chla_ts,hypereu
NLA17_MO-10008,2017,60.24435284923939,54.23264944719994,38.62966,-92.60392,250,38,1.366,103.61375,207.12,0.61,ptl_ts,hypereu
NLA17_MO-10008,2017,60.24435284923939,54.23264944719994,38.62966,-92.60392,250,38,1.366,103.61375,207.12,0.61,sdd_ts,eutro
NLA17_MO-10008,2017,60.24435284923939,54.23264944719994,38.62966,-92.60392,250,38,1.366,103.61375,207.12,0.61,rot_ts,meso-eutro
NLA17_MO-10008,2017,60.24435284923939,54.23264944719994,38.62966,-92.60392,250,38,1.366,103.61375,207.12,0.61,crs_ts,eutro
NLA17_MO-10009,2017,65.46664789839028,50.826335724717765,37.18762,-89.93068,136,28,0.418,23.68625,11.74,0.43,ncp_ts,dys
NLA17_MO-10009,2017,65.46664789839028,50.826335724717765,37.18762,-89.93068,136,28,0.418,23.68625,11.74,0.43,chla_ts,eutro
NLA17_MO-10009,2017,65.46664789839028,50.826335724717765,37.18762,-89.93068,136,28,0.418,23.68625,11.74,0.43,ptl_ts,meso
NLA17_MO-10009,2017,65.46664789839028,50.826335724717765,37.18762,-89.93068,136,28,0.418,23.68625,11.74,0.43,sdd_ts,hypereu
NLA17_MO-10009,2017,65.46664789839028,50.826335724717765,37.18762,-89.93068,136,28,0.418,23.68625,11.74,0.43,rot_ts,meso-eutro
NLA17_MO-10009,2017,65.46664789839028,50.826335724717765,37.18762,-89.93068,136,28,0.418,23.68625,11.74,0.43,crs_ts,hypereu
NLA17_MO-10010,2017,60.00041149493951,51.460008456549104,38.00504,-92.07754,343,16,0.783,56.09125,24,0.9199999999999999,ncp_ts,eutro
NLA17_MO-10010,2017,60.00041149493951,51.460008456549104,38.00504,-92.07754,343,16,0.783,56.09125,24,0.9199999999999999,chla_ts,eutro
NLA17_MO-10010,2017,60.00041149493951,51.460008456549104,38.00504,-92.07754,343,16,0.783,56.09125,24,0.9199999999999999,ptl_ts,eutro
NLA17_MO-10010,2017,60.00041149493951,51.460008456549104,38.00504,-92.07754,343,16,0.783,56.09125,24,0.9199999999999999,sdd_ts,eutro
NLA17_MO-10010,2017,60.00041149493951,51.460008456549104,38.00504,-92.07754,343,16,0.783,56.09125,24,0.9199999999999999,rot_ts,meso-eutro
NLA17_MO-10010,2017,60.00041149493951,51.460008456549104,38.00504,-92.07754,343,16,0.783,56.09125,24,0.9199999999999999,crs_ts,eutro
NLA17_MO-10015,2017,62.04191911484013,51.39164667272127,38.44749,-93.86535,231,25,1.12,88.808,35.2,0.5,ncp_ts,mixo
NLA17_MO-10015,2017,62.04191911484013,51.39164667272127,38.44749,-93.86535,231,25,1.12,88.808,35.2,0.5,chla_ts,eutro
NLA17_MO-10015,2017,62.04191911484013,51.39164667272127,38.44749,-93.86535,231,25,1.12,88.808,35.2,0.5,ptl_ts,eutro
NLA17_MO-10015,2017,62.04191911484013,51.39164667272127,38.44749,-93.86535,231,25,1.12,88.808,35.2,0.5,sdd_ts,eutro
NLA17_MO-10015,2017,62.04191911484013,51.39164667272127,38.44749,-93.86535,231,25,1.12,88.808,35.2,0.5,rot_ts,meso-eutro
NLA17_MO-10015,2017,62.04191911484013,51.39164667272127,38.44749,-93.86535,231,25,1.12,88.808,35.2,0.5,crs_ts,eutro
NLA17_MO-10027,2017,63.657627687391745,52.778767280766566,38.84193,-91.24727,257,20,1.521,161.02875,55.29,0.395,ncp_ts,eutro
NLA17_MO-10027,2017,63.657627687391745,52.778767280766566,38.84193,-91.24727,257,20,1.521,161.02875,55.29,0.395,chla_ts,eutro
NLA17_MO-10027,2017,63.657627687391745,52.778767280766566,38.84193,-91.24727,257,20,1.521,161.02875,55.29,0.395,ptl_ts,hypereu
NLA17_MO-10027,2017,63.657627687391745,52.778767280766566,38.84193,-91.24727,257,20,1.521,161.02875,55.29,0.395,sdd_ts,hypereu
NLA17_MO-10027,2017,63.657627687391745,52.778767280766566,38.84193,-91.24727,257,20,1.521,161.02875,55.29,0.395,rot_ts,meso-eutro
NLA17_MO-10027,2017,63.657627687391745,52.778767280766566,38.84193,-91.24727,257,20,1.521,161.02875,55.29,0.395,crs_ts,eutro
NLA17_MO-10028,2017,62.19213186497063,57.379592193247994,37.78355,-93.93585,268,60,0.83,75.63875,57.2,1.1,ncp_ts,mixo
NLA17_MO-10028,2017,62.19213186497063,57.379592193247994,37.78355,-93.93585,268,60,0.83,75.63875,57.2,1.1,chla_ts,hypereu
NLA17_MO-10028,2017,62.19213186497063,57.379592193247994,37.78355,-93.93585,268,60,0.83,75.63875,57.2,1.1,ptl_ts,eutro
NLA17_MO-10028,2017,62.19213186497063,57.379592193247994,37.78355,-93.93585,268,60,0.83,75.63875,57.2,1.1,sdd_ts,eutro
NLA17_MO-10028,2017,62.19213186497063,57.379592193247994,37.78355,-93.93585,268,60,0.83,75.63875,57.2,1.1,rot_ts,eutro
NLA17_MO-10028,2017,62.19213186497063,57.379592193247994,37.78355,-93.93585,268,60,0.83,75.63875,57.2,1.1,crs_ts,eutro
NLA17_MO-10036,2017,64.69869160013808,54.71360350311815,40.48484,-93.9513,302,20,2.148,347.68625,80.8,0.175,ncp_ts,eutro
NLA17_MO-10036,2017,64.69869160013808,54.71360350311815,40.48484,-93.9513,302,20,2.148,347.68625,80.8,0.175,chla_ts,hypereu
NLA17_MO-10036,2017,64.69869160013808,54.71360350311815,40.48484,-93.9513,302,20,2.148,347.68625,80.8,0.175,ptl_ts,hypereu
NLA17_MO-10036,2017,64.69869160013808,54.71360350311815,40.48484,-93.9513,302,20,2.148,347.68625,80.8,0.175,sdd_ts,hypereu
NLA17_MO-10036,2017,64.69869160013808,54.71360350311815,40.48484,-93.9513,302,20,2.148,347.68625,80.8,0.175,rot_ts,meso-eutro
NLA17_MO-10036,2017,64.69869160013808,54.71360350311815,40.48484,-93.9513,302,20,2.148,347.68625,80.8,0.175,crs_ts,eutro
NLA17_MO-10038,2017,61.90652665741696,51.607414937681156,37.25238,-90.63274,206,0,0.279,12.64,3.22,3.8,ncp_ts,oligo
NLA17_MO-10038,2017,61.90652665741696,51.607414937681156,37.25238,-90.63274,206,0,0.279,12.64,3.22,3.8,chla_ts,meso
NLA17_MO-10038,2017,61.90652665741696,51.607414937681156,37.25238,-90.63274,206,0,0.279,12.64,3.22,3.8,ptl_ts,meso
NLA17_MO-10038,2017,61.90652665741696,51.607414937681156,37.25238,-90.63274,206,0,0.279,12.64,3.22,3.8,sdd_ts,meso
NLA17_MO-10038,2017,61.90652665741696,51.607414937681156,37.25238,-90.63274,206,0,0.279,12.64,3.22,3.8,rot_ts,meso-eutro
NLA17_MO-10038,2017,61.90652665741696,51.607414937681156,37.25238,-90.63274,206,0,0.279,12.64,3.22,3.8,crs_ts,eutro
NLA17_MO-10039,2017,62.5022324144542,51.9777152692178,38.80011,-90.7975,165,7,0.646,38.1825,18.08,1.19,ncp_ts,eutro
NLA17_MO-10039,2017,62.5022324144542,51.9777152692178,38.80011,-90.7975,165,7,0.646,38.1825,18.08,1.19,chla_ts,eutro
NLA17_MO-10039,2017,62.5022324144542,51.9777152692178,38.80011,-90.7975,165,7,0.646,38.1825,18.08,1.19,ptl_ts,eutro
NLA17_MO-10039,2017,62.5022324144542,51.9777152692178,38.80011,-90.7975,165,7,0.646,38.1825,18.08,1.19,sdd_ts,eutro
NLA17_MO-10039,2017,62.5022324144542,51.9777152692178,38.80011,-90.7975,165,7,0.646,38.1825,18.08,1.19,rot_ts,meso-eutro
NLA17_MO-10039,2017,62.5022324144542,51.9777152692178,38.80011,-90.7975,165,7,0.646,38.1825,18.08,1.19,crs_ts,eutro
NLA17_MO-10043,2017,67.9273759280726,46.910595591330406,39.5984,-91.64976,197,37,0.993,46.89875,63.52,0.36,ncp_ts,mixo
NLA17_MO-10043,2017,67.9273759280726,46.910595591330406,39.5984,-91.64976,197,37,0.993,46.89875,63.52,0.36,chla_ts,hypereu
NLA17_MO-10043,2017,67.9273759280726,46.910595591330406,39.5984,-91.64976,197,37,0.993,46.89875,63.52,0.36,ptl_ts,eutro
NLA17_MO-10043,2017,67.9273759280726,46.910595591330406,39.5984,-91.64976,197,37,0.993,46.89875,63.52,0.36,sdd_ts,hypereu
NLA17_MO-10043,2017,67.9273759280726,46.910595591330406,39.5984,-91.64976,197,37,0.993,46.89875,63.52,0.36,rot_ts,meso-eutro
NLA17_MO-10043,2017,67.9273759280726,46.910595591330406,39.5984,-91.64976,197,37,0.993,46.89875,63.52,0.36,crs_ts,hypereu
NLA17_MO-HP001,2017,60.63812031145117,51.87808279223007,37.726925,-90.917282,330.66,10,0.195,7.30625,2.04,3.1500000000000004,ncp_ts,oligo
NLA17_MO-HP001,2017,60.63812031145117,51.87808279223007,37.726925,-90.917282,330.66,10,0.195,7.30625,2.04,3.1500000000000004,chla_ts,oligo
NLA17_MO-HP001,2017,60.63812031145117,51.87808279223007,37.726925,-90.917282,330.66,10,0.195,7.30625,2.04,3.1500000000000004,ptl_ts,oligo
NLA17_MO-HP001,2017,60.63812031145117,51.87808279223007,37.726925,-90.917282,330.66,10,0.195,7.30625,2.04,3.1500000000000004,sdd_ts,meso
NLA17_MO-HP001,2017,60.63812031145117,51.87808279223007,37.726925,-90.917282,330.66,10,0.195,7.30625,2.04,3.1500000000000004,rot_ts,meso-eutro
NLA17_MO-HP001,2017,60.63812031145117,51.87808279223007,37.726925,-90.917282,330.66,10,0.195,7.30625,2.04,3.1500000000000004,crs_ts,eutro
NLA17_MO-HP002,2017,61.50698557076045,50.36376949893789,40.3133,-94.03102,280.45,4,0.691,25.2025,2.88,3.25,ncp_ts,oligo
NLA17_MO-HP002,2017,61.50698557076045,50.36376949893789,40.3133,-94.03102,280.45,4,0.691,25.2025,2.88,3.25,chla_ts,meso
NLA17_MO-HP002,2017,61.50698557076045,50.36376949893789,40.3133,-94.03102,280.45,4,0.691,25.2025,2.88,3.25,ptl_ts,eutro
NLA17_MO-HP002,2017,61.50698557076045,50.36376949893789,40.3133,-94.03102,280.45,4,0.691,25.2025,2.88,3.25,sdd_ts,meso
NLA17_MO-HP002,2017,61.50698557076045,50.36376949893789,40.3133,-94.03102,280.45,4,0.691,25.2025,2.88,3.25,rot_ts,meso-eutro
NLA17_MO-HP002,2017,61.50698557076045,50.36376949893789,40.3133,-94.03102,280.45,4,0.691,25.2025,2.88,3.25,crs_ts,eutro
NLA17_MO-HP003,2017,61.43587363343097,52.594910193374815,39.34170139,-91.15320109,241.3,22,0.58,27.92125,8.96,1.45,ncp_ts,dys
NLA17_MO-HP003,2017,61.43587363343097,52.594910193374815,39.34170139,-91.15320109,241.3,22,0.58,27.92125,8.96,1.45,chla_ts,eutro
NLA17_MO-HP003,2017,61.43587363343097,52.594910193374815,39.34170139,-91.15320109,241.3,22,0.58,27.92125,8.96,1.45,ptl_ts,eutro
NLA17_MO-HP003,2017,61.43587363343097,52.594910193374815,39.34170139,-91.15320109,241.3,22,0.58,27.92125,8.96,1.45,sdd_ts,eutro
NLA17_MO-HP003,2017,61.43587363343097,52.594910193374815,39.34170139,-91.15320109,241.3,22,0.58,27.92125,8.96,1.45,rot_ts,meso-eutro
NLA17_MO-HP003,2017,61.43587363343097,52.594910193374815,39.34170139,-91.15320109,241.3,22,0.58,27.92125,8.96,1.45,crs_ts,eutro
NLA17_MO-HP004,2017,61.92354880271935,52.47250574080404,40.17059749,-92.65559555,242.76,4,0.453,13.7775,5.58,1.6,ncp_ts,oligo
NLA17_MO-HP004,2017,61.92354880271935,52.47250574080404,40.17059749,-92.65559555,242.76,4,0.453,13.7775,5.58,1.6,chla_ts,meso
NLA17_MO-HP004,2017,61.92354880271935,52.47250574080404,40.17059749,-92.65559555,242.76,4,0.453,13.7775,5.58,1.6,ptl_ts,meso
NLA17_MO-HP004,2017,61.92354880271935,52.47250574080404,40.17059749,-92.65559555,242.76,4,0.453,13.7775,5.58,1.6,sdd_ts,eutro
NLA17_MO-HP004,2017,61.92354880271935,52.47250574080404,40.17059749,-92.65559555,242.76,4,0.453,13.7775,5.58,1.6,rot_ts,meso-eutro
NLA17_MO-HP004,2017,61.92354880271935,52.47250574080404,40.17059749,-92.65559555,242.76,4,0.453,13.7775,5.58,1.6,crs_ts,eutro
NLA17_MO-HP005,2017,62.53433948890867,51.36405686866724,40.49704458,-91.76600531,177.89,12,2.094,56.62875,97.28,0.4,ncp_ts,eutro
NLA17_MO-HP005,2017,62.53433948890867,51.36405686866724,40.49704458,-91.76600531,177.89,12,2.094,56.62875,97.28,0.4,chla_ts,hypereu
NLA17_MO-HP005,2017,62.53433948890867,51.36405686866724,40.49704458,-91.76600531,177.89,12,2.094,56.62875,97.28,0.4,ptl_ts,eutro
NLA17_MO-HP005,2017,62.53433948890867,51.36405686866724,40.49704458,-91.76600531,177.89,12,2.094,56.62875,97.28,0.4,sdd_ts,hypereu
NLA17_MO-HP005,2017,62.53433948890867,51.36405686866724,40.49704458,-91.76600531,177.89,12,2.094,56.62875,97.28,0.4,rot_ts,meso-eutro
NLA17_MO-HP005,2017,62.53433948890867,51.36405686866724,40.49704458,-91.76600531,177.89,12,2.094,56.62875,97.28,0.4,crs_ts,eutro
NLA17_MO-HP006,2017,60.848276401782655,52.61686940753452,36.63579622,-91.05109728,173.23,15,0.179,6.4275,2.24,4.7,ncp_ts,oligo
NLA17_MO-HP006,2017,60.848276401782655,52.61686940753452,36.63579622,-91.05109728,173.23,15,0.179,6.4275,2.24,4.7,chla_ts,oligo
NLA17_MO-HP006,2017,60.848276401782655,52.61686940753452,36.63579622,-91.05109728,173.23,15,0.179,6.4275,2.24,4.7,ptl_ts,oligo
NLA17_MO-HP006,2017,60.848276401782655,52.61686940753452,36.63579622,-91.05109728,173.23,15,0.179,6.4275,2.24,4.7,sdd_ts,oligo
NLA17_MO-HP006,2017,60.848276401782655,52.61686940753452,36.63579622,-91.05109728,173.23,15,0.179,6.4275,2.24,4.7,rot_ts,meso-eutro
NLA17_MO-HP006,2017,60.848276401782655,52.61686940753452,36.63579622,-91.05109728,173.23,15,0.179,6.4275,2.24,4.7,crs_ts,eutro
NLA17_MO-HP007,2017,60.50205726392485,51.30844913846828,37.386994,-91.261113,307.26,10,0.18,4.6175,1.25,4.85,ncp_ts,oligo
NLA17_MO-HP007,2017,60.50205726392485,51.30844913846828,37.386994,-91.261113,307.26,10,0.18,4.6175,1.25,4.85,chla_ts,oligo
NLA17_MO-HP007,2017,60.50205726392485,51.30844913846828,37.386994,-91.261113,307.26,10,0.18,4.6175,1.25,4.85,ptl_ts,oligo
NLA17_MO-HP007,2017,60.50205726392485,51.30844913846828,37.386994,-91.261113,307.26,10,0.18,4.6175,1.25,4.85,sdd_ts,oligo
NLA17_MO-HP007,2017,60.50205726392485,51.30844913846828,37.386994,-91.261113,307.26,10,0.18,4.6175,1.25,4.85,rot_ts,meso-eutro
NLA17_MO-HP007,2017,60.50205726392485,51.30844913846828,37.386994,-91.261113,307.26,10,0.18,4.6175,1.25,4.85,crs_ts,eutro
NLA17_MO-HP008,2017,60.50205726392485,53.784409189560385,37.41840749,-90.61783131,260.58,17,0.315,13.47625,5.35,1.95,ncp_ts,oligo
NLA17_MO-HP008,2017,60.50205726392485,53.784409189560385,37.41840749,-90.61783131,260.58,17,0.315,13.47625,5.35,1.95,chla_ts,meso
NLA17_MO-HP008,2017,60.50205726392485,53.784409189560385,37.41840749,-90.61783131,260.58,17,0.315,13.47625,5.35,1.95,ptl_ts,meso
NLA17_MO-HP008,2017,60.50205726392485,53.784409189560385,37.41840749,-90.61783131,260.58,17,0.315,13.47625,5.35,1.95,sdd_ts,eutro
NLA17_MO-HP008,2017,60.50205726392485,53.784409189560385,37.41840749,-90.61783131,260.58,17,0.315,13.47625,5.35,1.95,rot_ts,meso-eutro
NLA17_MO-HP008,2017,60.50205726392485,53.784409189560385,37.41840749,-90.61783131,260.58,17,0.315,13.47625,5.35,1.95,crs_ts,eutro
NLA17_MO-HP009,2017,61.734730106497935,55.480021938395694,37.593907,-90.7787,332.22,23,0.2,10.94625,2.67,3.3,ncp_ts,dys
NLA17_MO-HP009,2017,61.734730106497935,55.480021938395694,37.593907,-90.7787,332.22,23,0.2,10.94625,2.67,3.3,chla_ts,meso
NLA17_MO-HP009,2017,61.734730106497935,55.480021938395694,37.593907,-90.7787,332.22,23,0.2,10.94625,2.67,3.3,ptl_ts,oligo
NLA17_MO-HP009,2017,61.734730106497935,55.480021938395694,37.593907,-90.7787,332.22,23,0.2,10.94625,2.67,3.3,sdd_ts,meso
NLA17_MO-HP009,2017,61.734730106497935,55.480021938395694,37.593907,-90.7787,332.22,23,0.2,10.94625,2.67,3.3,rot_ts,eutro
NLA17_MO-HP009,2017,61.734730106497935,55.480021938395694,37.593907,-90.7787,332.22,23,0.2,10.94625,2.67,3.3,crs_ts,eutro
NLA17_MO-HP010,2017,61.36426084020088,51.776570346672486,37.95185789,-90.92822402,257.33,3,0.228,8.5,3.33,3.95,ncp_ts,oligo
NLA17_MO-HP010,2017,61.36426084020088,51.776570346672486,37.95185789,-90.92822402,257.33,3,0.228,8.5,3.33,3.95,chla_ts,meso
NLA17_MO-HP010,2017,61.36426084020088,51.776570346672486,37.95185789,-90.92822402,257.33,3,0.228,8.5,3.33,3.95,ptl_ts,oligo
NLA17_MO-HP010,2017,61.36426084020088,51.776570346672486,37.95185789,-90.92822402,257.33,3,0.228,8.5,3.33,3.95,sdd_ts,meso
NLA17_MO-HP010,2017,61.36426084020088,51.776570346672486,37.95185789,-90.92822402,257.33,3,0.228,8.5,3.33,3.95,rot_ts,meso-eutro
NLA17_MO-HP010,2017,61.36426084020088,51.776570346672486,37.95185789,-90.92822402,257.33,3,0.228,8.5,3.33,3.95,crs_ts,eutro
NLA17_MS-10001,2017,60.28443509407985,56.98089130306097,31.70541,-91.3745,17,16,0.6475,67.579375,23.9,0.75,ncp_ts,eutro
NLA17_MS-10001,2017,60.28443509407985,56.98089130306097,31.70541,-91.3745,17,16,0.6475,67.579375,23.9,0.75,chla_ts,eutro
NLA17_MS-10001,2017,60.28443509407985,56.98089130306097,31.70541,-91.3745,17,16,0.6475,67.579375,23.9,0.75,ptl_ts,eutro
NLA17_MS-10001,2017,60.28443509407985,56.98089130306097,31.70541,-91.3745,17,16,0.6475,67.579375,23.9,0.75,sdd_ts,eutro
NLA17_MS-10001,2017,60.28443509407985,56.98089130306097,31.70541,-91.3745,17,16,0.6475,67.579375,23.9,0.75,rot_ts,eutro
NLA17_MS-10001,2017,60.28443509407985,56.98089130306097,31.70541,-91.3745,17,16,0.6475,67.579375,23.9,0.75,crs_ts,eutro
NLA17_MS-10002,2017,62.07548995859914,50.60798691769864,34.72223,-90.07423,65,15,0.505,54.89375,16.32,0.875,ncp_ts,eutro
NLA17_MS-10002,2017,62.07548995859914,50.60798691769864,34.72223,-90.07423,65,15,0.505,54.89375,16.32,0.875,chla_ts,eutro
NLA17_MS-10002,2017,62.07548995859914,50.60798691769864,34.72223,-90.07423,65,15,0.505,54.89375,16.32,0.875,ptl_ts,eutro
NLA17_MS-10002,2017,62.07548995859914,50.60798691769864,34.72223,-90.07423,65,15,0.505,54.89375,16.32,0.875,sdd_ts,eutro
NLA17_MS-10002,2017,62.07548995859914,50.60798691769864,34.72223,-90.07423,65,15,0.505,54.89375,16.32,0.875,rot_ts,meso-eutro
NLA17_MS-10002,2017,62.07548995859914,50.60798691769864,34.72223,-90.07423,65,15,0.505,54.89375,16.32,0.875,crs_ts,eutro
NLA17_MS-10003,2017,59.40672043637326,53.1086790536704,34.46148,-89.68451,81,5,0.504,29.41625,10.69,1.395,ncp_ts,oligo
NLA17_MS-10003,2017,59.40672043637326,53.1086790536704,34.46148,-89.68451,81,5,0.504,29.41625,10.69,1.395,chla_ts,eutro
NLA17_MS-10003,2017,59.40672043637326,53.1086790536704,34.46148,-89.68451,81,5,0.504,29.41625,10.69,1.395,ptl_ts,eutro
NLA17_MS-10003,2017,59.40672043637326,53.1086790536704,34.46148,-89.68451,81,5,0.504,29.41625,10.69,1.395,sdd_ts,eutro
NLA17_MS-10003,2017,59.40672043637326,53.1086790536704,34.46148,-89.68451,81,5,0.504,29.41625,10.69,1.395,rot_ts,meso-eutro
NLA17_MS-10003,2017,59.40672043637326,53.1086790536704,34.46148,-89.68451,81,5,0.504,29.41625,10.69,1.395,crs_ts,eutro
NLA17_MS-10004,2017,40.043329129128516,52.539616798135484,33.14568,-90.3549,32,23,1.596,151.1075,60.5,0.575,ncp_ts,mixo
NLA17_MS-10004,2017,40.043329129128516,52.539616798135484,33.14568,-90.3549,32,23,1.596,151.1075,60.5,0.575,chla_ts,hypereu
NLA17_MS-10004,2017,40.043329129128516,52.539616798135484,33.14568,-90.3549,32,23,1.596,151.1075,60.5,0.575,ptl_ts,hypereu
NLA17_MS-10004,2017,40.043329129128516,52.539616798135484,33.14568,-90.3549,32,23,1.596,151.1075,60.5,0.575,sdd_ts,eutro
NLA17_MS-10004,2017,40.043329129128516,52.539616798135484,33.14568,-90.3549,32,23,1.596,151.1075,60.5,0.575,rot_ts,meso-eutro
NLA17_MS-10004,2017,40.043329129128516,52.539616798135484,33.14568,-90.3549,32,23,1.596,151.1075,60.5,0.575,crs_ts,oligo-meso
NLA17_MS-10005,2017,52.60754154861897,54.408273349850774,31.30628,-89.43517,92,18,0.429,23.95375,18.41,1.145,ncp_ts,oligo
NLA17_MS-10005,2017,52.60754154861897,54.408273349850774,31.30628,-89.43517,92,18,0.429,23.95375,18.41,1.145,chla_ts,eutro
NLA17_MS-10005,2017,52.60754154861897,54.408273349850774,31.30628,-89.43517,92,18,0.429,23.95375,18.41,1.145,ptl_ts,meso
NLA17_MS-10005,2017,52.60754154861897,54.408273349850774,31.30628,-89.43517,92,18,0.429,23.95375,18.41,1.145,sdd_ts,eutro
NLA17_MS-10005,2017,52.60754154861897,54.408273349850774,31.30628,-89.43517,92,18,0.429,23.95375,18.41,1.145,rot_ts,meso-eutro
NLA17_MS-10005,2017,52.60754154861897,54.408273349850774,31.30628,-89.43517,92,18,0.429,23.95375,18.41,1.145,crs_ts,meso-eutro
NLA17_MS-10006,2017,59.53698007840847,52.09971596186794,33.59322,-88.5115,64,20,0.513,43.35125,12.19,1.3050000000000002,ncp_ts,eutro
NLA17_MS-10006,2017,59.53698007840847,52.09971596186794,33.59322,-88.5115,64,20,0.513,43.35125,12.19,1.3050000000000002,chla_ts,eutro
NLA17_MS-10006,2017,59.53698007840847,52.09971596186794,33.59322,-88.5115,64,20,0.513,43.35125,12.19,1.3050000000000002,ptl_ts,eutro
NLA17_MS-10006,2017,59.53698007840847,52.09971596186794,33.59322,-88.5115,64,20,0.513,43.35125,12.19,1.3050000000000002,sdd_ts,eutro
NLA17_MS-10006,2017,59.53698007840847,52.09971596186794,33.59322,-88.5115,64,20,0.513,43.35125,12.19,1.3050000000000002,rot_ts,meso-eutro
NLA17_MS-10006,2017,59.53698007840847,52.09971596186794,33.59322,-88.5115,64,20,0.513,43.35125,12.19,1.3050000000000002,crs_ts,eutro
NLA17_MS-10007,2017,68.95819786034932,54.11782801586801,34.31396,-88.59346,122,9,0.5705,21.719375,9.55,1.87,ncp_ts,oligo
NLA17_MS-10007,2017,68.95819786034932,54.11782801586801,34.31396,-88.59346,122,9,0.5705,21.719375,9.55,1.87,chla_ts,eutro
NLA17_MS-10007,2017,68.95819786034932,54.11782801586801,34.31396,-88.59346,122,9,0.5705,21.719375,9.55,1.87,ptl_ts,meso
NLA17_MS-10007,2017,68.95819786034932,54.11782801586801,34.31396,-88.59346,122,9,0.5705,21.719375,9.55,1.87,sdd_ts,eutro
NLA17_MS-10007,2017,68.95819786034932,54.11782801586801,34.31396,-88.59346,122,9,0.5705,21.719375,9.55,1.87,rot_ts,meso-eutro
NLA17_MS-10007,2017,68.95819786034932,54.11782801586801,34.31396,-88.59346,122,9,0.5705,21.719375,9.55,1.87,crs_ts,hypereu
NLA17_MS-10008,2017,58.63396165290165,51.554278703273155,34.87096,-88.98125,164,34,0.52,53.41375,38.08,1.5150000000000001,ncp_ts,mixo
NLA17_MS-10008,2017,58.63396165290165,51.554278703273155,34.87096,-88.98125,164,34,0.52,53.41375,38.08,1.5150000000000001,chla_ts,eutro
NLA17_MS-10008,2017,58.63396165290165,51.554278703273155,34.87096,-88.98125,164,34,0.52,53.41375,38.08,1.5150000000000001,ptl_ts,eutro
NLA17_MS-10008,2017,58.63396165290165,51.554278703273155,34.87096,-88.98125,164,34,0.52,53.41375,38.08,1.5150000000000001,sdd_ts,eutro
NLA17_MS-10008,2017,58.63396165290165,51.554278703273155,34.87096,-88.98125,164,34,0.52,53.41375,38.08,1.5150000000000001,rot_ts,meso-eutro
NLA17_MS-10008,2017,58.63396165290165,51.554278703273155,34.87096,-88.98125,164,34,0.52,53.41375,38.08,1.5150000000000001,crs_ts,eutro
NLA17_MS-10013,2017,60.63812031145117,51.280428241791874,34.90176,-90.05828,98,22,1.241,92.47,47.56,0.945,ncp_ts,mixo
NLA17_MS-10013,2017,60.63812031145117,51.280428241791874,34.90176,-90.05828,98,22,1.241,92.47,47.56,0.945,chla_ts,eutro
NLA17_MS-10013,2017,60.63812031145117,51.280428241791874,34.90176,-90.05828,98,22,1.241,92.47,47.56,0.945,ptl_ts,eutro
NLA17_MS-10013,2017,60.63812031145117,51.280428241791874,34.90176,-90.05828,98,22,1.241,92.47,47.56,0.945,sdd_ts,eutro
NLA17_MS-10013,2017,60.63812031145117,51.280428241791874,34.90176,-90.05828,98,22,1.241,92.47,47.56,0.945,rot_ts,meso-eutro
NLA17_MS-10013,2017,60.63812031145117,51.280428241791874,34.90176,-90.05828,98,22,1.241,92.47,47.56,0.945,crs_ts,eutro
NLA17_MS-10015,2017,64.0114775834216,52.12378759039262,31.89191,-90.60142,73,58,0.535,35.48875,20.32,1.1949999999999998,ncp_ts,mixo
NLA17_MS-10015,2017,64.0114775834216,52.12378759039262,31.89191,-90.60142,73,58,0.535,35.48875,20.32,1.1949999999999998,chla_ts,eutro
NLA17_MS-10015,2017,64.0114775834216,52.12378759039262,31.89191,-90.60142,73,58,0.535,35.48875,20.32,1.1949999999999998,ptl_ts,eutro
NLA17_MS-10015,2017,64.0114775834216,52.12378759039262,31.89191,-90.60142,73,58,0.535,35.48875,20.32,1.1949999999999998,sdd_ts,eutro
NLA17_MS-10015,2017,64.0114775834216,52.12378759039262,31.89191,-90.60142,73,58,0.535,35.48875,20.32,1.1949999999999998,rot_ts,meso-eutro
NLA17_MS-10015,2017,64.0114775834216,52.12378759039262,31.89191,-90.60142,73,58,0.535,35.48875,20.32,1.1949999999999998,crs_ts,eutro
NLA17_MS-10017,2017,62.803306284806055,50.94723968920184,34.00515,-89.76398,97,23,0.401,14.24375,4.88,2.875,ncp_ts,dys
NLA17_MS-10017,2017,62.803306284806055,50.94723968920184,34.00515,-89.76398,97,23,0.401,14.24375,4.88,2.875,chla_ts,meso
NLA17_MS-10017,2017,62.803306284806055,50.94723968920184,34.00515,-89.76398,97,23,0.401,14.24375,4.88,2.875,ptl_ts,meso
NLA17_MS-10017,2017,62.803306284806055,50.94723968920184,34.00515,-89.76398,97,23,0.401,14.24375,4.88,2.875,sdd_ts,meso
NLA17_MS-10017,2017,62.803306284806055,50.94723968920184,34.00515,-89.76398,97,23,0.401,14.24375,4.88,2.875,rot_ts,meso-eutro
NLA17_MS-10017,2017,62.803306284806055,50.94723968920184,34.00515,-89.76398,97,23,0.401,14.24375,4.88,2.875,crs_ts,eutro
NLA17_MS-10019,2017,62.27464544197789,54.509418772861565,34.65321,-88.72377,158,0,0.396,15.09125,8.61,1.705,ncp_ts,oligo
NLA17_MS-10019,2017,62.27464544197789,54.509418772861565,34.65321,-88.72377,158,0,0.396,15.09125,8.61,1.705,chla_ts,eutro
NLA17_MS-10019,2017,62.27464544197789,54.509418772861565,34.65321,-88.72377,158,0,0.396,15.09125,8.61,1.705,ptl_ts,meso
NLA17_MS-10019,2017,62.27464544197789,54.509418772861565,34.65321,-88.72377,158,0,0.396,15.09125,8.61,1.705,sdd_ts,eutro
NLA17_MS-10019,2017,62.27464544197789,54.509418772861565,34.65321,-88.72377,158,0,0.396,15.09125,8.61,1.705,rot_ts,meso-eutro
NLA17_MS-10019,2017,62.27464544197789,54.509418772861565,34.65321,-88.72377,158,0,0.396,15.09125,8.61,1.705,crs_ts,eutro
NLA17_MS-10021,2017,54.883763380271915,51.89063822383273,30.82286,-89.77415,23,64,0.708,115.0325,26.95,0.605,ncp_ts,mixo
NLA17_MS-10021,2017,54.883763380271915,51.89063822383273,30.82286,-89.77415,23,64,0.708,115.0325,26.95,0.605,chla_ts,eutro
NLA17_MS-10021,2017,54.883763380271915,51.89063822383273,30.82286,-89.77415,23,64,0.708,115.0325,26.95,0.605,ptl_ts,hypereu
NLA17_MS-10021,2017,54.883763380271915,51.89063822383273,30.82286,-89.77415,23,64,0.708,115.0325,26.95,0.605,sdd_ts,eutro
NLA17_MS-10021,2017,54.883763380271915,51.89063822383273,30.82286,-89.77415,23,64,0.708,115.0325,26.95,0.605,rot_ts,meso-eutro
NLA17_MS-10021,2017,54.883763380271915,51.89063822383273,30.82286,-89.77415,23,64,0.708,115.0325,26.95,0.605,crs_ts,meso-eutro
NLA17_MS-10037,2017,57.8969537904892,50.055277358147876,33.09992,-91.0567,28,18,1.773,177.33,61.78,0.45999999999999996,ncp_ts,eutro
NLA17_MS-10037,2017,57.8969537904892,50.055277358147876,33.09992,-91.0567,28,18,1.773,177.33,61.78,0.45999999999999996,chla_ts,hypereu
NLA17_MS-10037,2017,57.8969537904892,50.055277358147876,33.09992,-91.0567,28,18,1.773,177.33,61.78,0.45999999999999996,ptl_ts,hypereu
NLA17_MS-10037,2017,57.8969537904892,50.055277358147876,33.09992,-91.0567,28,18,1.773,177.33,61.78,0.45999999999999996,sdd_ts,hypereu
NLA17_MS-10037,2017,57.8969537904892,50.055277358147876,33.09992,-91.0567,28,18,1.773,177.33,61.78,0.45999999999999996,rot_ts,meso-eutro
NLA17_MS-10037,2017,57.8969537904892,50.055277358147876,33.09992,-91.0567,28,18,1.773,177.33,61.78,0.45999999999999996,crs_ts,eutro
NLA17_MT-10001,2017,62.45388415401718,49.55660159165563,47.55764,-112.4485,1265,11,0.254,12.3175,0.99,6.05,ncp_ts,oligo
NLA17_MT-10001,2017,62.45388415401718,49.55660159165563,47.55764,-112.4485,1265,11,0.254,12.3175,0.99,6.05,chla_ts,oligo
NLA17_MT-10001,2017,62.45388415401718,49.55660159165563,47.55764,-112.4485,1265,11,0.254,12.3175,0.99,6.05,ptl_ts,meso
NLA17_MT-10001,2017,62.45388415401718,49.55660159165563,47.55764,-112.4485,1265,11,0.254,12.3175,0.99,6.05,sdd_ts,oligo
NLA17_MT-10001,2017,62.45388415401718,49.55660159165563,47.55764,-112.4485,1265,11,0.254,12.3175,0.99,6.05,rot_ts,meso-eutro
NLA17_MT-10001,2017,62.45388415401718,49.55660159165563,47.55764,-112.4485,1265,11,0.254,12.3175,0.99,6.05,crs_ts,eutro
NLA17_MT-10002,2017,60.90483802452898,51.16686201972081,45.86777,-113.55,2414,4,0.211,15.4375,6.46,3.3499999999999996,ncp_ts,oligo
NLA17_MT-10002,2017,60.90483802452898,51.16686201972081,45.86777,-113.55,2414,4,0.211,15.4375,6.46,3.3499999999999996,chla_ts,meso
NLA17_MT-10002,2017,60.90483802452898,51.16686201972081,45.86777,-113.55,2414,4,0.211,15.4375,6.46,3.3499999999999996,ptl_ts,meso
NLA17_MT-10002,2017,60.90483802452898,51.16686201972081,45.86777,-113.55,2414,4,0.211,15.4375,6.46,3.3499999999999996,sdd_ts,meso
NLA17_MT-10002,2017,60.90483802452898,51.16686201972081,45.86777,-113.55,2414,4,0.211,15.4375,6.46,3.3499999999999996,rot_ts,meso-eutro
NLA17_MT-10002,2017,60.90483802452898,51.16686201972081,45.86777,-113.55,2414,4,0.211,15.4375,6.46,3.3499999999999996,crs_ts,eutro
NLA17_MT-10003,2017,66.149559581352,38.25181962243495,48.49535,-107.5493,677,15,0.534,19.82625,2.18,2.45,ncp_ts,oligo
NLA17_MT-10003,2017,66.149559581352,38.25181962243495,48.49535,-107.5493,677,15,0.534,19.82625,2.18,2.45,chla_ts,oligo
NLA17_MT-10003,2017,66.149559581352,38.25181962243495,48.49535,-107.5493,677,15,0.534,19.82625,2.18,2.45,ptl_ts,meso
NLA17_MT-10003,2017,66.149559581352,38.25181962243495,48.49535,-107.5493,677,15,0.534,19.82625,2.18,2.45,sdd_ts,meso
NLA17_MT-10003,2017,66.149559581352,38.25181962243495,48.49535,-107.5493,677,15,0.534,19.82625,2.18,2.45,rot_ts,oligo-meso
NLA17_MT-10003,2017,66.149559581352,38.25181962243495,48.49535,-107.5493,677,15,0.534,19.82625,2.18,2.45,crs_ts,hypereu
NLA17_MT-10004,2017,61.786572692835335,54.008968270769856,48.24729,-114.1209,913,4,0.259,11.7575,2.19,3.6,ncp_ts,oligo
NLA17_MT-10004,2017,61.786572692835335,54.008968270769856,48.24729,-114.1209,913,4,0.259,11.7575,2.19,3.6,chla_ts,oligo
NLA17_MT-10004,2017,61.786572692835335,54.008968270769856,48.24729,-114.1209,913,4,0.259,11.7575,2.19,3.6,ptl_ts,oligo
NLA17_MT-10004,2017,61.786572692835335,54.008968270769856,48.24729,-114.1209,913,4,0.259,11.7575,2.19,3.6,sdd_ts,meso
NLA17_MT-10004,2017,61.786572692835335,54.008968270769856,48.24729,-114.1209,913,4,0.259,11.7575,2.19,3.6,rot_ts,meso-eutro
NLA17_MT-10004,2017,61.786572692835335,54.008968270769856,48.24729,-114.1209,913,4,0.259,11.7575,2.19,3.6,crs_ts,eutro
NLA17_MT-10005,2017,61.127965876664454,50.991887248344895,48.45099,-114.3814,914,0,0.08,6.47,0.54,5.25,ncp_ts,oligo
NLA17_MT-10005,2017,61.127965876664454,50.991887248344895,48.45099,-114.3814,914,0,0.08,6.47,0.54,5.25,chla_ts,oligo
NLA17_MT-10005,2017,61.127965876664454,50.991887248344895,48.45099,-114.3814,914,0,0.08,6.47,0.54,5.25,ptl_ts,oligo
NLA17_MT-10005,2017,61.127965876664454,50.991887248344895,48.45099,-114.3814,914,0,0.08,6.47,0.54,5.25,sdd_ts,oligo
NLA17_MT-10005,2017,61.127965876664454,50.991887248344895,48.45099,-114.3814,914,0,0.08,6.47,0.54,5.25,rot_ts,meso-eutro
NLA17_MT-10005,2017,61.127965876664454,50.991887248344895,48.45099,-114.3814,914,0,0.08,6.47,0.54,5.25,crs_ts,eutro
NLA17_MT-10006,2017,63.42476728114962,47.537231042890866,48.89407,-112.1683,1209,30,3.125,2169.975,46.98,0.95,ncp_ts,mixo
NLA17_MT-10006,2017,63.42476728114962,47.537231042890866,48.89407,-112.1683,1209,30,3.125,2169.975,46.98,0.95,chla_ts,eutro
NLA17_MT-10006,2017,63.42476728114962,47.537231042890866,48.89407,-112.1683,1209,30,3.125,2169.975,46.98,0.95,ptl_ts,hypereu
NLA17_MT-10006,2017,63.42476728114962,47.537231042890866,48.89407,-112.1683,1209,30,3.125,2169.975,46.98,0.95,sdd_ts,eutro
NLA17_MT-10006,2017,63.42476728114962,47.537231042890866,48.89407,-112.1683,1209,30,3.125,2169.975,46.98,0.95,rot_ts,meso-eutro
NLA17_MT-10006,2017,63.42476728114962,47.537231042890866,48.89407,-112.1683,1209,30,3.125,2169.975,46.98,0.95,crs_ts,eutro
NLA17_MT-10007,2017,62.89659659208385,49.3795472222579,47.88139,-112.3163,1258,5,0.141,9.9925,0.73,4.35,ncp_ts,oligo
NLA17_MT-10007,2017,62.89659659208385,49.3795472222579,47.88139,-112.3163,1258,5,0.141,9.9925,0.73,4.35,chla_ts,oligo
NLA17_MT-10007,2017,62.89659659208385,49.3795472222579,47.88139,-112.3163,1258,5,0.141,9.9925,0.73,4.35,ptl_ts,oligo
NLA17_MT-10007,2017,62.89659659208385,49.3795472222579,47.88139,-112.3163,1258,5,0.141,9.9925,0.73,4.35,sdd_ts,oligo
NLA17_MT-10007,2017,62.89659659208385,49.3795472222579,47.88139,-112.3163,1258,5,0.141,9.9925,0.73,4.35,rot_ts,meso-eutro
NLA17_MT-10007,2017,62.89659659208385,49.3795472222579,47.88139,-112.3163,1258,5,0.141,9.9925,0.73,4.35,crs_ts,eutro
NLA17_MT-10008,2017,61.92354880271935,50.67128176539681,48.96435,-115.1158,767,7,0.121,11.8875,1.46,4.15,ncp_ts,oligo
NLA17_MT-10008,2017,61.92354880271935,50.67128176539681,48.96435,-115.1158,767,7,0.121,11.8875,1.46,4.15,chla_ts,oligo
NLA17_MT-10008,2017,61.92354880271935,50.67128176539681,48.96435,-115.1158,767,7,0.121,11.8875,1.46,4.15,ptl_ts,oligo
NLA17_MT-10008,2017,61.92354880271935,50.67128176539681,48.96435,-115.1158,767,7,0.121,11.8875,1.46,4.15,sdd_ts,oligo
NLA17_MT-10008,2017,61.92354880271935,50.67128176539681,48.96435,-115.1158,767,7,0.121,11.8875,1.46,4.15,rot_ts,meso-eutro
NLA17_MT-10008,2017,61.92354880271935,50.67128176539681,48.96435,-115.1158,767,7,0.121,11.8875,1.46,4.15,crs_ts,eutro
NLA17_MT-10009,2017,69.91172401307675,52.583896883489935,48.83419,-108.01,821,30,2.358,810.075,6.7,NA,ncp_ts,mixo
NLA17_MT-10009,2017,69.91172401307675,52.583896883489935,48.83419,-108.01,821,30,2.358,810.075,6.7,NA,chla_ts,meso
NLA17_MT-10009,2017,69.91172401307675,52.583896883489935,48.83419,-108.01,821,30,2.358,810.075,6.7,NA,ptl_ts,hypereu
NLA17_MT-10009,2017,69.91172401307675,52.583896883489935,48.83419,-108.01,821,30,2.358,810.075,6.7,NA,sdd_ts,NA
NLA17_MT-10009,2017,69.91172401307675,52.583896883489935,48.83419,-108.01,821,30,2.358,810.075,6.7,NA,rot_ts,meso-eutro
NLA17_MT-10009,2017,69.91172401307675,52.583896883489935,48.83419,-108.01,821,30,2.358,810.075,6.7,NA,crs_ts,hypereu
NLA17_MT-10011,2017,63.24666906424995,51.09464617033389,48.95316,-114.3227,1222,4,0.104,1.0775,0.61,16.65,ncp_ts,oligo
NLA17_MT-10011,2017,63.24666906424995,51.09464617033389,48.95316,-114.3227,1222,4,0.104,1.0775,0.61,16.65,chla_ts,oligo
NLA17_MT-10011,2017,63.24666906424995,51.09464617033389,48.95316,-114.3227,1222,4,0.104,1.0775,0.61,16.65,ptl_ts,oligo
NLA17_MT-10011,2017,63.24666906424995,51.09464617033389,48.95316,-114.3227,1222,4,0.104,1.0775,0.61,16.65,sdd_ts,oligo
NLA17_MT-10011,2017,63.24666906424995,51.09464617033389,48.95316,-114.3227,1222,4,0.104,1.0775,0.61,16.65,rot_ts,meso-eutro
NLA17_MT-10011,2017,63.24666906424995,51.09464617033389,48.95316,-114.3227,1222,4,0.104,1.0775,0.61,16.65,crs_ts,eutro
NLA17_MT-10012,2017,66.13814021622218,43.30658567836166,48.62107,-113.1088,1408,23,1.111,15.66965,1.35,NA,ncp_ts,dys
NLA17_MT-10012,2017,66.13814021622218,43.30658567836166,48.62107,-113.1088,1408,23,1.111,15.66965,1.35,NA,chla_ts,oligo
NLA17_MT-10012,2017,66.13814021622218,43.30658567836166,48.62107,-113.1088,1408,23,1.111,15.66965,1.35,NA,ptl_ts,meso
NLA17_MT-10012,2017,66.13814021622218,43.30658567836166,48.62107,-113.1088,1408,23,1.111,15.66965,1.35,NA,sdd_ts,NA
NLA17_MT-10012,2017,66.13814021622218,43.30658567836166,48.62107,-113.1088,1408,23,1.111,15.66965,1.35,NA,rot_ts,oligo-meso
NLA17_MT-10012,2017,66.13814021622218,43.30658567836166,48.62107,-113.1088,1408,23,1.111,15.66965,1.35,NA,crs_ts,hypereu
NLA17_MT-10013,2017,64.13602131667967,50.14275896043806,46.039,-110.6921,1555,18,0.719,59.3125,4.35,1.95,ncp_ts,eutro
NLA17_MT-10013,2017,64.13602131667967,50.14275896043806,46.039,-110.6921,1555,18,0.719,59.3125,4.35,1.95,chla_ts,meso
NLA17_MT-10013,2017,64.13602131667967,50.14275896043806,46.039,-110.6921,1555,18,0.719,59.3125,4.35,1.95,ptl_ts,eutro
NLA17_MT-10013,2017,64.13602131667967,50.14275896043806,46.039,-110.6921,1555,18,0.719,59.3125,4.35,1.95,sdd_ts,eutro
NLA17_MT-10013,2017,64.13602131667967,50.14275896043806,46.039,-110.6921,1555,18,0.719,59.3125,4.35,1.95,rot_ts,meso-eutro
NLA17_MT-10013,2017,64.13602131667967,50.14275896043806,46.039,-110.6921,1555,18,0.719,59.3125,4.35,1.95,crs_ts,eutro
NLA17_MT-10014,2017,60.63812031145117,51.30844913846828,46.11822,-113.3746,1847,0,0.138,6.36875,0.8,9.1,ncp_ts,oligo
NLA17_MT-10014,2017,60.63812031145117,51.30844913846828,46.11822,-113.3746,1847,0,0.138,6.36875,0.8,9.1,chla_ts,oligo
NLA17_MT-10014,2017,60.63812031145117,51.30844913846828,46.11822,-113.3746,1847,0,0.138,6.36875,0.8,9.1,ptl_ts,oligo
NLA17_MT-10014,2017,60.63812031145117,51.30844913846828,46.11822,-113.3746,1847,0,0.138,6.36875,0.8,9.1,sdd_ts,oligo
NLA17_MT-10014,2017,60.63812031145117,51.30844913846828,46.11822,-113.3746,1847,0,0.138,6.36875,0.8,9.1,rot_ts,meso-eutro
NLA17_MT-10014,2017,60.63812031145117,51.30844913846828,46.11822,-113.3746,1847,0,0.138,6.36875,0.8,9.1,crs_ts,eutro
NLA17_MT-10015,2017,54.95402044634356,52.57286098218433,47.05944,-113.9378,2099,0,0.03,3.7325,0.45,14,ncp_ts,oligo
NLA17_MT-10015,2017,54.95402044634356,52.57286098218433,47.05944,-113.9378,2099,0,0.03,3.7325,0.45,14,chla_ts,oligo
NLA17_MT-10015,2017,54.95402044634356,52.57286098218433,47.05944,-113.9378,2099,0,0.03,3.7325,0.45,14,ptl_ts,oligo
NLA17_MT-10015,2017,54.95402044634356,52.57286098218433,47.05944,-113.9378,2099,0,0.03,3.7325,0.45,14,sdd_ts,oligo
NLA17_MT-10015,2017,54.95402044634356,52.57286098218433,47.05944,-113.9378,2099,0,0.03,3.7325,0.45,14,rot_ts,meso-eutro
NLA17_MT-10015,2017,54.95402044634356,52.57286098218433,47.05944,-113.9378,2099,0,0.03,3.7325,0.45,14,crs_ts,meso-eutro
NLA17_MT-10018,2017,54.812958654607264,53.37212243356785,45.49482,-104.9378,963,40,1.266,34.6275,2.92,NA,ncp_ts,mixo
NLA17_MT-10018,2017,54.812958654607264,53.37212243356785,45.49482,-104.9378,963,40,1.266,34.6275,2.92,NA,chla_ts,meso
NLA17_MT-10018,2017,54.812958654607264,53.37212243356785,45.49482,-104.9378,963,40,1.266,34.6275,2.92,NA,ptl_ts,eutro
NLA17_MT-10018,2017,54.812958654607264,53.37212243356785,45.49482,-104.9378,963,40,1.266,34.6275,2.92,NA,sdd_ts,NA
NLA17_MT-10018,2017,54.812958654607264,53.37212243356785,45.49482,-104.9378,963,40,1.266,34.6275,2.92,NA,rot_ts,meso-eutro
NLA17_MT-10018,2017,54.812958654607264,53.37212243356785,45.49482,-104.9378,963,40,1.266,34.6275,2.92,NA,crs_ts,meso-eutro
NLA17_MT-10022,2017,64.58059213056409,48.513424379121815,48.7969,-115.0004,956,5,1.749,13.76875,2.5,5.15,ncp_ts,oligo
NLA17_MT-10022,2017,64.58059213056409,48.513424379121815,48.7969,-115.0004,956,5,1.749,13.76875,2.5,5.15,chla_ts,oligo
NLA17_MT-10022,2017,64.58059213056409,48.513424379121815,48.7969,-115.0004,956,5,1.749,13.76875,2.5,5.15,ptl_ts,meso
NLA17_MT-10022,2017,64.58059213056409,48.513424379121815,48.7969,-115.0004,956,5,1.749,13.76875,2.5,5.15,sdd_ts,oligo
NLA17_MT-10022,2017,64.58059213056409,48.513424379121815,48.7969,-115.0004,956,5,1.749,13.76875,2.5,5.15,rot_ts,meso-eutro
NLA17_MT-10022,2017,64.58059213056409,48.513424379121815,48.7969,-115.0004,956,5,1.749,13.76875,2.5,5.15,crs_ts,eutro
NLA17_MT-10023,2017,65.12092543737886,49.69039178984534,47.04,-113.2371,1215,105,4.725,115.8925,4.94,NA,ncp_ts,mixo
NLA17_MT-10023,2017,65.12092543737886,49.69039178984534,47.04,-113.2371,1215,105,4.725,115.8925,4.94,NA,chla_ts,meso
NLA17_MT-10023,2017,65.12092543737886,49.69039178984534,47.04,-113.2371,1215,105,4.725,115.8925,4.94,NA,ptl_ts,hypereu
NLA17_MT-10023,2017,65.12092543737886,49.69039178984534,47.04,-113.2371,1215,105,4.725,115.8925,4.94,NA,sdd_ts,NA
NLA17_MT-10023,2017,65.12092543737886,49.69039178984534,47.04,-113.2371,1215,105,4.725,115.8925,4.94,NA,rot_ts,meso-eutro
NLA17_MT-10023,2017,65.12092543737886,49.69039178984534,47.04,-113.2371,1215,105,4.725,115.8925,4.94,NA,crs_ts,hypereu
NLA17_MT-10029,2017,64.09466903347983,50.296728132982466,48.44622,-106.5598,834,39,2.575,336.46875,137,0.30500000000000005,ncp_ts,mixo
NLA17_MT-10029,2017,64.09466903347983,50.296728132982466,48.44622,-106.5598,834,39,2.575,336.46875,137,0.30500000000000005,chla_ts,hypereu
NLA17_MT-10029,2017,64.09466903347983,50.296728132982466,48.44622,-106.5598,834,39,2.575,336.46875,137,0.30500000000000005,ptl_ts,hypereu
NLA17_MT-10029,2017,64.09466903347983,50.296728132982466,48.44622,-106.5598,834,39,2.575,336.46875,137,0.30500000000000005,sdd_ts,hypereu
NLA17_MT-10029,2017,64.09466903347983,50.296728132982466,48.44622,-106.5598,834,39,2.575,336.46875,137,0.30500000000000005,rot_ts,meso-eutro
NLA17_MT-10029,2017,64.09466903347983,50.296728132982466,48.44622,-106.5598,834,39,2.575,336.46875,137,0.30500000000000005,crs_ts,eutro
NLA17_MT-10030,2017,61.01701820373847,52.40454694245029,48.90706,-113.3258,1578,32,1.975,65.675,17.47,0.5,ncp_ts,mixo
NLA17_MT-10030,2017,61.01701820373847,52.40454694245029,48.90706,-113.3258,1578,32,1.975,65.675,17.47,0.5,chla_ts,eutro
NLA17_MT-10030,2017,61.01701820373847,52.40454694245029,48.90706,-113.3258,1578,32,1.975,65.675,17.47,0.5,ptl_ts,eutro
NLA17_MT-10030,2017,61.01701820373847,52.40454694245029,48.90706,-113.3258,1578,32,1.975,65.675,17.47,0.5,sdd_ts,eutro
NLA17_MT-10030,2017,61.01701820373847,52.40454694245029,48.90706,-113.3258,1578,32,1.975,65.675,17.47,0.5,rot_ts,meso-eutro
NLA17_MT-10030,2017,61.01701820373847,52.40454694245029,48.90706,-113.3258,1578,32,1.975,65.675,17.47,0.5,crs_ts,eutro
NLA17_MT-10036,2017,71.49109073533937,49.1549225668783,48.05508,-106.4418,622,3.5,0.5545,25.74,5.779999999999999,2.2,ncp_ts,oligo
NLA17_MT-10036,2017,71.49109073533937,49.1549225668783,48.05508,-106.4418,622,3.5,0.5545,25.74,5.779999999999999,2.2,chla_ts,meso
NLA17_MT-10036,2017,71.49109073533937,49.1549225668783,48.05508,-106.4418,622,3.5,0.5545,25.74,5.779999999999999,2.2,ptl_ts,eutro
NLA17_MT-10036,2017,71.49109073533937,49.1549225668783,48.05508,-106.4418,622,3.5,0.5545,25.74,5.779999999999999,2.2,sdd_ts,meso
NLA17_MT-10036,2017,71.49109073533937,49.1549225668783,48.05508,-106.4418,622,3.5,0.5545,25.74,5.779999999999999,2.2,rot_ts,meso-eutro
NLA17_MT-10036,2017,71.49109073533937,49.1549225668783,48.05508,-106.4418,622,3.5,0.5545,25.74,5.779999999999999,2.2,crs_ts,hypereu
NLA17_MT-10055,2017,61.6302488110539,55.428290770592696,48.47916,-104.3491,590,40,2.239,108.71,12.76,0.575,ncp_ts,mixo
NLA17_MT-10055,2017,61.6302488110539,55.428290770592696,48.47916,-104.3491,590,40,2.239,108.71,12.76,0.575,chla_ts,eutro
NLA17_MT-10055,2017,61.6302488110539,55.428290770592696,48.47916,-104.3491,590,40,2.239,108.71,12.76,0.575,ptl_ts,hypereu
NLA17_MT-10055,2017,61.6302488110539,55.428290770592696,48.47916,-104.3491,590,40,2.239,108.71,12.76,0.575,sdd_ts,eutro
NLA17_MT-10055,2017,61.6302488110539,55.428290770592696,48.47916,-104.3491,590,40,2.239,108.71,12.76,0.575,rot_ts,eutro
NLA17_MT-10055,2017,61.6302488110539,55.428290770592696,48.47916,-104.3491,590,40,2.239,108.71,12.76,0.575,crs_ts,eutro
NLA17_MT-10059,2017,67.99523510478369,38.09121068068966,48.08442,-108.3836,855,30,2.425,266.48125,94.47,0.275,ncp_ts,mixo
NLA17_MT-10059,2017,67.99523510478369,38.09121068068966,48.08442,-108.3836,855,30,2.425,266.48125,94.47,0.275,chla_ts,hypereu
NLA17_MT-10059,2017,67.99523510478369,38.09121068068966,48.08442,-108.3836,855,30,2.425,266.48125,94.47,0.275,ptl_ts,hypereu
NLA17_MT-10059,2017,67.99523510478369,38.09121068068966,48.08442,-108.3836,855,30,2.425,266.48125,94.47,0.275,sdd_ts,hypereu
NLA17_MT-10059,2017,67.99523510478369,38.09121068068966,48.08442,-108.3836,855,30,2.425,266.48125,94.47,0.275,rot_ts,oligo-meso
NLA17_MT-10059,2017,67.99523510478369,38.09121068068966,48.08442,-108.3836,855,30,2.425,266.48125,94.47,0.275,crs_ts,hypereu
NLA17_MT-10065,2017,60.50205726392485,53.58679097969461,48.776,-109.1683,826,32,3.213,373.69625,171.2,0.375,ncp_ts,mixo
NLA17_MT-10065,2017,60.50205726392485,53.58679097969461,48.776,-109.1683,826,32,3.213,373.69625,171.2,0.375,chla_ts,hypereu
NLA17_MT-10065,2017,60.50205726392485,53.58679097969461,48.776,-109.1683,826,32,3.213,373.69625,171.2,0.375,ptl_ts,hypereu
NLA17_MT-10065,2017,60.50205726392485,53.58679097969461,48.776,-109.1683,826,32,3.213,373.69625,171.2,0.375,sdd_ts,hypereu
NLA17_MT-10065,2017,60.50205726392485,53.58679097969461,48.776,-109.1683,826,32,3.213,373.69625,171.2,0.375,rot_ts,meso-eutro
NLA17_MT-10065,2017,60.50205726392485,53.58679097969461,48.776,-109.1683,826,32,3.213,373.69625,171.2,0.375,crs_ts,eutro
NLA17_MT-10072,2017,61.52468618195221,54.48624572913858,47.24417,-113.9151,1262,3,0.055,7.82,0.91,9.850000000000001,ncp_ts,oligo
NLA17_MT-10072,2017,61.52468618195221,54.48624572913858,47.24417,-113.9151,1262,3,0.055,7.82,0.91,9.850000000000001,chla_ts,oligo
NLA17_MT-10072,2017,61.52468618195221,54.48624572913858,47.24417,-113.9151,1262,3,0.055,7.82,0.91,9.850000000000001,ptl_ts,oligo
NLA17_MT-10072,2017,61.52468618195221,54.48624572913858,47.24417,-113.9151,1262,3,0.055,7.82,0.91,9.850000000000001,sdd_ts,oligo
NLA17_MT-10072,2017,61.52468618195221,54.48624572913858,47.24417,-113.9151,1262,3,0.055,7.82,0.91,9.850000000000001,rot_ts,meso-eutro
NLA17_MT-10072,2017,61.52468618195221,54.48624572913858,47.24417,-113.9151,1262,3,0.055,7.82,0.91,9.850000000000001,crs_ts,eutro
NLA17_MT-10076,2017,62.8500560248608,53.4006132327198,48.32604,-112.8555,1335,21,0.908,16.90625,3.87,NA,ncp_ts,dys
NLA17_MT-10076,2017,62.8500560248608,53.4006132327198,48.32604,-112.8555,1335,21,0.908,16.90625,3.87,NA,chla_ts,meso
NLA17_MT-10076,2017,62.8500560248608,53.4006132327198,48.32604,-112.8555,1335,21,0.908,16.90625,3.87,NA,ptl_ts,meso
NLA17_MT-10076,2017,62.8500560248608,53.4006132327198,48.32604,-112.8555,1335,21,0.908,16.90625,3.87,NA,sdd_ts,NA
NLA17_MT-10076,2017,62.8500560248608,53.4006132327198,48.32604,-112.8555,1335,21,0.908,16.90625,3.87,NA,rot_ts,meso-eutro
NLA17_MT-10076,2017,62.8500560248608,53.4006132327198,48.32604,-112.8555,1335,21,0.908,16.90625,3.87,NA,crs_ts,eutro
NLA17_MT-10084,2017,61.734730106497935,54.27307037362715,48.46859,-114.4533,941,13,0.974,21.0809,1.55,6.1,ncp_ts,oligo
NLA17_MT-10084,2017,61.734730106497935,54.27307037362715,48.46859,-114.4533,941,13,0.974,21.0809,1.55,6.1,chla_ts,oligo
NLA17_MT-10084,2017,61.734730106497935,54.27307037362715,48.46859,-114.4533,941,13,0.974,21.0809,1.55,6.1,ptl_ts,meso
NLA17_MT-10084,2017,61.734730106497935,54.27307037362715,48.46859,-114.4533,941,13,0.974,21.0809,1.55,6.1,sdd_ts,oligo
NLA17_MT-10084,2017,61.734730106497935,54.27307037362715,48.46859,-114.4533,941,13,0.974,21.0809,1.55,6.1,rot_ts,meso-eutro
NLA17_MT-10084,2017,61.734730106497935,54.27307037362715,48.46859,-114.4533,941,13,0.974,21.0809,1.55,6.1,crs_ts,eutro
NLA17_MT-10101,2017,61.90652665741696,52.50616591316899,46.16218,-114.5011,1996,0,0.093,6.90625,0.92,5.5,ncp_ts,oligo
NLA17_MT-10101,2017,61.90652665741696,52.50616591316899,46.16218,-114.5011,1996,0,0.093,6.90625,0.92,5.5,chla_ts,oligo
NLA17_MT-10101,2017,61.90652665741696,52.50616591316899,46.16218,-114.5011,1996,0,0.093,6.90625,0.92,5.5,ptl_ts,oligo
NLA17_MT-10101,2017,61.90652665741696,52.50616591316899,46.16218,-114.5011,1996,0,0.093,6.90625,0.92,5.5,sdd_ts,oligo
NLA17_MT-10101,2017,61.90652665741696,52.50616591316899,46.16218,-114.5011,1996,0,0.093,6.90625,0.92,5.5,rot_ts,meso-eutro
NLA17_MT-10101,2017,61.90652665741696,52.50616591316899,46.16218,-114.5011,1996,0,0.093,6.90625,0.92,5.5,crs_ts,eutro
NLA17_MT-10102,2017,62.55035574809769,49.35950995514841,44.60195,-112.0587,2022,32,0.71,56.015,2.78,0.8,ncp_ts,mixo
NLA17_MT-10102,2017,62.55035574809769,49.35950995514841,44.60195,-112.0587,2022,32,0.71,56.015,2.78,0.8,chla_ts,meso
NLA17_MT-10102,2017,62.55035574809769,49.35950995514841,44.60195,-112.0587,2022,32,0.71,56.015,2.78,0.8,ptl_ts,eutro
NLA17_MT-10102,2017,62.55035574809769,49.35950995514841,44.60195,-112.0587,2022,32,0.71,56.015,2.78,0.8,sdd_ts,eutro
NLA17_MT-10102,2017,62.55035574809769,49.35950995514841,44.60195,-112.0587,2022,32,0.71,56.015,2.78,0.8,rot_ts,meso-eutro
NLA17_MT-10102,2017,62.55035574809769,49.35950995514841,44.60195,-112.0587,2022,32,0.71,56.015,2.78,0.8,crs_ts,eutro
NLA17_MT-10104,2017,61.292139488704926,51.109167096828,48.9553,-115.1064,762,5,0.525,11.5059,4.69,4.3,ncp_ts,oligo
NLA17_MT-10104,2017,61.292139488704926,51.109167096828,48.9553,-115.1064,762,5,0.525,11.5059,4.69,4.3,chla_ts,meso
NLA17_MT-10104,2017,61.292139488704926,51.109167096828,48.9553,-115.1064,762,5,0.525,11.5059,4.69,4.3,ptl_ts,oligo
NLA17_MT-10104,2017,61.292139488704926,51.109167096828,48.9553,-115.1064,762,5,0.525,11.5059,4.69,4.3,sdd_ts,oligo
NLA17_MT-10104,2017,61.292139488704926,51.109167096828,48.9553,-115.1064,762,5,0.525,11.5059,4.69,4.3,rot_ts,meso-eutro
NLA17_MT-10104,2017,61.292139488704926,51.109167096828,48.9553,-115.1064,762,5,0.525,11.5059,4.69,4.3,crs_ts,eutro
NLA17_MT-10120,2017,60.52160830803844,51.09464617033389,48.19201,-114.0917,908,18,0.773,23.16715,3.34,NA,ncp_ts,oligo
NLA17_MT-10120,2017,60.52160830803844,51.09464617033389,48.19201,-114.0917,908,18,0.773,23.16715,3.34,NA,chla_ts,meso
NLA17_MT-10120,2017,60.52160830803844,51.09464617033389,48.19201,-114.0917,908,18,0.773,23.16715,3.34,NA,ptl_ts,meso
NLA17_MT-10120,2017,60.52160830803844,51.09464617033389,48.19201,-114.0917,908,18,0.773,23.16715,3.34,NA,sdd_ts,NA
NLA17_MT-10120,2017,60.52160830803844,51.09464617033389,48.19201,-114.0917,908,18,0.773,23.16715,3.34,NA,rot_ts,meso-eutro
NLA17_MT-10120,2017,60.52160830803844,51.09464617033389,48.19201,-114.0917,908,18,0.773,23.16715,3.34,NA,crs_ts,eutro
NLA17_MT-10129,2017,63.186623602211945,52.528489596650836,48.70163,-109.28,760,86,5.913,485.3325,367.2,0.14500000000000002,ncp_ts,mixo
NLA17_MT-10129,2017,63.186623602211945,52.528489596650836,48.70163,-109.28,760,86,5.913,485.3325,367.2,0.14500000000000002,chla_ts,hypereu
NLA17_MT-10129,2017,63.186623602211945,52.528489596650836,48.70163,-109.28,760,86,5.913,485.3325,367.2,0.14500000000000002,ptl_ts,hypereu
NLA17_MT-10129,2017,63.186623602211945,52.528489596650836,48.70163,-109.28,760,86,5.913,485.3325,367.2,0.14500000000000002,sdd_ts,hypereu
NLA17_MT-10129,2017,63.186623602211945,52.528489596650836,48.70163,-109.28,760,86,5.913,485.3325,367.2,0.14500000000000002,rot_ts,meso-eutro
NLA17_MT-10129,2017,63.186623602211945,52.528489596650836,48.70163,-109.28,760,86,5.913,485.3325,367.2,0.14500000000000002,crs_ts,eutro
NLA17_MT-HP001,2017,62.42152589213336,54.224528690941106,46.1001903,-106.3511234,916.26,32,2.166,94.655,14.8,1.5,ncp_ts,mixo
NLA17_MT-HP001,2017,62.42152589213336,54.224528690941106,46.1001903,-106.3511234,916.26,32,2.166,94.655,14.8,1.5,chla_ts,eutro
NLA17_MT-HP001,2017,62.42152589213336,54.224528690941106,46.1001903,-106.3511234,916.26,32,2.166,94.655,14.8,1.5,ptl_ts,eutro
NLA17_MT-HP001,2017,62.42152589213336,54.224528690941106,46.1001903,-106.3511234,916.26,32,2.166,94.655,14.8,1.5,sdd_ts,eutro
NLA17_MT-HP001,2017,62.42152589213336,54.224528690941106,46.1001903,-106.3511234,916.26,32,2.166,94.655,14.8,1.5,rot_ts,meso-eutro
NLA17_MT-HP001,2017,62.42152589213336,54.224528690941106,46.1001903,-106.3511234,916.26,32,2.166,94.655,14.8,1.5,crs_ts,eutro
NLA17_MT-HP002,2017,61.92354880271935,51.87808279223007,48.671943,-114.7318229,1110.24,27,0.24,13.43125,1.26,7.75,ncp_ts,dys
NLA17_MT-HP002,2017,61.92354880271935,51.87808279223007,48.671943,-114.7318229,1110.24,27,0.24,13.43125,1.26,7.75,chla_ts,oligo
NLA17_MT-HP002,2017,61.92354880271935,51.87808279223007,48.671943,-114.7318229,1110.24,27,0.24,13.43125,1.26,7.75,ptl_ts,meso
NLA17_MT-HP002,2017,61.92354880271935,51.87808279223007,48.671943,-114.7318229,1110.24,27,0.24,13.43125,1.26,7.75,sdd_ts,oligo
NLA17_MT-HP002,2017,61.92354880271935,51.87808279223007,48.671943,-114.7318229,1110.24,27,0.24,13.43125,1.26,7.75,rot_ts,meso-eutro
NLA17_MT-HP002,2017,61.92354880271935,51.87808279223007,48.671943,-114.7318229,1110.24,27,0.24,13.43125,1.26,7.75,crs_ts,eutro
NLA17_NC-10001,2017,63.261626751238744,55.575697251724755,35.81465,-81.24485,283,11,0.34850000000000003,25.473125,12.36,1.775,ncp_ts,oligo
NLA17_NC-10001,2017,63.261626751238744,55.575697251724755,35.81465,-81.24485,283,11,0.34850000000000003,25.473125,12.36,1.775,chla_ts,eutro
NLA17_NC-10001,2017,63.261626751238744,55.575697251724755,35.81465,-81.24485,283,11,0.34850000000000003,25.473125,12.36,1.775,ptl_ts,eutro
NLA17_NC-10001,2017,63.261626751238744,55.575697251724755,35.81465,-81.24485,283,11,0.34850000000000003,25.473125,12.36,1.775,sdd_ts,eutro
NLA17_NC-10001,2017,63.261626751238744,55.575697251724755,35.81465,-81.24485,283,11,0.34850000000000003,25.473125,12.36,1.775,rot_ts,eutro
NLA17_NC-10001,2017,63.261626751238744,55.575697251724755,35.81465,-81.24485,283,11,0.34850000000000003,25.473125,12.36,1.775,crs_ts,eutro
NLA17_NC-10002,2017,57.55913841755607,52.40454694245029,35.1811,-83.67998,916,4,0.084,6.62375,2.01,5.4,ncp_ts,oligo
NLA17_NC-10002,2017,57.55913841755607,52.40454694245029,35.1811,-83.67998,916,4,0.084,6.62375,2.01,5.4,chla_ts,oligo
NLA17_NC-10002,2017,57.55913841755607,52.40454694245029,35.1811,-83.67998,916,4,0.084,6.62375,2.01,5.4,ptl_ts,oligo
NLA17_NC-10002,2017,57.55913841755607,52.40454694245029,35.1811,-83.67998,916,4,0.084,6.62375,2.01,5.4,sdd_ts,oligo
NLA17_NC-10002,2017,57.55913841755607,52.40454694245029,35.1811,-83.67998,916,4,0.084,6.62375,2.01,5.4,rot_ts,meso-eutro
NLA17_NC-10002,2017,57.55913841755607,52.40454694245029,35.1811,-83.67998,916,4,0.084,6.62375,2.01,5.4,crs_ts,eutro
NLA17_NC-10004,2017,68.3191455475346,54.89599385113332,35.14813,-82.71677,880,12,0.213,11.6125,3.5599999999999996,2.95,ncp_ts,oligo
NLA17_NC-10004,2017,68.3191455475346,54.89599385113332,35.14813,-82.71677,880,12,0.213,11.6125,3.5599999999999996,2.95,chla_ts,meso
NLA17_NC-10004,2017,68.3191455475346,54.89599385113332,35.14813,-82.71677,880,12,0.213,11.6125,3.5599999999999996,2.95,ptl_ts,oligo
NLA17_NC-10004,2017,68.3191455475346,54.89599385113332,35.14813,-82.71677,880,12,0.213,11.6125,3.5599999999999996,2.95,sdd_ts,meso
NLA17_NC-10004,2017,68.3191455475346,54.89599385113332,35.14813,-82.71677,880,12,0.213,11.6125,3.5599999999999996,2.95,rot_ts,meso-eutro
NLA17_NC-10004,2017,68.3191455475346,54.89599385113332,35.14813,-82.71677,880,12,0.213,11.6125,3.5599999999999996,2.95,crs_ts,hypereu
NLA17_NC-10005,2017,62.53433948890867,51.646925519177145,35.22379,-78.81672,47,105,0.856,44.585,22.31,0.6,ncp_ts,mixo
NLA17_NC-10005,2017,62.53433948890867,51.646925519177145,35.22379,-78.81672,47,105,0.856,44.585,22.31,0.6,chla_ts,eutro
NLA17_NC-10005,2017,62.53433948890867,51.646925519177145,35.22379,-78.81672,47,105,0.856,44.585,22.31,0.6,ptl_ts,eutro
NLA17_NC-10005,2017,62.53433948890867,51.646925519177145,35.22379,-78.81672,47,105,0.856,44.585,22.31,0.6,sdd_ts,eutro
NLA17_NC-10005,2017,62.53433948890867,51.646925519177145,35.22379,-78.81672,47,105,0.856,44.585,22.31,0.6,rot_ts,meso-eutro
NLA17_NC-10005,2017,62.53433948890867,51.646925519177145,35.22379,-78.81672,47,105,0.856,44.585,22.31,0.6,crs_ts,eutro
NLA17_NC-10007,2017,61.400130320963605,52.68221434039987,36.14793,-81.88275,1137,10,0.515,15.255,10.18,1.45,ncp_ts,oligo
NLA17_NC-10007,2017,61.400130320963605,52.68221434039987,36.14793,-81.88275,1137,10,0.515,15.255,10.18,1.45,chla_ts,eutro
NLA17_NC-10007,2017,61.400130320963605,52.68221434039987,36.14793,-81.88275,1137,10,0.515,15.255,10.18,1.45,ptl_ts,meso
NLA17_NC-10007,2017,61.400130320963605,52.68221434039987,36.14793,-81.88275,1137,10,0.515,15.255,10.18,1.45,sdd_ts,eutro
NLA17_NC-10007,2017,61.400130320963605,52.68221434039987,36.14793,-81.88275,1137,10,0.515,15.255,10.18,1.45,rot_ts,meso-eutro
NLA17_NC-10007,2017,61.400130320963605,52.68221434039987,36.14793,-81.88275,1137,10,0.515,15.255,10.18,1.45,crs_ts,eutro
NLA17_NC-10009,2017,54.52407281190993,55.74373867375693,35.85621,-78.03021,50,9,2.42,246.19375,107,0.25,ncp_ts,eutro
NLA17_NC-10009,2017,54.52407281190993,55.74373867375693,35.85621,-78.03021,50,9,2.42,246.19375,107,0.25,chla_ts,hypereu
NLA17_NC-10009,2017,54.52407281190993,55.74373867375693,35.85621,-78.03021,50,9,2.42,246.19375,107,0.25,ptl_ts,hypereu
NLA17_NC-10009,2017,54.52407281190993,55.74373867375693,35.85621,-78.03021,50,9,2.42,246.19375,107,0.25,sdd_ts,hypereu
NLA17_NC-10009,2017,54.52407281190993,55.74373867375693,35.85621,-78.03021,50,9,2.42,246.19375,107,0.25,rot_ts,eutro
NLA17_NC-10009,2017,54.52407281190993,55.74373867375693,35.85621,-78.03021,50,9,2.42,246.19375,107,0.25,crs_ts,meso-eutro
NLA17_NC-10010,2017,63.06548801316314,51.39164667272127,36.18589,-79.35081,209,96,1.183,53.5025,22.88,1.15,ncp_ts,mixo
NLA17_NC-10010,2017,63.06548801316314,51.39164667272127,36.18589,-79.35081,209,96,1.183,53.5025,22.88,1.15,chla_ts,eutro
NLA17_NC-10010,2017,63.06548801316314,51.39164667272127,36.18589,-79.35081,209,96,1.183,53.5025,22.88,1.15,ptl_ts,eutro
NLA17_NC-10010,2017,63.06548801316314,51.39164667272127,36.18589,-79.35081,209,96,1.183,53.5025,22.88,1.15,sdd_ts,eutro
NLA17_NC-10010,2017,63.06548801316314,51.39164667272127,36.18589,-79.35081,209,96,1.183,53.5025,22.88,1.15,rot_ts,meso-eutro
NLA17_NC-10010,2017,63.06548801316314,51.39164667272127,36.18589,-79.35081,209,96,1.183,53.5025,22.88,1.15,crs_ts,eutro
NLA17_NC-10011,2017,60.48246797101857,53.37212243356785,35.19371,-81.96495,293,15,0.605,48.11875,15.1,1.15,ncp_ts,eutro
NLA17_NC-10011,2017,60.48246797101857,53.37212243356785,35.19371,-81.96495,293,15,0.605,48.11875,15.1,1.15,chla_ts,eutro
NLA17_NC-10011,2017,60.48246797101857,53.37212243356785,35.19371,-81.96495,293,15,0.605,48.11875,15.1,1.15,ptl_ts,eutro
NLA17_NC-10011,2017,60.48246797101857,53.37212243356785,35.19371,-81.96495,293,15,0.605,48.11875,15.1,1.15,sdd_ts,eutro
NLA17_NC-10011,2017,60.48246797101857,53.37212243356785,35.19371,-81.96495,293,15,0.605,48.11875,15.1,1.15,rot_ts,meso-eutro
NLA17_NC-10011,2017,60.48246797101857,53.37212243356785,35.19371,-81.96495,293,15,0.605,48.11875,15.1,1.15,crs_ts,eutro
NLA17_NC-10014,2017,67.97588850570133,42.92213645213772,34.9329,-77.10483,11,73,0.541,43.5975,38,0.6,ncp_ts,mixo
NLA17_NC-10014,2017,67.97588850570133,42.92213645213772,34.9329,-77.10483,11,73,0.541,43.5975,38,0.6,chla_ts,eutro
NLA17_NC-10014,2017,67.97588850570133,42.92213645213772,34.9329,-77.10483,11,73,0.541,43.5975,38,0.6,ptl_ts,eutro
NLA17_NC-10014,2017,67.97588850570133,42.92213645213772,34.9329,-77.10483,11,73,0.541,43.5975,38,0.6,sdd_ts,eutro
NLA17_NC-10014,2017,67.97588850570133,42.92213645213772,34.9329,-77.10483,11,73,0.541,43.5975,38,0.6,rot_ts,oligo-meso
NLA17_NC-10014,2017,67.97588850570133,42.92213645213772,34.9329,-77.10483,11,73,0.541,43.5975,38,0.6,crs_ts,hypereu
NLA17_NC-10015,2017,51.17378917059634,54.81650281470132,35.11601,-80.26304,118,49,1.828,623.8925,74.8,0.6499999999999999,ncp_ts,mixo
NLA17_NC-10015,2017,51.17378917059634,54.81650281470132,35.11601,-80.26304,118,49,1.828,623.8925,74.8,0.6499999999999999,chla_ts,hypereu
NLA17_NC-10015,2017,51.17378917059634,54.81650281470132,35.11601,-80.26304,118,49,1.828,623.8925,74.8,0.6499999999999999,ptl_ts,hypereu
NLA17_NC-10015,2017,51.17378917059634,54.81650281470132,35.11601,-80.26304,118,49,1.828,623.8925,74.8,0.6499999999999999,sdd_ts,eutro
NLA17_NC-10015,2017,51.17378917059634,54.81650281470132,35.11601,-80.26304,118,49,1.828,623.8925,74.8,0.6499999999999999,rot_ts,meso-eutro
NLA17_NC-10015,2017,51.17378917059634,54.81650281470132,35.11601,-80.26304,118,49,1.828,623.8925,74.8,0.6499999999999999,crs_ts,meso-eutro
NLA17_NC-10023,2017,64.85415864674091,50.93227445006694,35.33365,-79.55081,115,19,0.445,15.49,6.89,1.95,ncp_ts,oligo
NLA17_NC-10023,2017,64.85415864674091,50.93227445006694,35.33365,-79.55081,115,19,0.445,15.49,6.89,1.95,chla_ts,meso
NLA17_NC-10023,2017,64.85415864674091,50.93227445006694,35.33365,-79.55081,115,19,0.445,15.49,6.89,1.95,ptl_ts,meso
NLA17_NC-10023,2017,64.85415864674091,50.93227445006694,35.33365,-79.55081,115,19,0.445,15.49,6.89,1.95,sdd_ts,eutro
NLA17_NC-10023,2017,64.85415864674091,50.93227445006694,35.33365,-79.55081,115,19,0.445,15.49,6.89,1.95,rot_ts,meso-eutro
NLA17_NC-10023,2017,64.85415864674091,50.93227445006694,35.33365,-79.55081,115,19,0.445,15.49,6.89,1.95,crs_ts,eutro
NLA17_NC-10030,2017,62.17554950267987,52.84218648271255,35.43116,-82.171,277,11,0.181,9.80125,2.78,3.6,ncp_ts,oligo
NLA17_NC-10030,2017,62.17554950267987,52.84218648271255,35.43116,-82.171,277,11,0.181,9.80125,2.78,3.6,chla_ts,meso
NLA17_NC-10030,2017,62.17554950267987,52.84218648271255,35.43116,-82.171,277,11,0.181,9.80125,2.78,3.6,ptl_ts,oligo
NLA17_NC-10030,2017,62.17554950267987,52.84218648271255,35.43116,-82.171,277,11,0.181,9.80125,2.78,3.6,sdd_ts,meso
NLA17_NC-10030,2017,62.17554950267987,52.84218648271255,35.43116,-82.171,277,11,0.181,9.80125,2.78,3.6,rot_ts,meso-eutro
NLA17_NC-10030,2017,62.17554950267987,52.84218648271255,35.43116,-82.171,277,11,0.181,9.80125,2.78,3.6,crs_ts,eutro
NLA17_NC-10033,2017,56.286978734203096,51.7637455491811,35.78938,-78.55026,62,12,1.371,125.145,119.6,0.4,ncp_ts,eutro
NLA17_NC-10033,2017,56.286978734203096,51.7637455491811,35.78938,-78.55026,62,12,1.371,125.145,119.6,0.4,chla_ts,hypereu
NLA17_NC-10033,2017,56.286978734203096,51.7637455491811,35.78938,-78.55026,62,12,1.371,125.145,119.6,0.4,ptl_ts,hypereu
NLA17_NC-10033,2017,56.286978734203096,51.7637455491811,35.78938,-78.55026,62,12,1.371,125.145,119.6,0.4,sdd_ts,hypereu
NLA17_NC-10033,2017,56.286978734203096,51.7637455491811,35.78938,-78.55026,62,12,1.371,125.145,119.6,0.4,rot_ts,meso-eutro
NLA17_NC-10033,2017,56.286978734203096,51.7637455491811,35.78938,-78.55026,62,12,1.371,125.145,119.6,0.4,crs_ts,eutro
NLA17_ND-10001,2017,71.47680400463084,49.91227890675853,46.09872,-97.23814,330,22.5,1.888,566.18125,13.100000000000001,0.7,ncp_ts,mixo
NLA17_ND-10001,2017,71.47680400463084,49.91227890675853,46.09872,-97.23814,330,22.5,1.888,566.18125,13.100000000000001,0.7,chla_ts,eutro
NLA17_ND-10001,2017,71.47680400463084,49.91227890675853,46.09872,-97.23814,330,22.5,1.888,566.18125,13.100000000000001,0.7,ptl_ts,hypereu
NLA17_ND-10001,2017,71.47680400463084,49.91227890675853,46.09872,-97.23814,330,22.5,1.888,566.18125,13.100000000000001,0.7,sdd_ts,eutro
NLA17_ND-10001,2017,71.47680400463084,49.91227890675853,46.09872,-97.23814,330,22.5,1.888,566.18125,13.100000000000001,0.7,rot_ts,meso-eutro
NLA17_ND-10001,2017,71.47680400463084,49.91227890675853,46.09872,-97.23814,330,22.5,1.888,566.18125,13.100000000000001,0.7,crs_ts,hypereu
NLA17_ND-10002,2017,64.98201597264662,51.51407926344094,47.07428,-99.63065,534,3,4.838,125.16625,27.2,0.35,ncp_ts,eutro
NLA17_ND-10002,2017,64.98201597264662,51.51407926344094,47.07428,-99.63065,534,3,4.838,125.16625,27.2,0.35,chla_ts,eutro
NLA17_ND-10002,2017,64.98201597264662,51.51407926344094,47.07428,-99.63065,534,3,4.838,125.16625,27.2,0.35,ptl_ts,hypereu
NLA17_ND-10002,2017,64.98201597264662,51.51407926344094,47.07428,-99.63065,534,3,4.838,125.16625,27.2,0.35,sdd_ts,hypereu
NLA17_ND-10002,2017,64.98201597264662,51.51407926344094,47.07428,-99.63065,534,3,4.838,125.16625,27.2,0.35,rot_ts,meso-eutro
NLA17_ND-10002,2017,64.98201597264662,51.51407926344094,47.07428,-99.63065,534,3,4.838,125.16625,27.2,0.35,crs_ts,eutro
NLA17_ND-10003,2017,61.76932102867716,51.32240504772079,48.25678,-98.89154,443,23,3.15,197.45,120,0.42500000000000004,ncp_ts,mixo
NLA17_ND-10003,2017,61.76932102867716,51.32240504772079,48.25678,-98.89154,443,23,3.15,197.45,120,0.42500000000000004,chla_ts,hypereu
NLA17_ND-10003,2017,61.76932102867716,51.32240504772079,48.25678,-98.89154,443,23,3.15,197.45,120,0.42500000000000004,ptl_ts,hypereu
NLA17_ND-10003,2017,61.76932102867716,51.32240504772079,48.25678,-98.89154,443,23,3.15,197.45,120,0.42500000000000004,sdd_ts,hypereu
NLA17_ND-10003,2017,61.76932102867716,51.32240504772079,48.25678,-98.89154,443,23,3.15,197.45,120,0.42500000000000004,rot_ts,meso-eutro
NLA17_ND-10003,2017,61.76932102867716,51.32240504772079,48.25678,-98.89154,443,23,3.15,197.45,120,0.42500000000000004,crs_ts,eutro
NLA17_ND-10004,2017,66.24048838646215,50.19457316510602,46.36831,-99.51996,600,24,5.294,523.64125,87.2,0.225,ncp_ts,mixo
NLA17_ND-10004,2017,66.24048838646215,50.19457316510602,46.36831,-99.51996,600,24,5.294,523.64125,87.2,0.225,chla_ts,hypereu
NLA17_ND-10004,2017,66.24048838646215,50.19457316510602,46.36831,-99.51996,600,24,5.294,523.64125,87.2,0.225,ptl_ts,hypereu
NLA17_ND-10004,2017,66.24048838646215,50.19457316510602,46.36831,-99.51996,600,24,5.294,523.64125,87.2,0.225,sdd_ts,hypereu
NLA17_ND-10004,2017,66.24048838646215,50.19457316510602,46.36831,-99.51996,600,24,5.294,523.64125,87.2,0.225,rot_ts,meso-eutro
NLA17_ND-10004,2017,66.24048838646215,50.19457316510602,46.36831,-99.51996,600,24,5.294,523.64125,87.2,0.225,crs_ts,hypereu
NLA17_ND-10005,2017,64.25912066746275,47.365514338921386,47.86474,-101.5133,621,55,5.138,268.28125,3.43,0.45,ncp_ts,mixo
NLA17_ND-10005,2017,64.25912066746275,47.365514338921386,47.86474,-101.5133,621,55,5.138,268.28125,3.43,0.45,chla_ts,meso
NLA17_ND-10005,2017,64.25912066746275,47.365514338921386,47.86474,-101.5133,621,55,5.138,268.28125,3.43,0.45,ptl_ts,hypereu
NLA17_ND-10005,2017,64.25912066746275,47.365514338921386,47.86474,-101.5133,621,55,5.138,268.28125,3.43,0.45,sdd_ts,hypereu
NLA17_ND-10005,2017,64.25912066746275,47.365514338921386,47.86474,-101.5133,621,55,5.138,268.28125,3.43,0.45,rot_ts,meso-eutro
NLA17_ND-10005,2017,64.25912066746275,47.365514338921386,47.86474,-101.5133,621,55,5.138,268.28125,3.43,0.45,crs_ts,eutro
NLA17_ND-10006,2017,68.922631831434515,38.09121068068966,46.89273,-99.41651,531,10,3.038,118.25625,1.58,1.85,ncp_ts,eutro
NLA17_ND-10006,2017,68.922631831434515,38.09121068068966,46.89273,-99.41651,531,10,3.038,118.25625,1.58,1.85,chla_ts,oligo
NLA17_ND-10006,2017,68.922631831434515,38.09121068068966,46.89273,-99.41651,531,10,3.038,118.25625,1.58,1.85,ptl_ts,hypereu
NLA17_ND-10006,2017,68.922631831434515,38.09121068068966,46.89273,-99.41651,531,10,3.038,118.25625,1.58,1.85,sdd_ts,eutro
NLA17_ND-10006,2017,68.922631831434515,38.09121068068966,46.89273,-99.41651,531,10,3.038,118.25625,1.58,1.85,rot_ts,oligo-meso
NLA17_ND-10006,2017,68.922631831434515,38.09121068068966,46.89273,-99.41651,531,10,3.038,118.25625,1.58,1.85,crs_ts,hypereu
NLA17_ND-10007,2017,64.05315491499962,49.70923594221081,48.33427,-100.7485,450,25,1.648,167.28,13.92,1.05,ncp_ts,mixo
NLA17_ND-10007,2017,64.05315491499962,49.70923594221081,48.33427,-100.7485,450,25,1.648,167.28,13.92,1.05,chla_ts,eutro
NLA17_ND-10007,2017,64.05315491499962,49.70923594221081,48.33427,-100.7485,450,25,1.648,167.28,13.92,1.05,ptl_ts,hypereu
NLA17_ND-10007,2017,64.05315491499962,49.70923594221081,48.33427,-100.7485,450,25,1.648,167.28,13.92,1.05,sdd_ts,eutro
NLA17_ND-10007,2017,64.05315491499962,49.70923594221081,48.33427,-100.7485,450,25,1.648,167.28,13.92,1.05,rot_ts,meso-eutro
NLA17_ND-10007,2017,64.05315491499962,49.70923594221081,48.33427,-100.7485,450,25,1.648,167.28,13.92,1.05,crs_ts,eutro
NLA17_ND-10008,2017,71.45534150331804,50.090440882019124,47.27222,-100.3903,587,18,4.284,227.6625,16.47,0.8,ncp_ts,eutro
NLA17_ND-10008,2017,71.45534150331804,50.090440882019124,47.27222,-100.3903,587,18,4.284,227.6625,16.47,0.8,chla_ts,eutro
NLA17_ND-10008,2017,71.45534150331804,50.090440882019124,47.27222,-100.3903,587,18,4.284,227.6625,16.47,0.8,ptl_ts,hypereu
NLA17_ND-10008,2017,71.45534150331804,50.090440882019124,47.27222,-100.3903,587,18,4.284,227.6625,16.47,0.8,sdd_ts,eutro
NLA17_ND-10008,2017,71.45534150331804,50.090440882019124,47.27222,-100.3903,587,18,4.284,227.6625,16.47,0.8,rot_ts,meso-eutro
NLA17_ND-10008,2017,71.45534150331804,50.090440882019124,47.27222,-100.3903,587,18,4.284,227.6625,16.47,0.8,crs_ts,hypereu
NLA17_ND-10009,2017,46.80383018172691,51.75089010698319,48.66521,-103.0633,684,30,4.206,62.92875,38.9,0.42500000000000004,ncp_ts,mixo
NLA17_ND-10009,2017,46.80383018172691,51.75089010698319,48.66521,-103.0633,684,30,4.206,62.92875,38.9,0.42500000000000004,chla_ts,eutro
NLA17_ND-10009,2017,46.80383018172691,51.75089010698319,48.66521,-103.0633,684,30,4.206,62.92875,38.9,0.42500000000000004,ptl_ts,eutro
NLA17_ND-10009,2017,46.80383018172691,51.75089010698319,48.66521,-103.0633,684,30,4.206,62.92875,38.9,0.42500000000000004,sdd_ts,hypereu
NLA17_ND-10009,2017,46.80383018172691,51.75089010698319,48.66521,-103.0633,684,30,4.206,62.92875,38.9,0.42500000000000004,rot_ts,meso-eutro
NLA17_ND-10009,2017,46.80383018172691,51.75089010698319,48.66521,-103.0633,684,30,4.206,62.92875,38.9,0.42500000000000004,crs_ts,meso-eutro
NLA17_ND-10010,2017,62.20868755515376,54.08456670436126,48.54729,-99.18517,448,68,3.275,347.93625,73,0.225,ncp_ts,mixo
NLA17_ND-10010,2017,62.20868755515376,54.08456670436126,48.54729,-99.18517,448,68,3.275,347.93625,73,0.225,chla_ts,hypereu
NLA17_ND-10010,2017,62.20868755515376,54.08456670436126,48.54729,-99.18517,448,68,3.275,347.93625,73,0.225,ptl_ts,hypereu
NLA17_ND-10010,2017,62.20868755515376,54.08456670436126,48.54729,-99.18517,448,68,3.275,347.93625,73,0.225,sdd_ts,hypereu
NLA17_ND-10010,2017,62.20868755515376,54.08456670436126,48.54729,-99.18517,448,68,3.275,347.93625,73,0.225,rot_ts,meso-eutro
NLA17_ND-10010,2017,62.20868755515376,54.08456670436126,48.54729,-99.18517,448,68,3.275,347.93625,73,0.225,crs_ts,eutro
NLA17_ND-10011,2017,60.26441410667099,52.23079664301083,47.17341,-99.77111,540,35,2.75,63.3475,6.14,1.25,ncp_ts,mixo
NLA17_ND-10011,2017,60.26441410667099,52.23079664301083,47.17341,-99.77111,540,35,2.75,63.3475,6.14,1.25,chla_ts,meso
NLA17_ND-10011,2017,60.26441410667099,52.23079664301083,47.17341,-99.77111,540,35,2.75,63.3475,6.14,1.25,ptl_ts,eutro
NLA17_ND-10011,2017,60.26441410667099,52.23079664301083,47.17341,-99.77111,540,35,2.75,63.3475,6.14,1.25,sdd_ts,eutro
NLA17_ND-10011,2017,60.26441410667099,52.23079664301083,47.17341,-99.77111,540,35,2.75,63.3475,6.14,1.25,rot_ts,meso-eutro
NLA17_ND-10011,2017,60.26441410667099,52.23079664301083,47.17341,-99.77111,540,35,2.75,63.3475,6.14,1.25,crs_ts,eutro
NLA17_ND-10012,2017,63.7150466692789,48.22384776204767,48.00826,-101.5346,620,4,1.268,30.2375,17.12,1.75,ncp_ts,eutro
NLA17_ND-10012,2017,63.7150466692789,48.22384776204767,48.00826,-101.5346,620,4,1.268,30.2375,17.12,1.75,chla_ts,eutro
NLA17_ND-10012,2017,63.7150466692789,48.22384776204767,48.00826,-101.5346,620,4,1.268,30.2375,17.12,1.75,ptl_ts,eutro
NLA17_ND-10012,2017,63.7150466692789,48.22384776204767,48.00826,-101.5346,620,4,1.268,30.2375,17.12,1.75,sdd_ts,eutro
NLA17_ND-10012,2017,63.7150466692789,48.22384776204767,48.00826,-101.5346,620,4,1.268,30.2375,17.12,1.75,rot_ts,meso-eutro
NLA17_ND-10012,2017,63.7150466692789,48.22384776204767,48.00826,-101.5346,620,4,1.268,30.2375,17.12,1.75,crs_ts,eutro
NLA17_ND-10013,2017,64.5144131818762,50.67128176539681,48.74898,-102.9426,740,40,3.619,580.465,13.8,0.75,ncp_ts,mixo
NLA17_ND-10013,2017,64.5144131818762,50.67128176539681,48.74898,-102.9426,740,40,3.619,580.465,13.8,0.75,chla_ts,eutro
NLA17_ND-10013,2017,64.5144131818762,50.67128176539681,48.74898,-102.9426,740,40,3.619,580.465,13.8,0.75,ptl_ts,hypereu
NLA17_ND-10013,2017,64.5144131818762,50.67128176539681,48.74898,-102.9426,740,40,3.619,580.465,13.8,0.75,sdd_ts,eutro
NLA17_ND-10013,2017,64.5144131818762,50.67128176539681,48.74898,-102.9426,740,40,3.619,580.465,13.8,0.75,rot_ts,meso-eutro
NLA17_ND-10013,2017,64.5144131818762,50.67128176539681,48.74898,-102.9426,740,40,3.619,580.465,13.8,0.75,crs_ts,eutro
NLA17_ND-10014,2017,62.77202257493978,52.81057032904181,48.95604,-99.83556,650,10,1.35,42.78875,5.68,2.45,ncp_ts,eutro
NLA17_ND-10014,2017,62.77202257493978,52.81057032904181,48.95604,-99.83556,650,10,1.35,42.78875,5.68,2.45,chla_ts,meso
NLA17_ND-10014,2017,62.77202257493978,52.81057032904181,48.95604,-99.83556,650,10,1.35,42.78875,5.68,2.45,ptl_ts,eutro
NLA17_ND-10014,2017,62.77202257493978,52.81057032904181,48.95604,-99.83556,650,10,1.35,42.78875,5.68,2.45,sdd_ts,meso
NLA17_ND-10014,2017,62.77202257493978,52.81057032904181,48.95604,-99.83556,650,10,1.35,42.78875,5.68,2.45,rot_ts,meso-eutro
NLA17_ND-10014,2017,62.77202257493978,52.81057032904181,48.95604,-99.83556,650,10,1.35,42.78875,5.68,2.45,crs_ts,eutro
NLA17_ND-10015,2017,61.274028768571974,51.580912421033176,47.08001,-99.73059,529,2,1.866,49.725,9.34,0.95,ncp_ts,eutro
NLA17_ND-10015,2017,61.274028768571974,51.580912421033176,47.08001,-99.73059,529,2,1.866,49.725,9.34,0.95,chla_ts,eutro
NLA17_ND-10015,2017,61.274028768571974,51.580912421033176,47.08001,-99.73059,529,2,1.866,49.725,9.34,0.95,ptl_ts,eutro
NLA17_ND-10015,2017,61.274028768571974,51.580912421033176,47.08001,-99.73059,529,2,1.866,49.725,9.34,0.95,sdd_ts,eutro
NLA17_ND-10015,2017,61.274028768571974,51.580912421033176,47.08001,-99.73059,529,2,1.866,49.725,9.34,0.95,rot_ts,meso-eutro
NLA17_ND-10015,2017,61.274028768571974,51.580912421033176,47.08001,-99.73059,529,2,1.866,49.725,9.34,0.95,crs_ts,eutro
NLA17_ND-10016,2017,62.19213186497063,50.93227445006694,47.9042,-101.0598,644,70,4.4,296.49875,55.44,1.55,ncp_ts,mixo
NLA17_ND-10016,2017,62.19213186497063,50.93227445006694,47.9042,-101.0598,644,70,4.4,296.49875,55.44,1.55,chla_ts,eutro
NLA17_ND-10016,2017,62.19213186497063,50.93227445006694,47.9042,-101.0598,644,70,4.4,296.49875,55.44,1.55,ptl_ts,hypereu
NLA17_ND-10016,2017,62.19213186497063,50.93227445006694,47.9042,-101.0598,644,70,4.4,296.49875,55.44,1.55,sdd_ts,eutro
NLA17_ND-10016,2017,62.19213186497063,50.93227445006694,47.9042,-101.0598,644,70,4.4,296.49875,55.44,1.55,rot_ts,meso-eutro
NLA17_ND-10016,2017,62.19213186497063,50.93227445006694,47.9042,-101.0598,644,70,4.4,296.49875,55.44,1.55,crs_ts,eutro
NLA17_ND-10017,2017,63.46882333261347,50.54393854221465,46.54361,-104.0277,908,60,3.135,122.9575,2.66,0.75,ncp_ts,mixo
NLA17_ND-10017,2017,63.46882333261347,50.54393854221465,46.54361,-104.0277,908,60,3.135,122.9575,2.66,0.75,chla_ts,meso
NLA17_ND-10017,2017,63.46882333261347,50.54393854221465,46.54361,-104.0277,908,60,3.135,122.9575,2.66,0.75,ptl_ts,hypereu
NLA17_ND-10017,2017,63.46882333261347,50.54393854221465,46.54361,-104.0277,908,60,3.135,122.9575,2.66,0.75,sdd_ts,eutro
NLA17_ND-10017,2017,63.46882333261347,50.54393854221465,46.54361,-104.0277,908,60,3.135,122.9575,2.66,0.75,rot_ts,meso-eutro
NLA17_ND-10017,2017,63.46882333261347,50.54393854221465,46.54361,-104.0277,908,60,3.135,122.9575,2.66,0.75,crs_ts,eutro
NLA17_ND-10018,2017,52.04295764631645,52.23079664301083,48.87739,-99.9807,648,40,2.316,63.0075,10.56,1.05,ncp_ts,mixo
NLA17_ND-10018,2017,52.04295764631645,52.23079664301083,48.87739,-99.9807,648,40,2.316,63.0075,10.56,1.05,chla_ts,eutro
NLA17_ND-10018,2017,52.04295764631645,52.23079664301083,48.87739,-99.9807,648,40,2.316,63.0075,10.56,1.05,ptl_ts,eutro
NLA17_ND-10018,2017,52.04295764631645,52.23079664301083,48.87739,-99.9807,648,40,2.316,63.0075,10.56,1.05,sdd_ts,eutro
NLA17_ND-10018,2017,52.04295764631645,52.23079664301083,48.87739,-99.9807,648,40,2.316,63.0075,10.56,1.05,rot_ts,meso-eutro
NLA17_ND-10018,2017,52.04295764631645,52.23079664301083,48.87739,-99.9807,648,40,2.316,63.0075,10.56,1.05,crs_ts,meso-eutro
NLA17_ND-10019,2017,66.4867252815098,42.05949299473326,47.06811,-99.079580000000007,544,26,4.888,593.275,74.67,NA,ncp_ts,mixo
NLA17_ND-10019,2017,66.4867252815098,42.05949299473326,47.06811,-99.079580000000007,544,26,4.888,593.275,74.67,NA,chla_ts,hypereu
NLA17_ND-10019,2017,66.4867252815098,42.05949299473326,47.06811,-99.079580000000007,544,26,4.888,593.275,74.67,NA,ptl_ts,hypereu
NLA17_ND-10019,2017,66.4867252815098,42.05949299473326,47.06811,-99.079580000000007,544,26,4.888,593.275,74.67,NA,sdd_ts,NA
NLA17_ND-10019,2017,66.4867252815098,42.05949299473326,47.06811,-99.079580000000007,544,26,4.888,593.275,74.67,NA,rot_ts,oligo-meso
NLA17_ND-10019,2017,66.4867252815098,42.05949299473326,47.06811,-99.079580000000007,544,26,4.888,593.275,74.67,NA,crs_ts,hypereu
NLA17_ND-10020,2017,63.30637204305564,48.17403259132682,47.8483,-100.2783,489,30,3.18,51.51375,1.78,NA,ncp_ts,mixo
NLA17_ND-10020,2017,63.30637204305564,48.17403259132682,47.8483,-100.2783,489,30,3.18,51.51375,1.78,NA,chla_ts,oligo
NLA17_ND-10020,2017,63.30637204305564,48.17403259132682,47.8483,-100.2783,489,30,3.18,51.51375,1.78,NA,ptl_ts,eutro
NLA17_ND-10020,2017,63.30637204305564,48.17403259132682,47.8483,-100.2783,489,30,3.18,51.51375,1.78,NA,sdd_ts,NA
NLA17_ND-10020,2017,63.30637204305564,48.17403259132682,47.8483,-100.2783,489,30,3.18,51.51375,1.78,NA,rot_ts,meso-eutro
NLA17_ND-10020,2017,63.30637204305564,48.17403259132682,47.8483,-100.2783,489,30,3.18,51.51375,1.78,NA,crs_ts,eutro
NLA17_ND-10021,2017,66.33066920311481,41.03161582094988,46.60984,-101.8535,629,22,1.21,52.41,13.44,1.95,ncp_ts,mixo
NLA17_ND-10021,2017,66.33066920311481,41.03161582094988,46.60984,-101.8535,629,22,1.21,52.41,13.44,1.95,chla_ts,eutro
NLA17_ND-10021,2017,66.33066920311481,41.03161582094988,46.60984,-101.8535,629,22,1.21,52.41,13.44,1.95,ptl_ts,eutro
NLA17_ND-10021,2017,66.33066920311481,41.03161582094988,46.60984,-101.8535,629,22,1.21,52.41,13.44,1.95,sdd_ts,eutro
NLA17_ND-10021,2017,66.33066920311481,41.03161582094988,46.60984,-101.8535,629,22,1.21,52.41,13.44,1.95,rot_ts,oligo-meso
NLA17_ND-10021,2017,66.33066920311481,41.03161582094988,46.60984,-101.8535,629,22,1.21,52.41,13.44,1.95,crs_ts,hypereu
NLA17_ND-10023,2017,60.30441598610824,53.76674086497798,47.26394,-99.80461,562,13,2.658,105.3675,40.57,0.42500000000000004,ncp_ts,eutro
NLA17_ND-10023,2017,60.30441598610824,53.76674086497798,47.26394,-99.80461,562,13,2.658,105.3675,40.57,0.42500000000000004,chla_ts,eutro
NLA17_ND-10023,2017,60.30441598610824,53.76674086497798,47.26394,-99.80461,562,13,2.658,105.3675,40.57,0.42500000000000004,ptl_ts,hypereu
NLA17_ND-10023,2017,60.30441598610824,53.76674086497798,47.26394,-99.80461,562,13,2.658,105.3675,40.57,0.42500000000000004,sdd_ts,hypereu
NLA17_ND-10023,2017,60.30441598610824,53.76674086497798,47.26394,-99.80461,562,13,2.658,105.3675,40.57,0.42500000000000004,rot_ts,meso-eutro
NLA17_ND-10023,2017,60.30441598610824,53.76674086497798,47.26394,-99.80461,562,13,2.658,105.3675,40.57,0.42500000000000004,crs_ts,eutro
NLA17_ND-10024,2017,61.99135613160066,51.280428241791874,47.13186,-99.23174,569,8,2.179,98.95375,14.24,0.55,ncp_ts,eutro
NLA17_ND-10024,2017,61.99135613160066,51.280428241791874,47.13186,-99.23174,569,8,2.179,98.95375,14.24,0.55,chla_ts,eutro
NLA17_ND-10024,2017,61.99135613160066,51.280428241791874,47.13186,-99.23174,569,8,2.179,98.95375,14.24,0.55,ptl_ts,hypereu
NLA17_ND-10024,2017,61.99135613160066,51.280428241791874,47.13186,-99.23174,569,8,2.179,98.95375,14.24,0.55,sdd_ts,eutro
NLA17_ND-10024,2017,61.99135613160066,51.280428241791874,47.13186,-99.23174,569,8,2.179,98.95375,14.24,0.55,rot_ts,meso-eutro
NLA17_ND-10024,2017,61.99135613160066,51.280428241791874,47.13186,-99.23174,569,8,2.179,98.95375,14.24,0.55,crs_ts,eutro
NLA17_ND-10026,2017,62.40530867771893,49.746727383131386,48.67467,-99.97743,477,30,5.85,4143.575,27.54,0.75,ncp_ts,mixo
NLA17_ND-10026,2017,62.40530867771893,49.746727383131386,48.67467,-99.97743,477,30,5.85,4143.575,27.54,0.75,chla_ts,eutro
NLA17_ND-10026,2017,62.40530867771893,49.746727383131386,48.67467,-99.97743,477,30,5.85,4143.575,27.54,0.75,ptl_ts,hypereu
NLA17_ND-10026,2017,62.40530867771893,49.746727383131386,48.67467,-99.97743,477,30,5.85,4143.575,27.54,0.75,sdd_ts,eutro
NLA17_ND-10026,2017,62.40530867771893,49.746727383131386,48.67467,-99.97743,477,30,5.85,4143.575,27.54,0.75,rot_ts,meso-eutro
NLA17_ND-10026,2017,62.40530867771893,49.746727383131386,48.67467,-99.97743,477,30,5.85,4143.575,27.54,0.75,crs_ts,eutro
NLA17_ND-10029,2017,60.71505005414288,52.977082652742936,48.35212,-101.8953,673,42,3.493,562.808,13.93,2.25,ncp_ts,mixo
NLA17_ND-10029,2017,60.71505005414288,52.977082652742936,48.35212,-101.8953,673,42,3.493,562.808,13.93,2.25,chla_ts,eutro
NLA17_ND-10029,2017,60.71505005414288,52.977082652742936,48.35212,-101.8953,673,42,3.493,562.808,13.93,2.25,ptl_ts,hypereu
NLA17_ND-10029,2017,60.71505005414288,52.977082652742936,48.35212,-101.8953,673,42,3.493,562.808,13.93,2.25,sdd_ts,meso
NLA17_ND-10029,2017,60.71505005414288,52.977082652742936,48.35212,-101.8953,673,42,3.493,562.808,13.93,2.25,rot_ts,meso-eutro
NLA17_ND-10029,2017,60.71505005414288,52.977082652742936,48.35212,-101.8953,673,42,3.493,562.808,13.93,2.25,crs_ts,eutro
NLA17_ND-10032,2017,61.43587363343097,55.669700808065905,46.11088,-98.89073,604,30,6.375,291.06125,137.71,0.25,ncp_ts,mixo
NLA17_ND-10032,2017,61.43587363343097,55.669700808065905,46.11088,-98.89073,604,30,6.375,291.06125,137.71,0.25,chla_ts,hypereu
NLA17_ND-10032,2017,61.43587363343097,55.669700808065905,46.11088,-98.89073,604,30,6.375,291.06125,137.71,0.25,ptl_ts,hypereu
NLA17_ND-10032,2017,61.43587363343097,55.669700808065905,46.11088,-98.89073,604,30,6.375,291.06125,137.71,0.25,sdd_ts,hypereu
NLA17_ND-10032,2017,61.43587363343097,55.669700808065905,46.11088,-98.89073,604,30,6.375,291.06125,137.71,0.25,rot_ts,eutro
NLA17_ND-10032,2017,61.43587363343097,55.669700808065905,46.11088,-98.89073,604,30,6.375,291.06125,137.71,0.25,crs_ts,eutro
NLA17_ND-10033,2017,64.48782634498797,47.097203893305256,48.33447,-102.0507,675,68,5.6,298.71625,144,0.55,ncp_ts,mixo
NLA17_ND-10033,2017,64.48782634498797,47.097203893305256,48.33447,-102.0507,675,68,5.6,298.71625,144,0.55,chla_ts,hypereu
NLA17_ND-10033,2017,64.48782634498797,47.097203893305256,48.33447,-102.0507,675,68,5.6,298.71625,144,0.55,ptl_ts,hypereu
NLA17_ND-10033,2017,64.48782634498797,47.097203893305256,48.33447,-102.0507,675,68,5.6,298.71625,144,0.55,sdd_ts,eutro
NLA17_ND-10033,2017,64.48782634498797,47.097203893305256,48.33447,-102.0507,675,68,5.6,298.71625,144,0.55,rot_ts,meso-eutro
NLA17_ND-10033,2017,64.48782634498797,47.097203893305256,48.33447,-102.0507,675,68,5.6,298.71625,144,0.55,crs_ts,eutro
NLA17_ND-10034,2017,62.912063980980186,49.82093545620336,48.97325,-100.3713,660,40,2.731,263.7525,79.71,0.95,ncp_ts,mixo
NLA17_ND-10034,2017,62.912063980980186,49.82093545620336,48.97325,-100.3713,660,40,2.731,263.7525,79.71,0.95,chla_ts,hypereu
NLA17_ND-10034,2017,62.912063980980186,49.82093545620336,48.97325,-100.3713,660,40,2.731,263.7525,79.71,0.95,ptl_ts,hypereu
NLA17_ND-10034,2017,62.912063980980186,49.82093545620336,48.97325,-100.3713,660,40,2.731,263.7525,79.71,0.95,sdd_ts,eutro
NLA17_ND-10034,2017,62.912063980980186,49.82093545620336,48.97325,-100.3713,660,40,2.731,263.7525,79.71,0.95,rot_ts,meso-eutro
NLA17_ND-10034,2017,62.912063980980186,49.82093545620336,48.97325,-100.3713,660,40,2.731,263.7525,79.71,0.95,crs_ts,eutro
NLA17_ND-10035,2017,68.14882282873482,48.418620163859785,46.3599,-99.48298,600,14,5.156,266.94625,66.8,0.35,ncp_ts,eutro
NLA17_ND-10035,2017,68.14882282873482,48.418620163859785,46.3599,-99.48298,600,14,5.156,266.94625,66.8,0.35,chla_ts,hypereu
NLA17_ND-10035,2017,68.14882282873482,48.418620163859785,46.3599,-99.48298,600,14,5.156,266.94625,66.8,0.35,ptl_ts,hypereu
NLA17_ND-10035,2017,68.14882282873482,48.418620163859785,46.3599,-99.48298,600,14,5.156,266.94625,66.8,0.35,sdd_ts,hypereu
NLA17_ND-10035,2017,68.14882282873482,48.418620163859785,46.3599,-99.48298,600,14,5.156,266.94625,66.8,0.35,rot_ts,meso-eutro
NLA17_ND-10035,2017,68.14882282873482,48.418620163859785,46.3599,-99.48298,600,14,5.156,266.94625,66.8,0.35,crs_ts,hypereu
NLA17_ND-10037,2017,63.336096417548625,48.94224665436761,48.23974,-102.3111,684,47,3.564,315.16375,78.6,0.8500000000000001,ncp_ts,mixo
NLA17_ND-10037,2017,63.336096417548625,48.94224665436761,48.23974,-102.3111,684,47,3.564,315.16375,78.6,0.8500000000000001,chla_ts,hypereu
NLA17_ND-10037,2017,63.336096417548625,48.94224665436761,48.23974,-102.3111,684,47,3.564,315.16375,78.6,0.8500000000000001,ptl_ts,hypereu
NLA17_ND-10037,2017,63.336096417548625,48.94224665436761,48.23974,-102.3111,684,47,3.564,315.16375,78.6,0.8500000000000001,sdd_ts,eutro
NLA17_ND-10037,2017,63.336096417548625,48.94224665436761,48.23974,-102.3111,684,47,3.564,315.16375,78.6,0.8500000000000001,rot_ts,meso-eutro
NLA17_ND-10037,2017,63.336096417548625,48.94224665436761,48.23974,-102.3111,684,47,3.564,315.16375,78.6,0.8500000000000001,crs_ts,eutro
NLA17_ND-10042,2017,61.47149173470389,52.2659985134193,48.89775,-103.502,685,70,5.463,588.05875,3.58,NA,ncp_ts,mixo
NLA17_ND-10042,2017,61.47149173470389,52.2659985134193,48.89775,-103.502,685,70,5.463,588.05875,3.58,NA,chla_ts,meso
NLA17_ND-10042,2017,61.47149173470389,52.2659985134193,48.89775,-103.502,685,70,5.463,588.05875,3.58,NA,ptl_ts,hypereu
NLA17_ND-10042,2017,61.47149173470389,52.2659985134193,48.89775,-103.502,685,70,5.463,588.05875,3.58,NA,sdd_ts,NA
NLA17_ND-10042,2017,61.47149173470389,52.2659985134193,48.89775,-103.502,685,70,5.463,588.05875,3.58,NA,rot_ts,meso-eutro
NLA17_ND-10042,2017,61.47149173470389,52.2659985134193,48.89775,-103.502,685,70,5.463,588.05875,3.58,NA,crs_ts,eutro
NLA17_ND-10069,2017,63.96963564280149,52.638739356349674,48.74491,-102.6896,740,80,4.488,253.7775,13.6,NA,ncp_ts,mixo
NLA17_ND-10069,2017,63.96963564280149,52.638739356349674,48.74491,-102.6896,740,80,4.488,253.7775,13.6,NA,chla_ts,eutro
NLA17_ND-10069,2017,63.96963564280149,52.638739356349674,48.74491,-102.6896,740,80,4.488,253.7775,13.6,NA,ptl_ts,hypereu
NLA17_ND-10069,2017,63.96963564280149,52.638739356349674,48.74491,-102.6896,740,80,4.488,253.7775,13.6,NA,sdd_ts,NA
NLA17_ND-10069,2017,63.96963564280149,52.638739356349674,48.74491,-102.6896,740,80,4.488,253.7775,13.6,NA,rot_ts,meso-eutro
NLA17_ND-10069,2017,63.96963564280149,52.638739356349674,48.74491,-102.6896,740,80,4.488,253.7775,13.6,NA,crs_ts,eutro
NLA17_ND-10070,2017,67.87865309753315,27.938775968895463,48.20118,-98.92039,443,40,5.763,534.238,39.81,0.8500000000000001,ncp_ts,mixo
NLA17_ND-10070,2017,67.87865309753315,27.938775968895463,48.20118,-98.92039,443,40,5.763,534.238,39.81,0.8500000000000001,chla_ts,eutro
NLA17_ND-10070,2017,67.87865309753315,27.938775968895463,48.20118,-98.92039,443,40,5.763,534.238,39.81,0.8500000000000001,ptl_ts,hypereu
NLA17_ND-10070,2017,67.87865309753315,27.938775968895463,48.20118,-98.92039,443,40,5.763,534.238,39.81,0.8500000000000001,sdd_ts,eutro
NLA17_ND-10070,2017,67.87865309753315,27.938775968895463,48.20118,-98.92039,443,40,5.763,534.238,39.81,0.8500000000000001,rot_ts,oligo-meso
NLA17_ND-10070,2017,67.87865309753315,27.938775968895463,48.20118,-98.92039,443,40,5.763,534.238,39.81,0.8500000000000001,crs_ts,hypereu
NLA17_ND-10073,2017,59.97981028619819,51.487111788430276,48.86228,-100.2127,638,40,3.169,122.43375,54.86,1.05,ncp_ts,mixo
NLA17_ND-10073,2017,59.97981028619819,51.487111788430276,48.86228,-100.2127,638,40,3.169,122.43375,54.86,1.05,chla_ts,eutro
NLA17_ND-10073,2017,59.97981028619819,51.487111788430276,48.86228,-100.2127,638,40,3.169,122.43375,54.86,1.05,ptl_ts,hypereu
NLA17_ND-10073,2017,59.97981028619819,51.487111788430276,48.86228,-100.2127,638,40,3.169,122.43375,54.86,1.05,sdd_ts,eutro
NLA17_ND-10073,2017,59.97981028619819,51.487111788430276,48.86228,-100.2127,638,40,3.169,122.43375,54.86,1.05,rot_ts,meso-eutro
NLA17_ND-10073,2017,59.97981028619819,51.487111788430276,48.86228,-100.2127,638,40,3.169,122.43375,54.86,1.05,crs_ts,eutro
NLA17_ND-10077,2017,60.65740807414456,53.72231451839226,48.94306,-99.88093,639,33,1.803,105.00625,8.69,0.04,ncp_ts,mixo
NLA17_ND-10077,2017,60.65740807414456,53.72231451839226,48.94306,-99.88093,639,33,1.803,105.00625,8.69,0.04,chla_ts,eutro
NLA17_ND-10077,2017,60.65740807414456,53.72231451839226,48.94306,-99.88093,639,33,1.803,105.00625,8.69,0.04,ptl_ts,hypereu
NLA17_ND-10077,2017,60.65740807414456,53.72231451839226,48.94306,-99.88093,639,33,1.803,105.00625,8.69,0.04,sdd_ts,hypereu
NLA17_ND-10077,2017,60.65740807414456,53.72231451839226,48.94306,-99.88093,639,33,1.803,105.00625,8.69,0.04,rot_ts,meso-eutro
NLA17_ND-10077,2017,60.65740807414456,53.72231451839226,48.94306,-99.88093,639,33,1.803,105.00625,8.69,0.04,crs_ts,eutro
NLA17_ND-10081,2017,63.15647110473305,50.9621634158309,48.85075,-102.8405,602,37,1.138,49.96375,12.74,1.35,ncp_ts,mixo
NLA17_ND-10081,2017,63.15647110473305,50.9621634158309,48.85075,-102.8405,602,37,1.138,49.96375,12.74,1.35,chla_ts,eutro
NLA17_ND-10081,2017,63.15647110473305,50.9621634158309,48.85075,-102.8405,602,37,1.138,49.96375,12.74,1.35,ptl_ts,eutro
NLA17_ND-10081,2017,63.15647110473305,50.9621634158309,48.85075,-102.8405,602,37,1.138,49.96375,12.74,1.35,sdd_ts,eutro
NLA17_ND-10081,2017,63.15647110473305,50.9621634158309,48.85075,-102.8405,602,37,1.138,49.96375,12.74,1.35,rot_ts,meso-eutro
NLA17_ND-10081,2017,63.15647110473305,50.9621634158309,48.85075,-102.8405,602,37,1.138,49.96375,12.74,1.35,crs_ts,eutro
NLA17_ND-10082,2017,63.00438906895193,52.34725140625867,47.90445,-98.97187,468,37,2.226,104.3175,15.2,0.6499999999999999,ncp_ts,mixo
NLA17_ND-10082,2017,63.00438906895193,52.34725140625867,47.90445,-98.97187,468,37,2.226,104.3175,15.2,0.6499999999999999,chla_ts,eutro
NLA17_ND-10082,2017,63.00438906895193,52.34725140625867,47.90445,-98.97187,468,37,2.226,104.3175,15.2,0.6499999999999999,ptl_ts,hypereu
NLA17_ND-10082,2017,63.00438906895193,52.34725140625867,47.90445,-98.97187,468,37,2.226,104.3175,15.2,0.6499999999999999,sdd_ts,eutro
NLA17_ND-10082,2017,63.00438906895193,52.34725140625867,47.90445,-98.97187,468,37,2.226,104.3175,15.2,0.6499999999999999,rot_ts,meso-eutro
NLA17_ND-10082,2017,63.00438906895193,52.34725140625867,47.90445,-98.97187,468,37,2.226,104.3175,15.2,0.6499999999999999,crs_ts,eutro
NLA17_ND-10084,2017,63.96963564280149,50.91726746683577,48.38932,-102.1524,669,40,2.904,90.04625,14.64,1.65,ncp_ts,mixo
NLA17_ND-10084,2017,63.96963564280149,50.91726746683577,48.38932,-102.1524,669,40,2.904,90.04625,14.64,1.65,chla_ts,eutro
NLA17_ND-10084,2017,63.96963564280149,50.91726746683577,48.38932,-102.1524,669,40,2.904,90.04625,14.64,1.65,ptl_ts,eutro
NLA17_ND-10084,2017,63.96963564280149,50.91726746683577,48.38932,-102.1524,669,40,2.904,90.04625,14.64,1.65,sdd_ts,eutro
NLA17_ND-10084,2017,63.96963564280149,50.91726746683577,48.38932,-102.1524,669,40,2.904,90.04625,14.64,1.65,rot_ts,meso-eutro
NLA17_ND-10084,2017,63.96963564280149,50.91726746683577,48.38932,-102.1524,669,40,2.904,90.04625,14.64,1.65,crs_ts,eutro
NLA17_ND-10089,2017,66.04635368942482,47.45205776002513,48.82621,-100.5755,459,80,6.263,704.788,117,1.15,ncp_ts,mixo
NLA17_ND-10089,2017,66.04635368942482,47.45205776002513,48.82621,-100.5755,459,80,6.263,704.788,117,1.15,chla_ts,hypereu
NLA17_ND-10089,2017,66.04635368942482,47.45205776002513,48.82621,-100.5755,459,80,6.263,704.788,117,1.15,ptl_ts,hypereu
NLA17_ND-10089,2017,66.04635368942482,47.45205776002513,48.82621,-100.5755,459,80,6.263,704.788,117,1.15,sdd_ts,eutro
NLA17_ND-10089,2017,66.04635368942482,47.45205776002513,48.82621,-100.5755,459,80,6.263,704.788,117,1.15,rot_ts,meso-eutro
NLA17_ND-10089,2017,66.04635368942482,47.45205776002513,48.82621,-100.5755,459,80,6.263,704.788,117,1.15,crs_ts,hypereu
NLA17_ND-10090,2017,61.23770999682018,52.2659985134193,47.0334,-99.47655,528,20,2.395,120.26125,60.89,0.45,ncp_ts,eutro
NLA17_ND-10090,2017,61.23770999682018,52.2659985134193,47.0334,-99.47655,528,20,2.395,120.26125,60.89,0.45,chla_ts,hypereu
NLA17_ND-10090,2017,61.23770999682018,52.2659985134193,47.0334,-99.47655,528,20,2.395,120.26125,60.89,0.45,ptl_ts,hypereu
NLA17_ND-10090,2017,61.23770999682018,52.2659985134193,47.0334,-99.47655,528,20,2.395,120.26125,60.89,0.45,sdd_ts,hypereu
NLA17_ND-10090,2017,61.23770999682018,52.2659985134193,47.0334,-99.47655,528,20,2.395,120.26125,60.89,0.45,rot_ts,meso-eutro
NLA17_ND-10090,2017,61.23770999682018,52.2659985134193,47.0334,-99.47655,528,20,2.395,120.26125,60.89,0.45,crs_ts,eutro
NLA17_ND-10095,2017,65.62348392815122,42.21321773848228,46.84995,-99.41453,532,23,2.6,221.83875,20.64,2.05,ncp_ts,mixo
NLA17_ND-10095,2017,65.62348392815122,42.21321773848228,46.84995,-99.41453,532,23,2.6,221.83875,20.64,2.05,chla_ts,eutro
NLA17_ND-10095,2017,65.62348392815122,42.21321773848228,46.84995,-99.41453,532,23,2.6,221.83875,20.64,2.05,ptl_ts,hypereu
NLA17_ND-10095,2017,65.62348392815122,42.21321773848228,46.84995,-99.41453,532,23,2.6,221.83875,20.64,2.05,sdd_ts,meso
NLA17_ND-10095,2017,65.62348392815122,42.21321773848228,46.84995,-99.41453,532,23,2.6,221.83875,20.64,2.05,rot_ts,oligo-meso
NLA17_ND-10095,2017,65.62348392815122,42.21321773848228,46.84995,-99.41453,532,23,2.6,221.83875,20.64,2.05,crs_ts,hypereu
NLA17_ND-10100,2017,61.6302488110539,46.165002032850936,48.47312,-102.2659,678,60,4.238,1071.431,50.4,0.42500000000000004,ncp_ts,mixo
NLA17_ND-10100,2017,61.6302488110539,46.165002032850936,48.47312,-102.2659,678,60,4.238,1071.431,50.4,0.42500000000000004,chla_ts,eutro
NLA17_ND-10100,2017,61.6302488110539,46.165002032850936,48.47312,-102.2659,678,60,4.238,1071.431,50.4,0.42500000000000004,ptl_ts,hypereu
NLA17_ND-10100,2017,61.6302488110539,46.165002032850936,48.47312,-102.2659,678,60,4.238,1071.431,50.4,0.42500000000000004,sdd_ts,hypereu
NLA17_ND-10100,2017,61.6302488110539,46.165002032850936,48.47312,-102.2659,678,60,4.238,1071.431,50.4,0.42500000000000004,rot_ts,meso-eutro
NLA17_ND-10100,2017,61.6302488110539,46.165002032850936,48.47312,-102.2659,678,60,4.238,1071.431,50.4,0.42500000000000004,crs_ts,eutro
NLA17_ND-10102,2017,62.69339855408204,50.87199370737774,46.25231,-97.45252,332,75,10.925,703.263,371.2,0.125,ncp_ts,mixo
NLA17_ND-10102,2017,62.69339855408204,50.87199370737774,46.25231,-97.45252,332,75,10.925,703.263,371.2,0.125,chla_ts,hypereu
NLA17_ND-10102,2017,62.69339855408204,50.87199370737774,46.25231,-97.45252,332,75,10.925,703.263,371.2,0.125,ptl_ts,hypereu
NLA17_ND-10102,2017,62.69339855408204,50.87199370737774,46.25231,-97.45252,332,75,10.925,703.263,371.2,0.125,sdd_ts,hypereu
NLA17_ND-10102,2017,62.69339855408204,50.87199370737774,46.25231,-97.45252,332,75,10.925,703.263,371.2,0.125,rot_ts,meso-eutro
NLA17_ND-10102,2017,62.69339855408204,50.87199370737774,46.25231,-97.45252,332,75,10.925,703.263,371.2,0.125,crs_ts,eutro
NLA17_ND-10103,2017,62.12564144837633,52.17161012749741,46.19398,-100.979,572,100,3.343,592.95,41.73,0.05,ncp_ts,mixo
NLA17_ND-10103,2017,62.12564144837633,52.17161012749741,46.19398,-100.979,572,100,3.343,592.95,41.73,0.05,chla_ts,eutro
NLA17_ND-10103,2017,62.12564144837633,52.17161012749741,46.19398,-100.979,572,100,3.343,592.95,41.73,0.05,ptl_ts,hypereu
NLA17_ND-10103,2017,62.12564144837633,52.17161012749741,46.19398,-100.979,572,100,3.343,592.95,41.73,0.05,sdd_ts,hypereu
NLA17_ND-10103,2017,62.12564144837633,52.17161012749741,46.19398,-100.979,572,100,3.343,592.95,41.73,0.05,rot_ts,meso-eutro
NLA17_ND-10103,2017,62.12564144837633,52.17161012749741,46.19398,-100.979,572,100,3.343,592.95,41.73,0.05,crs_ts,eutro
NLA17_ND-10107,2017,68.67051197352276,41.03161582094988,47.63043,-101.173,562,62,7.05,1962.584,13.6,NA,ncp_ts,mixo
NLA17_ND-10107,2017,68.67051197352276,41.03161582094988,47.63043,-101.173,562,62,7.05,1962.584,13.6,NA,chla_ts,eutro
NLA17_ND-10107,2017,68.67051197352276,41.03161582094988,47.63043,-101.173,562,62,7.05,1962.584,13.6,NA,ptl_ts,hypereu
NLA17_ND-10107,2017,68.67051197352276,41.03161582094988,47.63043,-101.173,562,62,7.05,1962.584,13.6,NA,sdd_ts,NA
NLA17_ND-10107,2017,68.67051197352276,41.03161582094988,47.63043,-101.173,562,62,7.05,1962.584,13.6,NA,rot_ts,oligo-meso
NLA17_ND-10107,2017,68.67051197352276,41.03161582094988,47.63043,-101.173,562,62,7.05,1962.584,13.6,NA,crs_ts,hypereu
NLA17_ND-10110,2017,62.55035574809769,49.76537558204488,47.34743,-99.72061,573,NA,2.23,350,32,0.42500000000000004,ncp_ts,NA
NLA17_ND-10110,2017,62.55035574809769,49.76537558204488,47.34743,-99.72061,573,NA,2.23,350,32,0.42500000000000004,chla_ts,eutro
NLA17_ND-10110,2017,62.55035574809769,49.76537558204488,47.34743,-99.72061,573,NA,2.23,350,32,0.42500000000000004,ptl_ts,hypereu
NLA17_ND-10110,2017,62.55035574809769,49.76537558204488,47.34743,-99.72061,573,NA,2.23,350,32,0.42500000000000004,sdd_ts,hypereu
NLA17_ND-10110,2017,62.55035574809769,49.76537558204488,47.34743,-99.72061,573,NA,2.23,350,32,0.42500000000000004,rot_ts,meso-eutro
NLA17_ND-10110,2017,62.55035574809769,49.76537558204488,47.34743,-99.72061,573,NA,2.23,350,32,0.42500000000000004,crs_ts,eutro
NLA17_ND-10112,2017,60.59943320809257,52.4159331900866,47.68783,-100.6983,599,NA,3.87,430,160,0.125,ncp_ts,NA
NLA17_ND-10112,2017,60.59943320809257,52.4159331900866,47.68783,-100.6983,599,NA,3.87,430,160,0.125,chla_ts,hypereu
NLA17_ND-10112,2017,60.59943320809257,52.4159331900866,47.68783,-100.6983,599,NA,3.87,430,160,0.125,ptl_ts,hypereu
NLA17_ND-10112,2017,60.59943320809257,52.4159331900866,47.68783,-100.6983,599,NA,3.87,430,160,0.125,sdd_ts,hypereu
NLA17_ND-10112,2017,60.59943320809257,52.4159331900866,47.68783,-100.6983,599,NA,3.87,430,160,0.125,rot_ts,meso-eutro
NLA17_ND-10112,2017,60.59943320809257,52.4159331900866,47.68783,-100.6983,599,NA,3.87,430,160,0.125,crs_ts,eutro
NLA17_ND-10126,2017,66.6187481808683,36.37792960727195,47.75954,-99.93071,471,NA,2.06,190,3.2,1.95,ncp_ts,NA
NLA17_ND-10126,2017,66.6187481808683,36.37792960727195,47.75954,-99.93071,471,NA,2.06,190,3.2,1.95,chla_ts,meso
NLA17_ND-10126,2017,66.6187481808683,36.37792960727195,47.75954,-99.93071,471,NA,2.06,190,3.2,1.95,ptl_ts,hypereu
NLA17_ND-10126,2017,66.6187481808683,36.37792960727195,47.75954,-99.93071,471,NA,2.06,190,3.2,1.95,sdd_ts,eutro
NLA17_ND-10126,2017,66.6187481808683,36.37792960727195,47.75954,-99.93071,471,NA,2.06,190,3.2,1.95,rot_ts,oligo-meso
NLA17_ND-10126,2017,66.6187481808683,36.37792960727195,47.75954,-99.93071,471,NA,2.06,190,3.2,1.95,crs_ts,hypereu
NLA17_ND-10127,2017,62.34018390511771,52.00233773782528,47.05285,-99.61888,530,NA,0.89,20,13.4,1.35,ncp_ts,NA
NLA17_ND-10127,2017,62.34018390511771,52.00233773782528,47.05285,-99.61888,530,NA,0.89,20,13.4,1.35,chla_ts,eutro
NLA17_ND-10127,2017,62.34018390511771,52.00233773782528,47.05285,-99.61888,530,NA,0.89,20,13.4,1.35,ptl_ts,meso
NLA17_ND-10127,2017,62.34018390511771,52.00233773782528,47.05285,-99.61888,530,NA,0.89,20,13.4,1.35,sdd_ts,eutro
NLA17_ND-10127,2017,62.34018390511771,52.00233773782528,47.05285,-99.61888,530,NA,0.89,20,13.4,1.35,rot_ts,meso-eutro
NLA17_ND-10127,2017,62.34018390511771,52.00233773782528,47.05285,-99.61888,530,NA,0.89,20,13.4,1.35,crs_ts,eutro
NLA17_ND-10128,2017,62.89659659208385,49.27860617492718,47.73102,-100.8129,595,NA,2.46,30,1.6,NA,ncp_ts,NA
NLA17_ND-10128,2017,62.89659659208385,49.27860617492718,47.73102,-100.8129,595,NA,2.46,30,1.6,NA,chla_ts,oligo
NLA17_ND-10128,2017,62.89659659208385,49.27860617492718,47.73102,-100.8129,595,NA,2.46,30,1.6,NA,ptl_ts,eutro
NLA17_ND-10128,2017,62.89659659208385,49.27860617492718,47.73102,-100.8129,595,NA,2.46,30,1.6,NA,sdd_ts,NA
NLA17_ND-10128,2017,62.89659659208385,49.27860617492718,47.73102,-100.8129,595,NA,2.46,30,1.6,NA,rot_ts,meso-eutro
NLA17_ND-10128,2017,62.89659659208385,49.27860617492718,47.73102,-100.8129,595,NA,2.46,30,1.6,NA,crs_ts,eutro
NLA17_ND-10137,2017,60.4037250472411,51.43276789202289,48.88215,-100.3457,667,NA,1.91,50,57.7,0.35,ncp_ts,NA
NLA17_ND-10137,2017,60.4037250472411,51.43276789202289,48.88215,-100.3457,667,NA,1.91,50,57.7,0.35,chla_ts,hypereu
NLA17_ND-10137,2017,60.4037250472411,51.43276789202289,48.88215,-100.3457,667,NA,1.91,50,57.7,0.35,ptl_ts,eutro
NLA17_ND-10137,2017,60.4037250472411,51.43276789202289,48.88215,-100.3457,667,NA,1.91,50,57.7,0.35,sdd_ts,hypereu
NLA17_ND-10137,2017,60.4037250472411,51.43276789202289,48.88215,-100.3457,667,NA,1.91,50,57.7,0.35,rot_ts,meso-eutro
NLA17_ND-10137,2017,60.4037250472411,51.43276789202289,48.88215,-100.3457,667,NA,1.91,50,57.7,0.35,crs_ts,eutro
NLA17_ND-10139,2017,63.58541103762663,48.32211533416551,48.15853,-100.1792,456,NA,4.52,120,7.12,0.8500000000000001,ncp_ts,NA
NLA17_ND-10139,2017,63.58541103762663,48.32211533416551,48.15853,-100.1792,456,NA,4.52,120,7.12,0.8500000000000001,chla_ts,meso
NLA17_ND-10139,2017,63.58541103762663,48.32211533416551,48.15853,-100.1792,456,NA,4.52,120,7.12,0.8500000000000001,ptl_ts,hypereu
NLA17_ND-10139,2017,63.58541103762663,48.32211533416551,48.15853,-100.1792,456,NA,4.52,120,7.12,0.8500000000000001,sdd_ts,eutro
NLA17_ND-10139,2017,63.58541103762663,48.32211533416551,48.15853,-100.1792,456,NA,4.52,120,7.12,0.8500000000000001,rot_ts,meso-eutro
NLA17_ND-10139,2017,63.58541103762663,48.32211533416551,48.15853,-100.1792,456,NA,4.52,120,7.12,0.8500000000000001,crs_ts,eutro
NLA17_ND-10144,2017,63.67201178647112,50.9621634158309,47.43886,-100.8327,578,NA,3.71,120,119,0.25,ncp_ts,NA
NLA17_ND-10144,2017,63.67201178647112,50.9621634158309,47.43886,-100.8327,578,NA,3.71,120,119,0.25,chla_ts,hypereu
NLA17_ND-10144,2017,63.67201178647112,50.9621634158309,47.43886,-100.8327,578,NA,3.71,120,119,0.25,ptl_ts,hypereu
NLA17_ND-10144,2017,63.67201178647112,50.9621634158309,47.43886,-100.8327,578,NA,3.71,120,119,0.25,sdd_ts,hypereu
NLA17_ND-10144,2017,63.67201178647112,50.9621634158309,47.43886,-100.8327,578,NA,3.71,120,119,0.25,rot_ts,meso-eutro
NLA17_ND-10144,2017,63.67201178647112,50.9621634158309,47.43886,-100.8327,578,NA,3.71,120,119,0.25,crs_ts,eutro
NLA17_ND-10147,2017,65.35672404479007,45.71008328525996,46.9584,-98.34976,435,NA,1.74,50,86.5,0.55,ncp_ts,NA
NLA17_ND-10147,2017,65.35672404479007,45.71008328525996,46.9584,-98.34976,435,NA,1.74,50,86.5,0.55,chla_ts,hypereu
NLA17_ND-10147,2017,65.35672404479007,45.71008328525996,46.9584,-98.34976,435,NA,1.74,50,86.5,0.55,ptl_ts,eutro
NLA17_ND-10147,2017,65.35672404479007,45.71008328525996,46.9584,-98.34976,435,NA,1.74,50,86.5,0.55,sdd_ts,eutro
NLA17_ND-10147,2017,65.35672404479007,45.71008328525996,46.9584,-98.34976,435,NA,1.74,50,86.5,0.55,rot_ts,meso-eutro
NLA17_ND-10147,2017,65.35672404479007,45.71008328525996,46.9584,-98.34976,435,NA,1.74,50,86.5,0.55,crs_ts,hypereu
NLA17_ND-10189,2017,55.29740118461326,50.396979480933986,48.8516,-99.78368,617,44,1.988,47.45125,16.8,0.7,ncp_ts,mixo
NLA17_ND-10189,2017,55.29740118461326,50.396979480933986,48.8516,-99.78368,617,44,1.988,47.45125,16.8,0.7,chla_ts,eutro
NLA17_ND-10189,2017,55.29740118461326,50.396979480933986,48.8516,-99.78368,617,44,1.988,47.45125,16.8,0.7,ptl_ts,eutro
NLA17_ND-10189,2017,55.29740118461326,50.396979480933986,48.8516,-99.78368,617,44,1.988,47.45125,16.8,0.7,sdd_ts,eutro
NLA17_ND-10189,2017,55.29740118461326,50.396979480933986,48.8516,-99.78368,617,44,1.988,47.45125,16.8,0.7,rot_ts,meso-eutro
NLA17_ND-10189,2017,55.29740118461326,50.396979480933986,48.8516,-99.78368,617,44,1.988,47.45125,16.8,0.7,crs_ts,eutro
NLA17_ND-HP001,2017,61.32826422274192,53.06852961360585,46.035467,-98.880206,623.73,26,1.069,46.71625,7.94,2.05,ncp_ts,mixo
NLA17_ND-HP001,2017,61.32826422274192,53.06852961360585,46.035467,-98.880206,623.73,26,1.069,46.71625,7.94,2.05,chla_ts,eutro
NLA17_ND-HP001,2017,61.32826422274192,53.06852961360585,46.035467,-98.880206,623.73,26,1.069,46.71625,7.94,2.05,ptl_ts,eutro
NLA17_ND-HP001,2017,61.32826422274192,53.06852961360585,46.035467,-98.880206,623.73,26,1.069,46.71625,7.94,2.05,sdd_ts,meso
NLA17_ND-HP001,2017,61.32826422274192,53.06852961360585,46.035467,-98.880206,623.73,26,1.069,46.71625,7.94,2.05,rot_ts,meso-eutro
NLA17_ND-HP001,2017,61.32826422274192,53.06852961360585,46.035467,-98.880206,623.73,26,1.069,46.71625,7.94,2.05,crs_ts,eutro
NLA17_ND-HP002,2017,62.07548995859914,54.329154276894215,48.9177,-99.7914,642.95,18,1.36,29.3825,5.46,2.1,ncp_ts,oligo
NLA17_ND-HP002,2017,62.07548995859914,54.329154276894215,48.9177,-99.7914,642.95,18,1.36,29.3825,5.46,2.1,chla_ts,meso
NLA17_ND-HP002,2017,62.07548995859914,54.329154276894215,48.9177,-99.7914,642.95,18,1.36,29.3825,5.46,2.1,ptl_ts,eutro
NLA17_ND-HP002,2017,62.07548995859914,54.329154276894215,48.9177,-99.7914,642.95,18,1.36,29.3825,5.46,2.1,sdd_ts,meso
NLA17_ND-HP002,2017,62.07548995859914,54.329154276894215,48.9177,-99.7914,642.95,18,1.36,29.3825,5.46,2.1,rot_ts,meso-eutro
NLA17_ND-HP002,2017,62.07548995859914,54.329154276894215,48.9177,-99.7914,642.95,18,1.36,29.3825,5.46,2.1,crs_ts,eutro
NLA17_NE-10001,2017,72.85868999192253,46.44822531900251,40.06311,-99.2922,593,14,1.4805000000000001,223.77749999999997,82.19,0.5,ncp_ts,eutro
NLA17_NE-10001,2017,72.85868999192253,46.44822531900251,40.06311,-99.2922,593,14,1.4805000000000001,223.77749999999997,82.19,0.5,chla_ts,hypereu
NLA17_NE-10001,2017,72.85868999192253,46.44822531900251,40.06311,-99.2922,593,14,1.4805000000000001,223.77749999999997,82.19,0.5,ptl_ts,hypereu
NLA17_NE-10001,2017,72.85868999192253,46.44822531900251,40.06311,-99.2922,593,14,1.4805000000000001,223.77749999999997,82.19,0.5,sdd_ts,eutro
NLA17_NE-10001,2017,72.85868999192253,46.44822531900251,40.06311,-99.2922,593,14,1.4805000000000001,223.77749999999997,82.19,0.5,rot_ts,meso-eutro
NLA17_NE-10001,2017,72.85868999192253,46.44822531900251,40.06311,-99.2922,593,14,1.4805000000000001,223.77749999999997,82.19,0.5,crs_ts,hypereu
NLA17_NE-10002,2017,62.35650366046054,50.41350791175289,42.5047,-100.5301,887,30,2.713,133.41875,28.13,0.835,ncp_ts,mixo
NLA17_NE-10002,2017,62.35650366046054,50.41350791175289,42.5047,-100.5301,887,30,2.713,133.41875,28.13,0.835,chla_ts,eutro
NLA17_NE-10002,2017,62.35650366046054,50.41350791175289,42.5047,-100.5301,887,30,2.713,133.41875,28.13,0.835,ptl_ts,hypereu
NLA17_NE-10002,2017,62.35650366046054,50.41350791175289,42.5047,-100.5301,887,30,2.713,133.41875,28.13,0.835,sdd_ts,eutro
NLA17_NE-10002,2017,62.35650366046054,50.41350791175289,42.5047,-100.5301,887,30,2.713,133.41875,28.13,0.835,rot_ts,meso-eutro
NLA17_NE-10002,2017,62.35650366046054,50.41350791175289,42.5047,-100.5301,887,30,2.713,133.41875,28.13,0.835,crs_ts,eutro
NLA17_NE-10003,2017,61.9744462860207,51.554278703273155,41.76432,-98.65979,610,20,1.066,295.09,27.2,0.45,ncp_ts,eutro
NLA17_NE-10003,2017,61.9744462860207,51.554278703273155,41.76432,-98.65979,610,20,1.066,295.09,27.2,0.45,chla_ts,eutro
NLA17_NE-10003,2017,61.9744462860207,51.554278703273155,41.76432,-98.65979,610,20,1.066,295.09,27.2,0.45,ptl_ts,hypereu
NLA17_NE-10003,2017,61.9744462860207,51.554278703273155,41.76432,-98.65979,610,20,1.066,295.09,27.2,0.45,sdd_ts,hypereu
NLA17_NE-10003,2017,61.9744462860207,51.554278703273155,41.76432,-98.65979,610,20,1.066,295.09,27.2,0.45,rot_ts,meso-eutro
NLA17_NE-10003,2017,61.9744462860207,51.554278703273155,41.76432,-98.65979,610,20,1.066,295.09,27.2,0.45,crs_ts,eutro
NLA17_NE-10004,2017,66.89949114254267,47.67625686666018,42.4532,-100.65,905,20,2.23,709.265,9.87,NA,ncp_ts,eutro
NLA17_NE-10004,2017,66.89949114254267,47.67625686666018,42.4532,-100.65,905,20,2.23,709.265,9.87,NA,chla_ts,eutro
NLA17_NE-10004,2017,66.89949114254267,47.67625686666018,42.4532,-100.65,905,20,2.23,709.265,9.87,NA,ptl_ts,hypereu
NLA17_NE-10004,2017,66.89949114254267,47.67625686666018,42.4532,-100.65,905,20,2.23,709.265,9.87,NA,sdd_ts,NA
NLA17_NE-10004,2017,66.89949114254267,47.67625686666018,42.4532,-100.65,905,20,2.23,709.265,9.87,NA,rot_ts,meso-eutro
NLA17_NE-10004,2017,66.89949114254267,47.67625686666018,42.4532,-100.65,905,20,2.23,709.265,9.87,NA,crs_ts,hypereu
NLA17_NE-10006,2017,62.38906595905624,55.428290770592696,41.78786,-102.5219,1165,79,3.256,147.74125,34,0.215,ncp_ts,mixo
NLA17_NE-10006,2017,62.38906595905624,55.428290770592696,41.78786,-102.5219,1165,79,3.256,147.74125,34,0.215,chla_ts,eutro
NLA17_NE-10006,2017,62.38906595905624,55.428290770592696,41.78786,-102.5219,1165,79,3.256,147.74125,34,0.215,ptl_ts,hypereu
NLA17_NE-10006,2017,62.38906595905624,55.428290770592696,41.78786,-102.5219,1165,79,3.256,147.74125,34,0.215,sdd_ts,hypereu
NLA17_NE-10006,2017,62.38906595905624,55.428290770592696,41.78786,-102.5219,1165,79,3.256,147.74125,34,0.215,rot_ts,eutro
NLA17_NE-10006,2017,62.38906595905624,55.428290770592696,41.78786,-102.5219,1165,79,3.256,147.74125,34,0.215,crs_ts,eutro
NLA17_NE-10007,2017,67.23552834734289,53.74012910420593,41.93355,-103.4942,1253,9.5,0.5894999999999999,30.744374999999998,10.895,1.975,ncp_ts,eutro
NLA17_NE-10007,2017,67.23552834734289,53.74012910420593,41.93355,-103.4942,1253,9.5,0.5894999999999999,30.744374999999998,10.895,1.975,chla_ts,eutro
NLA17_NE-10007,2017,67.23552834734289,53.74012910420593,41.93355,-103.4942,1253,9.5,0.5894999999999999,30.744374999999998,10.895,1.975,ptl_ts,eutro
NLA17_NE-10007,2017,67.23552834734289,53.74012910420593,41.93355,-103.4942,1253,9.5,0.5894999999999999,30.744374999999998,10.895,1.975,sdd_ts,eutro
NLA17_NE-10007,2017,67.23552834734289,53.74012910420593,41.93355,-103.4942,1253,9.5,0.5894999999999999,30.744374999999998,10.895,1.975,rot_ts,meso-eutro
NLA17_NE-10007,2017,67.23552834734289,53.74012910420593,41.93355,-103.4942,1253,9.5,0.5894999999999999,30.744374999999998,10.895,1.975,crs_ts,hypereu
NLA17_NE-10008,2017,62.42152589213336,52.03906142990403,42.51739,-100.5028,881,45,9.25,428.63125,220,0.135,ncp_ts,mixo
NLA17_NE-10008,2017,62.42152589213336,52.03906142990403,42.51739,-100.5028,881,45,9.25,428.63125,220,0.135,chla_ts,hypereu
NLA17_NE-10008,2017,62.42152589213336,52.03906142990403,42.51739,-100.5028,881,45,9.25,428.63125,220,0.135,ptl_ts,hypereu
NLA17_NE-10008,2017,62.42152589213336,52.03906142990403,42.51739,-100.5028,881,45,9.25,428.63125,220,0.135,sdd_ts,hypereu
NLA17_NE-10008,2017,62.42152589213336,52.03906142990403,42.51739,-100.5028,881,45,9.25,428.63125,220,0.135,rot_ts,meso-eutro
NLA17_NE-10008,2017,62.42152589213336,52.03906142990403,42.51739,-100.5028,881,45,9.25,428.63125,220,0.135,crs_ts,eutro
NLA17_NE-10011,2017,63.54184200075718,49.091997872952334,42.55822,-100.5246,879,43,7.45,266.781,152,0.185,ncp_ts,mixo
NLA17_NE-10011,2017,63.54184200075718,49.091997872952334,42.55822,-100.5246,879,43,7.45,266.781,152,0.185,chla_ts,hypereu
NLA17_NE-10011,2017,63.54184200075718,49.091997872952334,42.55822,-100.5246,879,43,7.45,266.781,152,0.185,ptl_ts,hypereu
NLA17_NE-10011,2017,63.54184200075718,49.091997872952334,42.55822,-100.5246,879,43,7.45,266.781,152,0.185,sdd_ts,hypereu
NLA17_NE-10011,2017,63.54184200075718,49.091997872952334,42.55822,-100.5246,879,43,7.45,266.781,152,0.185,rot_ts,meso-eutro
NLA17_NE-10011,2017,63.54184200075718,49.091997872952334,42.55822,-100.5246,879,43,7.45,266.781,152,0.185,crs_ts,eutro
NLA17_NE-10012,2017,63.12623137386056,51.47357719009709,41.09245,-96.35328,323,7,0.796,47.36,30.4,0.55,ncp_ts,eutro
NLA17_NE-10012,2017,63.12623137386056,51.47357719009709,41.09245,-96.35328,323,7,0.796,47.36,30.4,0.55,chla_ts,eutro
NLA17_NE-10012,2017,63.12623137386056,51.47357719009709,41.09245,-96.35328,323,7,0.796,47.36,30.4,0.55,ptl_ts,eutro
NLA17_NE-10012,2017,63.12623137386056,51.47357719009709,41.09245,-96.35328,323,7,0.796,47.36,30.4,0.55,sdd_ts,eutro
NLA17_NE-10012,2017,63.12623137386056,51.47357719009709,41.09245,-96.35328,323,7,0.796,47.36,30.4,0.55,rot_ts,meso-eutro
NLA17_NE-10012,2017,63.12623137386056,51.47357719009709,41.09245,-96.35328,323,7,0.796,47.36,30.4,0.55,crs_ts,eutro
NLA17_NE-10014,2017,59.87615770621389,52.594910193374815,42.35167,-101.2442,1015,30,5.188,507.90125,77.68,0.225,ncp_ts,mixo
NLA17_NE-10014,2017,59.87615770621389,52.594910193374815,42.35167,-101.2442,1015,30,5.188,507.90125,77.68,0.225,chla_ts,hypereu
NLA17_NE-10014,2017,59.87615770621389,52.594910193374815,42.35167,-101.2442,1015,30,5.188,507.90125,77.68,0.225,ptl_ts,hypereu
NLA17_NE-10014,2017,59.87615770621389,52.594910193374815,42.35167,-101.2442,1015,30,5.188,507.90125,77.68,0.225,sdd_ts,hypereu
NLA17_NE-10014,2017,59.87615770621389,52.594910193374815,42.35167,-101.2442,1015,30,5.188,507.90125,77.68,0.225,rot_ts,meso-eutro
NLA17_NE-10014,2017,59.87615770621389,52.594910193374815,42.35167,-101.2442,1015,30,5.188,507.90125,77.68,0.225,crs_ts,eutro
NLA17_NE-10025,2017,60.63812031145117,52.56180239658465,42.44681,-100.5668,896,105,14.15,695.319,178.88,0.265,ncp_ts,mixo
NLA17_NE-10025,2017,60.63812031145117,52.56180239658465,42.44681,-100.5668,896,105,14.15,695.319,178.88,0.265,chla_ts,hypereu
NLA17_NE-10025,2017,60.63812031145117,52.56180239658465,42.44681,-100.5668,896,105,14.15,695.319,178.88,0.265,ptl_ts,hypereu
NLA17_NE-10025,2017,60.63812031145117,52.56180239658465,42.44681,-100.5668,896,105,14.15,695.319,178.88,0.265,sdd_ts,hypereu
NLA17_NE-10025,2017,60.63812031145117,52.56180239658465,42.44681,-100.5668,896,105,14.15,695.319,178.88,0.265,rot_ts,meso-eutro
NLA17_NE-10025,2017,60.63812031145117,52.56180239658465,42.44681,-100.5668,896,105,14.15,695.319,178.88,0.265,crs_ts,eutro
NLA17_NE-10028,2017,60.163701585165896,56.335032835555644,40.9796,-96.95044,415,11,1.586,89.06375,50.4,0.8200000000000001,ncp_ts,eutro
NLA17_NE-10028,2017,60.163701585165896,56.335032835555644,40.9796,-96.95044,415,11,1.586,89.06375,50.4,0.8200000000000001,chla_ts,eutro
NLA17_NE-10028,2017,60.163701585165896,56.335032835555644,40.9796,-96.95044,415,11,1.586,89.06375,50.4,0.8200000000000001,ptl_ts,eutro
NLA17_NE-10028,2017,60.163701585165896,56.335032835555644,40.9796,-96.95044,415,11,1.586,89.06375,50.4,0.8200000000000001,sdd_ts,eutro
NLA17_NE-10028,2017,60.163701585165896,56.335032835555644,40.9796,-96.95044,415,11,1.586,89.06375,50.4,0.8200000000000001,rot_ts,eutro
NLA17_NE-10028,2017,60.163701585165896,56.335032835555644,40.9796,-96.95044,415,11,1.586,89.06375,50.4,0.8200000000000001,crs_ts,eutro
NLA17_NE-10029,2017,61.453698276084474,51.78936464521121,41.32199,-98.90067,657,3,0.723,42.47125,10.61,0.5,ncp_ts,eutro
NLA17_NE-10029,2017,61.453698276084474,51.78936464521121,41.32199,-98.90067,657,3,0.723,42.47125,10.61,0.5,chla_ts,eutro
NLA17_NE-10029,2017,61.453698276084474,51.78936464521121,41.32199,-98.90067,657,3,0.723,42.47125,10.61,0.5,ptl_ts,eutro
NLA17_NE-10029,2017,61.453698276084474,51.78936464521121,41.32199,-98.90067,657,3,0.723,42.47125,10.61,0.5,sdd_ts,eutro
NLA17_NE-10029,2017,61.453698276084474,51.78936464521121,41.32199,-98.90067,657,3,0.723,42.47125,10.61,0.5,rot_ts,meso-eutro
NLA17_NE-10029,2017,61.453698276084474,51.78936464521121,41.32199,-98.90067,657,3,0.723,42.47125,10.61,0.5,crs_ts,eutro
NLA17_NE-10032,2017,62.20868755515376,52.05124716557801,42.92186,-102.0378,1058,38,1.828,61.85125,7.37,1.4,ncp_ts,mixo
NLA17_NE-10032,2017,62.20868755515376,52.05124716557801,42.92186,-102.0378,1058,38,1.828,61.85125,7.37,1.4,chla_ts,eutro
NLA17_NE-10032,2017,62.20868755515376,52.05124716557801,42.92186,-102.0378,1058,38,1.828,61.85125,7.37,1.4,ptl_ts,eutro
NLA17_NE-10032,2017,62.20868755515376,52.05124716557801,42.92186,-102.0378,1058,38,1.828,61.85125,7.37,1.4,sdd_ts,eutro
NLA17_NE-10032,2017,62.20868755515376,52.05124716557801,42.92186,-102.0378,1058,38,1.828,61.85125,7.37,1.4,rot_ts,meso-eutro
NLA17_NE-10032,2017,62.20868755515376,52.05124716557801,42.92186,-102.0378,1058,38,1.828,61.85125,7.37,1.4,crs_ts,eutro
NLA17_NE-10037,2017,61.92354880271935,50.037609033565474,42.10978,-98.56234,622,31,2.284,103.4325,28.48,0.4,ncp_ts,mixo
NLA17_NE-10037,2017,61.92354880271935,50.037609033565474,42.10978,-98.56234,622,31,2.284,103.4325,28.48,0.4,chla_ts,eutro
NLA17_NE-10037,2017,61.92354880271935,50.037609033565474,42.10978,-98.56234,622,31,2.284,103.4325,28.48,0.4,ptl_ts,hypereu
NLA17_NE-10037,2017,61.92354880271935,50.037609033565474,42.10978,-98.56234,622,31,2.284,103.4325,28.48,0.4,sdd_ts,hypereu
NLA17_NE-10037,2017,61.92354880271935,50.037609033565474,42.10978,-98.56234,622,31,2.284,103.4325,28.48,0.4,rot_ts,meso-eutro
NLA17_NE-10037,2017,61.92354880271935,50.037609033565474,42.10978,-98.56234,622,31,2.284,103.4325,28.48,0.4,crs_ts,eutro
NLA17_NE-10038,2017,63.84310792850042,51.20973077243339,41.3862,-96.4811,359,10,2.301,186.713,114.19,0.25,ncp_ts,eutro
NLA17_NE-10038,2017,63.84310792850042,51.20973077243339,41.3862,-96.4811,359,10,2.301,186.713,114.19,0.25,chla_ts,hypereu
NLA17_NE-10038,2017,63.84310792850042,51.20973077243339,41.3862,-96.4811,359,10,2.301,186.713,114.19,0.25,ptl_ts,hypereu
NLA17_NE-10038,2017,63.84310792850042,51.20973077243339,41.3862,-96.4811,359,10,2.301,186.713,114.19,0.25,sdd_ts,hypereu
NLA17_NE-10038,2017,63.84310792850042,51.20973077243339,41.3862,-96.4811,359,10,2.301,186.713,114.19,0.25,rot_ts,meso-eutro
NLA17_NE-10038,2017,63.84310792850042,51.20973077243339,41.3862,-96.4811,359,10,2.301,186.713,114.19,0.25,crs_ts,eutro
NLA17_NE-10040,2017,62.27464544197789,51.527512478909344,40.94646,-100.2425,788,36,3.706,375.88875,176.73,0.135,ncp_ts,mixo
NLA17_NE-10040,2017,62.27464544197789,51.527512478909344,40.94646,-100.2425,788,36,3.706,375.88875,176.73,0.135,chla_ts,hypereu
NLA17_NE-10040,2017,62.27464544197789,51.527512478909344,40.94646,-100.2425,788,36,3.706,375.88875,176.73,0.135,ptl_ts,hypereu
NLA17_NE-10040,2017,62.27464544197789,51.527512478909344,40.94646,-100.2425,788,36,3.706,375.88875,176.73,0.135,sdd_ts,hypereu
NLA17_NE-10040,2017,62.27464544197789,51.527512478909344,40.94646,-100.2425,788,36,3.706,375.88875,176.73,0.135,rot_ts,meso-eutro
NLA17_NE-10040,2017,62.27464544197789,51.527512478909344,40.94646,-100.2425,788,36,3.706,375.88875,176.73,0.135,crs_ts,eutro
NLA17_NE-10041,2017,61.76932102867716,53.96650554047172,40.57928,-96.84481,409,18,1.843,290.5725,59.8,0.525,ncp_ts,eutro
NLA17_NE-10041,2017,61.76932102867716,53.96650554047172,40.57928,-96.84481,409,18,1.843,290.5725,59.8,0.525,chla_ts,hypereu
NLA17_NE-10041,2017,61.76932102867716,53.96650554047172,40.57928,-96.84481,409,18,1.843,290.5725,59.8,0.525,ptl_ts,hypereu
NLA17_NE-10041,2017,61.76932102867716,53.96650554047172,40.57928,-96.84481,409,18,1.843,290.5725,59.8,0.525,sdd_ts,eutro
NLA17_NE-10041,2017,61.76932102867716,53.96650554047172,40.57928,-96.84481,409,18,1.843,290.5725,59.8,0.525,rot_ts,meso-eutro
NLA17_NE-10041,2017,61.76932102867716,53.96650554047172,40.57928,-96.84481,409,18,1.843,290.5725,59.8,0.525,crs_ts,eutro
NLA17_NE-10046,2017,63.15647110473305,51.44640541516804,41.89292,-102.6227,1179,41,4.088,358.63375,192,0.21500000000000002,ncp_ts,mixo
NLA17_NE-10046,2017,63.15647110473305,51.44640541516804,41.89292,-102.6227,1179,41,4.088,358.63375,192,0.21500000000000002,chla_ts,hypereu
NLA17_NE-10046,2017,63.15647110473305,51.44640541516804,41.89292,-102.6227,1179,41,4.088,358.63375,192,0.21500000000000002,ptl_ts,hypereu
NLA17_NE-10046,2017,63.15647110473305,51.44640541516804,41.89292,-102.6227,1179,41,4.088,358.63375,192,0.21500000000000002,sdd_ts,hypereu
NLA17_NE-10046,2017,63.15647110473305,51.44640541516804,41.89292,-102.6227,1179,41,4.088,358.63375,192,0.21500000000000002,rot_ts,meso-eutro
NLA17_NE-10046,2017,63.15647110473305,51.44640541516804,41.89292,-102.6227,1179,41,4.088,358.63375,192,0.21500000000000002,crs_ts,eutro
NLA17_NE-10047,2017,60.92362157276349,53.13859572019407,41.09124,-97.58151,502,39,2.351,1035.738,25.77,0.07500000000000001,ncp_ts,mixo
NLA17_NE-10047,2017,60.92362157276349,53.13859572019407,41.09124,-97.58151,502,39,2.351,1035.738,25.77,0.07500000000000001,chla_ts,eutro
NLA17_NE-10047,2017,60.92362157276349,53.13859572019407,41.09124,-97.58151,502,39,2.351,1035.738,25.77,0.07500000000000001,ptl_ts,hypereu
NLA17_NE-10047,2017,60.92362157276349,53.13859572019407,41.09124,-97.58151,502,39,2.351,1035.738,25.77,0.07500000000000001,sdd_ts,hypereu
NLA17_NE-10047,2017,60.92362157276349,53.13859572019407,41.09124,-97.58151,502,39,2.351,1035.738,25.77,0.07500000000000001,rot_ts,meso-eutro
NLA17_NE-10047,2017,60.92362157276349,53.13859572019407,41.09124,-97.58151,502,39,2.351,1035.738,25.77,0.07500000000000001,crs_ts,eutro
NLA17_NE-10054,2017,61.76932102867716,54.532492432246094,41.12052,-96.34025,327,20,1.36,38.06,30.72,0.575,ncp_ts,eutro
NLA17_NE-10054,2017,61.76932102867716,54.532492432246094,41.12052,-96.34025,327,20,1.36,38.06,30.72,0.575,chla_ts,eutro
NLA17_NE-10054,2017,61.76932102867716,54.532492432246094,41.12052,-96.34025,327,20,1.36,38.06,30.72,0.575,ptl_ts,eutro
NLA17_NE-10054,2017,61.76932102867716,54.532492432246094,41.12052,-96.34025,327,20,1.36,38.06,30.72,0.575,sdd_ts,eutro
NLA17_NE-10054,2017,61.76932102867716,54.532492432246094,41.12052,-96.34025,327,20,1.36,38.06,30.72,0.575,rot_ts,meso-eutro
NLA17_NE-10054,2017,61.76932102867716,54.532492432246094,41.12052,-96.34025,327,20,1.36,38.06,30.72,0.575,crs_ts,eutro
NLA17_NE-10059,2017,61.6651948705047,55.74986274954625,40.87664,-100.068,766,25,1.679,95.695,21.6,0.6799999999999999,ncp_ts,mixo
NLA17_NE-10059,2017,61.6651948705047,55.74986274954625,40.87664,-100.068,766,25,1.679,95.695,21.6,0.6799999999999999,chla_ts,eutro
NLA17_NE-10059,2017,61.6651948705047,55.74986274954625,40.87664,-100.068,766,25,1.679,95.695,21.6,0.6799999999999999,ptl_ts,eutro
NLA17_NE-10059,2017,61.6651948705047,55.74986274954625,40.87664,-100.068,766,25,1.679,95.695,21.6,0.6799999999999999,sdd_ts,eutro
NLA17_NE-10059,2017,61.6651948705047,55.74986274954625,40.87664,-100.068,766,25,1.679,95.695,21.6,0.6799999999999999,rot_ts,eutro
NLA17_NE-10059,2017,61.6651948705047,55.74986274954625,40.87664,-100.068,766,25,1.679,95.695,21.6,0.6799999999999999,crs_ts,eutro
NLA17_NE-10060,2017,64.35388898168965,47.970027107767685,40.72906,-96.78798,378,20,1.8,279.9625,85.28,0.41500000000000004,ncp_ts,eutro
NLA17_NE-10060,2017,64.35388898168965,47.970027107767685,40.72906,-96.78798,378,20,1.8,279.9625,85.28,0.41500000000000004,chla_ts,hypereu
NLA17_NE-10060,2017,64.35388898168965,47.970027107767685,40.72906,-96.78798,378,20,1.8,279.9625,85.28,0.41500000000000004,ptl_ts,hypereu
NLA17_NE-10060,2017,64.35388898168965,47.970027107767685,40.72906,-96.78798,378,20,1.8,279.9625,85.28,0.41500000000000004,sdd_ts,hypereu
NLA17_NE-10060,2017,64.35388898168965,47.970027107767685,40.72906,-96.78798,378,20,1.8,279.9625,85.28,0.41500000000000004,rot_ts,meso-eutro
NLA17_NE-10060,2017,64.35388898168965,47.970027107767685,40.72906,-96.78798,378,20,1.8,279.9625,85.28,0.41500000000000004,crs_ts,eutro
NLA17_NE-10061,2017,62.07548995859914,50.347087315028915,41.67748,-103.1098,1118,8,0.428,21.2175,0.92,NA,ncp_ts,oligo
NLA17_NE-10061,2017,62.07548995859914,50.347087315028915,41.67748,-103.1098,1118,8,0.428,21.2175,0.92,NA,chla_ts,oligo
NLA17_NE-10061,2017,62.07548995859914,50.347087315028915,41.67748,-103.1098,1118,8,0.428,21.2175,0.92,NA,ptl_ts,meso
NLA17_NE-10061,2017,62.07548995859914,50.347087315028915,41.67748,-103.1098,1118,8,0.428,21.2175,0.92,NA,sdd_ts,NA
NLA17_NE-10061,2017,62.07548995859914,50.347087315028915,41.67748,-103.1098,1118,8,0.428,21.2175,0.92,NA,rot_ts,meso-eutro
NLA17_NE-10061,2017,62.07548995859914,50.347087315028915,41.67748,-103.1098,1118,8,0.428,21.2175,0.92,NA,crs_ts,eutro
NLA17_NE-10064,2017,51.59384537324448,53.1485310877453,40.6848,-99.37635,684,8,0.728,83.7175,25.87,1.25,ncp_ts,eutro
NLA17_NE-10064,2017,51.59384537324448,53.1485310877453,40.6848,-99.37635,684,8,0.728,83.7175,25.87,1.25,chla_ts,eutro
NLA17_NE-10064,2017,51.59384537324448,53.1485310877453,40.6848,-99.37635,684,8,0.728,83.7175,25.87,1.25,ptl_ts,eutro
NLA17_NE-10064,2017,51.59384537324448,53.1485310877453,40.6848,-99.37635,684,8,0.728,83.7175,25.87,1.25,sdd_ts,eutro
NLA17_NE-10064,2017,51.59384537324448,53.1485310877453,40.6848,-99.37635,684,8,0.728,83.7175,25.87,1.25,rot_ts,meso-eutro
NLA17_NE-10064,2017,51.59384537324448,53.1485310877453,40.6848,-99.37635,684,8,0.728,83.7175,25.87,1.25,crs_ts,meso-eutro
NLA17_NE-10067,2017,64.13602131667967,50.62388057770682,41.08732,-100.6285,836,15,0.879,120.05,22.21,0.825,ncp_ts,eutro
NLA17_NE-10067,2017,64.13602131667967,50.62388057770682,41.08732,-100.6285,836,15,0.879,120.05,22.21,0.825,chla_ts,eutro
NLA17_NE-10067,2017,64.13602131667967,50.62388057770682,41.08732,-100.6285,836,15,0.879,120.05,22.21,0.825,ptl_ts,hypereu
NLA17_NE-10067,2017,64.13602131667967,50.62388057770682,41.08732,-100.6285,836,15,0.879,120.05,22.21,0.825,sdd_ts,eutro
NLA17_NE-10067,2017,64.13602131667967,50.62388057770682,41.08732,-100.6285,836,15,0.879,120.05,22.21,0.825,rot_ts,meso-eutro
NLA17_NE-10067,2017,64.13602131667967,50.62388057770682,41.08732,-100.6285,836,15,0.879,120.05,22.21,0.825,crs_ts,eutro
NLA17_NE-10068,2017,62.38906595905624,51.51407926344094,40.10804,-97.29034,432,42,2.036,1365.019,3.54,0.015,ncp_ts,mixo
NLA17_NE-10068,2017,62.38906595905624,51.51407926344094,40.10804,-97.29034,432,42,2.036,1365.019,3.54,0.015,chla_ts,meso
NLA17_NE-10068,2017,62.38906595905624,51.51407926344094,40.10804,-97.29034,432,42,2.036,1365.019,3.54,0.015,ptl_ts,hypereu
NLA17_NE-10068,2017,62.38906595905624,51.51407926344094,40.10804,-97.29034,432,42,2.036,1365.019,3.54,0.015,sdd_ts,hypereu
NLA17_NE-10068,2017,62.38906595905624,51.51407926344094,40.10804,-97.29034,432,42,2.036,1365.019,3.54,0.015,rot_ts,meso-eutro
NLA17_NE-10068,2017,62.38906595905624,51.51407926344094,40.10804,-97.29034,432,42,2.036,1365.019,3.54,0.015,crs_ts,eutro
NLA17_NE-10070,2017,61.035594278202886,50.85681739265971,41.44006,-96.73306,382,10,0.986,47.75,29.28,0.53,ncp_ts,eutro
NLA17_NE-10070,2017,61.035594278202886,50.85681739265971,41.44006,-96.73306,382,10,0.986,47.75,29.28,0.53,chla_ts,eutro
NLA17_NE-10070,2017,61.035594278202886,50.85681739265971,41.44006,-96.73306,382,10,0.986,47.75,29.28,0.53,ptl_ts,eutro
NLA17_NE-10070,2017,61.035594278202886,50.85681739265971,41.44006,-96.73306,382,10,0.986,47.75,29.28,0.53,sdd_ts,eutro
NLA17_NE-10070,2017,61.035594278202886,50.85681739265971,41.44006,-96.73306,382,10,0.986,47.75,29.28,0.53,rot_ts,meso-eutro
NLA17_NE-10070,2017,61.035594278202886,50.85681739265971,41.44006,-96.73306,382,10,0.986,47.75,29.28,0.53,crs_ts,eutro
NLA17_NE-10072,2017,64.13602131667967,50.47911848099763,40.3155,-96.9964,428,35,3.65,1136.75,126.43,0.32499999999999996,ncp_ts,mixo
NLA17_NE-10072,2017,64.13602131667967,50.47911848099763,40.3155,-96.9964,428,35,3.65,1136.75,126.43,0.32499999999999996,chla_ts,hypereu
NLA17_NE-10072,2017,64.13602131667967,50.47911848099763,40.3155,-96.9964,428,35,3.65,1136.75,126.43,0.32499999999999996,ptl_ts,hypereu
NLA17_NE-10072,2017,64.13602131667967,50.47911848099763,40.3155,-96.9964,428,35,3.65,1136.75,126.43,0.32499999999999996,sdd_ts,hypereu
NLA17_NE-10072,2017,64.13602131667967,50.47911848099763,40.3155,-96.9964,428,35,3.65,1136.75,126.43,0.32499999999999996,rot_ts,meso-eutro
NLA17_NE-10072,2017,64.13602131667967,50.47911848099763,40.3155,-96.9964,428,35,3.65,1136.75,126.43,0.32499999999999996,crs_ts,eutro
NLA17_NE-10073,2017,61.94054272190701,50.279836439357354,41.97981,-102.2251,1187,67,3.031,71.29125,8.96,NA,ncp_ts,mixo
NLA17_NE-10073,2017,61.94054272190701,50.279836439357354,41.97981,-102.2251,1187,67,3.031,71.29125,8.96,NA,chla_ts,eutro
NLA17_NE-10073,2017,61.94054272190701,50.279836439357354,41.97981,-102.2251,1187,67,3.031,71.29125,8.96,NA,ptl_ts,eutro
NLA17_NE-10073,2017,61.94054272190701,50.279836439357354,41.97981,-102.2251,1187,67,3.031,71.29125,8.96,NA,sdd_ts,NA
NLA17_NE-10073,2017,61.94054272190701,50.279836439357354,41.97981,-102.2251,1187,67,3.031,71.29125,8.96,NA,rot_ts,meso-eutro
NLA17_NE-10073,2017,61.94054272190701,50.279836439357354,41.97981,-102.2251,1187,67,3.031,71.29125,8.96,NA,crs_ts,eutro
NLA17_NE-HP004,2017,62.973704838205876,50.576058040602035,42.458365,-103.116433,1220.42,3,0.564,35.115,6.12,3.6,ncp_ts,eutro
NLA17_NE-HP004,2017,62.973704838205876,50.576058040602035,42.458365,-103.116433,1220.42,3,0.564,35.115,6.12,3.6,chla_ts,meso
NLA17_NE-HP004,2017,62.973704838205876,50.576058040602035,42.458365,-103.116433,1220.42,3,0.564,35.115,6.12,3.6,ptl_ts,eutro
NLA17_NE-HP004,2017,62.973704838205876,50.576058040602035,42.458365,-103.116433,1220.42,3,0.564,35.115,6.12,3.6,sdd_ts,meso
NLA17_NE-HP004,2017,62.973704838205876,50.576058040602035,42.458365,-103.116433,1220.42,3,0.564,35.115,6.12,3.6,rot_ts,meso-eutro
NLA17_NE-HP004,2017,62.973704838205876,50.576058040602035,42.458365,-103.116433,1220.42,3,0.564,35.115,6.12,3.6,crs_ts,eutro
NLA17_NE-HP005,2017,61.85528984478659,50.7493673161141,42.553,-100.68223,895.51,13,2.354,141.72375,29.44,NA,ncp_ts,eutro
NLA17_NE-HP005,2017,61.85528984478659,50.7493673161141,42.553,-100.68223,895.51,13,2.354,141.72375,29.44,NA,chla_ts,eutro
NLA17_NE-HP005,2017,61.85528984478659,50.7493673161141,42.553,-100.68223,895.51,13,2.354,141.72375,29.44,NA,ptl_ts,hypereu
NLA17_NE-HP005,2017,61.85528984478659,50.7493673161141,42.553,-100.68223,895.51,13,2.354,141.72375,29.44,NA,sdd_ts,NA
NLA17_NE-HP005,2017,61.85528984478659,50.7493673161141,42.553,-100.68223,895.51,13,2.354,141.72375,29.44,NA,rot_ts,meso-eutro
NLA17_NE-HP005,2017,61.85528984478659,50.7493673161141,42.553,-100.68223,895.51,13,2.354,141.72375,29.44,NA,crs_ts,eutro
NLA17_NH-10001,2017,68.57909741172082,53.975024940510096,43.83668,-71.09323,126,39,0.2565,20.283749999999998,10.68,2.45,ncp_ts,dys
NLA17_NH-10001,2017,68.57909741172082,53.975024940510096,43.83668,-71.09323,126,39,0.2565,20.283749999999998,10.68,2.45,chla_ts,eutro
NLA17_NH-10001,2017,68.57909741172082,53.975024940510096,43.83668,-71.09323,126,39,0.2565,20.283749999999998,10.68,2.45,ptl_ts,meso
NLA17_NH-10001,2017,68.57909741172082,53.975024940510096,43.83668,-71.09323,126,39,0.2565,20.283749999999998,10.68,2.45,sdd_ts,meso
NLA17_NH-10001,2017,68.57909741172082,53.975024940510096,43.83668,-71.09323,126,39,0.2565,20.283749999999998,10.68,2.45,rot_ts,meso-eutro
NLA17_NH-10001,2017,68.57909741172082,53.975024940510096,43.83668,-71.09323,126,39,0.2565,20.283749999999998,10.68,2.45,crs_ts,hypereu
NLA17_NH-10002,2017,64.28628355526277,51.928129664753314,44.8402,-71.13459,444,35,0.351,15.53,3.52,1.2999999999999998,ncp_ts,dys
NLA17_NH-10002,2017,64.28628355526277,51.928129664753314,44.8402,-71.13459,444,35,0.351,15.53,3.52,1.2999999999999998,chla_ts,meso
NLA17_NH-10002,2017,64.28628355526277,51.928129664753314,44.8402,-71.13459,444,35,0.351,15.53,3.52,1.2999999999999998,ptl_ts,meso
NLA17_NH-10002,2017,64.28628355526277,51.928129664753314,44.8402,-71.13459,444,35,0.351,15.53,3.52,1.2999999999999998,sdd_ts,eutro
NLA17_NH-10002,2017,64.28628355526277,51.928129664753314,44.8402,-71.13459,444,35,0.351,15.53,3.52,1.2999999999999998,rot_ts,meso-eutro
NLA17_NH-10002,2017,64.28628355526277,51.928129664753314,44.8402,-71.13459,444,35,0.351,15.53,3.52,1.2999999999999998,crs_ts,eutro
NLA17_NH-10003,2017,58.68115369268473,53.59593286804554,43.53695,-71.51099,146,8,0.226,6.16,2.24,6.625,ncp_ts,oligo
NLA17_NH-10003,2017,58.68115369268473,53.59593286804554,43.53695,-71.51099,146,8,0.226,6.16,2.24,6.625,chla_ts,oligo
NLA17_NH-10003,2017,58.68115369268473,53.59593286804554,43.53695,-71.51099,146,8,0.226,6.16,2.24,6.625,ptl_ts,oligo
NLA17_NH-10003,2017,58.68115369268473,53.59593286804554,43.53695,-71.51099,146,8,0.226,6.16,2.24,6.625,sdd_ts,oligo
NLA17_NH-10003,2017,58.68115369268473,53.59593286804554,43.53695,-71.51099,146,8,0.226,6.16,2.24,6.625,rot_ts,meso-eutro
NLA17_NH-10003,2017,58.68115369268473,53.59593286804554,43.53695,-71.51099,146,8,0.226,6.16,2.24,6.625,crs_ts,eutro
NLA17_NH-10004,2017,60.42346897010783,51.195479108470295,42.73345,-72.10314,270,65,0.669,39.2375,36.8,1.5750000000000002,ncp_ts,mixo
NLA17_NH-10004,2017,60.42346897010783,51.195479108470295,42.73345,-72.10314,270,65,0.669,39.2375,36.8,1.5750000000000002,chla_ts,eutro
NLA17_NH-10004,2017,60.42346897010783,51.195479108470295,42.73345,-72.10314,270,65,0.669,39.2375,36.8,1.5750000000000002,ptl_ts,eutro
NLA17_NH-10004,2017,60.42346897010783,51.195479108470295,42.73345,-72.10314,270,65,0.669,39.2375,36.8,1.5750000000000002,sdd_ts,eutro
NLA17_NH-10004,2017,60.42346897010783,51.195479108470295,42.73345,-72.10314,270,65,0.669,39.2375,36.8,1.5750000000000002,rot_ts,meso-eutro
NLA17_NH-10004,2017,60.42346897010783,51.195479108470295,42.73345,-72.10314,270,65,0.669,39.2375,36.8,1.5750000000000002,crs_ts,eutro
NLA17_NH-10006,2017,60.06195997624371,51.554278703273155,43.96937049,-71.13569463,139,28,0.279,8.0075,2,3.45,ncp_ts,dys
NLA17_NH-10006,2017,60.06195997624371,51.554278703273155,43.96937049,-71.13569463,139,28,0.279,8.0075,2,3.45,chla_ts,oligo
NLA17_NH-10006,2017,60.06195997624371,51.554278703273155,43.96937049,-71.13569463,139,28,0.279,8.0075,2,3.45,ptl_ts,oligo
NLA17_NH-10006,2017,60.06195997624371,51.554278703273155,43.96937049,-71.13569463,139,28,0.279,8.0075,2,3.45,sdd_ts,meso
NLA17_NH-10006,2017,60.06195997624371,51.554278703273155,43.96937049,-71.13569463,139,28,0.279,8.0075,2,3.45,rot_ts,meso-eutro
NLA17_NH-10006,2017,60.06195997624371,51.554278703273155,43.96937049,-71.13569463,139,28,0.279,8.0075,2,3.45,crs_ts,eutro
NLA17_NH-10052,2017,67.71139584381321,54.924610939882804,43.36766,-71.24469,186,39,0.427,19.8975,11.725000000000001,1.7125000000000001,ncp_ts,dys
NLA17_NH-10052,2017,67.71139584381321,54.924610939882804,43.36766,-71.24469,186,39,0.427,19.8975,11.725000000000001,1.7125000000000001,chla_ts,eutro
NLA17_NH-10052,2017,67.71139584381321,54.924610939882804,43.36766,-71.24469,186,39,0.427,19.8975,11.725000000000001,1.7125000000000001,ptl_ts,meso
NLA17_NH-10052,2017,67.71139584381321,54.924610939882804,43.36766,-71.24469,186,39,0.427,19.8975,11.725000000000001,1.7125000000000001,sdd_ts,eutro
NLA17_NH-10052,2017,67.71139584381321,54.924610939882804,43.36766,-71.24469,186,39,0.427,19.8975,11.725000000000001,1.7125000000000001,rot_ts,meso-eutro
NLA17_NH-10052,2017,67.71139584381321,54.924610939882804,43.36766,-71.24469,186,39,0.427,19.8975,11.725000000000001,1.7125000000000001,crs_ts,hypereu
NLA17_NH-10058,2017,62.74064437643584,49.98425322434895,42.77160648,-71.42369856,49,25,0.438,25.83,9.04,NA,ncp_ts,dys
NLA17_NH-10058,2017,62.74064437643584,49.98425322434895,42.77160648,-71.42369856,49,25,0.438,25.83,9.04,NA,chla_ts,eutro
NLA17_NH-10058,2017,62.74064437643584,49.98425322434895,42.77160648,-71.42369856,49,25,0.438,25.83,9.04,NA,ptl_ts,eutro
NLA17_NH-10058,2017,62.74064437643584,49.98425322434895,42.77160648,-71.42369856,49,25,0.438,25.83,9.04,NA,sdd_ts,NA
NLA17_NH-10058,2017,62.74064437643584,49.98425322434895,42.77160648,-71.42369856,49,25,0.438,25.83,9.04,NA,rot_ts,meso-eutro
NLA17_NH-10058,2017,62.74064437643584,49.98425322434895,42.77160648,-71.42369856,49,25,0.438,25.83,9.04,NA,crs_ts,eutro
NLA17_NH-10059,2017,62.5182984055177,49.91227890675853,43.32589358,-71.86903569,229,30,0.495,12.52375,6.27,1.35,ncp_ts,dys
NLA17_NH-10059,2017,62.5182984055177,49.91227890675853,43.32589358,-71.86903569,229,30,0.495,12.52375,6.27,1.35,chla_ts,meso
NLA17_NH-10059,2017,62.5182984055177,49.91227890675853,43.32589358,-71.86903569,229,30,0.495,12.52375,6.27,1.35,ptl_ts,meso
NLA17_NH-10059,2017,62.5182984055177,49.91227890675853,43.32589358,-71.86903569,229,30,0.495,12.52375,6.27,1.35,sdd_ts,eutro
NLA17_NH-10059,2017,62.5182984055177,49.91227890675853,43.32589358,-71.86903569,229,30,0.495,12.52375,6.27,1.35,rot_ts,meso-eutro
NLA17_NH-10059,2017,62.5182984055177,49.91227890675853,43.32589358,-71.86903569,229,30,0.495,12.52375,6.27,1.35,crs_ts,eutro
NLA17_NH-10063,2017,62.803306284806055,55.21624361984278,43.87760186,-71.75199836,341,18,0.371,20.32375,9.07,1.2,ncp_ts,oligo
NLA17_NH-10063,2017,62.803306284806055,55.21624361984278,43.87760186,-71.75199836,341,18,0.371,20.32375,9.07,1.2,chla_ts,eutro
NLA17_NH-10063,2017,62.803306284806055,55.21624361984278,43.87760186,-71.75199836,341,18,0.371,20.32375,9.07,1.2,ptl_ts,meso
NLA17_NH-10063,2017,62.803306284806055,55.21624361984278,43.87760186,-71.75199836,341,18,0.371,20.32375,9.07,1.2,sdd_ts,eutro
NLA17_NH-10063,2017,62.803306284806055,55.21624361984278,43.87760186,-71.75199836,341,18,0.371,20.32375,9.07,1.2,rot_ts,eutro
NLA17_NH-10063,2017,62.803306284806055,55.21624361984278,43.87760186,-71.75199836,341,18,0.371,20.32375,9.07,1.2,crs_ts,eutro
NLA17_NH-10066,2017,61.50698557076045,51.25226063818165,43.48232531,-71.30329055,247,35,0.293,15.77125,12.75,2.55,ncp_ts,dys
NLA17_NH-10066,2017,61.50698557076045,51.25226063818165,43.48232531,-71.30329055,247,35,0.293,15.77125,12.75,2.55,chla_ts,eutro
NLA17_NH-10066,2017,61.50698557076045,51.25226063818165,43.48232531,-71.30329055,247,35,0.293,15.77125,12.75,2.55,ptl_ts,meso
NLA17_NH-10066,2017,61.50698557076045,51.25226063818165,43.48232531,-71.30329055,247,35,0.293,15.77125,12.75,2.55,sdd_ts,meso
NLA17_NH-10066,2017,61.50698557076045,51.25226063818165,43.48232531,-71.30329055,247,35,0.293,15.77125,12.75,2.55,rot_ts,meso-eutro
NLA17_NH-10066,2017,61.50698557076045,51.25226063818165,43.48232531,-71.30329055,247,35,0.293,15.77125,12.75,2.55,crs_ts,eutro
NLA17_NH-10067,2017,61.21950169285451,52.12378759039262,44.08673463,-71.00934545,130,40,0.293,6.0975,2.99,3.35,ncp_ts,dys
NLA17_NH-10067,2017,61.21950169285451,52.12378759039262,44.08673463,-71.00934545,130,40,0.293,6.0975,2.99,3.35,chla_ts,meso
NLA17_NH-10067,2017,61.21950169285451,52.12378759039262,44.08673463,-71.00934545,130,40,0.293,6.0975,2.99,3.35,ptl_ts,oligo
NLA17_NH-10067,2017,61.21950169285451,52.12378759039262,44.08673463,-71.00934545,130,40,0.293,6.0975,2.99,3.35,sdd_ts,meso
NLA17_NH-10067,2017,61.21950169285451,52.12378759039262,44.08673463,-71.00934545,130,40,0.293,6.0975,2.99,3.35,rot_ts,meso-eutro
NLA17_NH-10067,2017,61.21950169285451,52.12378759039262,44.08673463,-71.00934545,130,40,0.293,6.0975,2.99,3.35,crs_ts,eutro
NLA17_NH-10530,2017,63.05024678884106,50.07288784850381,42.83409996,-72.47257647,316,30,0.28,13.395,2.58,3.25,ncp_ts,dys
NLA17_NH-10530,2017,63.05024678884106,50.07288784850381,42.83409996,-72.47257647,316,30,0.28,13.395,2.58,3.25,chla_ts,oligo
NLA17_NH-10530,2017,63.05024678884106,50.07288784850381,42.83409996,-72.47257647,316,30,0.28,13.395,2.58,3.25,ptl_ts,meso
NLA17_NH-10530,2017,63.05024678884106,50.07288784850381,42.83409996,-72.47257647,316,30,0.28,13.395,2.58,3.25,sdd_ts,meso
NLA17_NH-10530,2017,63.05024678884106,50.07288784850381,42.83409996,-72.47257647,316,30,0.28,13.395,2.58,3.25,rot_ts,meso-eutro
NLA17_NH-10530,2017,63.05024678884106,50.07288784850381,42.83409996,-72.47257647,316,30,0.28,13.395,2.58,3.25,crs_ts,eutro
NLA17_NH-10891,2017,61.6302488110539,50.93227445006694,43.83993817,-71.22322397,134,0,0.208,5.74125,2.26,4.805,ncp_ts,oligo
NLA17_NH-10891,2017,61.6302488110539,50.93227445006694,43.83993817,-71.22322397,134,0,0.208,5.74125,2.26,4.805,chla_ts,oligo
NLA17_NH-10891,2017,61.6302488110539,50.93227445006694,43.83993817,-71.22322397,134,0,0.208,5.74125,2.26,4.805,ptl_ts,oligo
NLA17_NH-10891,2017,61.6302488110539,50.93227445006694,43.83993817,-71.22322397,134,0,0.208,5.74125,2.26,4.805,sdd_ts,oligo
NLA17_NH-10891,2017,61.6302488110539,50.93227445006694,43.83993817,-71.22322397,134,0,0.208,5.74125,2.26,4.805,rot_ts,meso-eutro
NLA17_NH-10891,2017,61.6302488110539,50.93227445006694,43.83993817,-71.22322397,134,0,0.208,5.74125,2.26,4.805,crs_ts,eutro
NLA17_NH-10917,2017,63.186623602211945,58.47233650961909,44.05239264,-71.89091011,664,25,0.366,15.7975,2.97,NA,ncp_ts,dys
NLA17_NH-10917,2017,63.186623602211945,58.47233650961909,44.05239264,-71.89091011,664,25,0.366,15.7975,2.97,NA,chla_ts,meso
NLA17_NH-10917,2017,63.186623602211945,58.47233650961909,44.05239264,-71.89091011,664,25,0.366,15.7975,2.97,NA,ptl_ts,meso
NLA17_NH-10917,2017,63.186623602211945,58.47233650961909,44.05239264,-71.89091011,664,25,0.366,15.7975,2.97,NA,sdd_ts,NA
NLA17_NH-10917,2017,63.186623602211945,58.47233650961909,44.05239264,-71.89091011,664,25,0.366,15.7975,2.97,NA,rot_ts,eutro
NLA17_NH-10917,2017,63.186623602211945,58.47233650961909,44.05239264,-71.89091011,664,25,0.366,15.7975,2.97,NA,crs_ts,eutro
NLA17_NH-10999,2017,60.14343631656135,52.24255621053432,45.23823385,-71.20104337,666,10,0.149,2.91625,1.8,4.449999999999999,ncp_ts,oligo
NLA17_NH-10999,2017,60.14343631656135,52.24255621053432,45.23823385,-71.20104337,666,10,0.149,2.91625,1.8,4.449999999999999,chla_ts,oligo
NLA17_NH-10999,2017,60.14343631656135,52.24255621053432,45.23823385,-71.20104337,666,10,0.149,2.91625,1.8,4.449999999999999,ptl_ts,oligo
NLA17_NH-10999,2017,60.14343631656135,52.24255621053432,45.23823385,-71.20104337,666,10,0.149,2.91625,1.8,4.449999999999999,sdd_ts,oligo
NLA17_NH-10999,2017,60.14343631656135,52.24255621053432,45.23823385,-71.20104337,666,10,0.149,2.91625,1.8,4.449999999999999,rot_ts,meso-eutro
NLA17_NH-10999,2017,60.14343631656135,52.24255621053432,45.23823385,-71.20104337,666,10,0.149,2.91625,1.8,4.449999999999999,crs_ts,eutro
NLA17_NJ-10001,2017,68.643164772085,60.83989980355814,40.95091,-74.78413,175,8.5,0.8195,35.159375,17.15,1.1375000000000002,ncp_ts,eutro
NLA17_NJ-10001,2017,68.643164772085,60.83989980355814,40.95091,-74.78413,175,8.5,0.8195,35.159375,17.15,1.1375000000000002,chla_ts,eutro
NLA17_NJ-10001,2017,68.643164772085,60.83989980355814,40.95091,-74.78413,175,8.5,0.8195,35.159375,17.15,1.1375000000000002,ptl_ts,eutro
NLA17_NJ-10001,2017,68.643164772085,60.83989980355814,40.95091,-74.78413,175,8.5,0.8195,35.159375,17.15,1.1375000000000002,sdd_ts,eutro
NLA17_NJ-10001,2017,68.643164772085,60.83989980355814,40.95091,-74.78413,175,8.5,0.8195,35.159375,17.15,1.1375000000000002,rot_ts,eutro
NLA17_NJ-10001,2017,68.643164772085,60.83989980355814,40.95091,-74.78413,175,8.5,0.8195,35.159375,17.15,1.1375000000000002,crs_ts,hypereu
NLA17_NJ-10002,2017,61.16467957857971,53.828327800799066,40.92625,-74.53537,238,13,0.728,36.11375,16.32,1.35,ncp_ts,eutro
NLA17_NJ-10002,2017,61.16467957857971,53.828327800799066,40.92625,-74.53537,238,13,0.728,36.11375,16.32,1.35,chla_ts,eutro
NLA17_NJ-10002,2017,61.16467957857971,53.828327800799066,40.92625,-74.53537,238,13,0.728,36.11375,16.32,1.35,ptl_ts,eutro
NLA17_NJ-10002,2017,61.16467957857971,53.828327800799066,40.92625,-74.53537,238,13,0.728,36.11375,16.32,1.35,sdd_ts,eutro
NLA17_NJ-10002,2017,61.16467957857971,53.828327800799066,40.92625,-74.53537,238,13,0.728,36.11375,16.32,1.35,rot_ts,meso-eutro
NLA17_NJ-10002,2017,61.16467957857971,53.828327800799066,40.92625,-74.53537,238,13,0.728,36.11375,16.32,1.35,crs_ts,eutro
NLA17_NJ-10003,2017,60.82935172493269,52.23079664301083,39.97092,-74.57121,15,80,0.435,60.2175,3.9,0.575,ncp_ts,mixo
NLA17_NJ-10003,2017,60.82935172493269,52.23079664301083,39.97092,-74.57121,15,80,0.435,60.2175,3.9,0.575,chla_ts,meso
NLA17_NJ-10003,2017,60.82935172493269,52.23079664301083,39.97092,-74.57121,15,80,0.435,60.2175,3.9,0.575,ptl_ts,eutro
NLA17_NJ-10003,2017,60.82935172493269,52.23079664301083,39.97092,-74.57121,15,80,0.435,60.2175,3.9,0.575,sdd_ts,eutro
NLA17_NJ-10003,2017,60.82935172493269,52.23079664301083,39.97092,-74.57121,15,80,0.435,60.2175,3.9,0.575,rot_ts,meso-eutro
NLA17_NJ-10003,2017,60.82935172493269,52.23079664301083,39.97092,-74.57121,15,80,0.435,60.2175,3.9,0.575,crs_ts,eutro
NLA17_NJ-10004,2017,64.98201597264662,56.74196212398188,39.40948,-74.77998,9,66,0.398,9.168575,3.7199999999999998,NA,ncp_ts,dys
NLA17_NJ-10004,2017,64.98201597264662,56.74196212398188,39.40948,-74.77998,9,66,0.398,9.168575,3.7199999999999998,NA,chla_ts,meso
NLA17_NJ-10004,2017,64.98201597264662,56.74196212398188,39.40948,-74.77998,9,66,0.398,9.168575,3.7199999999999998,NA,ptl_ts,oligo
NLA17_NJ-10004,2017,64.98201597264662,56.74196212398188,39.40948,-74.77998,9,66,0.398,9.168575,3.7199999999999998,NA,sdd_ts,NA
NLA17_NJ-10004,2017,64.98201597264662,56.74196212398188,39.40948,-74.77998,9,66,0.398,9.168575,3.7199999999999998,NA,rot_ts,eutro
NLA17_NJ-10004,2017,64.98201597264662,56.74196212398188,39.40948,-74.77998,9,66,0.398,9.168575,3.7199999999999998,NA,crs_ts,eutro
NLA17_NJ-10005,2017,65.93052581115899,42.85530329454548,39.84948,-74.78729,21,43,0.491,13.79625,3.51,NA,ncp_ts,dys
NLA17_NJ-10005,2017,65.93052581115899,42.85530329454548,39.84948,-74.78729,21,43,0.491,13.79625,3.51,NA,chla_ts,meso
NLA17_NJ-10005,2017,65.93052581115899,42.85530329454548,39.84948,-74.78729,21,43,0.491,13.79625,3.51,NA,ptl_ts,meso
NLA17_NJ-10005,2017,65.93052581115899,42.85530329454548,39.84948,-74.78729,21,43,0.491,13.79625,3.51,NA,sdd_ts,NA
NLA17_NJ-10005,2017,65.93052581115899,42.85530329454548,39.84948,-74.78729,21,43,0.491,13.79625,3.51,NA,rot_ts,oligo-meso
NLA17_NJ-10005,2017,65.93052581115899,42.85530329454548,39.84948,-74.78729,21,43,0.491,13.79625,3.51,NA,crs_ts,hypereu
NLA17_NJ-10006,2017,61.92354880271935,51.47357719009709,41.03964,-74.99616,362,11,0.201,3.57875,1.6,NA,ncp_ts,oligo
NLA17_NJ-10006,2017,61.92354880271935,51.47357719009709,41.03964,-74.99616,362,11,0.201,3.57875,1.6,NA,chla_ts,oligo
NLA17_NJ-10006,2017,61.92354880271935,51.47357719009709,41.03964,-74.99616,362,11,0.201,3.57875,1.6,NA,ptl_ts,oligo
NLA17_NJ-10006,2017,61.92354880271935,51.47357719009709,41.03964,-74.99616,362,11,0.201,3.57875,1.6,NA,sdd_ts,NA
NLA17_NJ-10006,2017,61.92354880271935,51.47357719009709,41.03964,-74.99616,362,11,0.201,3.57875,1.6,NA,rot_ts,meso-eutro
NLA17_NJ-10006,2017,61.92354880271935,51.47357719009709,41.03964,-74.99616,362,11,0.201,3.57875,1.6,NA,crs_ts,eutro
NLA17_NJ-10008,2017,63.30637204305564,54.55546755613027,40.22553,-74.00517,1,55,2.126,194.185,24.67,0.45,ncp_ts,mixo
NLA17_NJ-10008,2017,63.30637204305564,54.55546755613027,40.22553,-74.00517,1,55,2.126,194.185,24.67,0.45,chla_ts,eutro
NLA17_NJ-10008,2017,63.30637204305564,54.55546755613027,40.22553,-74.00517,1,55,2.126,194.185,24.67,0.45,ptl_ts,hypereu
NLA17_NJ-10008,2017,63.30637204305564,54.55546755613027,40.22553,-74.00517,1,55,2.126,194.185,24.67,0.45,sdd_ts,hypereu
NLA17_NJ-10008,2017,63.30637204305564,54.55546755613027,40.22553,-74.00517,1,55,2.126,194.185,24.67,0.45,rot_ts,meso-eutro
NLA17_NJ-10008,2017,63.30637204305564,54.55546755613027,40.22553,-74.00517,1,55,2.126,194.185,24.67,0.45,crs_ts,eutro
NLA17_NJ-10009,2017,60.24435284923939,51.20973077243339,41.10705,-74.89077,411,43,0.72,47.21,15.32,0.6499999999999999,ncp_ts,mixo
NLA17_NJ-10009,2017,60.24435284923939,51.20973077243339,41.10705,-74.89077,411,43,0.72,47.21,15.32,0.6499999999999999,chla_ts,eutro
NLA17_NJ-10009,2017,60.24435284923939,51.20973077243339,41.10705,-74.89077,411,43,0.72,47.21,15.32,0.6499999999999999,ptl_ts,eutro
NLA17_NJ-10009,2017,60.24435284923939,51.20973077243339,41.10705,-74.89077,411,43,0.72,47.21,15.32,0.6499999999999999,sdd_ts,eutro
NLA17_NJ-10009,2017,60.24435284923939,51.20973077243339,41.10705,-74.89077,411,43,0.72,47.21,15.32,0.6499999999999999,rot_ts,meso-eutro
NLA17_NJ-10009,2017,60.24435284923939,51.20973077243339,41.10705,-74.89077,411,43,0.72,47.21,15.32,0.6499999999999999,crs_ts,eutro
NLA17_NJ-10010,2017,61.10955894675964,51.44640541516804,39.93496,-74.92394,9,20,1.558,146.3525,110,0.32499999999999996,ncp_ts,eutro
NLA17_NJ-10010,2017,61.10955894675964,51.44640541516804,39.93496,-74.92394,9,20,1.558,146.3525,110,0.32499999999999996,chla_ts,hypereu
NLA17_NJ-10010,2017,61.10955894675964,51.44640541516804,39.93496,-74.92394,9,20,1.558,146.3525,110,0.32499999999999996,ptl_ts,hypereu
NLA17_NJ-10010,2017,61.10955894675964,51.44640541516804,39.93496,-74.92394,9,20,1.558,146.3525,110,0.32499999999999996,sdd_ts,hypereu
NLA17_NJ-10010,2017,61.10955894675964,51.44640541516804,39.93496,-74.92394,9,20,1.558,146.3525,110,0.32499999999999996,rot_ts,meso-eutro
NLA17_NJ-10010,2017,61.10955894675964,51.44640541516804,39.93496,-74.92394,9,20,1.558,146.3525,110,0.32499999999999996,crs_ts,eutro
NLA17_NJ-10023,2017,61.94054272190701,54.27307037362715,40.9737,-74.24793,115,23,0.373,1.00875,5.77,2.5,ncp_ts,dys
NLA17_NJ-10023,2017,61.94054272190701,54.27307037362715,40.9737,-74.24793,115,23,0.373,1.00875,5.77,2.5,chla_ts,meso
NLA17_NJ-10023,2017,61.94054272190701,54.27307037362715,40.9737,-74.24793,115,23,0.373,1.00875,5.77,2.5,ptl_ts,oligo
NLA17_NJ-10023,2017,61.94054272190701,54.27307037362715,40.9737,-74.24793,115,23,0.373,1.00875,5.77,2.5,sdd_ts,meso
NLA17_NJ-10023,2017,61.94054272190701,54.27307037362715,40.9737,-74.24793,115,23,0.373,1.00875,5.77,2.5,rot_ts,meso-eutro
NLA17_NJ-10023,2017,61.94054272190701,54.27307037362715,40.9737,-74.24793,115,23,0.373,1.00875,5.77,2.5,crs_ts,eutro
NLA17_NJ-10025,2017,60.4037250472411,51.30844913846828,40.81071,-74.79559,303,18,0.819,96.19125,106.13,0.75,ncp_ts,eutro
NLA17_NJ-10025,2017,60.4037250472411,51.30844913846828,40.81071,-74.79559,303,18,0.819,96.19125,106.13,0.75,chla_ts,hypereu
NLA17_NJ-10025,2017,60.4037250472411,51.30844913846828,40.81071,-74.79559,303,18,0.819,96.19125,106.13,0.75,ptl_ts,hypereu
NLA17_NJ-10025,2017,60.4037250472411,51.30844913846828,40.81071,-74.79559,303,18,0.819,96.19125,106.13,0.75,sdd_ts,eutro
NLA17_NJ-10025,2017,60.4037250472411,51.30844913846828,40.81071,-74.79559,303,18,0.819,96.19125,106.13,0.75,rot_ts,meso-eutro
NLA17_NJ-10025,2017,60.4037250472411,51.30844913846828,40.81071,-74.79559,303,18,0.819,96.19125,106.13,0.75,crs_ts,eutro
NLA17_NM-10001,2017,62.818912898615004,49.53721418328789,35.97467,-105.9172,1916,12,0.25,12.68875,3.4,3.3,ncp_ts,oligo
NLA17_NM-10001,2017,62.818912898615004,49.53721418328789,35.97467,-105.9172,1916,12,0.25,12.68875,3.4,3.3,chla_ts,meso
NLA17_NM-10001,2017,62.818912898615004,49.53721418328789,35.97467,-105.9172,1916,12,0.25,12.68875,3.4,3.3,ptl_ts,meso
NLA17_NM-10001,2017,62.818912898615004,49.53721418328789,35.97467,-105.9172,1916,12,0.25,12.68875,3.4,3.3,sdd_ts,meso
NLA17_NM-10001,2017,62.818912898615004,49.53721418328789,35.97467,-105.9172,1916,12,0.25,12.68875,3.4,3.3,rot_ts,meso-eutro
NLA17_NM-10001,2017,62.818912898615004,49.53721418328789,35.97467,-105.9172,1916,12,0.25,12.68875,3.4,3.3,crs_ts,eutro
NLA17_NM-10002,2017,62.912063980980186,52.91524289143248,35.7589,-105.1445,2060,6,0.628,17.7475,2.6,2.5,ncp_ts,oligo
NLA17_NM-10002,2017,62.912063980980186,52.91524289143248,35.7589,-105.1445,2060,6,0.628,17.7475,2.6,2.5,chla_ts,oligo
NLA17_NM-10002,2017,62.912063980980186,52.91524289143248,35.7589,-105.1445,2060,6,0.628,17.7475,2.6,2.5,ptl_ts,meso
NLA17_NM-10002,2017,62.912063980980186,52.91524289143248,35.7589,-105.1445,2060,6,0.628,17.7475,2.6,2.5,sdd_ts,meso
NLA17_NM-10002,2017,62.912063980980186,52.91524289143248,35.7589,-105.1445,2060,6,0.628,17.7475,2.6,2.5,rot_ts,meso-eutro
NLA17_NM-10002,2017,62.912063980980186,52.91524289143248,35.7589,-105.1445,2060,6,0.628,17.7475,2.6,2.5,crs_ts,eutro
NLA17_NM-10003,2017,68.35664890305473,54.532492432246094,35.66711,-105.2418,2012,4,0.267,18.755,2.3899999999999997,0.7,ncp_ts,oligo
NLA17_NM-10003,2017,68.35664890305473,54.532492432246094,35.66711,-105.2418,2012,4,0.267,18.755,2.3899999999999997,0.7,chla_ts,oligo
NLA17_NM-10003,2017,68.35664890305473,54.532492432246094,35.66711,-105.2418,2012,4,0.267,18.755,2.3899999999999997,0.7,ptl_ts,meso
NLA17_NM-10003,2017,68.35664890305473,54.532492432246094,35.66711,-105.2418,2012,4,0.267,18.755,2.3899999999999997,0.7,sdd_ts,eutro
NLA17_NM-10003,2017,68.35664890305473,54.532492432246094,35.66711,-105.2418,2012,4,0.267,18.755,2.3899999999999997,0.7,rot_ts,meso-eutro
NLA17_NM-10003,2017,68.35664890305473,54.532492432246094,35.66711,-105.2418,2012,4,0.267,18.755,2.3899999999999997,0.7,crs_ts,hypereu
NLA17_NM-10004,2017,73.80149595640148,39.759844194964316,36.17599,-104.8161,2038,19.5,1.2730000000000001,137.59750000000003,4.365,0.825,ncp_ts,eutro
NLA17_NM-10004,2017,73.80149595640148,39.759844194964316,36.17599,-104.8161,2038,19.5,1.2730000000000001,137.59750000000003,4.365,0.825,chla_ts,meso
NLA17_NM-10004,2017,73.80149595640148,39.759844194964316,36.17599,-104.8161,2038,19.5,1.2730000000000001,137.59750000000003,4.365,0.825,ptl_ts,hypereu
NLA17_NM-10004,2017,73.80149595640148,39.759844194964316,36.17599,-104.8161,2038,19.5,1.2730000000000001,137.59750000000003,4.365,0.825,sdd_ts,eutro
NLA17_NM-10004,2017,73.80149595640148,39.759844194964316,36.17599,-104.8161,2038,19.5,1.2730000000000001,137.59750000000003,4.365,0.825,rot_ts,oligo-meso
NLA17_NM-10004,2017,73.80149595640148,39.759844194964316,36.17599,-104.8161,2038,19.5,1.2730000000000001,137.59750000000003,4.365,0.825,crs_ts,hypereu
NLA17_NM-10005,2017,65.0706200110871,43.30658567836166,35.98083,-108.9316,2290,18,1.34,168.465,51.09,1,ncp_ts,eutro
NLA17_NM-10005,2017,65.0706200110871,43.30658567836166,35.98083,-108.9316,2290,18,1.34,168.465,51.09,1,chla_ts,eutro
NLA17_NM-10005,2017,65.0706200110871,43.30658567836166,35.98083,-108.9316,2290,18,1.34,168.465,51.09,1,ptl_ts,hypereu
NLA17_NM-10005,2017,65.0706200110871,43.30658567836166,35.98083,-108.9316,2290,18,1.34,168.465,51.09,1,sdd_ts,eutro
NLA17_NM-10005,2017,65.0706200110871,43.30658567836166,35.98083,-108.9316,2290,18,1.34,168.465,51.09,1,rot_ts,oligo-meso
NLA17_NM-10005,2017,65.0706200110871,43.30658567836166,35.98083,-108.9316,2290,18,1.34,168.465,51.09,1,crs_ts,hypereu
NLA17_NM-10006,2017,60.97976321636369,51.62061739829439,36.59538,-105.4172,3307,10,0.3,14.79,1.36,NA,ncp_ts,oligo
NLA17_NM-10006,2017,60.97976321636369,51.62061739829439,36.59538,-105.4172,3307,10,0.3,14.79,1.36,NA,chla_ts,oligo
NLA17_NM-10006,2017,60.97976321636369,51.62061739829439,36.59538,-105.4172,3307,10,0.3,14.79,1.36,NA,ptl_ts,meso
NLA17_NM-10006,2017,60.97976321636369,51.62061739829439,36.59538,-105.4172,3307,10,0.3,14.79,1.36,NA,sdd_ts,NA
NLA17_NM-10006,2017,60.97976321636369,51.62061739829439,36.59538,-105.4172,3307,10,0.3,14.79,1.36,NA,rot_ts,meso-eutro
NLA17_NM-10006,2017,60.97976321636369,51.62061739829439,36.59538,-105.4172,3307,10,0.3,14.79,1.36,NA,crs_ts,eutro
NLA17_NM-10022,2017,66.05786922162999,27.938775968895463,36.5808,-104.6535,1868,10,0.52,23.65375,1.86,2.5,ncp_ts,oligo
NLA17_NM-10022,2017,66.05786922162999,27.938775968895463,36.5808,-104.6535,1868,10,0.52,23.65375,1.86,2.5,chla_ts,oligo
NLA17_NM-10022,2017,66.05786922162999,27.938775968895463,36.5808,-104.6535,1868,10,0.52,23.65375,1.86,2.5,ptl_ts,meso
NLA17_NM-10022,2017,66.05786922162999,27.938775968895463,36.5808,-104.6535,1868,10,0.52,23.65375,1.86,2.5,sdd_ts,meso
NLA17_NM-10022,2017,66.05786922162999,27.938775968895463,36.5808,-104.6535,1868,10,0.52,23.65375,1.86,2.5,rot_ts,oligo-meso
NLA17_NM-10022,2017,66.05786922162999,27.938775968895463,36.5808,-104.6535,1868,10,0.52,23.65375,1.86,2.5,crs_ts,hypereu
NLA17_NM-10024,2017,67.22517960893542,29.748996601917586,36.68847,-107.6851,1812,12,0.233,13.85625,0.34,4.4,ncp_ts,oligo
NLA17_NM-10024,2017,67.22517960893542,29.748996601917586,36.68847,-107.6851,1812,12,0.233,13.85625,0.34,4.4,chla_ts,oligo
NLA17_NM-10024,2017,67.22517960893542,29.748996601917586,36.68847,-107.6851,1812,12,0.233,13.85625,0.34,4.4,ptl_ts,meso
NLA17_NM-10024,2017,67.22517960893542,29.748996601917586,36.68847,-107.6851,1812,12,0.233,13.85625,0.34,4.4,sdd_ts,oligo
NLA17_NM-10024,2017,67.22517960893542,29.748996601917586,36.68847,-107.6851,1812,12,0.233,13.85625,0.34,4.4,rot_ts,oligo-meso
NLA17_NM-10024,2017,67.22517960893542,29.748996601917586,36.68847,-107.6851,1812,12,0.233,13.85625,0.34,4.4,crs_ts,hypereu
NLA17_NM-10025,2017,64.08084904335513,46.378805000985324,36.77464,-105.1939,2843,20,0.423,24.8375,2.39,3.2,ncp_ts,oligo
NLA17_NM-10025,2017,64.08084904335513,46.378805000985324,36.77464,-105.1939,2843,20,0.423,24.8375,2.39,3.2,chla_ts,oligo
NLA17_NM-10025,2017,64.08084904335513,46.378805000985324,36.77464,-105.1939,2843,20,0.423,24.8375,2.39,3.2,ptl_ts,eutro
NLA17_NM-10025,2017,64.08084904335513,46.378805000985324,36.77464,-105.1939,2843,20,0.423,24.8375,2.39,3.2,sdd_ts,meso
NLA17_NM-10025,2017,64.08084904335513,46.378805000985324,36.77464,-105.1939,2843,20,0.423,24.8375,2.39,3.2,rot_ts,meso-eutro
NLA17_NM-10025,2017,64.08084904335513,46.378805000985324,36.77464,-105.1939,2843,20,0.423,24.8375,2.39,3.2,crs_ts,eutro
NLA17_NM-10037,2017,61.838153772148594,54.85278076740203,36.03989,-106.8486,2869,53,0.619,36.915,8.72,1,ncp_ts,mixo
NLA17_NM-10037,2017,61.838153772148594,54.85278076740203,36.03989,-106.8486,2869,53,0.619,36.915,8.72,1,chla_ts,eutro
NLA17_NM-10037,2017,61.838153772148594,54.85278076740203,36.03989,-106.8486,2869,53,0.619,36.915,8.72,1,ptl_ts,eutro
NLA17_NM-10037,2017,61.838153772148594,54.85278076740203,36.03989,-106.8486,2869,53,0.619,36.915,8.72,1,sdd_ts,eutro
NLA17_NM-10037,2017,61.838153772148594,54.85278076740203,36.03989,-106.8486,2869,53,0.619,36.915,8.72,1,rot_ts,meso-eutro
NLA17_NM-10037,2017,61.838153772148594,54.85278076740203,36.03989,-106.8486,2869,53,0.619,36.915,8.72,1,crs_ts,eutro
NLA17_NM-10041,2017,64.02538824786248,47.365514338921386,35.948,-105.2196,2137,0,0.355,34.03625,6.49,0.3,ncp_ts,eutro
NLA17_NM-10041,2017,64.02538824786248,47.365514338921386,35.948,-105.2196,2137,0,0.355,34.03625,6.49,0.3,chla_ts,meso
NLA17_NM-10041,2017,64.02538824786248,47.365514338921386,35.948,-105.2196,2137,0,0.355,34.03625,6.49,0.3,ptl_ts,eutro
NLA17_NM-10041,2017,64.02538824786248,47.365514338921386,35.948,-105.2196,2137,0,0.355,34.03625,6.49,0.3,sdd_ts,hypereu
NLA17_NM-10041,2017,64.02538824786248,47.365514338921386,35.948,-105.2196,2137,0,0.355,34.03625,6.49,0.3,rot_ts,meso-eutro
NLA17_NM-10041,2017,64.02538824786248,47.365514338921386,35.948,-105.2196,2137,0,0.355,34.03625,6.49,0.3,crs_ts,eutro
NLA17_NM-10044,2017,65.20839896453475,46.2729655220643,33.03037,-108.1597,1840,3,0.324,91.17125,3.45,3,ncp_ts,eutro
NLA17_NM-10044,2017,65.20839896453475,46.2729655220643,33.03037,-108.1597,1840,3,0.324,91.17125,3.45,3,chla_ts,meso
NLA17_NM-10044,2017,65.20839896453475,46.2729655220643,33.03037,-108.1597,1840,3,0.324,91.17125,3.45,3,ptl_ts,eutro
NLA17_NM-10044,2017,65.20839896453475,46.2729655220643,33.03037,-108.1597,1840,3,0.324,91.17125,3.45,3,sdd_ts,meso
NLA17_NM-10044,2017,65.20839896453475,46.2729655220643,33.03037,-108.1597,1840,3,0.324,91.17125,3.45,3,rot_ts,meso-eutro
NLA17_NM-10044,2017,65.20839896453475,46.2729655220643,33.03037,-108.1597,1840,3,0.324,91.17125,3.45,3,crs_ts,hypereu
NLA17_NM-10049,2017,66.09234322809608,40.107061438684454,36.69162,-106.6984,2182,13,0.281,43.8075,5.37,1.2,ncp_ts,eutro
NLA17_NM-10049,2017,66.09234322809608,40.107061438684454,36.69162,-106.6984,2182,13,0.281,43.8075,5.37,1.2,chla_ts,meso
NLA17_NM-10049,2017,66.09234322809608,40.107061438684454,36.69162,-106.6984,2182,13,0.281,43.8075,5.37,1.2,ptl_ts,eutro
NLA17_NM-10049,2017,66.09234322809608,40.107061438684454,36.69162,-106.6984,2182,13,0.281,43.8075,5.37,1.2,sdd_ts,eutro
NLA17_NM-10049,2017,66.09234322809608,40.107061438684454,36.69162,-106.6984,2182,13,0.281,43.8075,5.37,1.2,rot_ts,oligo-meso
NLA17_NM-10049,2017,66.09234322809608,40.107061438684454,36.69162,-106.6984,2182,13,0.281,43.8075,5.37,1.2,crs_ts,hypereu
NLA17_NV-10002,2017,68.87801777428271,57.916964662011836,38.39816,-115.1171,1575,13.5,0.6154999999999999,20.4925,1.7799999999999998,NA,ncp_ts,oligo
NLA17_NV-10002,2017,68.87801777428271,57.916964662011836,38.39816,-115.1171,1575,13.5,0.6154999999999999,20.4925,1.7799999999999998,NA,chla_ts,oligo
NLA17_NV-10002,2017,68.87801777428271,57.916964662011836,38.39816,-115.1171,1575,13.5,0.6154999999999999,20.4925,1.7799999999999998,NA,ptl_ts,meso
NLA17_NV-10002,2017,68.87801777428271,57.916964662011836,38.39816,-115.1171,1575,13.5,0.6154999999999999,20.4925,1.7799999999999998,NA,sdd_ts,NA
NLA17_NV-10002,2017,68.87801777428271,57.916964662011836,38.39816,-115.1171,1575,13.5,0.6154999999999999,20.4925,1.7799999999999998,NA,rot_ts,eutro
NLA17_NV-10002,2017,68.87801777428271,57.916964662011836,38.39816,-115.1171,1575,13.5,0.6154999999999999,20.4925,1.7799999999999998,NA,crs_ts,hypereu
NLA17_NV-10003,2017,67.32823660275946,39.878090713111334,41.21824,-116.5203,1646,11,0.635,123.25625,6.4,5.1,ncp_ts,eutro
NLA17_NV-10003,2017,67.32823660275946,39.878090713111334,41.21824,-116.5203,1646,11,0.635,123.25625,6.4,5.1,chla_ts,meso
NLA17_NV-10003,2017,67.32823660275946,39.878090713111334,41.21824,-116.5203,1646,11,0.635,123.25625,6.4,5.1,ptl_ts,hypereu
NLA17_NV-10003,2017,67.32823660275946,39.878090713111334,41.21824,-116.5203,1646,11,0.635,123.25625,6.4,5.1,sdd_ts,oligo
NLA17_NV-10003,2017,67.32823660275946,39.878090713111334,41.21824,-116.5203,1646,11,0.635,123.25625,6.4,5.1,rot_ts,oligo-meso
NLA17_NV-10003,2017,67.32823660275946,39.878090713111334,41.21824,-116.5203,1646,11,0.635,123.25625,6.4,5.1,crs_ts,hypereu
NLA17_NV-10005,2017,60.462840266908586,51.109167096828,40.0481,-119.5655,1156,0,0.574,67.92875,1.43,2.7,ncp_ts,eutro
NLA17_NV-10005,2017,60.462840266908586,51.109167096828,40.0481,-119.5655,1156,0,0.574,67.92875,1.43,2.7,chla_ts,oligo
NLA17_NV-10005,2017,60.462840266908586,51.109167096828,40.0481,-119.5655,1156,0,0.574,67.92875,1.43,2.7,ptl_ts,eutro
NLA17_NV-10005,2017,60.462840266908586,51.109167096828,40.0481,-119.5655,1156,0,0.574,67.92875,1.43,2.7,sdd_ts,meso
NLA17_NV-10005,2017,60.462840266908586,51.109167096828,40.0481,-119.5655,1156,0,0.574,67.92875,1.43,2.7,rot_ts,meso-eutro
NLA17_NV-10005,2017,60.462840266908586,51.109167096828,40.0481,-119.5655,1156,0,0.574,67.92875,1.43,2.7,crs_ts,eutro
NLA17_NV-10006,2017,69.64725658395763,54.0929013303504,39.24104,-117.1657,2255,4,0.1375,23.67,1.955,1.95,ncp_ts,oligo
NLA17_NV-10006,2017,69.64725658395763,54.0929013303504,39.24104,-117.1657,2255,4,0.1375,23.67,1.955,1.95,chla_ts,oligo
NLA17_NV-10006,2017,69.64725658395763,54.0929013303504,39.24104,-117.1657,2255,4,0.1375,23.67,1.955,1.95,ptl_ts,meso
NLA17_NV-10006,2017,69.64725658395763,54.0929013303504,39.24104,-117.1657,2255,4,0.1375,23.67,1.955,1.95,sdd_ts,eutro
NLA17_NV-10006,2017,69.64725658395763,54.0929013303504,39.24104,-117.1657,2255,4,0.1375,23.67,1.955,1.95,rot_ts,meso-eutro
NLA17_NV-10006,2017,69.64725658395763,54.0929013303504,39.24104,-117.1657,2255,4,0.1375,23.67,1.955,1.95,crs_ts,hypereu
NLA17_NV-10016,2017,63.68637627799743,52.12378759039262,37.90785,-114.2679,1604,12,0.629,36.98625,2.47,NA,ncp_ts,eutro
NLA17_NV-10016,2017,63.68637627799743,52.12378759039262,37.90785,-114.2679,1604,12,0.629,36.98625,2.47,NA,chla_ts,oligo
NLA17_NV-10016,2017,63.68637627799743,52.12378759039262,37.90785,-114.2679,1604,12,0.629,36.98625,2.47,NA,ptl_ts,eutro
NLA17_NV-10016,2017,63.68637627799743,52.12378759039262,37.90785,-114.2679,1604,12,0.629,36.98625,2.47,NA,sdd_ts,NA
NLA17_NV-10016,2017,63.68637627799743,52.12378759039262,37.90785,-114.2679,1604,12,0.629,36.98625,2.47,NA,rot_ts,meso-eutro
NLA17_NV-10016,2017,63.68637627799743,52.12378759039262,37.90785,-114.2679,1604,12,0.629,36.98625,2.47,NA,crs_ts,eutro
NLA17_NV-10017,2017,65.93052581115899,45.788624826145764,40.69659,-118.2878,1260,26,0.833,157.17125,3.64,0.7,ncp_ts,mixo
NLA17_NV-10017,2017,65.93052581115899,45.788624826145764,40.69659,-118.2878,1260,26,0.833,157.17125,3.64,0.7,chla_ts,meso
NLA17_NV-10017,2017,65.93052581115899,45.788624826145764,40.69659,-118.2878,1260,26,0.833,157.17125,3.64,0.7,ptl_ts,hypereu
NLA17_NV-10017,2017,65.93052581115899,45.788624826145764,40.69659,-118.2878,1260,26,0.833,157.17125,3.64,0.7,sdd_ts,eutro
NLA17_NV-10017,2017,65.93052581115899,45.788624826145764,40.69659,-118.2878,1260,26,0.833,157.17125,3.64,0.7,rot_ts,meso-eutro
NLA17_NV-10017,2017,65.93052581115899,45.788624826145764,40.69659,-118.2878,1260,26,0.833,157.17125,3.64,0.7,crs_ts,hypereu
NLA17_NV-10018,2017,67.60182534286994,43.30658567836166,39.54188,-119.7789,1353,25,1.343,92.325,5.19,1.9,ncp_ts,mixo
NLA17_NV-10018,2017,67.60182534286994,43.30658567836166,39.54188,-119.7789,1353,25,1.343,92.325,5.19,1.9,chla_ts,meso
NLA17_NV-10018,2017,67.60182534286994,43.30658567836166,39.54188,-119.7789,1353,25,1.343,92.325,5.19,1.9,ptl_ts,eutro
NLA17_NV-10018,2017,67.60182534286994,43.30658567836166,39.54188,-119.7789,1353,25,1.343,92.325,5.19,1.9,sdd_ts,eutro
NLA17_NV-10018,2017,67.60182534286994,43.30658567836166,39.54188,-119.7789,1353,25,1.343,92.325,5.19,1.9,rot_ts,oligo-meso
NLA17_NV-10018,2017,67.60182534286994,43.30658567836166,39.54188,-119.7789,1353,25,1.343,92.325,5.19,1.9,crs_ts,hypereu
NLA17_NV-10036,2017,64.20458584063738,46.3437560170913,39.4578,-119.7898,1371,27,0.9,234.695,12.16,1.28,ncp_ts,mixo
NLA17_NV-10036,2017,64.20458584063738,46.3437560170913,39.4578,-119.7898,1371,27,0.9,234.695,12.16,1.28,chla_ts,eutro
NLA17_NV-10036,2017,64.20458584063738,46.3437560170913,39.4578,-119.7898,1371,27,0.9,234.695,12.16,1.28,ptl_ts,hypereu
NLA17_NV-10036,2017,64.20458584063738,46.3437560170913,39.4578,-119.7898,1371,27,0.9,234.695,12.16,1.28,sdd_ts,eutro
NLA17_NV-10036,2017,64.20458584063738,46.3437560170913,39.4578,-119.7898,1371,27,0.9,234.695,12.16,1.28,rot_ts,meso-eutro
NLA17_NV-10036,2017,64.20458584063738,46.3437560170913,39.4578,-119.7898,1371,27,0.9,234.695,12.16,1.28,crs_ts,eutro
NLA17_NV-10079,2017,61.90652665741696,52.427295390719515,41.91589,-119.4603,1765,15,0.968,70.35,2.33,NA,ncp_ts,eutro
NLA17_NV-10079,2017,61.90652665741696,52.427295390719515,41.91589,-119.4603,1765,15,0.968,70.35,2.33,NA,chla_ts,oligo
NLA17_NV-10079,2017,61.90652665741696,52.427295390719515,41.91589,-119.4603,1765,15,0.968,70.35,2.33,NA,ptl_ts,eutro
NLA17_NV-10079,2017,61.90652665741696,52.427295390719515,41.91589,-119.4603,1765,15,0.968,70.35,2.33,NA,sdd_ts,NA
NLA17_NV-10079,2017,61.90652665741696,52.427295390719515,41.91589,-119.4603,1765,15,0.968,70.35,2.33,NA,rot_ts,meso-eutro
NLA17_NV-10079,2017,61.90652665741696,52.427295390719515,41.91589,-119.4603,1765,15,0.968,70.35,2.33,NA,crs_ts,eutro
NLA17_NV-10090,2017,67.47093394849696,39.12617146313298,41.65361,-115.7954,1892,30,0.716,112.57375,2.11,3.9,ncp_ts,mixo
NLA17_NV-10090,2017,67.47093394849696,39.12617146313298,41.65361,-115.7954,1892,30,0.716,112.57375,2.11,3.9,chla_ts,oligo
NLA17_NV-10090,2017,67.47093394849696,39.12617146313298,41.65361,-115.7954,1892,30,0.716,112.57375,2.11,3.9,ptl_ts,hypereu
NLA17_NV-10090,2017,67.47093394849696,39.12617146313298,41.65361,-115.7954,1892,30,0.716,112.57375,2.11,3.9,sdd_ts,meso
NLA17_NV-10090,2017,67.47093394849696,39.12617146313298,41.65361,-115.7954,1892,30,0.716,112.57375,2.11,3.9,rot_ts,oligo-meso
NLA17_NV-10090,2017,67.47093394849696,39.12617146313298,41.65361,-115.7954,1892,30,0.716,112.57375,2.11,3.9,crs_ts,hypereu
NLA17_NV-10124,2017,63.871356321482715,49.70923594221081,36.0658,-115.1136,614,0,0.634,20.4375,3.3,1.45,ncp_ts,oligo
NLA17_NV-10124,2017,63.871356321482715,49.70923594221081,36.0658,-115.1136,614,0,0.634,20.4375,3.3,1.45,chla_ts,meso
NLA17_NV-10124,2017,63.871356321482715,49.70923594221081,36.0658,-115.1136,614,0,0.634,20.4375,3.3,1.45,ptl_ts,meso
NLA17_NV-10124,2017,63.871356321482715,49.70923594221081,36.0658,-115.1136,614,0,0.634,20.4375,3.3,1.45,sdd_ts,eutro
NLA17_NV-10124,2017,63.871356321482715,49.70923594221081,36.0658,-115.1136,614,0,0.634,20.4375,3.3,1.45,rot_ts,meso-eutro
NLA17_NV-10124,2017,63.871356321482715,49.70923594221081,36.0658,-115.1136,614,0,0.634,20.4375,3.3,1.45,crs_ts,eutro
NLA17_NV-10225,2017,41.332473750442034,51.776570346672486,41.02647,-115.0871,2554,10,0.05,3.18375,0.71,4.9,ncp_ts,oligo
NLA17_NV-10225,2017,41.332473750442034,51.776570346672486,41.02647,-115.0871,2554,10,0.05,3.18375,0.71,4.9,chla_ts,oligo
NLA17_NV-10225,2017,41.332473750442034,51.776570346672486,41.02647,-115.0871,2554,10,0.05,3.18375,0.71,4.9,ptl_ts,oligo
NLA17_NV-10225,2017,41.332473750442034,51.776570346672486,41.02647,-115.0871,2554,10,0.05,3.18375,0.71,4.9,sdd_ts,oligo
NLA17_NV-10225,2017,41.332473750442034,51.776570346672486,41.02647,-115.0871,2554,10,0.05,3.18375,0.71,4.9,rot_ts,meso-eutro
NLA17_NV-10225,2017,41.332473750442034,51.776570346672486,41.02647,-115.0871,2554,10,0.05,3.18375,0.71,4.9,crs_ts,oligo-meso
NLA17_NV-10239,2017,63.06548801316314,52.37024289424098,36.50496,-114.4095,366,2,0.449,44.10625,1.55,0.28500000000000003,ncp_ts,eutro
NLA17_NV-10239,2017,63.06548801316314,52.37024289424098,36.50496,-114.4095,366,2,0.449,44.10625,1.55,0.28500000000000003,chla_ts,oligo
NLA17_NV-10239,2017,63.06548801316314,52.37024289424098,36.50496,-114.4095,366,2,0.449,44.10625,1.55,0.28500000000000003,ptl_ts,eutro
NLA17_NV-10239,2017,63.06548801316314,52.37024289424098,36.50496,-114.4095,366,2,0.449,44.10625,1.55,0.28500000000000003,sdd_ts,hypereu
NLA17_NV-10239,2017,63.06548801316314,52.37024289424098,36.50496,-114.4095,366,2,0.449,44.10625,1.55,0.28500000000000003,rot_ts,meso-eutro
NLA17_NV-10239,2017,63.06548801316314,52.37024289424098,36.50496,-114.4095,366,2,0.449,44.10625,1.55,0.28500000000000003,crs_ts,eutro
NLA17_NV-10242,2017,62.35650366046054,52.43863364570637,38.69493,-118.7144,1206,5,2.323,700.47,0.6,9.6,ncp_ts,eutro
NLA17_NV-10242,2017,62.35650366046054,52.43863364570637,38.69493,-118.7144,1206,5,2.323,700.47,0.6,9.6,chla_ts,oligo
NLA17_NV-10242,2017,62.35650366046054,52.43863364570637,38.69493,-118.7144,1206,5,2.323,700.47,0.6,9.6,ptl_ts,hypereu
NLA17_NV-10242,2017,62.35650366046054,52.43863364570637,38.69493,-118.7144,1206,5,2.323,700.47,0.6,9.6,sdd_ts,oligo
NLA17_NV-10242,2017,62.35650366046054,52.43863364570637,38.69493,-118.7144,1206,5,2.323,700.47,0.6,9.6,rot_ts,meso-eutro
NLA17_NV-10242,2017,62.35650366046054,52.43863364570637,38.69493,-118.7144,1206,5,2.323,700.47,0.6,9.6,crs_ts,eutro
NLA17_NV-10243,2017,62.1589403750544,51.9777152692178,39.16358,-114.8142,1992,17,0.566,14.055,0.98,NA,ncp_ts,oligo
NLA17_NV-10243,2017,62.1589403750544,51.9777152692178,39.16358,-114.8142,1992,17,0.566,14.055,0.98,NA,chla_ts,oligo
NLA17_NV-10243,2017,62.1589403750544,51.9777152692178,39.16358,-114.8142,1992,17,0.566,14.055,0.98,NA,ptl_ts,meso
NLA17_NV-10243,2017,62.1589403750544,51.9777152692178,39.16358,-114.8142,1992,17,0.566,14.055,0.98,NA,sdd_ts,NA
NLA17_NV-10243,2017,62.1589403750544,51.9777152692178,39.16358,-114.8142,1992,17,0.566,14.055,0.98,NA,rot_ts,meso-eutro
NLA17_NV-10243,2017,62.1589403750544,51.9777152692178,39.16358,-114.8142,1992,17,0.566,14.055,0.98,NA,crs_ts,eutro
NLA17_NV-HP001,2017,47.33884025372321,51.51407926344094,40.59285373,-115.3943332,2968.96,4,0.08,17.2725,4.87,3.05,ncp_ts,oligo
NLA17_NV-HP001,2017,47.33884025372321,51.51407926344094,40.59285373,-115.3943332,2968.96,4,0.08,17.2725,4.87,3.05,chla_ts,meso
NLA17_NV-HP001,2017,47.33884025372321,51.51407926344094,40.59285373,-115.3943332,2968.96,4,0.08,17.2725,4.87,3.05,ptl_ts,meso
NLA17_NV-HP001,2017,47.33884025372321,51.51407926344094,40.59285373,-115.3943332,2968.96,4,0.08,17.2725,4.87,3.05,sdd_ts,meso
NLA17_NV-HP001,2017,47.33884025372321,51.51407926344094,40.59285373,-115.3943332,2968.96,4,0.08,17.2725,4.87,3.05,rot_ts,meso-eutro
NLA17_NV-HP001,2017,47.33884025372321,51.51407926344094,40.59285373,-115.3943332,2968.96,4,0.08,17.2725,4.87,3.05,crs_ts,meso-eutro
NLA17_NY-10001,2017,62.95832878223662,56.54498443873826,42.49864,-77.12653,217,3.5,0.2425,6.561249999999999,2.285,6.550000000000001,ncp_ts,oligo
NLA17_NY-10001,2017,62.95832878223662,56.54498443873826,42.49864,-77.12653,217,3.5,0.2425,6.561249999999999,2.285,6.550000000000001,chla_ts,oligo
NLA17_NY-10001,2017,62.95832878223662,56.54498443873826,42.49864,-77.12653,217,3.5,0.2425,6.561249999999999,2.285,6.550000000000001,ptl_ts,oligo
NLA17_NY-10001,2017,62.95832878223662,56.54498443873826,42.49864,-77.12653,217,3.5,0.2425,6.561249999999999,2.285,6.550000000000001,sdd_ts,oligo
NLA17_NY-10001,2017,62.95832878223662,56.54498443873826,42.49864,-77.12653,217,3.5,0.2425,6.561249999999999,2.285,6.550000000000001,rot_ts,eutro
NLA17_NY-10001,2017,62.95832878223662,56.54498443873826,42.49864,-77.12653,217,3.5,0.2425,6.561249999999999,2.285,6.550000000000001,crs_ts,eutro
NLA17_NY-10002,2017,60.462840266908586,52.64964108247103,44.04119,-74.36166,495,34,0.25,8.825,2.66,2.8499999999999996,ncp_ts,dys
NLA17_NY-10002,2017,60.462840266908586,52.64964108247103,44.04119,-74.36166,495,34,0.25,8.825,2.66,2.8499999999999996,chla_ts,meso
NLA17_NY-10002,2017,60.462840266908586,52.64964108247103,44.04119,-74.36166,495,34,0.25,8.825,2.66,2.8499999999999996,ptl_ts,oligo
NLA17_NY-10002,2017,60.462840266908586,52.64964108247103,44.04119,-74.36166,495,34,0.25,8.825,2.66,2.8499999999999996,sdd_ts,meso
NLA17_NY-10002,2017,60.462840266908586,52.64964108247103,44.04119,-74.36166,495,34,0.25,8.825,2.66,2.8499999999999996,rot_ts,meso-eutro
NLA17_NY-10002,2017,60.462840266908586,52.64964108247103,44.04119,-74.36166,495,34,0.25,8.825,2.66,2.8499999999999996,crs_ts,eutro
NLA17_NY-10003,2017,67.73120311025397,58.70345929670838,43.24237,-74.49102,576,10,0.251,6.5625,2.51,NA,ncp_ts,oligo
NLA17_NY-10003,2017,67.73120311025397,58.70345929670838,43.24237,-74.49102,576,10,0.251,6.5625,2.51,NA,chla_ts,oligo
NLA17_NY-10003,2017,67.73120311025397,58.70345929670838,43.24237,-74.49102,576,10,0.251,6.5625,2.51,NA,ptl_ts,oligo
NLA17_NY-10003,2017,67.73120311025397,58.70345929670838,43.24237,-74.49102,576,10,0.251,6.5625,2.51,NA,sdd_ts,NA
NLA17_NY-10003,2017,67.73120311025397,58.70345929670838,43.24237,-74.49102,576,10,0.251,6.5625,2.51,NA,rot_ts,eutro
NLA17_NY-10003,2017,67.73120311025397,58.70345929670838,43.24237,-74.49102,576,10,0.251,6.5625,2.51,NA,crs_ts,hypereu
NLA17_NY-10004,2017,61.400130320963605,51.32240504772079,44.37966,-74.36546,504,18,0.255,9.8875,4.53,3.3499999999999996,ncp_ts,oligo
NLA17_NY-10004,2017,61.400130320963605,51.32240504772079,44.37966,-74.36546,504,18,0.255,9.8875,4.53,3.3499999999999996,chla_ts,meso
NLA17_NY-10004,2017,61.400130320963605,51.32240504772079,44.37966,-74.36546,504,18,0.255,9.8875,4.53,3.3499999999999996,ptl_ts,oligo
NLA17_NY-10004,2017,61.400130320963605,51.32240504772079,44.37966,-74.36546,504,18,0.255,9.8875,4.53,3.3499999999999996,sdd_ts,meso
NLA17_NY-10004,2017,61.400130320963605,51.32240504772079,44.37966,-74.36546,504,18,0.255,9.8875,4.53,3.3499999999999996,rot_ts,meso-eutro
NLA17_NY-10004,2017,61.400130320963605,51.32240504772079,44.37966,-74.36546,504,18,0.255,9.8875,4.53,3.3499999999999996,crs_ts,eutro
NLA17_NY-10005,2017,63.498091705103526,52.13578313605333,43.85045,-73.63472,404,25,0.224,9.05,3.65,2.25,ncp_ts,dys
NLA17_NY-10005,2017,63.498091705103526,52.13578313605333,43.85045,-73.63472,404,25,0.224,9.05,3.65,2.25,chla_ts,meso
NLA17_NY-10005,2017,63.498091705103526,52.13578313605333,43.85045,-73.63472,404,25,0.224,9.05,3.65,2.25,ptl_ts,oligo
NLA17_NY-10005,2017,63.498091705103526,52.13578313605333,43.85045,-73.63472,404,25,0.224,9.05,3.65,2.25,sdd_ts,meso
NLA17_NY-10005,2017,63.498091705103526,52.13578313605333,43.85045,-73.63472,404,25,0.224,9.05,3.65,2.25,rot_ts,meso-eutro
NLA17_NY-10005,2017,63.498091705103526,52.13578313605333,43.85045,-73.63472,404,25,0.224,9.05,3.65,2.25,crs_ts,eutro
NLA17_NY-10007,2017,66.34188987349695,51.294456932921975,41.38004,-74.03007,295,10,0.363,16.48125,3.03,2.1500000000000004,ncp_ts,oligo
NLA17_NY-10007,2017,66.34188987349695,51.294456932921975,41.38004,-74.03007,295,10,0.363,16.48125,3.03,2.1500000000000004,chla_ts,meso
NLA17_NY-10007,2017,66.34188987349695,51.294456932921975,41.38004,-74.03007,295,10,0.363,16.48125,3.03,2.1500000000000004,ptl_ts,meso
NLA17_NY-10007,2017,66.34188987349695,51.294456932921975,41.38004,-74.03007,295,10,0.363,16.48125,3.03,2.1500000000000004,sdd_ts,meso
NLA17_NY-10007,2017,66.34188987349695,51.294456932921975,41.38004,-74.03007,295,10,0.363,16.48125,3.03,2.1500000000000004,rot_ts,meso-eutro
NLA17_NY-10007,2017,66.34188987349695,51.294456932921975,41.38004,-74.03007,295,10,0.363,16.48125,3.03,2.1500000000000004,crs_ts,hypereu
NLA17_NY-10014,2017,61.48925412719029,53.86320636704313,44.73604,-74.06547,528,150,0.501,29.9525,6.22,0.45,ncp_ts,dys
NLA17_NY-10014,2017,61.48925412719029,53.86320636704313,44.73604,-74.06547,528,150,0.501,29.9525,6.22,0.45,chla_ts,meso
NLA17_NY-10014,2017,61.48925412719029,53.86320636704313,44.73604,-74.06547,528,150,0.501,29.9525,6.22,0.45,ptl_ts,eutro
NLA17_NY-10014,2017,61.48925412719029,53.86320636704313,44.73604,-74.06547,528,150,0.501,29.9525,6.22,0.45,sdd_ts,hypereu
NLA17_NY-10014,2017,61.48925412719029,53.86320636704313,44.73604,-74.06547,528,150,0.501,29.9525,6.22,0.45,rot_ts,meso-eutro
NLA17_NY-10014,2017,61.48925412719029,53.86320636704313,44.73604,-74.06547,528,150,0.501,29.9525,6.22,0.45,crs_ts,eutro
NLA17_NY-10016,2017,62.66178140684144,50.19457316510602,43.85124,-73.5951,421,2,0.228,10.49625,1.14,4.75,ncp_ts,oligo
NLA17_NY-10016,2017,62.66178140684144,50.19457316510602,43.85124,-73.5951,421,2,0.228,10.49625,1.14,4.75,chla_ts,oligo
NLA17_NY-10016,2017,62.66178140684144,50.19457316510602,43.85124,-73.5951,421,2,0.228,10.49625,1.14,4.75,ptl_ts,oligo
NLA17_NY-10016,2017,62.66178140684144,50.19457316510602,43.85124,-73.5951,421,2,0.228,10.49625,1.14,4.75,sdd_ts,oligo
NLA17_NY-10016,2017,62.66178140684144,50.19457316510602,43.85124,-73.5951,421,2,0.228,10.49625,1.14,4.75,rot_ts,meso-eutro
NLA17_NY-10016,2017,62.66178140684144,50.19457316510602,43.85124,-73.5951,421,2,0.228,10.49625,1.14,4.75,crs_ts,eutro
NLA17_NY-10017,2017,60.81039140624742,51.699158939180194,43.23406,-74.43414,742,29,0.209,3.84715,0.71,5.95,ncp_ts,dys
NLA17_NY-10017,2017,60.81039140624742,51.699158939180194,43.23406,-74.43414,742,29,0.209,3.84715,0.71,5.95,chla_ts,oligo
NLA17_NY-10017,2017,60.81039140624742,51.699158939180194,43.23406,-74.43414,742,29,0.209,3.84715,0.71,5.95,ptl_ts,oligo
NLA17_NY-10017,2017,60.81039140624742,51.699158939180194,43.23406,-74.43414,742,29,0.209,3.84715,0.71,5.95,sdd_ts,oligo
NLA17_NY-10017,2017,60.81039140624742,51.699158939180194,43.23406,-74.43414,742,29,0.209,3.84715,0.71,5.95,rot_ts,meso-eutro
NLA17_NY-10017,2017,60.81039140624742,51.699158939180194,43.23406,-74.43414,742,29,0.209,3.84715,0.71,5.95,crs_ts,eutro
NLA17_NY-10018,2017,61.01701820373847,54.73581963929817,41.58713,-74.38424,115,28,0.56,71.28875,24.4,1.35,ncp_ts,mixo
NLA17_NY-10018,2017,61.01701820373847,54.73581963929817,41.58713,-74.38424,115,28,0.56,71.28875,24.4,1.35,chla_ts,eutro
NLA17_NY-10018,2017,61.01701820373847,54.73581963929817,41.58713,-74.38424,115,28,0.56,71.28875,24.4,1.35,ptl_ts,eutro
NLA17_NY-10018,2017,61.01701820373847,54.73581963929817,41.58713,-74.38424,115,28,0.56,71.28875,24.4,1.35,sdd_ts,eutro
NLA17_NY-10018,2017,61.01701820373847,54.73581963929817,41.58713,-74.38424,115,28,0.56,71.28875,24.4,1.35,rot_ts,meso-eutro
NLA17_NY-10018,2017,61.01701820373847,54.73581963929817,41.58713,-74.38424,115,28,0.56,71.28875,24.4,1.35,crs_ts,eutro
NLA17_NY-10025,2017,66.37548325414235,28.919665944446937,42.88173,-76.39667,262,5,0.469,6.15875,0.31,7.25,ncp_ts,oligo
NLA17_NY-10025,2017,66.37548325414235,28.919665944446937,42.88173,-76.39667,262,5,0.469,6.15875,0.31,7.25,chla_ts,oligo
NLA17_NY-10025,2017,66.37548325414235,28.919665944446937,42.88173,-76.39667,262,5,0.469,6.15875,0.31,7.25,ptl_ts,oligo
NLA17_NY-10025,2017,66.37548325414235,28.919665944446937,42.88173,-76.39667,262,5,0.469,6.15875,0.31,7.25,sdd_ts,oligo
NLA17_NY-10025,2017,66.37548325414235,28.919665944446937,42.88173,-76.39667,262,5,0.469,6.15875,0.31,7.25,rot_ts,oligo-meso
NLA17_NY-10025,2017,66.37548325414235,28.919665944446937,42.88173,-76.39667,262,5,0.469,6.15875,0.31,7.25,crs_ts,hypereu
NLA17_NY-HP001,2017,61.90652665741696,53.880561220802115,43.4546224,-73.5900746,279.34,6,0.183,5.03,1.56,6.75,ncp_ts,oligo
NLA17_NY-HP001,2017,61.90652665741696,53.880561220802115,43.4546224,-73.5900746,279.34,6,0.183,5.03,1.56,6.75,chla_ts,oligo
NLA17_NY-HP001,2017,61.90652665741696,53.880561220802115,43.4546224,-73.5900746,279.34,6,0.183,5.03,1.56,6.75,ptl_ts,oligo
NLA17_NY-HP001,2017,61.90652665741696,53.880561220802115,43.4546224,-73.5900746,279.34,6,0.183,5.03,1.56,6.75,sdd_ts,oligo
NLA17_NY-HP001,2017,61.90652665741696,53.880561220802115,43.4546224,-73.5900746,279.34,6,0.183,5.03,1.56,6.75,rot_ts,meso-eutro
NLA17_NY-HP001,2017,61.90652665741696,53.880561220802115,43.4546224,-73.5900746,279.34,6,0.183,5.03,1.56,6.75,crs_ts,eutro
NLA17_NY-HP003,2017,61.59518261022458,54.376765207084375,44.348811,-74.401491,488.29,21,0.204,9.9325,5.17,2.6500000000000004,ncp_ts,dys
NLA17_NY-HP003,2017,61.59518261022458,54.376765207084375,44.348811,-74.401491,488.29,21,0.204,9.9325,5.17,2.6500000000000004,chla_ts,meso
NLA17_NY-HP003,2017,61.59518261022458,54.376765207084375,44.348811,-74.401491,488.29,21,0.204,9.9325,5.17,2.6500000000000004,ptl_ts,oligo
NLA17_NY-HP003,2017,61.59518261022458,54.376765207084375,44.348811,-74.401491,488.29,21,0.204,9.9325,5.17,2.6500000000000004,sdd_ts,meso
NLA17_NY-HP003,2017,61.59518261022458,54.376765207084375,44.348811,-74.401491,488.29,21,0.204,9.9325,5.17,2.6500000000000004,rot_ts,meso-eutro
NLA17_NY-HP003,2017,61.59518261022458,54.376765207084375,44.348811,-74.401491,488.29,21,0.204,9.9325,5.17,2.6500000000000004,crs_ts,eutro
NLA17_OH-10001,2017,67.50127601103478,56.87766291915781,40.36715,-83.05952,277,25.5,3.833,121.79044999999999,50.605000000000004,0.4,ncp_ts,mixo
NLA17_OH-10001,2017,67.50127601103478,56.87766291915781,40.36715,-83.05952,277,25.5,3.833,121.79044999999999,50.605000000000004,0.4,chla_ts,eutro
NLA17_OH-10001,2017,67.50127601103478,56.87766291915781,40.36715,-83.05952,277,25.5,3.833,121.79044999999999,50.605000000000004,0.4,ptl_ts,hypereu
NLA17_OH-10001,2017,67.50127601103478,56.87766291915781,40.36715,-83.05952,277,25.5,3.833,121.79044999999999,50.605000000000004,0.4,sdd_ts,hypereu
NLA17_OH-10001,2017,67.50127601103478,56.87766291915781,40.36715,-83.05952,277,25.5,3.833,121.79044999999999,50.605000000000004,0.4,rot_ts,eutro
NLA17_OH-10001,2017,67.50127601103478,56.87766291915781,40.36715,-83.05952,277,25.5,3.833,121.79044999999999,50.605000000000004,0.4,crs_ts,hypereu
NLA17_OH-10002,2017,63.52727878930343,51.294456932921975,41.08846,-82.72902,253,25,1.621,85.02125,49.12,0.75,ncp_ts,mixo
NLA17_OH-10002,2017,63.52727878930343,51.294456932921975,41.08846,-82.72902,253,25,1.621,85.02125,49.12,0.75,chla_ts,eutro
NLA17_OH-10002,2017,63.52727878930343,51.294456932921975,41.08846,-82.72902,253,25,1.621,85.02125,49.12,0.75,ptl_ts,eutro
NLA17_OH-10002,2017,63.52727878930343,51.294456932921975,41.08846,-82.72902,253,25,1.621,85.02125,49.12,0.75,sdd_ts,eutro
NLA17_OH-10002,2017,63.52727878930343,51.294456932921975,41.08846,-82.72902,253,25,1.621,85.02125,49.12,0.75,rot_ts,meso-eutro
NLA17_OH-10002,2017,63.52727878930343,51.294456932921975,41.08846,-82.72902,253,25,1.621,85.02125,49.12,0.75,crs_ts,eutro
NLA17_OH-10003,2017,68.643164772085,57.06303030312461,39.05604,-82.69067,211,7.5,0.20800000000000002,8.098125,3.665,2.6,ncp_ts,oligo
NLA17_OH-10003,2017,68.643164772085,57.06303030312461,39.05604,-82.69067,211,7.5,0.20800000000000002,8.098125,3.665,2.6,chla_ts,meso
NLA17_OH-10003,2017,68.643164772085,57.06303030312461,39.05604,-82.69067,211,7.5,0.20800000000000002,8.098125,3.665,2.6,ptl_ts,oligo
NLA17_OH-10003,2017,68.643164772085,57.06303030312461,39.05604,-82.69067,211,7.5,0.20800000000000002,8.098125,3.665,2.6,sdd_ts,meso
NLA17_OH-10003,2017,68.643164772085,57.06303030312461,39.05604,-82.69067,211,7.5,0.20800000000000002,8.098125,3.665,2.6,rot_ts,eutro
NLA17_OH-10003,2017,68.643164772085,57.06303030312461,39.05604,-82.69067,211,7.5,0.20800000000000002,8.098125,3.665,2.6,crs_ts,hypereu
NLA17_OH-10005,2017,63.019697387646445,49.67148140130729,39.65347,-82.47378,249,14,0.519,30.965,5.71,0.8500000000000001,ncp_ts,eutro
NLA17_OH-10005,2017,63.019697387646445,49.67148140130729,39.65347,-82.47378,249,14,0.519,30.965,5.71,0.8500000000000001,chla_ts,meso
NLA17_OH-10005,2017,63.019697387646445,49.67148140130729,39.65347,-82.47378,249,14,0.519,30.965,5.71,0.8500000000000001,ptl_ts,eutro
NLA17_OH-10005,2017,63.019697387646445,49.67148140130729,39.65347,-82.47378,249,14,0.519,30.965,5.71,0.8500000000000001,sdd_ts,eutro
NLA17_OH-10005,2017,63.019697387646445,49.67148140130729,39.65347,-82.47378,249,14,0.519,30.965,5.71,0.8500000000000001,rot_ts,meso-eutro
NLA17_OH-10005,2017,63.019697387646445,49.67148140130729,39.65347,-82.47378,249,14,0.519,30.965,5.71,0.8500000000000001,crs_ts,eutro
NLA17_OH-10007,2017,60.618795407841716,52.195362925462454,41.23823,-83.02039,231,16,2.575,26.82625,0.63,2.05,ncp_ts,oligo
NLA17_OH-10007,2017,60.618795407841716,52.195362925462454,41.23823,-83.02039,231,16,2.575,26.82625,0.63,2.05,chla_ts,oligo
NLA17_OH-10007,2017,60.618795407841716,52.195362925462454,41.23823,-83.02039,231,16,2.575,26.82625,0.63,2.05,ptl_ts,eutro
NLA17_OH-10007,2017,60.618795407841716,52.195362925462454,41.23823,-83.02039,231,16,2.575,26.82625,0.63,2.05,sdd_ts,meso
NLA17_OH-10007,2017,60.618795407841716,52.195362925462454,41.23823,-83.02039,231,16,2.575,26.82625,0.63,2.05,rot_ts,meso-eutro
NLA17_OH-10007,2017,60.618795407841716,52.195362925462454,41.23823,-83.02039,231,16,2.575,26.82625,0.63,2.05,crs_ts,eutro
NLA17_OH-10008,2017,60.26441410667099,52.13578313605333,39.66169,-84.64621,287,15,1.834,71.33875,49.8,0.55,ncp_ts,eutro
NLA17_OH-10008,2017,60.26441410667099,52.13578313605333,39.66169,-84.64621,287,15,1.834,71.33875,49.8,0.55,chla_ts,eutro
NLA17_OH-10008,2017,60.26441410667099,52.13578313605333,39.66169,-84.64621,287,15,1.834,71.33875,49.8,0.55,ptl_ts,eutro
NLA17_OH-10008,2017,60.26441410667099,52.13578313605333,39.66169,-84.64621,287,15,1.834,71.33875,49.8,0.55,sdd_ts,eutro
NLA17_OH-10008,2017,60.26441410667099,52.13578313605333,39.66169,-84.64621,287,15,1.834,71.33875,49.8,0.55,rot_ts,meso-eutro
NLA17_OH-10008,2017,60.26441410667099,52.13578313605333,39.66169,-84.64621,287,15,1.834,71.33875,49.8,0.55,crs_ts,eutro
NLA17_OH-10009,2017,64.43445312484813,53.897860271076496,40.31302,-84.63687,304,53,2.29,237.0775,64.16,0.25,ncp_ts,mixo
NLA17_OH-10009,2017,64.43445312484813,53.897860271076496,40.31302,-84.63687,304,53,2.29,237.0775,64.16,0.25,chla_ts,hypereu
NLA17_OH-10009,2017,64.43445312484813,53.897860271076496,40.31302,-84.63687,304,53,2.29,237.0775,64.16,0.25,ptl_ts,hypereu
NLA17_OH-10009,2017,64.43445312484813,53.897860271076496,40.31302,-84.63687,304,53,2.29,237.0775,64.16,0.25,sdd_ts,hypereu
NLA17_OH-10009,2017,64.43445312484813,53.897860271076496,40.31302,-84.63687,304,53,2.29,237.0775,64.16,0.25,rot_ts,meso-eutro
NLA17_OH-10009,2017,64.43445312484813,53.897860271076496,40.31302,-84.63687,304,53,2.29,237.0775,64.16,0.25,crs_ts,eutro
NLA17_OH-10013,2017,59.87615770621389,52.83166839529593,39.8734,-83.37433,293,26,1.171,176.175,63.36,0.55,ncp_ts,mixo
NLA17_OH-10013,2017,59.87615770621389,52.83166839529593,39.8734,-83.37433,293,26,1.171,176.175,63.36,0.55,chla_ts,hypereu
NLA17_OH-10013,2017,59.87615770621389,52.83166839529593,39.8734,-83.37433,293,26,1.171,176.175,63.36,0.55,ptl_ts,hypereu
NLA17_OH-10013,2017,59.87615770621389,52.83166839529593,39.8734,-83.37433,293,26,1.171,176.175,63.36,0.55,sdd_ts,eutro
NLA17_OH-10013,2017,59.87615770621389,52.83166839529593,39.8734,-83.37433,293,26,1.171,176.175,63.36,0.55,rot_ts,meso-eutro
NLA17_OH-10013,2017,59.87615770621389,52.83166839529593,39.8734,-83.37433,293,26,1.171,176.175,63.36,0.55,crs_ts,eutro
NLA17_OH-10016,2017,63.23168997245381,50.87199370737774,41.49185,-81.17701,348,35,1.735,170.41125,305.28,0.7,ncp_ts,mixo
NLA17_OH-10016,2017,63.23168997245381,50.87199370737774,41.49185,-81.17701,348,35,1.735,170.41125,305.28,0.7,chla_ts,hypereu
NLA17_OH-10016,2017,63.23168997245381,50.87199370737774,41.49185,-81.17701,348,35,1.735,170.41125,305.28,0.7,ptl_ts,hypereu
NLA17_OH-10016,2017,63.23168997245381,50.87199370737774,41.49185,-81.17701,348,35,1.735,170.41125,305.28,0.7,sdd_ts,eutro
NLA17_OH-10016,2017,63.23168997245381,50.87199370737774,41.49185,-81.17701,348,35,1.735,170.41125,305.28,0.7,rot_ts,meso-eutro
NLA17_OH-10016,2017,63.23168997245381,50.87199370737774,41.49185,-81.17701,348,35,1.735,170.41125,305.28,0.7,crs_ts,eutro
NLA17_OH-10023,2017,60.73419078570532,53.36259187305956,40.17664,-84.26522,274,32,1.76,157.94125,80.32,0.55,ncp_ts,mixo
NLA17_OH-10023,2017,60.73419078570532,53.36259187305956,40.17664,-84.26522,274,32,1.76,157.94125,80.32,0.55,chla_ts,hypereu
NLA17_OH-10023,2017,60.73419078570532,53.36259187305956,40.17664,-84.26522,274,32,1.76,157.94125,80.32,0.55,ptl_ts,hypereu
NLA17_OH-10023,2017,60.73419078570532,53.36259187305956,40.17664,-84.26522,274,32,1.76,157.94125,80.32,0.55,sdd_ts,eutro
NLA17_OH-10023,2017,60.73419078570532,53.36259187305956,40.17664,-84.26522,274,32,1.76,157.94125,80.32,0.55,rot_ts,meso-eutro
NLA17_OH-10023,2017,60.73419078570532,53.36259187305956,40.17664,-84.26522,274,32,1.76,157.94125,80.32,0.55,crs_ts,eutro
NLA17_OH-10024,2017,62.95832878223662,52.51733933359223,41.11052,-82.08387,259,55,3.944,175.50375,205.92,0.35,ncp_ts,mixo
NLA17_OH-10024,2017,62.95832878223662,52.51733933359223,41.11052,-82.08387,259,55,3.944,175.50375,205.92,0.35,chla_ts,hypereu
NLA17_OH-10024,2017,62.95832878223662,52.51733933359223,41.11052,-82.08387,259,55,3.944,175.50375,205.92,0.35,ptl_ts,hypereu
NLA17_OH-10024,2017,62.95832878223662,52.51733933359223,41.11052,-82.08387,259,55,3.944,175.50375,205.92,0.35,sdd_ts,hypereu
NLA17_OH-10024,2017,62.95832878223662,52.51733933359223,41.11052,-82.08387,259,55,3.944,175.50375,205.92,0.35,rot_ts,meso-eutro
NLA17_OH-10024,2017,62.95832878223662,52.51733933359223,41.11052,-82.08387,259,55,3.944,175.50375,205.92,0.35,crs_ts,eutro
NLA17_OH-10027,2017,64.56738909497113,57.52675428999699,40.79017,-80.98123,378,35,0.903,55.1575,19.04,1.15,ncp_ts,mixo
NLA17_OH-10027,2017,64.56738909497113,57.52675428999699,40.79017,-80.98123,378,35,0.903,55.1575,19.04,1.15,chla_ts,eutro
NLA17_OH-10027,2017,64.56738909497113,57.52675428999699,40.79017,-80.98123,378,35,0.903,55.1575,19.04,1.15,ptl_ts,eutro
NLA17_OH-10027,2017,64.56738909497113,57.52675428999699,40.79017,-80.98123,378,35,0.903,55.1575,19.04,1.15,sdd_ts,eutro
NLA17_OH-10027,2017,64.56738909497113,57.52675428999699,40.79017,-80.98123,378,35,0.903,55.1575,19.04,1.15,rot_ts,eutro
NLA17_OH-10027,2017,64.56738909497113,57.52675428999699,40.79017,-80.98123,378,35,0.903,55.1575,19.04,1.15,crs_ts,eutro
NLA17_OH-10028,2017,46.986282405621346,53.72231451839226,41.59368,-84.61952,256,18,0.773,28.1525,11.47,1.75,ncp_ts,oligo
NLA17_OH-10028,2017,46.986282405621346,53.72231451839226,41.59368,-84.61952,256,18,0.773,28.1525,11.47,1.75,chla_ts,eutro
NLA17_OH-10028,2017,46.986282405621346,53.72231451839226,41.59368,-84.61952,256,18,0.773,28.1525,11.47,1.75,ptl_ts,eutro
NLA17_OH-10028,2017,46.986282405621346,53.72231451839226,41.59368,-84.61952,256,18,0.773,28.1525,11.47,1.75,sdd_ts,eutro
NLA17_OH-10028,2017,46.986282405621346,53.72231451839226,41.59368,-84.61952,256,18,0.773,28.1525,11.47,1.75,rot_ts,meso-eutro
NLA17_OH-10028,2017,46.986282405621346,53.72231451839226,41.59368,-84.61952,256,18,0.773,28.1525,11.47,1.75,crs_ts,meso-eutro
NLA17_OH-10029,2017,62.803306284806055,51.00668780788567,39.55763,-84.75395,288,20,0.934,70.7675,25.76,1.15,ncp_ts,eutro
NLA17_OH-10029,2017,62.803306284806055,51.00668780788567,39.55763,-84.75395,288,20,0.934,70.7675,25.76,1.15,chla_ts,eutro
NLA17_OH-10029,2017,62.803306284806055,51.00668780788567,39.55763,-84.75395,288,20,0.934,70.7675,25.76,1.15,ptl_ts,eutro
NLA17_OH-10029,2017,62.803306284806055,51.00668780788567,39.55763,-84.75395,288,20,0.934,70.7675,25.76,1.15,sdd_ts,eutro
NLA17_OH-10029,2017,62.803306284806055,51.00668780788567,39.55763,-84.75395,288,20,0.934,70.7675,25.76,1.15,rot_ts,meso-eutro
NLA17_OH-10029,2017,62.803306284806055,51.00668780788567,39.55763,-84.75395,288,20,0.934,70.7675,25.76,1.15,crs_ts,eutro
NLA17_OH-10031,2017,63.7293526838258,50.764849341186675,40.99201,-81.17462,331,24,1.928,145.78375,62.4,0.25,ncp_ts,mixo
NLA17_OH-10031,2017,63.7293526838258,50.764849341186675,40.99201,-81.17462,331,24,1.928,145.78375,62.4,0.25,chla_ts,hypereu
NLA17_OH-10031,2017,63.7293526838258,50.764849341186675,40.99201,-81.17462,331,24,1.928,145.78375,62.4,0.25,ptl_ts,hypereu
NLA17_OH-10031,2017,63.7293526838258,50.764849341186675,40.99201,-81.17462,331,24,1.928,145.78375,62.4,0.25,sdd_ts,hypereu
NLA17_OH-10031,2017,63.7293526838258,50.764849341186675,40.99201,-81.17462,331,24,1.928,145.78375,62.4,0.25,rot_ts,meso-eutro
NLA17_OH-10031,2017,63.7293526838258,50.764849341186675,40.99201,-81.17462,331,24,1.928,145.78375,62.4,0.25,crs_ts,eutro
NLA17_OH-10038,2017,62.02509244732254,53.11866977149041,40.24381,-81.22176,272,5,0.873,27.845,42.08,0.55,ncp_ts,oligo
NLA17_OH-10038,2017,62.02509244732254,53.11866977149041,40.24381,-81.22176,272,5,0.873,27.845,42.08,0.55,chla_ts,eutro
NLA17_OH-10038,2017,62.02509244732254,53.11866977149041,40.24381,-81.22176,272,5,0.873,27.845,42.08,0.55,ptl_ts,eutro
NLA17_OH-10038,2017,62.02509244732254,53.11866977149041,40.24381,-81.22176,272,5,0.873,27.845,42.08,0.55,sdd_ts,eutro
NLA17_OH-10038,2017,62.02509244732254,53.11866977149041,40.24381,-81.22176,272,5,0.873,27.845,42.08,0.55,rot_ts,meso-eutro
NLA17_OH-10038,2017,62.02509244732254,53.11866977149041,40.24381,-81.22176,272,5,0.873,27.845,42.08,0.55,crs_ts,eutro
NLA17_OH-HP001,2017,61.31021793199178,52.33571871159597,41.1781,-81.3108,321.09,15,0.504,13.75125,5.02,3.125,ncp_ts,oligo
NLA17_OH-HP001,2017,61.31021793199178,52.33571871159597,41.1781,-81.3108,321.09,15,0.504,13.75125,5.02,3.125,chla_ts,meso
NLA17_OH-HP001,2017,61.31021793199178,52.33571871159597,41.1781,-81.3108,321.09,15,0.504,13.75125,5.02,3.125,ptl_ts,meso
NLA17_OH-HP001,2017,61.31021793199178,52.33571871159597,41.1781,-81.3108,321.09,15,0.504,13.75125,5.02,3.125,sdd_ts,meso
NLA17_OH-HP001,2017,61.31021793199178,52.33571871159597,41.1781,-81.3108,321.09,15,0.504,13.75125,5.02,3.125,rot_ts,meso-eutro
NLA17_OH-HP001,2017,61.31021793199178,52.33571871159597,41.1781,-81.3108,321.09,15,0.504,13.75125,5.02,3.125,crs_ts,eutro
NLA17_OK-10001,2017,64.8926758804753,57.16279475121608,34.9645,-96.70763,281,10,0.7715,49.79625,21.255000000000003,0.9175,ncp_ts,eutro
NLA17_OK-10001,2017,64.8926758804753,57.16279475121608,34.9645,-96.70763,281,10,0.7715,49.79625,21.255000000000003,0.9175,chla_ts,eutro
NLA17_OK-10001,2017,64.8926758804753,57.16279475121608,34.9645,-96.70763,281,10,0.7715,49.79625,21.255000000000003,0.9175,ptl_ts,eutro
NLA17_OK-10001,2017,64.8926758804753,57.16279475121608,34.9645,-96.70763,281,10,0.7715,49.79625,21.255000000000003,0.9175,sdd_ts,eutro
NLA17_OK-10001,2017,64.8926758804753,57.16279475121608,34.9645,-96.70763,281,10,0.7715,49.79625,21.255000000000003,0.9175,rot_ts,eutro
NLA17_OK-10001,2017,64.8926758804753,57.16279475121608,34.9645,-96.70763,281,10,0.7715,49.79625,21.255000000000003,0.9175,crs_ts,eutro
NLA17_OK-10002,2017,55.39794883772541,53.784409189560385,36.16156,-96.29591,220,10,0.681,154.89,20.16,1.1,ncp_ts,eutro
NLA17_OK-10002,2017,55.39794883772541,53.784409189560385,36.16156,-96.29591,220,10,0.681,154.89,20.16,1.1,chla_ts,eutro
NLA17_OK-10002,2017,55.39794883772541,53.784409189560385,36.16156,-96.29591,220,10,0.681,154.89,20.16,1.1,ptl_ts,hypereu
NLA17_OK-10002,2017,55.39794883772541,53.784409189560385,36.16156,-96.29591,220,10,0.681,154.89,20.16,1.1,sdd_ts,eutro
NLA17_OK-10002,2017,55.39794883772541,53.784409189560385,36.16156,-96.29591,220,10,0.681,154.89,20.16,1.1,rot_ts,meso-eutro
NLA17_OK-10002,2017,55.39794883772541,53.784409189560385,36.16156,-96.29591,220,10,0.681,154.89,20.16,1.1,crs_ts,eutro
NLA17_OK-10003,2017,62.724919650376876,51.63378753951027,35.49939,-97.67806,378,22,0.675,98.37875,25.92,0.3,ncp_ts,mixo
NLA17_OK-10003,2017,62.724919650376876,51.63378753951027,35.49939,-97.67806,378,22,0.675,98.37875,25.92,0.3,chla_ts,eutro
NLA17_OK-10003,2017,62.724919650376876,51.63378753951027,35.49939,-97.67806,378,22,0.675,98.37875,25.92,0.3,ptl_ts,hypereu
NLA17_OK-10003,2017,62.724919650376876,51.63378753951027,35.49939,-97.67806,378,22,0.675,98.37875,25.92,0.3,sdd_ts,hypereu
NLA17_OK-10003,2017,62.724919650376876,51.63378753951027,35.49939,-97.67806,378,22,0.675,98.37875,25.92,0.3,rot_ts,meso-eutro
NLA17_OK-10003,2017,62.724919650376876,51.63378753951027,35.49939,-97.67806,378,22,0.675,98.37875,25.92,0.3,crs_ts,eutro
NLA17_OK-10004,2017,61.9744462860207,51.686148050130356,36.70544,-96.41911,266,30,0.376,34.5725,10.82,0.6,ncp_ts,mixo
NLA17_OK-10004,2017,61.9744462860207,51.686148050130356,36.70544,-96.41911,266,30,0.376,34.5725,10.82,0.6,chla_ts,eutro
NLA17_OK-10004,2017,61.9744462860207,51.686148050130356,36.70544,-96.41911,266,30,0.376,34.5725,10.82,0.6,ptl_ts,eutro
NLA17_OK-10004,2017,61.9744462860207,51.686148050130356,36.70544,-96.41911,266,30,0.376,34.5725,10.82,0.6,sdd_ts,eutro
NLA17_OK-10004,2017,61.9744462860207,51.686148050130356,36.70544,-96.41911,266,30,0.376,34.5725,10.82,0.6,rot_ts,meso-eutro
NLA17_OK-10004,2017,61.9744462860207,51.686148050130356,36.70544,-96.41911,266,30,0.376,34.5725,10.82,0.6,crs_ts,eutro
NLA17_OK-10005,2017,63.12623137386056,48.466231094049945,34.72904,-97.77302,353,8,0.611,12.93125,1.61,2.355,ncp_ts,oligo
NLA17_OK-10005,2017,63.12623137386056,48.466231094049945,34.72904,-97.77302,353,8,0.611,12.93125,1.61,2.355,chla_ts,oligo
NLA17_OK-10005,2017,63.12623137386056,48.466231094049945,34.72904,-97.77302,353,8,0.611,12.93125,1.61,2.355,ptl_ts,meso
NLA17_OK-10005,2017,63.12623137386056,48.466231094049945,34.72904,-97.77302,353,8,0.611,12.93125,1.61,2.355,sdd_ts,meso
NLA17_OK-10005,2017,63.12623137386056,48.466231094049945,34.72904,-97.77302,353,8,0.611,12.93125,1.61,2.355,rot_ts,meso-eutro
NLA17_OK-10005,2017,63.12623137386056,48.466231094049945,34.72904,-97.77302,353,8,0.611,12.93125,1.61,2.355,crs_ts,eutro
NLA17_OK-10006,2017,64.93105546954263,52.51733933359223,35.52878,-98.02612,418,65,2.058,561.47375,22.29,0.15,ncp_ts,mixo
NLA17_OK-10006,2017,64.93105546954263,52.51733933359223,35.52878,-98.02612,418,65,2.058,561.47375,22.29,0.15,chla_ts,eutro
NLA17_OK-10006,2017,64.93105546954263,52.51733933359223,35.52878,-98.02612,418,65,2.058,561.47375,22.29,0.15,ptl_ts,hypereu
NLA17_OK-10006,2017,64.93105546954263,52.51733933359223,35.52878,-98.02612,418,65,2.058,561.47375,22.29,0.15,sdd_ts,hypereu
NLA17_OK-10006,2017,64.93105546954263,52.51733933359223,35.52878,-98.02612,418,65,2.058,561.47375,22.29,0.15,rot_ts,meso-eutro
NLA17_OK-10006,2017,64.93105546954263,52.51733933359223,35.52878,-98.02612,418,65,2.058,561.47375,22.29,0.15,crs_ts,eutro
NLA17_OK-10007,2017,63.75790663577102,49.258188693116374,36.11466,-98.59889,492,5,0.818,47.00625,16.56,0.7,ncp_ts,eutro
NLA17_OK-10007,2017,63.75790663577102,49.258188693116374,36.11466,-98.59889,492,5,0.818,47.00625,16.56,0.7,chla_ts,eutro
NLA17_OK-10007,2017,63.75790663577102,49.258188693116374,36.11466,-98.59889,492,5,0.818,47.00625,16.56,0.7,ptl_ts,eutro
NLA17_OK-10007,2017,63.75790663577102,49.258188693116374,36.11466,-98.59889,492,5,0.818,47.00625,16.56,0.7,sdd_ts,eutro
NLA17_OK-10007,2017,63.75790663577102,49.258188693116374,36.11466,-98.59889,492,5,0.818,47.00625,16.56,0.7,rot_ts,meso-eutro
NLA17_OK-10007,2017,63.75790663577102,49.258188693116374,36.11466,-98.59889,492,5,0.818,47.00625,16.56,0.7,crs_ts,eutro
NLA17_OK-10008,2017,62.30746674034203,51.66003149398974,36.81637,-96.04201,230,30,0.513,36.75875,12.59,0.8500000000000001,ncp_ts,mixo
NLA17_OK-10008,2017,62.30746674034203,51.66003149398974,36.81637,-96.04201,230,30,0.513,36.75875,12.59,0.8500000000000001,chla_ts,eutro
NLA17_OK-10008,2017,62.30746674034203,51.66003149398974,36.81637,-96.04201,230,30,0.513,36.75875,12.59,0.8500000000000001,ptl_ts,eutro
NLA17_OK-10008,2017,62.30746674034203,51.66003149398974,36.81637,-96.04201,230,30,0.513,36.75875,12.59,0.8500000000000001,sdd_ts,eutro
NLA17_OK-10008,2017,62.30746674034203,51.66003149398974,36.81637,-96.04201,230,30,0.513,36.75875,12.59,0.8500000000000001,rot_ts,meso-eutro
NLA17_OK-10008,2017,62.30746674034203,51.66003149398974,36.81637,-96.04201,230,30,0.513,36.75875,12.59,0.8500000000000001,crs_ts,eutro
NLA17_OK-10009,2017,65.57546771281012,49.04963544935406,34.28857,-97.16539,245,1,0.595,28.91,16.64,0.6699999999999999,ncp_ts,oligo
NLA17_OK-10009,2017,65.57546771281012,49.04963544935406,34.28857,-97.16539,245,1,0.595,28.91,16.64,0.6699999999999999,chla_ts,eutro
NLA17_OK-10009,2017,65.57546771281012,49.04963544935406,34.28857,-97.16539,245,1,0.595,28.91,16.64,0.6699999999999999,ptl_ts,eutro
NLA17_OK-10009,2017,65.57546771281012,49.04963544935406,34.28857,-97.16539,245,1,0.595,28.91,16.64,0.6699999999999999,sdd_ts,eutro
NLA17_OK-10009,2017,65.57546771281012,49.04963544935406,34.28857,-97.16539,245,1,0.595,28.91,16.64,0.6699999999999999,rot_ts,meso-eutro
NLA17_OK-10009,2017,65.57546771281012,49.04963544935406,34.28857,-97.16539,245,1,0.595,28.91,16.64,0.6699999999999999,crs_ts,hypereu
NLA17_OK-10010,2017,48.23403135657017,50.17735715041502,35.99293,-96.87368,255,20,0.888,176.37125,30,0.20500000000000002,ncp_ts,eutro
NLA17_OK-10010,2017,48.23403135657017,50.17735715041502,35.99293,-96.87368,255,20,0.888,176.37125,30,0.20500000000000002,chla_ts,eutro
NLA17_OK-10010,2017,48.23403135657017,50.17735715041502,35.99293,-96.87368,255,20,0.888,176.37125,30,0.20500000000000002,ptl_ts,hypereu
NLA17_OK-10010,2017,48.23403135657017,50.17735715041502,35.99293,-96.87368,255,20,0.888,176.37125,30,0.20500000000000002,sdd_ts,hypereu
NLA17_OK-10010,2017,48.23403135657017,50.17735715041502,35.99293,-96.87368,255,20,0.888,176.37125,30,0.20500000000000002,rot_ts,meso-eutro
NLA17_OK-10010,2017,48.23403135657017,50.17735715041502,35.99293,-96.87368,255,20,0.888,176.37125,30,0.20500000000000002,crs_ts,meso-eutro
NLA17_OK-10011,2017,62.94293000266777,53.32429989646307,35.17875,-99.07525,497,15,1.536,250.3025,117.6,0.2,ncp_ts,eutro
NLA17_OK-10011,2017,62.94293000266777,53.32429989646307,35.17875,-99.07525,497,15,1.536,250.3025,117.6,0.2,chla_ts,hypereu
NLA17_OK-10011,2017,62.94293000266777,53.32429989646307,35.17875,-99.07525,497,15,1.536,250.3025,117.6,0.2,ptl_ts,hypereu
NLA17_OK-10011,2017,62.94293000266777,53.32429989646307,35.17875,-99.07525,497,15,1.536,250.3025,117.6,0.2,sdd_ts,hypereu
NLA17_OK-10011,2017,62.94293000266777,53.32429989646307,35.17875,-99.07525,497,15,1.536,250.3025,117.6,0.2,rot_ts,meso-eutro
NLA17_OK-10011,2017,62.94293000266777,53.32429989646307,35.17875,-99.07525,497,15,1.536,250.3025,117.6,0.2,crs_ts,eutro
NLA17_OK-10012,2017,69.98502817232982,54.008968270769856,35.83085,-97.27031,309,14,0.7535000000000001,31.0275,14.8,0.7375,ncp_ts,eutro
NLA17_OK-10012,2017,69.98502817232982,54.008968270769856,35.83085,-97.27031,309,14,0.7535000000000001,31.0275,14.8,0.7375,chla_ts,eutro
NLA17_OK-10012,2017,69.98502817232982,54.008968270769856,35.83085,-97.27031,309,14,0.7535000000000001,31.0275,14.8,0.7375,ptl_ts,eutro
NLA17_OK-10012,2017,69.98502817232982,54.008968270769856,35.83085,-97.27031,309,14,0.7535000000000001,31.0275,14.8,0.7375,sdd_ts,eutro
NLA17_OK-10012,2017,69.98502817232982,54.008968270769856,35.83085,-97.27031,309,14,0.7535000000000001,31.0275,14.8,0.7375,rot_ts,meso-eutro
NLA17_OK-10012,2017,69.98502817232982,54.008968270769856,35.83085,-97.27031,309,14,0.7535000000000001,31.0275,14.8,0.7375,crs_ts,hypereu
NLA17_OK-10013,2017,64.19090829861258,51.065486207348854,35.4454,-99.29046,552,25,1.484,571.2225,25.12,0.6,ncp_ts,mixo
NLA17_OK-10013,2017,64.19090829861258,51.065486207348854,35.4454,-99.29046,552,25,1.484,571.2225,25.12,0.6,chla_ts,eutro
NLA17_OK-10013,2017,64.19090829861258,51.065486207348854,35.4454,-99.29046,552,25,1.484,571.2225,25.12,0.6,ptl_ts,hypereu
NLA17_OK-10013,2017,64.19090829861258,51.065486207348854,35.4454,-99.29046,552,25,1.484,571.2225,25.12,0.6,sdd_ts,eutro
NLA17_OK-10013,2017,64.19090829861258,51.065486207348854,35.4454,-99.29046,552,25,1.484,571.2225,25.12,0.6,rot_ts,meso-eutro
NLA17_OK-10013,2017,64.19090829861258,51.065486207348854,35.4454,-99.29046,552,25,1.484,571.2225,25.12,0.6,crs_ts,eutro
NLA17_OK-10014,2017,62.20868755515376,54.89599385113332,34.22828,-96.41862,212,20,0.66,20.67375,6.88,1.7,ncp_ts,oligo
NLA17_OK-10014,2017,62.20868755515376,54.89599385113332,34.22828,-96.41862,212,20,0.66,20.67375,6.88,1.7,chla_ts,meso
NLA17_OK-10014,2017,62.20868755515376,54.89599385113332,34.22828,-96.41862,212,20,0.66,20.67375,6.88,1.7,ptl_ts,meso
NLA17_OK-10014,2017,62.20868755515376,54.89599385113332,34.22828,-96.41862,212,20,0.66,20.67375,6.88,1.7,sdd_ts,eutro
NLA17_OK-10014,2017,62.20868755515376,54.89599385113332,34.22828,-96.41862,212,20,0.66,20.67375,6.88,1.7,rot_ts,meso-eutro
NLA17_OK-10014,2017,62.20868755515376,54.89599385113332,34.22828,-96.41862,212,20,0.66,20.67375,6.88,1.7,crs_ts,eutro
NLA17_OK-10015,2017,57.76843412272525,53.92370499651853,35.45432,-94.98689,140,15,1.285,242.355,63.29,0.28,ncp_ts,eutro
NLA17_OK-10015,2017,57.76843412272525,53.92370499651853,35.45432,-94.98689,140,15,1.285,242.355,63.29,0.28,chla_ts,hypereu
NLA17_OK-10015,2017,57.76843412272525,53.92370499651853,35.45432,-94.98689,140,15,1.285,242.355,63.29,0.28,ptl_ts,hypereu
NLA17_OK-10015,2017,57.76843412272525,53.92370499651853,35.45432,-94.98689,140,15,1.285,242.355,63.29,0.28,sdd_ts,hypereu
NLA17_OK-10015,2017,57.76843412272525,53.92370499651853,35.45432,-94.98689,140,15,1.285,242.355,63.29,0.28,rot_ts,meso-eutro
NLA17_OK-10015,2017,57.76843412272525,53.92370499651853,35.45432,-94.98689,140,15,1.285,242.355,63.29,0.28,crs_ts,eutro
NLA17_OK-10019,2017,63.11107862474535,52.83166839529593,35.75334,-97.86541,352,40,2.608,1072.803,64.8,0.125,ncp_ts,mixo
NLA17_OK-10019,2017,63.11107862474535,52.83166839529593,35.75334,-97.86541,352,40,2.608,1072.803,64.8,0.125,chla_ts,hypereu
NLA17_OK-10019,2017,63.11107862474535,52.83166839529593,35.75334,-97.86541,352,40,2.608,1072.803,64.8,0.125,ptl_ts,hypereu
NLA17_OK-10019,2017,63.11107862474535,52.83166839529593,35.75334,-97.86541,352,40,2.608,1072.803,64.8,0.125,sdd_ts,hypereu
NLA17_OK-10019,2017,63.11107862474535,52.83166839529593,35.75334,-97.86541,352,40,2.608,1072.803,64.8,0.125,rot_ts,meso-eutro
NLA17_OK-10019,2017,63.11107862474535,52.83166839529593,35.75334,-97.86541,352,40,2.608,1072.803,64.8,0.125,crs_ts,eutro
NLA17_OK-10021,2017,68.4312847541486,38.70673837002593,34.64651,-98.00002,372,25,0.895,41.84,10.94,1.8450000000000002,ncp_ts,mixo
NLA17_OK-10021,2017,68.4312847541486,38.70673837002593,34.64651,-98.00002,372,25,0.895,41.84,10.94,1.8450000000000002,chla_ts,eutro
NLA17_OK-10021,2017,68.4312847541486,38.70673837002593,34.64651,-98.00002,372,25,0.895,41.84,10.94,1.8450000000000002,ptl_ts,eutro
NLA17_OK-10021,2017,68.4312847541486,38.70673837002593,34.64651,-98.00002,372,25,0.895,41.84,10.94,1.8450000000000002,sdd_ts,eutro
NLA17_OK-10021,2017,68.4312847541486,38.70673837002593,34.64651,-98.00002,372,25,0.895,41.84,10.94,1.8450000000000002,rot_ts,oligo-meso
NLA17_OK-10021,2017,68.4312847541486,38.70673837002593,34.64651,-98.00002,372,25,0.895,41.84,10.94,1.8450000000000002,crs_ts,hypereu
NLA17_OK-10022,2017,62.55035574809769,50.54393854221465,36.12308,-95.53258,172,22,0.953,85.8,32.8,0.42500000000000004,ncp_ts,mixo
NLA17_OK-10022,2017,62.55035574809769,50.54393854221465,36.12308,-95.53258,172,22,0.953,85.8,32.8,0.42500000000000004,chla_ts,eutro
NLA17_OK-10022,2017,62.55035574809769,50.54393854221465,36.12308,-95.53258,172,22,0.953,85.8,32.8,0.42500000000000004,ptl_ts,eutro
NLA17_OK-10022,2017,62.55035574809769,50.54393854221465,36.12308,-95.53258,172,22,0.953,85.8,32.8,0.42500000000000004,sdd_ts,hypereu
NLA17_OK-10022,2017,62.55035574809769,50.54393854221465,36.12308,-95.53258,172,22,0.953,85.8,32.8,0.42500000000000004,rot_ts,meso-eutro
NLA17_OK-10022,2017,62.55035574809769,50.54393854221465,36.12308,-95.53258,172,22,0.953,85.8,32.8,0.42500000000000004,crs_ts,eutro
NLA17_OK-10033,2017,61.10955894675964,50.73384060981056,35.5232,-96.31117,235,19,0.549,23.41875,8.59,1.2650000000000001,ncp_ts,oligo
NLA17_OK-10033,2017,61.10955894675964,50.73384060981056,35.5232,-96.31117,235,19,0.549,23.41875,8.59,1.2650000000000001,chla_ts,eutro
NLA17_OK-10033,2017,61.10955894675964,50.73384060981056,35.5232,-96.31117,235,19,0.549,23.41875,8.59,1.2650000000000001,ptl_ts,meso
NLA17_OK-10033,2017,61.10955894675964,50.73384060981056,35.5232,-96.31117,235,19,0.549,23.41875,8.59,1.2650000000000001,sdd_ts,eutro
NLA17_OK-10033,2017,61.10955894675964,50.73384060981056,35.5232,-96.31117,235,19,0.549,23.41875,8.59,1.2650000000000001,rot_ts,meso-eutro
NLA17_OK-10033,2017,61.10955894675964,50.73384060981056,35.5232,-96.31117,235,19,0.549,23.41875,8.59,1.2650000000000001,crs_ts,eutro
NLA17_OK-10035,2017,51.64492538571166,53.992023374872275,36.36073,-96.14653,217,12,0.478,11.9575,8.97,1.65,ncp_ts,oligo
NLA17_OK-10035,2017,51.64492538571166,53.992023374872275,36.36073,-96.14653,217,12,0.478,11.9575,8.97,1.65,chla_ts,eutro
NLA17_OK-10035,2017,51.64492538571166,53.992023374872275,36.36073,-96.14653,217,12,0.478,11.9575,8.97,1.65,ptl_ts,oligo
NLA17_OK-10035,2017,51.64492538571166,53.992023374872275,36.36073,-96.14653,217,12,0.478,11.9575,8.97,1.65,sdd_ts,eutro
NLA17_OK-10035,2017,51.64492538571166,53.992023374872275,36.36073,-96.14653,217,12,0.478,11.9575,8.97,1.65,rot_ts,meso-eutro
NLA17_OK-10035,2017,51.64492538571166,53.992023374872275,36.36073,-96.14653,217,12,0.478,11.9575,8.97,1.65,crs_ts,meso-eutro
NLA17_OK-10045,2017,62.14230438836492,52.821129704364836,34.9767,-95.34763,220,42,0.525,40.3925,21.6,0.8500000000000001,ncp_ts,mixo
NLA17_OK-10045,2017,62.14230438836492,52.821129704364836,34.9767,-95.34763,220,42,0.525,40.3925,21.6,0.8500000000000001,chla_ts,eutro
NLA17_OK-10045,2017,62.14230438836492,52.821129704364836,34.9767,-95.34763,220,42,0.525,40.3925,21.6,0.8500000000000001,ptl_ts,eutro
NLA17_OK-10045,2017,62.14230438836492,52.821129704364836,34.9767,-95.34763,220,42,0.525,40.3925,21.6,0.8500000000000001,sdd_ts,eutro
NLA17_OK-10045,2017,62.14230438836492,52.821129704364836,34.9767,-95.34763,220,42,0.525,40.3925,21.6,0.8500000000000001,rot_ts,meso-eutro
NLA17_OK-10045,2017,62.14230438836492,52.821129704364836,34.9767,-95.34763,220,42,0.525,40.3925,21.6,0.8500000000000001,crs_ts,eutro
NLA17_OK-10050,2017,54.812958654607264,49.1549225668783,36.18536,-96.96621,292,55,0.849,49.24875,25.12,0.91,ncp_ts,mixo
NLA17_OK-10050,2017,54.812958654607264,49.1549225668783,36.18536,-96.96621,292,55,0.849,49.24875,25.12,0.91,chla_ts,eutro
NLA17_OK-10050,2017,54.812958654607264,49.1549225668783,36.18536,-96.96621,292,55,0.849,49.24875,25.12,0.91,ptl_ts,eutro
NLA17_OK-10050,2017,54.812958654607264,49.1549225668783,36.18536,-96.96621,292,55,0.849,49.24875,25.12,0.91,sdd_ts,eutro
NLA17_OK-10050,2017,54.812958654607264,49.1549225668783,36.18536,-96.96621,292,55,0.849,49.24875,25.12,0.91,rot_ts,meso-eutro
NLA17_OK-10050,2017,54.812958654607264,49.1549225668783,36.18536,-96.96621,292,55,0.849,49.24875,25.12,0.91,crs_ts,meso-eutro
NLA17_OK-10055,2017,64.7117336749516,46.51676127768508,35.07412,-97.74789,362,18,0.585,17.7675,3.38,2.7,ncp_ts,oligo
NLA17_OK-10055,2017,64.7117336749516,46.51676127768508,35.07412,-97.74789,362,18,0.585,17.7675,3.38,2.7,chla_ts,meso
NLA17_OK-10055,2017,64.7117336749516,46.51676127768508,35.07412,-97.74789,362,18,0.585,17.7675,3.38,2.7,ptl_ts,meso
NLA17_OK-10055,2017,64.7117336749516,46.51676127768508,35.07412,-97.74789,362,18,0.585,17.7675,3.38,2.7,sdd_ts,meso
NLA17_OK-10055,2017,64.7117336749516,46.51676127768508,35.07412,-97.74789,362,18,0.585,17.7675,3.38,2.7,rot_ts,meso-eutro
NLA17_OK-10055,2017,64.7117336749516,46.51676127768508,35.07412,-97.74789,362,18,0.585,17.7675,3.38,2.7,crs_ts,eutro
NLA17_OK-10066,2017,61.54235607662977,54.01742074697824,36.47332,-96.35644,242,54,0.833,132.68875,24.3,0.15000000000000002,ncp_ts,mixo
NLA17_OK-10066,2017,61.54235607662977,54.01742074697824,36.47332,-96.35644,242,54,0.833,132.68875,24.3,0.15000000000000002,chla_ts,eutro
NLA17_OK-10066,2017,61.54235607662977,54.01742074697824,36.47332,-96.35644,242,54,0.833,132.68875,24.3,0.15000000000000002,ptl_ts,hypereu
NLA17_OK-10066,2017,61.54235607662977,54.01742074697824,36.47332,-96.35644,242,54,0.833,132.68875,24.3,0.15000000000000002,sdd_ts,hypereu
NLA17_OK-10066,2017,61.54235607662977,54.01742074697824,36.47332,-96.35644,242,54,0.833,132.68875,24.3,0.15000000000000002,rot_ts,meso-eutro
NLA17_OK-10066,2017,61.54235607662977,54.01742074697824,36.47332,-96.35644,242,54,0.833,132.68875,24.3,0.15000000000000002,crs_ts,eutro
NLA17_OK-10082,2017,66.49778784916138,51.80212858951374,35.74527,-96.02394,239,20,0.586,29.76125,11.82,0.108,ncp_ts,oligo
NLA17_OK-10082,2017,66.49778784916138,51.80212858951374,35.74527,-96.02394,239,20,0.586,29.76125,11.82,0.108,chla_ts,eutro
NLA17_OK-10082,2017,66.49778784916138,51.80212858951374,35.74527,-96.02394,239,20,0.586,29.76125,11.82,0.108,ptl_ts,eutro
NLA17_OK-10082,2017,66.49778784916138,51.80212858951374,35.74527,-96.02394,239,20,0.586,29.76125,11.82,0.108,sdd_ts,hypereu
NLA17_OK-10082,2017,66.49778784916138,51.80212858951374,35.74527,-96.02394,239,20,0.586,29.76125,11.82,0.108,rot_ts,meso-eutro
NLA17_OK-10082,2017,66.49778784916138,51.80212858951374,35.74527,-96.02394,239,20,0.586,29.76125,11.82,0.108,crs_ts,hypereu
NLA17_OK-10083,2017,64.5011280404693,50.037609033565474,35.40102,-97.78497,400,30,1.905,103.97375,92.19,0.35,ncp_ts,mixo
NLA17_OK-10083,2017,64.5011280404693,50.037609033565474,35.40102,-97.78497,400,30,1.905,103.97375,92.19,0.35,chla_ts,hypereu
NLA17_OK-10083,2017,64.5011280404693,50.037609033565474,35.40102,-97.78497,400,30,1.905,103.97375,92.19,0.35,ptl_ts,hypereu
NLA17_OK-10083,2017,64.5011280404693,50.037609033565474,35.40102,-97.78497,400,30,1.905,103.97375,92.19,0.35,sdd_ts,hypereu
NLA17_OK-10083,2017,64.5011280404693,50.037609033565474,35.40102,-97.78497,400,30,1.905,103.97375,92.19,0.35,rot_ts,meso-eutro
NLA17_OK-10083,2017,64.5011280404693,50.037609033565474,35.40102,-97.78497,400,30,1.905,103.97375,92.19,0.35,crs_ts,eutro
NLA17_OK-10085,2017,49.379769789481166,52.32416124205997,35.33302,-94.55413,121,15,1.274,108.57875,68.04,0.4,ncp_ts,eutro
NLA17_OK-10085,2017,49.379769789481166,52.32416124205997,35.33302,-94.55413,121,15,1.274,108.57875,68.04,0.4,chla_ts,hypereu
NLA17_OK-10085,2017,49.379769789481166,52.32416124205997,35.33302,-94.55413,121,15,1.274,108.57875,68.04,0.4,ptl_ts,hypereu
NLA17_OK-10085,2017,49.379769789481166,52.32416124205997,35.33302,-94.55413,121,15,1.274,108.57875,68.04,0.4,sdd_ts,hypereu
NLA17_OK-10085,2017,49.379769789481166,52.32416124205997,35.33302,-94.55413,121,15,1.274,108.57875,68.04,0.4,rot_ts,meso-eutro
NLA17_OK-10085,2017,49.379769789481166,52.32416124205997,35.33302,-94.55413,121,15,1.274,108.57875,68.04,0.4,crs_ts,meso-eutro
NLA17_OK-10086,2017,63.88545225807598,49.930362957399076,36.96167,-96.74831,367,20,0.533,30.65,6.53,1.45,ncp_ts,eutro
NLA17_OK-10086,2017,63.88545225807598,49.930362957399076,36.96167,-96.74831,367,20,0.533,30.65,6.53,1.45,chla_ts,meso
NLA17_OK-10086,2017,63.88545225807598,49.930362957399076,36.96167,-96.74831,367,20,0.533,30.65,6.53,1.45,ptl_ts,eutro
NLA17_OK-10086,2017,63.88545225807598,49.930362957399076,36.96167,-96.74831,367,20,0.533,30.65,6.53,1.45,sdd_ts,eutro
NLA17_OK-10086,2017,63.88545225807598,49.930362957399076,36.96167,-96.74831,367,20,0.533,30.65,6.53,1.45,rot_ts,meso-eutro
NLA17_OK-10086,2017,63.88545225807598,49.930362957399076,36.96167,-96.74831,367,20,0.533,30.65,6.53,1.45,crs_ts,eutro
NLA17_OK-10087,2017,65.71888431522174,53.72231451839226,34.17158,-96.06914,141,10,1.054,204.995,48.33,0.2,ncp_ts,eutro
NLA17_OK-10087,2017,65.71888431522174,53.72231451839226,34.17158,-96.06914,141,10,1.054,204.995,48.33,0.2,chla_ts,eutro
NLA17_OK-10087,2017,65.71888431522174,53.72231451839226,34.17158,-96.06914,141,10,1.054,204.995,48.33,0.2,ptl_ts,hypereu
NLA17_OK-10087,2017,65.71888431522174,53.72231451839226,34.17158,-96.06914,141,10,1.054,204.995,48.33,0.2,sdd_ts,hypereu
NLA17_OK-10087,2017,65.71888431522174,53.72231451839226,34.17158,-96.06914,141,10,1.054,204.995,48.33,0.2,rot_ts,meso-eutro
NLA17_OK-10087,2017,65.71888431522174,53.72231451839226,34.17158,-96.06914,141,10,1.054,204.995,48.33,0.2,crs_ts,hypereu
NLA17_OK-10089,2017,62.566347266125774,51.89063822383273,33.92564,-94.97337,122,35,1.415,190.155,105.2,0.3,ncp_ts,mixo
NLA17_OK-10089,2017,62.566347266125774,51.89063822383273,33.92564,-94.97337,122,35,1.415,190.155,105.2,0.3,chla_ts,hypereu
NLA17_OK-10089,2017,62.566347266125774,51.89063822383273,33.92564,-94.97337,122,35,1.415,190.155,105.2,0.3,ptl_ts,hypereu
NLA17_OK-10089,2017,62.566347266125774,51.89063822383273,33.92564,-94.97337,122,35,1.415,190.155,105.2,0.3,sdd_ts,hypereu
NLA17_OK-10089,2017,62.566347266125774,51.89063822383273,33.92564,-94.97337,122,35,1.415,190.155,105.2,0.3,rot_ts,meso-eutro
NLA17_OK-10089,2017,62.566347266125774,51.89063822383273,33.92564,-94.97337,122,35,1.415,190.155,105.2,0.3,crs_ts,eutro
NLA17_OK-10095,2017,62.58231412560748,52.660520762619555,35.28397,-96.43141,244,40,0.895,79.5575,23.2,0.48,ncp_ts,mixo
NLA17_OK-10095,2017,62.58231412560748,52.660520762619555,35.28397,-96.43141,244,40,0.895,79.5575,23.2,0.48,chla_ts,eutro
NLA17_OK-10095,2017,62.58231412560748,52.660520762619555,35.28397,-96.43141,244,40,0.895,79.5575,23.2,0.48,ptl_ts,eutro
NLA17_OK-10095,2017,62.58231412560748,52.660520762619555,35.28397,-96.43141,244,40,0.895,79.5575,23.2,0.48,sdd_ts,hypereu
NLA17_OK-10095,2017,62.58231412560748,52.660520762619555,35.28397,-96.43141,244,40,0.895,79.5575,23.2,0.48,rot_ts,meso-eutro
NLA17_OK-10095,2017,62.58231412560748,52.660520762619555,35.28397,-96.43141,244,40,0.895,79.5575,23.2,0.48,crs_ts,eutro
NLA17_OK-10097,2017,60.77236325972667,50.94723968920184,36.92047,-95.15494,250,46,1.464,145.1375,55.2,0.265,ncp_ts,mixo
NLA17_OK-10097,2017,60.77236325972667,50.94723968920184,36.92047,-95.15494,250,46,1.464,145.1375,55.2,0.265,chla_ts,eutro
NLA17_OK-10097,2017,60.77236325972667,50.94723968920184,36.92047,-95.15494,250,46,1.464,145.1375,55.2,0.265,ptl_ts,hypereu
NLA17_OK-10097,2017,60.77236325972667,50.94723968920184,36.92047,-95.15494,250,46,1.464,145.1375,55.2,0.265,sdd_ts,hypereu
NLA17_OK-10097,2017,60.77236325972667,50.94723968920184,36.92047,-95.15494,250,46,1.464,145.1375,55.2,0.265,rot_ts,meso-eutro
NLA17_OK-10097,2017,60.77236325972667,50.94723968920184,36.92047,-95.15494,250,46,1.464,145.1375,55.2,0.265,crs_ts,eutro
NLA17_OK-10098,2017,60.102781567621655,54.54016171365886,35.67175,-97.82669,389,46,3.456,207.93875,83.8,0.175,ncp_ts,mixo
NLA17_OK-10098,2017,60.102781567621655,54.54016171365886,35.67175,-97.82669,389,46,3.456,207.93875,83.8,0.175,chla_ts,hypereu
NLA17_OK-10098,2017,60.102781567621655,54.54016171365886,35.67175,-97.82669,389,46,3.456,207.93875,83.8,0.175,ptl_ts,hypereu
NLA17_OK-10098,2017,60.102781567621655,54.54016171365886,35.67175,-97.82669,389,46,3.456,207.93875,83.8,0.175,sdd_ts,hypereu
NLA17_OK-10098,2017,60.102781567621655,54.54016171365886,35.67175,-97.82669,389,46,3.456,207.93875,83.8,0.175,rot_ts,meso-eutro
NLA17_OK-10098,2017,60.102781567621655,54.54016171365886,35.67175,-97.82669,389,46,3.456,207.93875,83.8,0.175,crs_ts,eutro
NLA17_OK-HP001,2017,62.9890582430659,51.7637455491811,36.8486239,-102.875142,1314.36,15,2.03,130.86,41.33,0.3,ncp_ts,eutro
NLA17_OK-HP001,2017,62.9890582430659,51.7637455491811,36.8486239,-102.875142,1314.36,15,2.03,130.86,41.33,0.3,chla_ts,eutro
NLA17_OK-HP001,2017,62.9890582430659,51.7637455491811,36.8486239,-102.875142,1314.36,15,2.03,130.86,41.33,0.3,ptl_ts,hypereu
NLA17_OK-HP001,2017,62.9890582430659,51.7637455491811,36.8486239,-102.875142,1314.36,15,2.03,130.86,41.33,0.3,sdd_ts,hypereu
NLA17_OK-HP001,2017,62.9890582430659,51.7637455491811,36.8486239,-102.875142,1314.36,15,2.03,130.86,41.33,0.3,rot_ts,meso-eutro
NLA17_OK-HP001,2017,62.9890582430659,51.7637455491811,36.8486239,-102.875142,1314.36,15,2.03,130.86,41.33,0.3,crs_ts,eutro
NLA17_OK-HP002,2017,65.74260418969654,40.21799320383517,36.5147867,-96.1911658,223.74,33,0.628,26.42125,13.52,1,ncp_ts,dys
NLA17_OK-HP002,2017,65.74260418969654,40.21799320383517,36.5147867,-96.1911658,223.74,33,0.628,26.42125,13.52,1,chla_ts,eutro
NLA17_OK-HP002,2017,65.74260418969654,40.21799320383517,36.5147867,-96.1911658,223.74,33,0.628,26.42125,13.52,1,ptl_ts,eutro
NLA17_OK-HP002,2017,65.74260418969654,40.21799320383517,36.5147867,-96.1911658,223.74,33,0.628,26.42125,13.52,1,sdd_ts,eutro
NLA17_OK-HP002,2017,65.74260418969654,40.21799320383517,36.5147867,-96.1911658,223.74,33,0.628,26.42125,13.52,1,rot_ts,oligo-meso
NLA17_OK-HP002,2017,65.74260418969654,40.21799320383517,36.5147867,-96.1911658,223.74,33,0.628,26.42125,13.52,1,crs_ts,hypereu
NLA17_OK-HP004,2017,64.12225511966345,49.59516806505056,34.67943,-98.60605,418.62,41,0.473,27.2075,3.86,1.75,ncp_ts,dys
NLA17_OK-HP004,2017,64.12225511966345,49.59516806505056,34.67943,-98.60605,418.62,41,0.473,27.2075,3.86,1.75,chla_ts,meso
NLA17_OK-HP004,2017,64.12225511966345,49.59516806505056,34.67943,-98.60605,418.62,41,0.473,27.2075,3.86,1.75,ptl_ts,eutro
NLA17_OK-HP004,2017,64.12225511966345,49.59516806505056,34.67943,-98.60605,418.62,41,0.473,27.2075,3.86,1.75,sdd_ts,eutro
NLA17_OK-HP004,2017,64.12225511966345,49.59516806505056,34.67943,-98.60605,418.62,41,0.473,27.2075,3.86,1.75,rot_ts,meso-eutro
NLA17_OK-HP004,2017,64.12225511966345,49.59516806505056,34.67943,-98.60605,418.62,41,0.473,27.2075,3.86,1.75,crs_ts,eutro
NLA17_OR-10001,2017,65.23326168495379,43.30658567836166,42.77224,-118.447,1272,46,2.858,336.43125,11,0.1,ncp_ts,mixo
NLA17_OR-10001,2017,65.23326168495379,43.30658567836166,42.77224,-118.447,1272,46,2.858,336.43125,11,0.1,chla_ts,eutro
NLA17_OR-10001,2017,65.23326168495379,43.30658567836166,42.77224,-118.447,1272,46,2.858,336.43125,11,0.1,ptl_ts,hypereu
NLA17_OR-10001,2017,65.23326168495379,43.30658567836166,42.77224,-118.447,1272,46,2.858,336.43125,11,0.1,sdd_ts,hypereu
NLA17_OR-10001,2017,65.23326168495379,43.30658567836166,42.77224,-118.447,1272,46,2.858,336.43125,11,0.1,rot_ts,oligo-meso
NLA17_OR-10001,2017,65.23326168495379,43.30658567836166,42.77224,-118.447,1272,46,2.858,336.43125,11,0.1,crs_ts,hypereu
NLA17_OR-10002,2017,67.24586747026352,52.81057032904181,44.01671,-121.7383,1655,6.5,0.1445,33.965,0.7050000000000001,NA,ncp_ts,eutro
NLA17_OR-10002,2017,67.24586747026352,52.81057032904181,44.01671,-121.7383,1655,6.5,0.1445,33.965,0.7050000000000001,NA,chla_ts,oligo
NLA17_OR-10002,2017,67.24586747026352,52.81057032904181,44.01671,-121.7383,1655,6.5,0.1445,33.965,0.7050000000000001,NA,ptl_ts,eutro
NLA17_OR-10002,2017,67.24586747026352,52.81057032904181,44.01671,-121.7383,1655,6.5,0.1445,33.965,0.7050000000000001,NA,sdd_ts,NA
NLA17_OR-10002,2017,67.24586747026352,52.81057032904181,44.01671,-121.7383,1655,6.5,0.1445,33.965,0.7050000000000001,NA,rot_ts,meso-eutro
NLA17_OR-10002,2017,67.24586747026352,52.81057032904181,44.01671,-121.7383,1655,6.5,0.1445,33.965,0.7050000000000001,NA,crs_ts,hypereu
NLA17_OR-10003,2017,60.90483802452898,52.34725140625867,43.93094,-118.1544,1019,15,1.015,148.00375,106.59,1.05,ncp_ts,eutro
NLA17_OR-10003,2017,60.90483802452898,52.34725140625867,43.93094,-118.1544,1019,15,1.015,148.00375,106.59,1.05,chla_ts,hypereu
NLA17_OR-10003,2017,60.90483802452898,52.34725140625867,43.93094,-118.1544,1019,15,1.015,148.00375,106.59,1.05,ptl_ts,hypereu
NLA17_OR-10003,2017,60.90483802452898,52.34725140625867,43.93094,-118.1544,1019,15,1.015,148.00375,106.59,1.05,sdd_ts,eutro
NLA17_OR-10003,2017,60.90483802452898,52.34725140625867,43.93094,-118.1544,1019,15,1.015,148.00375,106.59,1.05,rot_ts,meso-eutro
NLA17_OR-10003,2017,60.90483802452898,52.34725140625867,43.93094,-118.1544,1019,15,1.015,148.00375,106.59,1.05,crs_ts,eutro
NLA17_OR-10004,2017,61.21950169285451,51.699158939180194,42.15025,-122.6148,684,6,0.313,23.6375,2.34,2.3,ncp_ts,oligo
NLA17_OR-10004,2017,61.21950169285451,51.699158939180194,42.15025,-122.6148,684,6,0.313,23.6375,2.34,2.3,chla_ts,oligo
NLA17_OR-10004,2017,61.21950169285451,51.699158939180194,42.15025,-122.6148,684,6,0.313,23.6375,2.34,2.3,ptl_ts,meso
NLA17_OR-10004,2017,61.21950169285451,51.699158939180194,42.15025,-122.6148,684,6,0.313,23.6375,2.34,2.3,sdd_ts,meso
NLA17_OR-10004,2017,61.21950169285451,51.699158939180194,42.15025,-122.6148,684,6,0.313,23.6375,2.34,2.3,rot_ts,meso-eutro
NLA17_OR-10004,2017,61.21950169285451,51.699158939180194,42.15025,-122.6148,684,6,0.313,23.6375,2.34,2.3,crs_ts,eutro
NLA17_OR-10006,2017,61.559995369988954,52.37024289424098,44.68127,-118.0521,1241,10,0.528,50.1625,33.44,1.35,ncp_ts,eutro
NLA17_OR-10006,2017,61.559995369988954,52.37024289424098,44.68127,-118.0521,1241,10,0.528,50.1625,33.44,1.35,chla_ts,eutro
NLA17_OR-10006,2017,61.559995369988954,52.37024289424098,44.68127,-118.0521,1241,10,0.528,50.1625,33.44,1.35,ptl_ts,eutro
NLA17_OR-10006,2017,61.559995369988954,52.37024289424098,44.68127,-118.0521,1241,10,0.528,50.1625,33.44,1.35,sdd_ts,eutro
NLA17_OR-10006,2017,61.559995369988954,52.37024289424098,44.68127,-118.0521,1241,10,0.528,50.1625,33.44,1.35,rot_ts,meso-eutro
NLA17_OR-10006,2017,61.559995369988954,52.37024289424098,44.68127,-118.0521,1241,10,0.528,50.1625,33.44,1.35,crs_ts,eutro
NLA17_OR-10007,2017,63.019697387646445,51.109167096828,43.63194,-124.1792,68,2,0.178,10.7725,1.12,6.05,ncp_ts,oligo
NLA17_OR-10007,2017,63.019697387646445,51.109167096828,43.63194,-124.1792,68,2,0.178,10.7725,1.12,6.05,chla_ts,oligo
NLA17_OR-10007,2017,63.019697387646445,51.109167096828,43.63194,-124.1792,68,2,0.178,10.7725,1.12,6.05,ptl_ts,oligo
NLA17_OR-10007,2017,63.019697387646445,51.109167096828,43.63194,-124.1792,68,2,0.178,10.7725,1.12,6.05,sdd_ts,oligo
NLA17_OR-10007,2017,63.019697387646445,51.109167096828,43.63194,-124.1792,68,2,0.178,10.7725,1.12,6.05,rot_ts,meso-eutro
NLA17_OR-10007,2017,63.019697387646445,51.109167096828,43.63194,-124.1792,68,2,0.178,10.7725,1.12,6.05,crs_ts,eutro
NLA17_OR-10008,2017,73.3147455850057,46.58443512595799,44.54843,-123.3458,88,46,0.9465,90.75625,5.68,NA,ncp_ts,mixo
NLA17_OR-10008,2017,73.3147455850057,46.58443512595799,44.54843,-123.3458,88,46,0.9465,90.75625,5.68,NA,chla_ts,meso
NLA17_OR-10008,2017,73.3147455850057,46.58443512595799,44.54843,-123.3458,88,46,0.9465,90.75625,5.68,NA,ptl_ts,eutro
NLA17_OR-10008,2017,73.3147455850057,46.58443512595799,44.54843,-123.3458,88,46,0.9465,90.75625,5.68,NA,sdd_ts,NA
NLA17_OR-10008,2017,73.3147455850057,46.58443512595799,44.54843,-123.3458,88,46,0.9465,90.75625,5.68,NA,rot_ts,meso-eutro
NLA17_OR-10008,2017,73.3147455850057,46.58443512595799,44.54843,-123.3458,88,46,0.9465,90.75625,5.68,NA,crs_ts,hypereu
NLA17_OR-10010,2017,61.10955894675964,52.111765239021004,42.13038,-122.4784,1343,10,0.35,49.85625,5.31,1.85,ncp_ts,eutro
NLA17_OR-10010,2017,61.10955894675964,52.111765239021004,42.13038,-122.4784,1343,10,0.35,49.85625,5.31,1.85,chla_ts,meso
NLA17_OR-10010,2017,61.10955894675964,52.111765239021004,42.13038,-122.4784,1343,10,0.35,49.85625,5.31,1.85,ptl_ts,eutro
NLA17_OR-10010,2017,61.10955894675964,52.111765239021004,42.13038,-122.4784,1343,10,0.35,49.85625,5.31,1.85,sdd_ts,eutro
NLA17_OR-10010,2017,61.10955894675964,52.111765239021004,42.13038,-122.4784,1343,10,0.35,49.85625,5.31,1.85,rot_ts,meso-eutro
NLA17_OR-10010,2017,61.10955894675964,52.111765239021004,42.13038,-122.4784,1343,10,0.35,49.85625,5.31,1.85,crs_ts,eutro
NLA17_OR-10011,2017,65.15850100301606,46.23721788223786,44.39993,-121.8014,1302,33,0.278,19.28375,1.52,3.65,ncp_ts,dys
NLA17_OR-10011,2017,65.15850100301606,46.23721788223786,44.39993,-121.8014,1302,33,0.278,19.28375,1.52,3.65,chla_ts,oligo
NLA17_OR-10011,2017,65.15850100301606,46.23721788223786,44.39993,-121.8014,1302,33,0.278,19.28375,1.52,3.65,ptl_ts,meso
NLA17_OR-10011,2017,65.15850100301606,46.23721788223786,44.39993,-121.8014,1302,33,0.278,19.28375,1.52,3.65,sdd_ts,meso
NLA17_OR-10011,2017,65.15850100301606,46.23721788223786,44.39993,-121.8014,1302,33,0.278,19.28375,1.52,3.65,rot_ts,meso-eutro
NLA17_OR-10011,2017,65.15850100301606,46.23721788223786,44.39993,-121.8014,1302,33,0.278,19.28375,1.52,3.65,crs_ts,hypereu
NLA17_OR-10012,2017,61.05413625490101,51.25226063818165,43.85417,-124.1468,19,32,0.168,22.5675,8.24,1.7000000000000002,ncp_ts,dys
NLA17_OR-10012,2017,61.05413625490101,51.25226063818165,43.85417,-124.1468,19,32,0.168,22.5675,8.24,1.7000000000000002,chla_ts,eutro
NLA17_OR-10012,2017,61.05413625490101,51.25226063818165,43.85417,-124.1468,19,32,0.168,22.5675,8.24,1.7000000000000002,ptl_ts,meso
NLA17_OR-10012,2017,61.05413625490101,51.25226063818165,43.85417,-124.1468,19,32,0.168,22.5675,8.24,1.7000000000000002,sdd_ts,eutro
NLA17_OR-10012,2017,61.05413625490101,51.25226063818165,43.85417,-124.1468,19,32,0.168,22.5675,8.24,1.7000000000000002,rot_ts,meso-eutro
NLA17_OR-10012,2017,61.05413625490101,51.25226063818165,43.85417,-124.1468,19,32,0.168,22.5675,8.24,1.7000000000000002,crs_ts,eutro
NLA17_OR-10013,2017,54.450384775791875,51.18118959143763,45.03685,-122.2653,1240,0,0.13,9.26,2.54,NA,ncp_ts,oligo
NLA17_OR-10013,2017,54.450384775791875,51.18118959143763,45.03685,-122.2653,1240,0,0.13,9.26,2.54,NA,chla_ts,oligo
NLA17_OR-10013,2017,54.450384775791875,51.18118959143763,45.03685,-122.2653,1240,0,0.13,9.26,2.54,NA,ptl_ts,oligo
NLA17_OR-10013,2017,54.450384775791875,51.18118959143763,45.03685,-122.2653,1240,0,0.13,9.26,2.54,NA,sdd_ts,NA
NLA17_OR-10013,2017,54.450384775791875,51.18118959143763,45.03685,-122.2653,1240,0,0.13,9.26,2.54,NA,rot_ts,meso-eutro
NLA17_OR-10013,2017,54.450384775791875,51.18118959143763,45.03685,-122.2653,1240,0,0.13,9.26,2.54,NA,crs_ts,meso-eutro
NLA17_OR-10014,2017,60.38394205279962,51.738003873277556,43.76442,-122.0086,1669,2,0.288,14.2475,1.78,NA,ncp_ts,oligo
NLA17_OR-10014,2017,60.38394205279962,51.738003873277556,43.76442,-122.0086,1669,2,0.288,14.2475,1.78,NA,chla_ts,oligo
NLA17_OR-10014,2017,60.38394205279962,51.738003873277556,43.76442,-122.0086,1669,2,0.288,14.2475,1.78,NA,ptl_ts,meso
NLA17_OR-10014,2017,60.38394205279962,51.738003873277556,43.76442,-122.0086,1669,2,0.288,14.2475,1.78,NA,sdd_ts,NA
NLA17_OR-10014,2017,60.38394205279962,51.738003873277556,43.76442,-122.0086,1669,2,0.288,14.2475,1.78,NA,rot_ts,meso-eutro
NLA17_OR-10014,2017,60.38394205279962,51.738003873277556,43.76442,-122.0086,1669,2,0.288,14.2475,1.78,NA,crs_ts,eutro
NLA17_OR-10021,2017,61.41801768815265,51.51407926344094,44.22932,-121.9161,1670,10,0.128,6.405,0.35,NA,ncp_ts,oligo
NLA17_OR-10021,2017,61.41801768815265,51.51407926344094,44.22932,-121.9161,1670,10,0.128,6.405,0.35,NA,chla_ts,oligo
NLA17_OR-10021,2017,61.41801768815265,51.51407926344094,44.22932,-121.9161,1670,10,0.128,6.405,0.35,NA,ptl_ts,oligo
NLA17_OR-10021,2017,61.41801768815265,51.51407926344094,44.22932,-121.9161,1670,10,0.128,6.405,0.35,NA,sdd_ts,NA
NLA17_OR-10021,2017,61.41801768815265,51.51407926344094,44.22932,-121.9161,1670,10,0.128,6.405,0.35,NA,rot_ts,meso-eutro
NLA17_OR-10021,2017,61.41801768815265,51.51407926344094,44.22932,-121.9161,1670,10,0.128,6.405,0.35,NA,crs_ts,eutro
NLA17_OR-10024,2017,60.00041149493951,46.1285273168696,43.36571,-122.1081,1796,0,0.056,1.35875,0.24,NA,ncp_ts,oligo
NLA17_OR-10024,2017,60.00041149493951,46.1285273168696,43.36571,-122.1081,1796,0,0.056,1.35875,0.24,NA,chla_ts,oligo
NLA17_OR-10024,2017,60.00041149493951,46.1285273168696,43.36571,-122.1081,1796,0,0.056,1.35875,0.24,NA,ptl_ts,oligo
NLA17_OR-10024,2017,60.00041149493951,46.1285273168696,43.36571,-122.1081,1796,0,0.056,1.35875,0.24,NA,sdd_ts,NA
NLA17_OR-10024,2017,60.00041149493951,46.1285273168696,43.36571,-122.1081,1796,0,0.056,1.35875,0.24,NA,rot_ts,meso-eutro
NLA17_OR-10024,2017,60.00041149493951,46.1285273168696,43.36571,-122.1081,1796,0,0.056,1.35875,0.24,NA,crs_ts,eutro
NLA17_OR-10029,2017,42.24719144401942,42.71909348759,45.12879,-117.3406,2270,0,0.02,2.2025,0.29,13.65,ncp_ts,oligo
NLA17_OR-10029,2017,42.24719144401942,42.71909348759,45.12879,-117.3406,2270,0,0.02,2.2025,0.29,13.65,chla_ts,oligo
NLA17_OR-10029,2017,42.24719144401942,42.71909348759,45.12879,-117.3406,2270,0,0.02,2.2025,0.29,13.65,ptl_ts,oligo
NLA17_OR-10029,2017,42.24719144401942,42.71909348759,45.12879,-117.3406,2270,0,0.02,2.2025,0.29,13.65,sdd_ts,oligo
NLA17_OR-10029,2017,42.24719144401942,42.71909348759,45.12879,-117.3406,2270,0,0.02,2.2025,0.29,13.65,rot_ts,oligo-meso
NLA17_OR-10029,2017,42.24719144401942,42.71909348759,45.12879,-117.3406,2270,0,0.02,2.2025,0.29,13.65,crs_ts,oligo-meso
NLA17_OR-10037,2017,60.69587279272856,54.98844820831038,44.77871,-121.7845,1621,10,0.108,3.33125,0.71,NA,ncp_ts,oligo
NLA17_OR-10037,2017,60.69587279272856,54.98844820831038,44.77871,-121.7845,1621,10,0.108,3.33125,0.71,NA,chla_ts,oligo
NLA17_OR-10037,2017,60.69587279272856,54.98844820831038,44.77871,-121.7845,1621,10,0.108,3.33125,0.71,NA,ptl_ts,oligo
NLA17_OR-10037,2017,60.69587279272856,54.98844820831038,44.77871,-121.7845,1621,10,0.108,3.33125,0.71,NA,sdd_ts,NA
NLA17_OR-10037,2017,60.69587279272856,54.98844820831038,44.77871,-121.7845,1621,10,0.108,3.33125,0.71,NA,rot_ts,meso-eutro
NLA17_OR-10037,2017,60.69587279272856,54.98844820831038,44.77871,-121.7845,1621,10,0.108,3.33125,0.71,NA,crs_ts,eutro
NLA17_OR-10051,2017,65.83697012512891,38.55933188889387,44.18945,-120.4511,1075,34,1.5,299.3525,34.84,0.2,ncp_ts,mixo
NLA17_OR-10051,2017,65.83697012512891,38.55933188889387,44.18945,-120.4511,1075,34,1.5,299.3525,34.84,0.2,chla_ts,eutro
NLA17_OR-10051,2017,65.83697012512891,38.55933188889387,44.18945,-120.4511,1075,34,1.5,299.3525,34.84,0.2,ptl_ts,hypereu
NLA17_OR-10051,2017,65.83697012512891,38.55933188889387,44.18945,-120.4511,1075,34,1.5,299.3525,34.84,0.2,sdd_ts,hypereu
NLA17_OR-10051,2017,65.83697012512891,38.55933188889387,44.18945,-120.4511,1075,34,1.5,299.3525,34.84,0.2,rot_ts,oligo-meso
NLA17_OR-10051,2017,65.83697012512891,38.55933188889387,44.18945,-120.4511,1075,34,1.5,299.3525,34.84,0.2,crs_ts,hypereu
NLA17_OR-10052,2017,61.01701820373847,52.821129704364836,46.04288,-123.1775,235,5,0.275,57.2575,9.23,2.4,ncp_ts,eutro
NLA17_OR-10052,2017,61.01701820373847,52.821129704364836,46.04288,-123.1775,235,5,0.275,57.2575,9.23,2.4,chla_ts,eutro
NLA17_OR-10052,2017,61.01701820373847,52.821129704364836,46.04288,-123.1775,235,5,0.275,57.2575,9.23,2.4,ptl_ts,eutro
NLA17_OR-10052,2017,61.01701820373847,52.821129704364836,46.04288,-123.1775,235,5,0.275,57.2575,9.23,2.4,sdd_ts,meso
NLA17_OR-10052,2017,61.01701820373847,52.821129704364836,46.04288,-123.1775,235,5,0.275,57.2575,9.23,2.4,rot_ts,meso-eutro
NLA17_OR-10052,2017,61.01701820373847,52.821129704364836,46.04288,-123.1775,235,5,0.275,57.2575,9.23,2.4,crs_ts,eutro
NLA17_OR-10060,2017,64.03928067448838,47.7308766251366,43.60434,-117.3041,810,15,0.549,40.66125,13.76,2.65,ncp_ts,eutro
NLA17_OR-10060,2017,64.03928067448838,47.7308766251366,43.60434,-117.3041,810,15,0.549,40.66125,13.76,2.65,chla_ts,eutro
NLA17_OR-10060,2017,64.03928067448838,47.7308766251366,43.60434,-117.3041,810,15,0.549,40.66125,13.76,2.65,ptl_ts,eutro
NLA17_OR-10060,2017,64.03928067448838,47.7308766251366,43.60434,-117.3041,810,15,0.549,40.66125,13.76,2.65,sdd_ts,meso
NLA17_OR-10060,2017,64.03928067448838,47.7308766251366,43.60434,-117.3041,810,15,0.549,40.66125,13.76,2.65,rot_ts,meso-eutro
NLA17_OR-10060,2017,64.03928067448838,47.7308766251366,43.60434,-117.3041,810,15,0.549,40.66125,13.76,2.65,crs_ts,eutro
NLA17_OR-10063,2017,65.9770044885072,32.18067656765523,44.79653,-121.8139,1641,10,0.5,45.49625,0.3,NA,ncp_ts,eutro
NLA17_OR-10063,2017,65.9770044885072,32.18067656765523,44.79653,-121.8139,1641,10,0.5,45.49625,0.3,NA,chla_ts,oligo
NLA17_OR-10063,2017,65.9770044885072,32.18067656765523,44.79653,-121.8139,1641,10,0.5,45.49625,0.3,NA,ptl_ts,eutro
NLA17_OR-10063,2017,65.9770044885072,32.18067656765523,44.79653,-121.8139,1641,10,0.5,45.49625,0.3,NA,sdd_ts,NA
NLA17_OR-10063,2017,65.9770044885072,32.18067656765523,44.79653,-121.8139,1641,10,0.5,45.49625,0.3,NA,rot_ts,oligo-meso
NLA17_OR-10063,2017,65.9770044885072,32.18067656765523,44.79653,-121.8139,1641,10,0.5,45.49625,0.3,NA,crs_ts,hypereu
NLA17_OR-10076,2017,60.67665885015399,51.738003873277556,42.62932,-118.5887,2570,5,0.075,10.05375,1.72,5.35,ncp_ts,oligo
NLA17_OR-10076,2017,60.67665885015399,51.738003873277556,42.62932,-118.5887,2570,5,0.075,10.05375,1.72,5.35,chla_ts,oligo
NLA17_OR-10076,2017,60.67665885015399,51.738003873277556,42.62932,-118.5887,2570,5,0.075,10.05375,1.72,5.35,ptl_ts,oligo
NLA17_OR-10076,2017,60.67665885015399,51.738003873277556,42.62932,-118.5887,2570,5,0.075,10.05375,1.72,5.35,sdd_ts,oligo
NLA17_OR-10076,2017,60.67665885015399,51.738003873277556,42.62932,-118.5887,2570,5,0.075,10.05375,1.72,5.35,rot_ts,meso-eutro
NLA17_OR-10076,2017,60.67665885015399,51.738003873277556,42.62932,-118.5887,2570,5,0.075,10.05375,1.72,5.35,crs_ts,eutro
NLA17_OR-10078,2017,62.43771768886224,49.67148140130729,42.62057,-121.6373,1368,36,1.718,172.99375,38.48,1.45,ncp_ts,mixo
NLA17_OR-10078,2017,62.43771768886224,49.67148140130729,42.62057,-121.6373,1368,36,1.718,172.99375,38.48,1.45,chla_ts,eutro
NLA17_OR-10078,2017,62.43771768886224,49.67148140130729,42.62057,-121.6373,1368,36,1.718,172.99375,38.48,1.45,ptl_ts,hypereu
NLA17_OR-10078,2017,62.43771768886224,49.67148140130729,42.62057,-121.6373,1368,36,1.718,172.99375,38.48,1.45,sdd_ts,eutro
NLA17_OR-10078,2017,62.43771768886224,49.67148140130729,42.62057,-121.6373,1368,36,1.718,172.99375,38.48,1.45,rot_ts,meso-eutro
NLA17_OR-10078,2017,62.43771768886224,49.67148140130729,42.62057,-121.6373,1368,36,1.718,172.99375,38.48,1.45,crs_ts,eutro
NLA17_OR-10079,2017,61.94054272190701,52.4159331900866,44.57941,-121.7642,1424,0,0.058,12.54125,1,NA,ncp_ts,oligo
NLA17_OR-10079,2017,61.94054272190701,52.4159331900866,44.57941,-121.7642,1424,0,0.058,12.54125,1,NA,chla_ts,oligo
NLA17_OR-10079,2017,61.94054272190701,52.4159331900866,44.57941,-121.7642,1424,0,0.058,12.54125,1,NA,ptl_ts,meso
NLA17_OR-10079,2017,61.94054272190701,52.4159331900866,44.57941,-121.7642,1424,0,0.058,12.54125,1,NA,sdd_ts,NA
NLA17_OR-10079,2017,61.94054272190701,52.4159331900866,44.57941,-121.7642,1424,0,0.058,12.54125,1,NA,rot_ts,meso-eutro
NLA17_OR-10079,2017,61.94054272190701,52.4159331900866,44.57941,-121.7642,1424,0,0.058,12.54125,1,NA,crs_ts,eutro
NLA17_OR-10086,2017,60.867165581568656,51.405388698072684,43.79623,-122.0174,1612,4,0.166,9.4025,0.38,NA,ncp_ts,oligo
NLA17_OR-10086,2017,60.867165581568656,51.405388698072684,43.79623,-122.0174,1612,4,0.166,9.4025,0.38,NA,chla_ts,oligo
NLA17_OR-10086,2017,60.867165581568656,51.405388698072684,43.79623,-122.0174,1612,4,0.166,9.4025,0.38,NA,ptl_ts,oligo
NLA17_OR-10086,2017,60.867165581568656,51.405388698072684,43.79623,-122.0174,1612,4,0.166,9.4025,0.38,NA,sdd_ts,NA
NLA17_OR-10086,2017,60.867165581568656,51.405388698072684,43.79623,-122.0174,1612,4,0.166,9.4025,0.38,NA,rot_ts,meso-eutro
NLA17_OR-10086,2017,60.867165581568656,51.405388698072684,43.79623,-122.0174,1612,4,0.166,9.4025,0.38,NA,crs_ts,eutro
NLA17_OR-10088,2017,61.786572692835335,52.64964108247103,44.85988,-117.8134,1021,7,0.554,30.12,4.1,3.3,ncp_ts,eutro
NLA17_OR-10088,2017,61.786572692835335,52.64964108247103,44.85988,-117.8134,1021,7,0.554,30.12,4.1,3.3,chla_ts,meso
NLA17_OR-10088,2017,61.786572692835335,52.64964108247103,44.85988,-117.8134,1021,7,0.554,30.12,4.1,3.3,ptl_ts,eutro
NLA17_OR-10088,2017,61.786572692835335,52.64964108247103,44.85988,-117.8134,1021,7,0.554,30.12,4.1,3.3,sdd_ts,meso
NLA17_OR-10088,2017,61.786572692835335,52.64964108247103,44.85988,-117.8134,1021,7,0.554,30.12,4.1,3.3,rot_ts,meso-eutro
NLA17_OR-10088,2017,61.786572692835335,52.64964108247103,44.85988,-117.8134,1021,7,0.554,30.12,4.1,3.3,crs_ts,eutro
NLA17_OR-10093,2017,63.45415850973401,51.814862323268976,42.88981,-124.0779,85,46,2.18,183.195,81.44,0.5,ncp_ts,mixo
NLA17_OR-10093,2017,63.45415850973401,51.814862323268976,42.88981,-124.0779,85,46,2.18,183.195,81.44,0.5,chla_ts,hypereu
NLA17_OR-10093,2017,63.45415850973401,51.814862323268976,42.88981,-124.0779,85,46,2.18,183.195,81.44,0.5,ptl_ts,hypereu
NLA17_OR-10093,2017,63.45415850973401,51.814862323268976,42.88981,-124.0779,85,46,2.18,183.195,81.44,0.5,sdd_ts,eutro
NLA17_OR-10093,2017,63.45415850973401,51.814862323268976,42.88981,-124.0779,85,46,2.18,183.195,81.44,0.5,rot_ts,meso-eutro
NLA17_OR-10093,2017,63.45415850973401,51.814862323268976,42.88981,-124.0779,85,46,2.18,183.195,81.44,0.5,crs_ts,eutro
NLA17_OR-10099,2017,64.75076488909615,46.94214993398431,43.98957,-121.8571,1575,10,0.183,6.36125,0.5,NA,ncp_ts,oligo
NLA17_OR-10099,2017,64.75076488909615,46.94214993398431,43.98957,-121.8571,1575,10,0.183,6.36125,0.5,NA,chla_ts,oligo
NLA17_OR-10099,2017,64.75076488909615,46.94214993398431,43.98957,-121.8571,1575,10,0.183,6.36125,0.5,NA,ptl_ts,oligo
NLA17_OR-10099,2017,64.75076488909615,46.94214993398431,43.98957,-121.8571,1575,10,0.183,6.36125,0.5,NA,sdd_ts,NA
NLA17_OR-10099,2017,64.75076488909615,46.94214993398431,43.98957,-121.8571,1575,10,0.183,6.36125,0.5,NA,rot_ts,meso-eutro
NLA17_OR-10099,2017,64.75076488909615,46.94214993398431,43.98957,-121.8571,1575,10,0.183,6.36125,0.5,NA,crs_ts,eutro
NLA17_OR-10102,2017,59.79244796882716,54.967253171048426,43.4595,-122.1575,1680,8,0.181,12.85625,0.83,NA,ncp_ts,oligo
NLA17_OR-10102,2017,59.79244796882716,54.967253171048426,43.4595,-122.1575,1680,8,0.181,12.85625,0.83,NA,chla_ts,oligo
NLA17_OR-10102,2017,59.79244796882716,54.967253171048426,43.4595,-122.1575,1680,8,0.181,12.85625,0.83,NA,ptl_ts,meso
NLA17_OR-10102,2017,59.79244796882716,54.967253171048426,43.4595,-122.1575,1680,8,0.181,12.85625,0.83,NA,sdd_ts,NA
NLA17_OR-10102,2017,59.79244796882716,54.967253171048426,43.4595,-122.1575,1680,8,0.181,12.85625,0.83,NA,rot_ts,meso-eutro
NLA17_OR-10102,2017,59.79244796882716,54.967253171048426,43.4595,-122.1575,1680,8,0.181,12.85625,0.83,NA,crs_ts,eutro
NLA17_OR-10106,2017,60.88601940815949,53.76674086497798,43.81946,-121.8939,1493,2,0.171,7.505,0.51,NA,ncp_ts,oligo
NLA17_OR-10106,2017,60.88601940815949,53.76674086497798,43.81946,-121.8939,1493,2,0.171,7.505,0.51,NA,chla_ts,oligo
NLA17_OR-10106,2017,60.88601940815949,53.76674086497798,43.81946,-121.8939,1493,2,0.171,7.505,0.51,NA,ptl_ts,oligo
NLA17_OR-10106,2017,60.88601940815949,53.76674086497798,43.81946,-121.8939,1493,2,0.171,7.505,0.51,NA,sdd_ts,NA
NLA17_OR-10106,2017,60.88601940815949,53.76674086497798,43.81946,-121.8939,1493,2,0.171,7.505,0.51,NA,rot_ts,meso-eutro
NLA17_OR-10106,2017,60.88601940815949,53.76674086497798,43.81946,-121.8939,1493,2,0.171,7.505,0.51,NA,crs_ts,eutro
NLA17_OR-10108,2017,61.64773680272548,48.34640431447286,44.28944,-118.6628,2202,NA,0.2025,40,0.1,NA,ncp_ts,NA
NLA17_OR-10108,2017,61.64773680272548,48.34640431447286,44.28944,-118.6628,2202,NA,0.2025,40,0.1,NA,chla_ts,oligo
NLA17_OR-10108,2017,61.64773680272548,48.34640431447286,44.28944,-118.6628,2202,NA,0.2025,40,0.1,NA,ptl_ts,eutro
NLA17_OR-10108,2017,61.64773680272548,48.34640431447286,44.28944,-118.6628,2202,NA,0.2025,40,0.1,NA,sdd_ts,NA
NLA17_OR-10108,2017,61.64773680272548,48.34640431447286,44.28944,-118.6628,2202,NA,0.2025,40,0.1,NA,rot_ts,meso-eutro
NLA17_OR-10108,2017,61.64773680272548,48.34640431447286,44.28944,-118.6628,2202,NA,0.2025,40,0.1,NA,crs_ts,eutro
NLA17_OR-10109,2017,60.99840789543028,50.991887248344895,43.37484,-124.2457,16,NA,0.2836,10,4.6,2.55,ncp_ts,NA
NLA17_OR-10109,2017,60.99840789543028,50.991887248344895,43.37484,-124.2457,16,NA,0.2836,10,4.6,2.55,chla_ts,meso
NLA17_OR-10109,2017,60.99840789543028,50.991887248344895,43.37484,-124.2457,16,NA,0.2836,10,4.6,2.55,ptl_ts,oligo
NLA17_OR-10109,2017,60.99840789543028,50.991887248344895,43.37484,-124.2457,16,NA,0.2836,10,4.6,2.55,sdd_ts,meso
NLA17_OR-10109,2017,60.99840789543028,50.991887248344895,43.37484,-124.2457,16,NA,0.2836,10,4.6,2.55,rot_ts,meso-eutro
NLA17_OR-10109,2017,60.99840789543028,50.991887248344895,43.37484,-124.2457,16,NA,0.2836,10,4.6,2.55,crs_ts,eutro
NLA17_OR-10111,2017,62.092234329009855,50.07288784850381,44.51261,-122.8876,108,NA,2.9325,210,12.5,0.5,ncp_ts,NA
NLA17_OR-10111,2017,62.092234329009855,50.07288784850381,44.51261,-122.8876,108,NA,2.9325,210,12.5,0.5,chla_ts,eutro
NLA17_OR-10111,2017,62.092234329009855,50.07288784850381,44.51261,-122.8876,108,NA,2.9325,210,12.5,0.5,ptl_ts,hypereu
NLA17_OR-10111,2017,62.092234329009855,50.07288784850381,44.51261,-122.8876,108,NA,2.9325,210,12.5,0.5,sdd_ts,eutro
NLA17_OR-10111,2017,62.092234329009855,50.07288784850381,44.51261,-122.8876,108,NA,2.9325,210,12.5,0.5,rot_ts,meso-eutro
NLA17_OR-10111,2017,62.092234329009855,50.07288784850381,44.51261,-122.8876,108,NA,2.9325,210,12.5,0.5,crs_ts,eutro
NLA17_OR-10118,2017,60.102781567621655,51.554278703273155,43.67682,-122.0267,1699,NA,NA,NA,0.3,NA,ncp_ts,NA
NLA17_OR-10118,2017,60.102781567621655,51.554278703273155,43.67682,-122.0267,1699,NA,NA,NA,0.3,NA,chla_ts,oligo
NLA17_OR-10118,2017,60.102781567621655,51.554278703273155,43.67682,-122.0267,1699,NA,NA,NA,0.3,NA,ptl_ts,NA
NLA17_OR-10118,2017,60.102781567621655,51.554278703273155,43.67682,-122.0267,1699,NA,NA,NA,0.3,NA,sdd_ts,NA
NLA17_OR-10118,2017,60.102781567621655,51.554278703273155,43.67682,-122.0267,1699,NA,NA,NA,0.3,NA,rot_ts,meso-eutro
NLA17_OR-10118,2017,60.102781567621655,51.554278703273155,43.67682,-122.0267,1699,NA,NA,NA,0.3,NA,crs_ts,eutro
NLA17_OR-10123,2017,65.44231663744031,32.64879777585944,45.31306,-123.9608,24,NA,0.2125,NA,1.9,3.1500000000000004,ncp_ts,NA
NLA17_OR-10123,2017,65.44231663744031,32.64879777585944,45.31306,-123.9608,24,NA,0.2125,NA,1.9,3.1500000000000004,chla_ts,oligo
NLA17_OR-10123,2017,65.44231663744031,32.64879777585944,45.31306,-123.9608,24,NA,0.2125,NA,1.9,3.1500000000000004,ptl_ts,NA
NLA17_OR-10123,2017,65.44231663744031,32.64879777585944,45.31306,-123.9608,24,NA,0.2125,NA,1.9,3.1500000000000004,sdd_ts,meso
NLA17_OR-10123,2017,65.44231663744031,32.64879777585944,45.31306,-123.9608,24,NA,0.2125,NA,1.9,3.1500000000000004,rot_ts,oligo-meso
NLA17_OR-10123,2017,65.44231663744031,32.64879777585944,45.31306,-123.9608,24,NA,0.2125,NA,1.9,3.1500000000000004,crs_ts,hypereu
NLA17_OR-10125,2017,61.274028768571974,51.080085944938034,43.51896,-124.2226,14,NA,0.2125,NA,3,2,ncp_ts,NA
NLA17_OR-10125,2017,61.274028768571974,51.080085944938034,43.51896,-124.2226,14,NA,0.2125,NA,3,2,chla_ts,meso
NLA17_OR-10125,2017,61.274028768571974,51.080085944938034,43.51896,-124.2226,14,NA,0.2125,NA,3,2,ptl_ts,NA
NLA17_OR-10125,2017,61.274028768571974,51.080085944938034,43.51896,-124.2226,14,NA,0.2125,NA,3,2,sdd_ts,meso
NLA17_OR-10125,2017,61.274028768571974,51.080085944938034,43.51896,-124.2226,14,NA,0.2125,NA,3,2,rot_ts,meso-eutro
NLA17_OR-10125,2017,61.274028768571974,51.080085944938034,43.51896,-124.2226,14,NA,0.2125,NA,3,2,crs_ts,eutro
NLA17_OR-10127,2017,60.364119818961015,53.15844814124457,44.43568,-121.8205,1448,NA,NA,NA,0.4,NA,ncp_ts,NA
NLA17_OR-10127,2017,60.364119818961015,53.15844814124457,44.43568,-121.8205,1448,NA,NA,NA,0.4,NA,chla_ts,oligo
NLA17_OR-10127,2017,60.364119818961015,53.15844814124457,44.43568,-121.8205,1448,NA,NA,NA,0.4,NA,ptl_ts,NA
NLA17_OR-10127,2017,60.364119818961015,53.15844814124457,44.43568,-121.8205,1448,NA,NA,NA,0.4,NA,sdd_ts,NA
NLA17_OR-10127,2017,60.364119818961015,53.15844814124457,44.43568,-121.8205,1448,NA,NA,NA,0.4,NA,rot_ts,meso-eutro
NLA17_OR-10127,2017,60.364119818961015,53.15844814124457,44.43568,-121.8205,1448,NA,NA,NA,0.4,NA,crs_ts,eutro
NLA17_OR-10128,2017,68.9315337381344,55.349749229706894,45.70816,-122.8156,7,NA,0.4475,25,8.5,1.5375,ncp_ts,NA
NLA17_OR-10128,2017,68.9315337381344,55.349749229706894,45.70816,-122.8156,7,NA,0.4475,25,8.5,1.5375,chla_ts,eutro
NLA17_OR-10128,2017,68.9315337381344,55.349749229706894,45.70816,-122.8156,7,NA,0.4475,25,8.5,1.5375,ptl_ts,eutro
NLA17_OR-10128,2017,68.9315337381344,55.349749229706894,45.70816,-122.8156,7,NA,0.4475,25,8.5,1.5375,sdd_ts,eutro
NLA17_OR-10128,2017,68.9315337381344,55.349749229706894,45.70816,-122.8156,7,NA,0.4475,25,8.5,1.5375,rot_ts,eutro
NLA17_OR-10128,2017,68.9315337381344,55.349749229706894,45.70816,-122.8156,7,NA,0.4475,25,8.5,1.5375,crs_ts,hypereu
NLA17_OR-10132,2017,60.67665885015399,54.5171209932179,45.48935,-121.8217,959,NA,NA,NA,0.2,10.649999999999999,ncp_ts,NA
NLA17_OR-10132,2017,60.67665885015399,54.5171209932179,45.48935,-121.8217,959,NA,NA,NA,0.2,10.649999999999999,chla_ts,oligo
NLA17_OR-10132,2017,60.67665885015399,54.5171209932179,45.48935,-121.8217,959,NA,NA,NA,0.2,10.649999999999999,ptl_ts,NA
NLA17_OR-10132,2017,60.67665885015399,54.5171209932179,45.48935,-121.8217,959,NA,NA,NA,0.2,10.649999999999999,sdd_ts,oligo
NLA17_OR-10132,2017,60.67665885015399,54.5171209932179,45.48935,-121.8217,959,NA,NA,NA,0.2,10.649999999999999,rot_ts,meso-eutro
NLA17_OR-10132,2017,60.67665885015399,54.5171209932179,45.48935,-121.8217,959,NA,NA,NA,0.2,10.649999999999999,crs_ts,eutro
NLA17_OR-10134,2017,61.382211411877265,52.12378759039262,43.82854,-122.2137,1461,NA,0.2325,10,1.8,2.6500000000000004,ncp_ts,NA
NLA17_OR-10134,2017,61.382211411877265,52.12378759039262,43.82854,-122.2137,1461,NA,0.2325,10,1.8,2.6500000000000004,chla_ts,oligo
NLA17_OR-10134,2017,61.382211411877265,52.12378759039262,43.82854,-122.2137,1461,NA,0.2325,10,1.8,2.6500000000000004,ptl_ts,oligo
NLA17_OR-10134,2017,61.382211411877265,52.12378759039262,43.82854,-122.2137,1461,NA,0.2325,10,1.8,2.6500000000000004,sdd_ts,meso
NLA17_OR-10134,2017,61.382211411877265,52.12378759039262,43.82854,-122.2137,1461,NA,0.2325,10,1.8,2.6500000000000004,rot_ts,meso-eutro
NLA17_OR-10134,2017,61.382211411877265,52.12378759039262,43.82854,-122.2137,1461,NA,0.2325,10,1.8,2.6500000000000004,crs_ts,eutro
NLA17_OR-10143,2017,61.50698557076045,50.70265211666889,44.39364,-121.781,1268,NA,0.2525,10,1.5,NA,ncp_ts,NA
NLA17_OR-10143,2017,61.50698557076045,50.70265211666889,44.39364,-121.781,1268,NA,0.2525,10,1.5,NA,chla_ts,oligo
NLA17_OR-10143,2017,61.50698557076045,50.70265211666889,44.39364,-121.781,1268,NA,0.2525,10,1.5,NA,ptl_ts,oligo
NLA17_OR-10143,2017,61.50698557076045,50.70265211666889,44.39364,-121.781,1268,NA,0.2525,10,1.5,NA,sdd_ts,NA
NLA17_OR-10143,2017,61.50698557076045,50.70265211666889,44.39364,-121.781,1268,NA,0.2525,10,1.5,NA,rot_ts,meso-eutro
NLA17_OR-10143,2017,61.50698557076045,50.70265211666889,44.39364,-121.781,1268,NA,0.2525,10,1.5,NA,crs_ts,eutro
NLA17_OR-10150,2017,64.60694937663118,36.80855937455557,43.81285,-122.083,1425,NA,NA,NA,1,NA,ncp_ts,NA
NLA17_OR-10150,2017,64.60694937663118,36.80855937455557,43.81285,-122.083,1425,NA,NA,NA,1,NA,chla_ts,oligo
NLA17_OR-10150,2017,64.60694937663118,36.80855937455557,43.81285,-122.083,1425,NA,NA,NA,1,NA,ptl_ts,NA
NLA17_OR-10150,2017,64.60694937663118,36.80855937455557,43.81285,-122.083,1425,NA,NA,NA,1,NA,sdd_ts,NA
NLA17_OR-10150,2017,64.60694937663118,36.80855937455557,43.81285,-122.083,1425,NA,NA,NA,1,NA,rot_ts,oligo-meso
NLA17_OR-10150,2017,64.60694937663118,36.80855937455557,43.81285,-122.083,1425,NA,NA,NA,1,NA,crs_ts,eutro
NLA17_OR-10151,2017,50.73180433904216,52.06340536284283,44.56567,-123.2199,61,NA,0.3325,20,13.9,2.9,ncp_ts,NA
NLA17_OR-10151,2017,50.73180433904216,52.06340536284283,44.56567,-123.2199,61,NA,0.3325,20,13.9,2.9,chla_ts,eutro
NLA17_OR-10151,2017,50.73180433904216,52.06340536284283,44.56567,-123.2199,61,NA,0.3325,20,13.9,2.9,ptl_ts,meso
NLA17_OR-10151,2017,50.73180433904216,52.06340536284283,44.56567,-123.2199,61,NA,0.3325,20,13.9,2.9,sdd_ts,meso
NLA17_OR-10151,2017,50.73180433904216,52.06340536284283,44.56567,-123.2199,61,NA,0.3325,20,13.9,2.9,rot_ts,meso-eutro
NLA17_OR-10151,2017,50.73180433904216,52.06340536284283,44.56567,-123.2199,61,NA,0.3325,20,13.9,2.9,crs_ts,meso-eutro
NLA17_OR-10153,2017,61.0911184551639,52.605901004143135,42.51817,-122.2391,1804,NA,0.2525,10,0.8,NA,ncp_ts,NA
NLA17_OR-10153,2017,61.0911184551639,52.605901004143135,42.51817,-122.2391,1804,NA,0.2525,10,0.8,NA,chla_ts,oligo
NLA17_OR-10153,2017,61.0911184551639,52.605901004143135,42.51817,-122.2391,1804,NA,0.2525,10,0.8,NA,ptl_ts,oligo
NLA17_OR-10153,2017,61.0911184551639,52.605901004143135,42.51817,-122.2391,1804,NA,0.2525,10,0.8,NA,sdd_ts,NA
NLA17_OR-10153,2017,61.0911184551639,52.605901004143135,42.51817,-122.2391,1804,NA,0.2525,10,0.8,NA,rot_ts,meso-eutro
NLA17_OR-10153,2017,61.0911184551639,52.605901004143135,42.51817,-122.2391,1804,NA,0.2525,10,0.8,NA,crs_ts,eutro
NLA17_OR-10154,2017,63.06548801316314,51.12364893598952,44.08641,-123.1486,117,NA,0.9925,90,21,0.5,ncp_ts,NA
NLA17_OR-10154,2017,63.06548801316314,51.12364893598952,44.08641,-123.1486,117,NA,0.9925,90,21,0.5,chla_ts,eutro
NLA17_OR-10154,2017,63.06548801316314,51.12364893598952,44.08641,-123.1486,117,NA,0.9925,90,21,0.5,ptl_ts,eutro
NLA17_OR-10154,2017,63.06548801316314,51.12364893598952,44.08641,-123.1486,117,NA,0.9925,90,21,0.5,sdd_ts,eutro
NLA17_OR-10154,2017,63.06548801316314,51.12364893598952,44.08641,-123.1486,117,NA,0.9925,90,21,0.5,rot_ts,meso-eutro
NLA17_OR-10154,2017,63.06548801316314,51.12364893598952,44.08641,-123.1486,117,NA,0.9925,90,21,0.5,crs_ts,eutro
NLA17_OR-10166,2017,62.6300675725834,49.45895825809508,43.42276,-122.05,1810,NA,NA,NA,0.2,NA,ncp_ts,NA
NLA17_OR-10166,2017,62.6300675725834,49.45895825809508,43.42276,-122.05,1810,NA,NA,NA,0.2,NA,chla_ts,oligo
NLA17_OR-10166,2017,62.6300675725834,49.45895825809508,43.42276,-122.05,1810,NA,NA,NA,0.2,NA,ptl_ts,NA
NLA17_OR-10166,2017,62.6300675725834,49.45895825809508,43.42276,-122.05,1810,NA,NA,NA,0.2,NA,sdd_ts,NA
NLA17_OR-10166,2017,62.6300675725834,49.45895825809508,43.42276,-122.05,1810,NA,NA,NA,0.2,NA,rot_ts,meso-eutro
NLA17_OR-10166,2017,62.6300675725834,49.45895825809508,43.42276,-122.05,1810,NA,NA,NA,0.2,NA,crs_ts,eutro
NLA17_OR-10167,2017,64.6332418113756,45.788624826145764,44.7994,-121.8006,1567,NA,NA,NA,0.2,NA,ncp_ts,NA
NLA17_OR-10167,2017,64.6332418113756,45.788624826145764,44.7994,-121.8006,1567,NA,NA,NA,0.2,NA,chla_ts,oligo
NLA17_OR-10167,2017,64.6332418113756,45.788624826145764,44.7994,-121.8006,1567,NA,NA,NA,0.2,NA,ptl_ts,NA
NLA17_OR-10167,2017,64.6332418113756,45.788624826145764,44.7994,-121.8006,1567,NA,NA,NA,0.2,NA,sdd_ts,NA
NLA17_OR-10167,2017,64.6332418113756,45.788624826145764,44.7994,-121.8006,1567,NA,NA,NA,0.2,NA,rot_ts,meso-eutro
NLA17_OR-10167,2017,64.6332418113756,45.788624826145764,44.7994,-121.8006,1567,NA,NA,NA,0.2,NA,crs_ts,eutro
NLA17_OR-10168,2017,63.3509270534317,50.462790699117704,45.83174,-117.9609,1432,NA,NA,NA,0.7,6,ncp_ts,NA
NLA17_OR-10168,2017,63.3509270534317,50.462790699117704,45.83174,-117.9609,1432,NA,NA,NA,0.7,6,chla_ts,oligo
NLA17_OR-10168,2017,63.3509270534317,50.462790699117704,45.83174,-117.9609,1432,NA,NA,NA,0.7,6,ptl_ts,NA
NLA17_OR-10168,2017,63.3509270534317,50.462790699117704,45.83174,-117.9609,1432,NA,NA,NA,0.7,6,sdd_ts,oligo
NLA17_OR-10168,2017,63.3509270534317,50.462790699117704,45.83174,-117.9609,1432,NA,NA,NA,0.7,6,rot_ts,meso-eutro
NLA17_OR-10168,2017,63.3509270534317,50.462790699117704,45.83174,-117.9609,1432,NA,NA,NA,0.7,6,crs_ts,eutro
NLA17_OR-10173,2017,65.4179305933993,52.393136545808325,43.02092,-124.4373,5,NA,0.3025,20,8.7,2.05,ncp_ts,NA
NLA17_OR-10173,2017,65.4179305933993,52.393136545808325,43.02092,-124.4373,5,NA,0.3025,20,8.7,2.05,chla_ts,eutro
NLA17_OR-10173,2017,65.4179305933993,52.393136545808325,43.02092,-124.4373,5,NA,0.3025,20,8.7,2.05,ptl_ts,meso
NLA17_OR-10173,2017,65.4179305933993,52.393136545808325,43.02092,-124.4373,5,NA,0.3025,20,8.7,2.05,sdd_ts,meso
NLA17_OR-10173,2017,65.4179305933993,52.393136545808325,43.02092,-124.4373,5,NA,0.3025,20,8.7,2.05,rot_ts,meso-eutro
NLA17_OR-10173,2017,65.4179305933993,52.393136545808325,43.02092,-124.4373,5,NA,0.3025,20,8.7,2.05,crs_ts,hypereu
NLA17_OR-HP003,2017,59.813441843770434,42.21321773848228,43.7447,-121.972108,1736.26,3,0.079,0.5575,0.33,19.5,ncp_ts,oligo
NLA17_OR-HP003,2017,59.813441843770434,42.21321773848228,43.7447,-121.972108,1736.26,3,0.079,0.5575,0.33,19.5,chla_ts,oligo
NLA17_OR-HP003,2017,59.813441843770434,42.21321773848228,43.7447,-121.972108,1736.26,3,0.079,0.5575,0.33,19.5,ptl_ts,oligo
NLA17_OR-HP003,2017,59.813441843770434,42.21321773848228,43.7447,-121.972108,1736.26,3,0.079,0.5575,0.33,19.5,sdd_ts,oligo
NLA17_OR-HP003,2017,59.813441843770434,42.21321773848228,43.7447,-121.972108,1736.26,3,0.079,0.5575,0.33,19.5,rot_ts,oligo-meso
NLA17_OR-HP003,2017,59.813441843770434,42.21321773848228,43.7447,-121.972108,1736.26,3,0.079,0.5575,0.33,19.5,crs_ts,eutro
NLA17_OR-HP10200,2017,63.019697387646445,51.7637455491811,43.91271,-124.10146,12.85,NA,0.1473,NA,3,NA,ncp_ts,NA
NLA17_OR-HP10200,2017,63.019697387646445,51.7637455491811,43.91271,-124.10146,12.85,NA,0.1473,NA,3,NA,chla_ts,meso
NLA17_OR-HP10200,2017,63.019697387646445,51.7637455491811,43.91271,-124.10146,12.85,NA,0.1473,NA,3,NA,ptl_ts,NA
NLA17_OR-HP10200,2017,63.019697387646445,51.7637455491811,43.91271,-124.10146,12.85,NA,0.1473,NA,3,NA,sdd_ts,NA
NLA17_OR-HP10200,2017,63.019697387646445,51.7637455491811,43.91271,-124.10146,12.85,NA,0.1473,NA,3,NA,rot_ts,meso-eutro
NLA17_OR-HP10200,2017,63.019697387646445,51.7637455491811,43.91271,-124.10146,12.85,NA,0.1473,NA,3,NA,crs_ts,eutro
NLA17_OR-HP10201,2017,59.896975078524285,51.51407926344094,42.54279,-120.24223,1298.12,NA,7.8016,NA,26.2,0.2,ncp_ts,NA
NLA17_OR-HP10201,2017,59.896975078524285,51.51407926344094,42.54279,-120.24223,1298.12,NA,7.8016,NA,26.2,0.2,chla_ts,eutro
NLA17_OR-HP10201,2017,59.896975078524285,51.51407926344094,42.54279,-120.24223,1298.12,NA,7.8016,NA,26.2,0.2,ptl_ts,NA
NLA17_OR-HP10201,2017,59.896975078524285,51.51407926344094,42.54279,-120.24223,1298.12,NA,7.8016,NA,26.2,0.2,sdd_ts,hypereu
NLA17_OR-HP10201,2017,59.896975078524285,51.51407926344094,42.54279,-120.24223,1298.12,NA,7.8016,NA,26.2,0.2,rot_ts,meso-eutro
NLA17_OR-HP10201,2017,59.896975078524285,51.51407926344094,42.54279,-120.24223,1298.12,NA,7.8016,NA,26.2,0.2,crs_ts,eutro
NLA17_PA-10001,2017,69.82972650629549,54.75794441345381,40.36051,-78.10971,239,17,1.2105,9.5275,5.699999999999999,3.1500000000000004,ncp_ts,oligo
NLA17_PA-10001,2017,69.82972650629549,54.75794441345381,40.36051,-78.10971,239,17,1.2105,9.5275,5.699999999999999,3.1500000000000004,chla_ts,meso
NLA17_PA-10001,2017,69.82972650629549,54.75794441345381,40.36051,-78.10971,239,17,1.2105,9.5275,5.699999999999999,3.1500000000000004,ptl_ts,oligo
NLA17_PA-10001,2017,69.82972650629549,54.75794441345381,40.36051,-78.10971,239,17,1.2105,9.5275,5.699999999999999,3.1500000000000004,sdd_ts,meso
NLA17_PA-10001,2017,69.82972650629549,54.75794441345381,40.36051,-78.10971,239,17,1.2105,9.5275,5.699999999999999,3.1500000000000004,rot_ts,meso-eutro
NLA17_PA-10001,2017,69.82972650629549,54.75794441345381,40.36051,-78.10971,239,17,1.2105,9.5275,5.699999999999999,3.1500000000000004,crs_ts,hypereu
NLA17_PA-10002,2017,64.86701308450479,52.08763963805437,41.6949,-75.13155,384,13,0.548,28.7175,19.2,1.55,ncp_ts,oligo
NLA17_PA-10002,2017,64.86701308450479,52.08763963805437,41.6949,-75.13155,384,13,0.548,28.7175,19.2,1.55,chla_ts,eutro
NLA17_PA-10002,2017,64.86701308450479,52.08763963805437,41.6949,-75.13155,384,13,0.548,28.7175,19.2,1.55,ptl_ts,eutro
NLA17_PA-10002,2017,64.86701308450479,52.08763963805437,41.6949,-75.13155,384,13,0.548,28.7175,19.2,1.55,sdd_ts,eutro
NLA17_PA-10002,2017,64.86701308450479,52.08763963805437,41.6949,-75.13155,384,13,0.548,28.7175,19.2,1.55,rot_ts,meso-eutro
NLA17_PA-10002,2017,64.86701308450479,52.08763963805437,41.6949,-75.13155,384,13,0.548,28.7175,19.2,1.55,crs_ts,eutro
NLA17_PA-10003,2017,61.50698557076045,51.89063822383273,40.86164,-75.61191,188,7,0.84,8.44375,1.52,4.275,ncp_ts,oligo
NLA17_PA-10003,2017,61.50698557076045,51.89063822383273,40.86164,-75.61191,188,7,0.84,8.44375,1.52,4.275,chla_ts,oligo
NLA17_PA-10003,2017,61.50698557076045,51.89063822383273,40.86164,-75.61191,188,7,0.84,8.44375,1.52,4.275,ptl_ts,oligo
NLA17_PA-10003,2017,61.50698557076045,51.89063822383273,40.86164,-75.61191,188,7,0.84,8.44375,1.52,4.275,sdd_ts,oligo
NLA17_PA-10003,2017,61.50698557076045,51.89063822383273,40.86164,-75.61191,188,7,0.84,8.44375,1.52,4.275,rot_ts,meso-eutro
NLA17_PA-10003,2017,61.50698557076045,51.89063822383273,40.86164,-75.61191,188,7,0.84,8.44375,1.52,4.275,crs_ts,eutro
NLA17_PA-10004,2017,64.78965445865452,46.05482753422269,40.16179,-79.05238,552,20,0.35,22.70875,4.48,2.05,ncp_ts,oligo
NLA17_PA-10004,2017,64.78965445865452,46.05482753422269,40.16179,-79.05238,552,20,0.35,22.70875,4.48,2.05,chla_ts,meso
NLA17_PA-10004,2017,64.78965445865452,46.05482753422269,40.16179,-79.05238,552,20,0.35,22.70875,4.48,2.05,ptl_ts,meso
NLA17_PA-10004,2017,64.78965445865452,46.05482753422269,40.16179,-79.05238,552,20,0.35,22.70875,4.48,2.05,sdd_ts,meso
NLA17_PA-10004,2017,64.78965445865452,46.05482753422269,40.16179,-79.05238,552,20,0.35,22.70875,4.48,2.05,rot_ts,meso-eutro
NLA17_PA-10004,2017,64.78965445865452,46.05482753422269,40.16179,-79.05238,552,20,0.35,22.70875,4.48,2.05,crs_ts,eutro
NLA17_PA-10005,2017,62.912063980980186,51.109167096828,40.11238,-75.86381,187,10,0.878,48.26,21.07,0.8500000000000001,ncp_ts,eutro
NLA17_PA-10005,2017,62.912063980980186,51.109167096828,40.11238,-75.86381,187,10,0.878,48.26,21.07,0.8500000000000001,chla_ts,eutro
NLA17_PA-10005,2017,62.912063980980186,51.109167096828,40.11238,-75.86381,187,10,0.878,48.26,21.07,0.8500000000000001,ptl_ts,eutro
NLA17_PA-10005,2017,62.912063980980186,51.109167096828,40.11238,-75.86381,187,10,0.878,48.26,21.07,0.8500000000000001,sdd_ts,eutro
NLA17_PA-10005,2017,62.912063980980186,51.109167096828,40.11238,-75.86381,187,10,0.878,48.26,21.07,0.8500000000000001,rot_ts,meso-eutro
NLA17_PA-10005,2017,62.912063980980186,51.109167096828,40.11238,-75.86381,187,10,0.878,48.26,21.07,0.8500000000000001,crs_ts,eutro
NLA17_PA-10006,2017,69.13438531630307,55.24321109485345,40.15586,-74.78839,2,2.5,0.5545,20.926875,11.2,1.7875,ncp_ts,oligo
NLA17_PA-10006,2017,69.13438531630307,55.24321109485345,40.15586,-74.78839,2,2.5,0.5545,20.926875,11.2,1.7875,chla_ts,eutro
NLA17_PA-10006,2017,69.13438531630307,55.24321109485345,40.15586,-74.78839,2,2.5,0.5545,20.926875,11.2,1.7875,ptl_ts,meso
NLA17_PA-10006,2017,69.13438531630307,55.24321109485345,40.15586,-74.78839,2,2.5,0.5545,20.926875,11.2,1.7875,sdd_ts,eutro
NLA17_PA-10006,2017,69.13438531630307,55.24321109485345,40.15586,-74.78839,2,2.5,0.5545,20.926875,11.2,1.7875,rot_ts,eutro
NLA17_PA-10006,2017,69.13438531630307,55.24321109485345,40.15586,-74.78839,2,2.5,0.5545,20.926875,11.2,1.7875,crs_ts,hypereu
NLA17_PA-10007,2017,60.50205726392485,49.7839593656352,40.15804,-78.973,495,13,1.19,6.79625,1.95,7.55,ncp_ts,oligo
NLA17_PA-10007,2017,60.50205726392485,49.7839593656352,40.15804,-78.973,495,13,1.19,6.79625,1.95,7.55,chla_ts,oligo
NLA17_PA-10007,2017,60.50205726392485,49.7839593656352,40.15804,-78.973,495,13,1.19,6.79625,1.95,7.55,ptl_ts,oligo
NLA17_PA-10007,2017,60.50205726392485,49.7839593656352,40.15804,-78.973,495,13,1.19,6.79625,1.95,7.55,sdd_ts,oligo
NLA17_PA-10007,2017,60.50205726392485,49.7839593656352,40.15804,-78.973,495,13,1.19,6.79625,1.95,7.55,rot_ts,meso-eutro
NLA17_PA-10007,2017,60.50205726392485,49.7839593656352,40.15804,-78.973,495,13,1.19,6.79625,1.95,7.55,crs_ts,eutro
NLA17_PA-10008,2017,62.38906595905624,52.48374921407072,41.63079,-75.5482,500,18,0.334,6.41125,1.93,4.800000000000001,ncp_ts,oligo
NLA17_PA-10008,2017,62.38906595905624,52.48374921407072,41.63079,-75.5482,500,18,0.334,6.41125,1.93,4.800000000000001,chla_ts,oligo
NLA17_PA-10008,2017,62.38906595905624,52.48374921407072,41.63079,-75.5482,500,18,0.334,6.41125,1.93,4.800000000000001,ptl_ts,oligo
NLA17_PA-10008,2017,62.38906595905624,52.48374921407072,41.63079,-75.5482,500,18,0.334,6.41125,1.93,4.800000000000001,sdd_ts,oligo
NLA17_PA-10008,2017,62.38906595905624,52.48374921407072,41.63079,-75.5482,500,18,0.334,6.41125,1.93,4.800000000000001,rot_ts,meso-eutro
NLA17_PA-10008,2017,62.38906595905624,52.48374921407072,41.63079,-75.5482,500,18,0.334,6.41125,1.93,4.800000000000001,crs_ts,eutro
NLA17_PA-10010,2017,60.81039140624742,55.002531985986764,39.98016,-77.17689,232,9,0.785,39.29875,17.83,0.75,ncp_ts,eutro
NLA17_PA-10010,2017,60.81039140624742,55.002531985986764,39.98016,-77.17689,232,9,0.785,39.29875,17.83,0.75,chla_ts,eutro
NLA17_PA-10010,2017,60.81039140624742,55.002531985986764,39.98016,-77.17689,232,9,0.785,39.29875,17.83,0.75,ptl_ts,eutro
NLA17_PA-10010,2017,60.81039140624742,55.002531985986764,39.98016,-77.17689,232,9,0.785,39.29875,17.83,0.75,sdd_ts,eutro
NLA17_PA-10010,2017,60.81039140624742,55.002531985986764,39.98016,-77.17689,232,9,0.785,39.29875,17.83,0.75,rot_ts,eutro
NLA17_PA-10010,2017,60.81039140624742,55.002531985986764,39.98016,-77.17689,232,9,0.785,39.29875,17.83,0.75,crs_ts,eutro
NLA17_PA-10011,2017,60.00041149493951,52.2659985134193,41.39491,-75.36279,420,30,0.919,43.61,9.44,1.95,ncp_ts,mixo
NLA17_PA-10011,2017,60.00041149493951,52.2659985134193,41.39491,-75.36279,420,30,0.919,43.61,9.44,1.95,chla_ts,eutro
NLA17_PA-10011,2017,60.00041149493951,52.2659985134193,41.39491,-75.36279,420,30,0.919,43.61,9.44,1.95,ptl_ts,eutro
NLA17_PA-10011,2017,60.00041149493951,52.2659985134193,41.39491,-75.36279,420,30,0.919,43.61,9.44,1.95,sdd_ts,eutro
NLA17_PA-10011,2017,60.00041149493951,52.2659985134193,41.39491,-75.36279,420,30,0.919,43.61,9.44,1.95,rot_ts,meso-eutro
NLA17_PA-10011,2017,60.00041149493951,52.2659985134193,41.39491,-75.36279,420,30,0.919,43.61,9.44,1.95,crs_ts,eutro
NLA17_PA-10013,2017,60.26441410667099,54.54016171365886,41.12725,-79.35851,394,13,0.544,41.735,26.4,0.99,ncp_ts,eutro
NLA17_PA-10013,2017,60.26441410667099,54.54016171365886,41.12725,-79.35851,394,13,0.544,41.735,26.4,0.99,chla_ts,eutro
NLA17_PA-10013,2017,60.26441410667099,54.54016171365886,41.12725,-79.35851,394,13,0.544,41.735,26.4,0.99,ptl_ts,eutro
NLA17_PA-10013,2017,60.26441410667099,54.54016171365886,41.12725,-79.35851,394,13,0.544,41.735,26.4,0.99,sdd_ts,eutro
NLA17_PA-10013,2017,60.26441410667099,54.54016171365886,41.12725,-79.35851,394,13,0.544,41.735,26.4,0.99,rot_ts,meso-eutro
NLA17_PA-10013,2017,60.26441410667099,54.54016171365886,41.12725,-79.35851,394,13,0.544,41.735,26.4,0.99,crs_ts,eutro
NLA17_PA-10015,2017,66.37548325414235,46.41362712902555,41.89979,-75.65488,445,23,0.69,45.18625,13.6,NA,ncp_ts,mixo
NLA17_PA-10015,2017,66.37548325414235,46.41362712902555,41.89979,-75.65488,445,23,0.69,45.18625,13.6,NA,chla_ts,eutro
NLA17_PA-10015,2017,66.37548325414235,46.41362712902555,41.89979,-75.65488,445,23,0.69,45.18625,13.6,NA,ptl_ts,eutro
NLA17_PA-10015,2017,66.37548325414235,46.41362712902555,41.89979,-75.65488,445,23,0.69,45.18625,13.6,NA,sdd_ts,NA
NLA17_PA-10015,2017,66.37548325414235,46.41362712902555,41.89979,-75.65488,445,23,0.69,45.18625,13.6,NA,rot_ts,meso-eutro
NLA17_PA-10015,2017,66.37548325414235,46.41362712902555,41.89979,-75.65488,445,23,0.69,45.18625,13.6,NA,crs_ts,hypereu
NLA17_PA-10025,2017,63.11107862474535,53.57763353067516,41.02994,-80.23983,361,72,0.829,71.04375,25.94,0.7,ncp_ts,mixo
NLA17_PA-10025,2017,63.11107862474535,53.57763353067516,41.02994,-80.23983,361,72,0.829,71.04375,25.94,0.7,chla_ts,eutro
NLA17_PA-10025,2017,63.11107862474535,53.57763353067516,41.02994,-80.23983,361,72,0.829,71.04375,25.94,0.7,ptl_ts,eutro
NLA17_PA-10025,2017,63.11107862474535,53.57763353067516,41.02994,-80.23983,361,72,0.829,71.04375,25.94,0.7,sdd_ts,eutro
NLA17_PA-10025,2017,63.11107862474535,53.57763353067516,41.02994,-80.23983,361,72,0.829,71.04375,25.94,0.7,rot_ts,meso-eutro
NLA17_PA-10025,2017,63.11107862474535,53.57763353067516,41.02994,-80.23983,361,72,0.829,71.04375,25.94,0.7,crs_ts,eutro
NLA17_PA-10030,2017,62.47002537326184,53.30505121761145,41.20441,-74.99911,378,210,0.619,50.275,30.72,0.6499999999999999,ncp_ts,mixo
NLA17_PA-10030,2017,62.47002537326184,53.30505121761145,41.20441,-74.99911,378,210,0.619,50.275,30.72,0.6499999999999999,chla_ts,eutro
NLA17_PA-10030,2017,62.47002537326184,53.30505121761145,41.20441,-74.99911,378,210,0.619,50.275,30.72,0.6499999999999999,ptl_ts,eutro
NLA17_PA-10030,2017,62.47002537326184,53.30505121761145,41.20441,-74.99911,378,210,0.619,50.275,30.72,0.6499999999999999,sdd_ts,eutro
NLA17_PA-10030,2017,62.47002537326184,53.30505121761145,41.20441,-74.99911,378,210,0.619,50.275,30.72,0.6499999999999999,rot_ts,meso-eutro
NLA17_PA-10030,2017,62.47002537326184,53.30505121761145,41.20441,-74.99911,378,210,0.619,50.275,30.72,0.6499999999999999,crs_ts,eutro
NLA17_PA-10042,2017,63.336096417548625,47.970027107767685,40.7977,-75.92151,329,12,0.208,9.9175,2.37,3.45,ncp_ts,oligo
NLA17_PA-10042,2017,63.336096417548625,47.970027107767685,40.7977,-75.92151,329,12,0.208,9.9175,2.37,3.45,chla_ts,oligo
NLA17_PA-10042,2017,63.336096417548625,47.970027107767685,40.7977,-75.92151,329,12,0.208,9.9175,2.37,3.45,ptl_ts,oligo
NLA17_PA-10042,2017,63.336096417548625,47.970027107767685,40.7977,-75.92151,329,12,0.208,9.9175,2.37,3.45,sdd_ts,meso
NLA17_PA-10042,2017,63.336096417548625,47.970027107767685,40.7977,-75.92151,329,12,0.208,9.9175,2.37,3.45,rot_ts,meso-eutro
NLA17_PA-10042,2017,63.336096417548625,47.970027107767685,40.7977,-75.92151,329,12,0.208,9.9175,2.37,3.45,crs_ts,eutro
NLA17_PA-10047,2017,64.58059213056409,47.423364358677674,41.18683,-75.42723,588,33,0.378,18.42,4.25,1.85,ncp_ts,dys
NLA17_PA-10047,2017,64.58059213056409,47.423364358677674,41.18683,-75.42723,588,33,0.378,18.42,4.25,1.85,chla_ts,meso
NLA17_PA-10047,2017,64.58059213056409,47.423364358677674,41.18683,-75.42723,588,33,0.378,18.42,4.25,1.85,ptl_ts,meso
NLA17_PA-10047,2017,64.58059213056409,47.423364358677674,41.18683,-75.42723,588,33,0.378,18.42,4.25,1.85,sdd_ts,eutro
NLA17_PA-10047,2017,64.58059213056409,47.423364358677674,41.18683,-75.42723,588,33,0.378,18.42,4.25,1.85,rot_ts,meso-eutro
NLA17_PA-10047,2017,64.58059213056409,47.423364358677674,41.18683,-75.42723,588,33,0.378,18.42,4.25,1.85,crs_ts,eutro
NLA17_PA-HP001,2017,64.72475988692966,45.425790735465796,40.270346,-78.682256,724.74,13,0.54,7.115,0.79,2.7249999999999996,ncp_ts,oligo
NLA17_PA-HP001,2017,64.72475988692966,45.425790735465796,40.270346,-78.682256,724.74,13,0.54,7.115,0.79,2.7249999999999996,chla_ts,oligo
NLA17_PA-HP001,2017,64.72475988692966,45.425790735465796,40.270346,-78.682256,724.74,13,0.54,7.115,0.79,2.7249999999999996,ptl_ts,oligo
NLA17_PA-HP001,2017,64.72475988692966,45.425790735465796,40.270346,-78.682256,724.74,13,0.54,7.115,0.79,2.7249999999999996,sdd_ts,meso
NLA17_PA-HP001,2017,64.72475988692966,45.425790735465796,40.270346,-78.682256,724.74,13,0.54,7.115,0.79,2.7249999999999996,rot_ts,meso-eutro
NLA17_PA-HP001,2017,64.72475988692966,45.425790735465796,40.270346,-78.682256,724.74,13,0.54,7.115,0.79,2.7249999999999996,crs_ts,eutro
NLA17_PA-HP002,2017,60.14343631656135,54.02585996439497,42.003975,-79.89817,396.49,11,0.353,12.23125,5.55,4.15,ncp_ts,oligo
NLA17_PA-HP002,2017,60.14343631656135,54.02585996439497,42.003975,-79.89817,396.49,11,0.353,12.23125,5.55,4.15,chla_ts,meso
NLA17_PA-HP002,2017,60.14343631656135,54.02585996439497,42.003975,-79.89817,396.49,11,0.353,12.23125,5.55,4.15,ptl_ts,meso
NLA17_PA-HP002,2017,60.14343631656135,54.02585996439497,42.003975,-79.89817,396.49,11,0.353,12.23125,5.55,4.15,sdd_ts,oligo
NLA17_PA-HP002,2017,60.14343631656135,54.02585996439497,42.003975,-79.89817,396.49,11,0.353,12.23125,5.55,4.15,rot_ts,meso-eutro
NLA17_PA-HP002,2017,60.14343631656135,54.02585996439497,42.003975,-79.89817,396.49,11,0.353,12.23125,5.55,4.15,crs_ts,eutro
NLA17_RI-10001,2017,70.02555310000972,53.84579534861099,41.8915,-71.68264,128,66,0.481,16.1225,12.254999999999999,1.3900000000000001,ncp_ts,dys
NLA17_RI-10001,2017,70.02555310000972,53.84579534861099,41.8915,-71.68264,128,66,0.481,16.1225,12.254999999999999,1.3900000000000001,chla_ts,eutro
NLA17_RI-10001,2017,70.02555310000972,53.84579534861099,41.8915,-71.68264,128,66,0.481,16.1225,12.254999999999999,1.3900000000000001,ptl_ts,meso
NLA17_RI-10001,2017,70.02555310000972,53.84579534861099,41.8915,-71.68264,128,66,0.481,16.1225,12.254999999999999,1.3900000000000001,sdd_ts,eutro
NLA17_RI-10001,2017,70.02555310000972,53.84579534861099,41.8915,-71.68264,128,66,0.481,16.1225,12.254999999999999,1.3900000000000001,rot_ts,meso-eutro
NLA17_RI-10001,2017,70.02555310000972,53.84579534861099,41.8915,-71.68264,128,66,0.481,16.1225,12.254999999999999,1.3900000000000001,crs_ts,hypereu
NLA17_RI-10002,2017,60.18392569272867,52.43863364570637,41.98989,-71.59692,75,50,0.625,47.71125,15.98,1.975,ncp_ts,mixo
NLA17_RI-10002,2017,60.18392569272867,52.43863364570637,41.98989,-71.59692,75,50,0.625,47.71125,15.98,1.975,chla_ts,eutro
NLA17_RI-10002,2017,60.18392569272867,52.43863364570637,41.98989,-71.59692,75,50,0.625,47.71125,15.98,1.975,ptl_ts,eutro
NLA17_RI-10002,2017,60.18392569272867,52.43863364570637,41.98989,-71.59692,75,50,0.625,47.71125,15.98,1.975,sdd_ts,eutro
NLA17_RI-10002,2017,60.18392569272867,52.43863364570637,41.98989,-71.59692,75,50,0.625,47.71125,15.98,1.975,rot_ts,meso-eutro
NLA17_RI-10002,2017,60.18392569272867,52.43863364570637,41.98989,-71.59692,75,50,0.625,47.71125,15.98,1.975,crs_ts,eutro
NLA17_RI-10005,2017,62.27464544197789,52.195362925462454,41.43472,-71.48838,14,0,0.348,8.73625,2.44,5.05,ncp_ts,oligo
NLA17_RI-10005,2017,62.27464544197789,52.195362925462454,41.43472,-71.48838,14,0,0.348,8.73625,2.44,5.05,chla_ts,oligo
NLA17_RI-10005,2017,62.27464544197789,52.195362925462454,41.43472,-71.48838,14,0,0.348,8.73625,2.44,5.05,ptl_ts,oligo
NLA17_RI-10005,2017,62.27464544197789,52.195362925462454,41.43472,-71.48838,14,0,0.348,8.73625,2.44,5.05,sdd_ts,oligo
NLA17_RI-10005,2017,62.27464544197789,52.195362925462454,41.43472,-71.48838,14,0,0.348,8.73625,2.44,5.05,rot_ts,meso-eutro
NLA17_RI-10005,2017,62.27464544197789,52.195362925462454,41.43472,-71.48838,14,0,0.348,8.73625,2.44,5.05,crs_ts,eutro
NLA17_RI-10006,2017,61.803795301054535,50.73384060981056,41.50025,-71.56469,35,72,0.443,23.7175,11.22,1.0350000000000001,ncp_ts,dys
NLA17_RI-10006,2017,61.803795301054535,50.73384060981056,41.50025,-71.56469,35,72,0.443,23.7175,11.22,1.0350000000000001,chla_ts,eutro
NLA17_RI-10006,2017,61.803795301054535,50.73384060981056,41.50025,-71.56469,35,72,0.443,23.7175,11.22,1.0350000000000001,ptl_ts,meso
NLA17_RI-10006,2017,61.803795301054535,50.73384060981056,41.50025,-71.56469,35,72,0.443,23.7175,11.22,1.0350000000000001,sdd_ts,eutro
NLA17_RI-10006,2017,61.803795301054535,50.73384060981056,41.50025,-71.56469,35,72,0.443,23.7175,11.22,1.0350000000000001,rot_ts,meso-eutro
NLA17_RI-10006,2017,61.803795301054535,50.73384060981056,41.50025,-71.56469,35,72,0.443,23.7175,11.22,1.0350000000000001,crs_ts,eutro
NLA17_RI-10008,2017,60.3243569562361,53.828327800799066,41.78866,-71.46894,20,10,0.518,6.03125,7.5,1.7000000000000002,ncp_ts,oligo
NLA17_RI-10008,2017,60.3243569562361,53.828327800799066,41.78866,-71.46894,20,10,0.518,6.03125,7.5,1.7000000000000002,chla_ts,eutro
NLA17_RI-10008,2017,60.3243569562361,53.828327800799066,41.78866,-71.46894,20,10,0.518,6.03125,7.5,1.7000000000000002,ptl_ts,oligo
NLA17_RI-10008,2017,60.3243569562361,53.828327800799066,41.78866,-71.46894,20,10,0.518,6.03125,7.5,1.7000000000000002,sdd_ts,eutro
NLA17_RI-10008,2017,60.3243569562361,53.828327800799066,41.78866,-71.46894,20,10,0.518,6.03125,7.5,1.7000000000000002,rot_ts,meso-eutro
NLA17_RI-10008,2017,60.3243569562361,53.828327800799066,41.78866,-71.46894,20,10,0.518,6.03125,7.5,1.7000000000000002,crs_ts,eutro
NLA17_RI-10010,2017,70.25784610154153,54.65390802242596,41.45032,-71.51382,33,75.5,0.7430000000000001,29.258125,12.68,0.9000000000000001,ncp_ts,dys
NLA17_RI-10010,2017,70.25784610154153,54.65390802242596,41.45032,-71.51382,33,75.5,0.7430000000000001,29.258125,12.68,0.9000000000000001,chla_ts,eutro
NLA17_RI-10010,2017,70.25784610154153,54.65390802242596,41.45032,-71.51382,33,75.5,0.7430000000000001,29.258125,12.68,0.9000000000000001,ptl_ts,eutro
NLA17_RI-10010,2017,70.25784610154153,54.65390802242596,41.45032,-71.51382,33,75.5,0.7430000000000001,29.258125,12.68,0.9000000000000001,sdd_ts,eutro
NLA17_RI-10010,2017,70.25784610154153,54.65390802242596,41.45032,-71.51382,33,75.5,0.7430000000000001,29.258125,12.68,0.9000000000000001,rot_ts,meso-eutro
NLA17_RI-10010,2017,70.25784610154153,54.65390802242596,41.45032,-71.51382,33,75.5,0.7430000000000001,29.258125,12.68,0.9000000000000001,crs_ts,hypereu
NLA17_RI-10011,2017,58.7981405631991,59.02254546783335,41.77464,-71.44686,7,10,0.638,37.78375,35.64,1.9649999999999999,ncp_ts,eutro
NLA17_RI-10011,2017,58.7981405631991,59.02254546783335,41.77464,-71.44686,7,10,0.638,37.78375,35.64,1.9649999999999999,chla_ts,eutro
NLA17_RI-10011,2017,58.7981405631991,59.02254546783335,41.77464,-71.44686,7,10,0.638,37.78375,35.64,1.9649999999999999,ptl_ts,eutro
NLA17_RI-10011,2017,58.7981405631991,59.02254546783335,41.77464,-71.44686,7,10,0.638,37.78375,35.64,1.9649999999999999,sdd_ts,eutro
NLA17_RI-10011,2017,58.7981405631991,59.02254546783335,41.77464,-71.44686,7,10,0.638,37.78375,35.64,1.9649999999999999,rot_ts,eutro
NLA17_RI-10011,2017,58.7981405631991,59.02254546783335,41.77464,-71.44686,7,10,0.638,37.78375,35.64,1.9649999999999999,crs_ts,eutro
NLA17_RI-10019,2017,60.02097005257459,54.88881573132264,41.75016,-71.40579,12,19,0.446,17.995,3.26,2.54,ncp_ts,oligo
NLA17_RI-10019,2017,60.02097005257459,54.88881573132264,41.75016,-71.40579,12,19,0.446,17.995,3.26,2.54,chla_ts,meso
NLA17_RI-10019,2017,60.02097005257459,54.88881573132264,41.75016,-71.40579,12,19,0.446,17.995,3.26,2.54,ptl_ts,meso
NLA17_RI-10019,2017,60.02097005257459,54.88881573132264,41.75016,-71.40579,12,19,0.446,17.995,3.26,2.54,sdd_ts,meso
NLA17_RI-10019,2017,60.02097005257459,54.88881573132264,41.75016,-71.40579,12,19,0.446,17.995,3.26,2.54,rot_ts,meso-eutro
NLA17_RI-10019,2017,60.02097005257459,54.88881573132264,41.75016,-71.40579,12,19,0.446,17.995,3.26,2.54,crs_ts,eutro
NLA17_SC-10002,2017,65.77808733133324,59.626897303386194,33.46314,-80.38935,23,24.5,0.4335,43.361875,12.2,1.4500000000000002,ncp_ts,mixo
NLA17_SC-10002,2017,65.77808733133324,59.626897303386194,33.46314,-80.38935,23,24.5,0.4335,43.361875,12.2,1.4500000000000002,chla_ts,eutro
NLA17_SC-10002,2017,65.77808733133324,59.626897303386194,33.46314,-80.38935,23,24.5,0.4335,43.361875,12.2,1.4500000000000002,ptl_ts,eutro
NLA17_SC-10002,2017,65.77808733133324,59.626897303386194,33.46314,-80.38935,23,24.5,0.4335,43.361875,12.2,1.4500000000000002,sdd_ts,eutro
NLA17_SC-10002,2017,65.77808733133324,59.626897303386194,33.46314,-80.38935,23,24.5,0.4335,43.361875,12.2,1.4500000000000002,rot_ts,eutro
NLA17_SC-10002,2017,65.77808733133324,59.626897303386194,33.46314,-80.38935,23,24.5,0.4335,43.361875,12.2,1.4500000000000002,crs_ts,hypereu
NLA17_SC-10003,2017,71.59061791032096,53.677518256254395,34.357170000000004,-81.76288,160,58,0.918,67.92625000000001,29.759999999999998,0.55,ncp_ts,mixo
NLA17_SC-10003,2017,71.59061791032096,53.677518256254395,34.357170000000004,-81.76288,160,58,0.918,67.92625000000001,29.759999999999998,0.55,chla_ts,eutro
NLA17_SC-10003,2017,71.59061791032096,53.677518256254395,34.357170000000004,-81.76288,160,58,0.918,67.92625000000001,29.759999999999998,0.55,ptl_ts,eutro
NLA17_SC-10003,2017,71.59061791032096,53.677518256254395,34.357170000000004,-81.76288,160,58,0.918,67.92625000000001,29.759999999999998,0.55,sdd_ts,eutro
NLA17_SC-10003,2017,71.59061791032096,53.677518256254395,34.357170000000004,-81.76288,160,58,0.918,67.92625000000001,29.759999999999998,0.55,rot_ts,meso-eutro
NLA17_SC-10003,2017,71.59061791032096,53.677518256254395,34.357170000000004,-81.76288,160,58,0.918,67.92625000000001,29.759999999999998,0.55,crs_ts,hypereu
NLA17_SC-10004,2017,62.803306284806055,49.31921014124554,33.57375,-81.88408,71,26,0.324,20.75125,8.83,1.35,ncp_ts,dys
NLA17_SC-10004,2017,62.803306284806055,49.31921014124554,33.57375,-81.88408,71,26,0.324,20.75125,8.83,1.35,chla_ts,eutro
NLA17_SC-10004,2017,62.803306284806055,49.31921014124554,33.57375,-81.88408,71,26,0.324,20.75125,8.83,1.35,ptl_ts,meso
NLA17_SC-10004,2017,62.803306284806055,49.31921014124554,33.57375,-81.88408,71,26,0.324,20.75125,8.83,1.35,sdd_ts,eutro
NLA17_SC-10004,2017,62.803306284806055,49.31921014124554,33.57375,-81.88408,71,26,0.324,20.75125,8.83,1.35,rot_ts,meso-eutro
NLA17_SC-10004,2017,62.803306284806055,49.31921014124554,33.57375,-81.88408,71,26,0.324,20.75125,8.83,1.35,crs_ts,eutro
NLA17_SC-10010,2017,54.812958654607264,52.33571871159597,35.06251,-82.68748,380,10,0.141,10.28375,1.94,6.4,ncp_ts,oligo
NLA17_SC-10010,2017,54.812958654607264,52.33571871159597,35.06251,-82.68748,380,10,0.141,10.28375,1.94,6.4,chla_ts,oligo
NLA17_SC-10010,2017,54.812958654607264,52.33571871159597,35.06251,-82.68748,380,10,0.141,10.28375,1.94,6.4,ptl_ts,oligo
NLA17_SC-10010,2017,54.812958654607264,52.33571871159597,35.06251,-82.68748,380,10,0.141,10.28375,1.94,6.4,sdd_ts,oligo
NLA17_SC-10010,2017,54.812958654607264,52.33571871159597,35.06251,-82.68748,380,10,0.141,10.28375,1.94,6.4,rot_ts,meso-eutro
NLA17_SC-10010,2017,54.812958654607264,52.33571871159597,35.06251,-82.68748,380,10,0.141,10.28375,1.94,6.4,crs_ts,meso-eutro
NLA17_SC-10011,2017,52.876649348147424,54.960169562388494,35.10982,-81.98462,236,18,0.25,26.47125,13.92,1.35,ncp_ts,oligo
NLA17_SC-10011,2017,52.876649348147424,54.960169562388494,35.10982,-81.98462,236,18,0.25,26.47125,13.92,1.35,chla_ts,eutro
NLA17_SC-10011,2017,52.876649348147424,54.960169562388494,35.10982,-81.98462,236,18,0.25,26.47125,13.92,1.35,ptl_ts,eutro
NLA17_SC-10011,2017,52.876649348147424,54.960169562388494,35.10982,-81.98462,236,18,0.25,26.47125,13.92,1.35,sdd_ts,eutro
NLA17_SC-10011,2017,52.876649348147424,54.960169562388494,35.10982,-81.98462,236,18,0.25,26.47125,13.92,1.35,rot_ts,meso-eutro
NLA17_SC-10011,2017,52.876649348147424,54.960169562388494,35.10982,-81.98462,236,18,0.25,26.47125,13.92,1.35,crs_ts,meso-eutro
NLA17_SC-10012,2017,61.48925412719029,52.289339114019754,33.67943,-81.34047,98,9,0.518,9.395,4.14,NA,ncp_ts,oligo
NLA17_SC-10012,2017,61.48925412719029,52.289339114019754,33.67943,-81.34047,98,9,0.518,9.395,4.14,NA,chla_ts,meso
NLA17_SC-10012,2017,61.48925412719029,52.289339114019754,33.67943,-81.34047,98,9,0.518,9.395,4.14,NA,ptl_ts,oligo
NLA17_SC-10012,2017,61.48925412719029,52.289339114019754,33.67943,-81.34047,98,9,0.518,9.395,4.14,NA,sdd_ts,NA
NLA17_SC-10012,2017,61.48925412719029,52.289339114019754,33.67943,-81.34047,98,9,0.518,9.395,4.14,NA,rot_ts,meso-eutro
NLA17_SC-10012,2017,61.48925412719029,52.289339114019754,33.67943,-81.34047,98,9,0.518,9.395,4.14,NA,crs_ts,eutro
NLA17_SC-10015,2017,60.97976321636369,51.646925519177145,34.69644,-80.11706,79,32,0.54,37.8675,26.09,0.75,ncp_ts,mixo
NLA17_SC-10015,2017,60.97976321636369,51.646925519177145,34.69644,-80.11706,79,32,0.54,37.8675,26.09,0.75,chla_ts,eutro
NLA17_SC-10015,2017,60.97976321636369,51.646925519177145,34.69644,-80.11706,79,32,0.54,37.8675,26.09,0.75,ptl_ts,eutro
NLA17_SC-10015,2017,60.97976321636369,51.646925519177145,34.69644,-80.11706,79,32,0.54,37.8675,26.09,0.75,sdd_ts,eutro
NLA17_SC-10015,2017,60.97976321636369,51.646925519177145,34.69644,-80.11706,79,32,0.54,37.8675,26.09,0.75,rot_ts,meso-eutro
NLA17_SC-10015,2017,60.97976321636369,51.646925519177145,34.69644,-80.11706,79,32,0.54,37.8675,26.09,0.75,crs_ts,eutro
NLA17_SC-10016,2017,63.927627678744784,48.65257006609558,33.6172,-81.80833,86,14,0.286,31.84,8.11,0.7,ncp_ts,eutro
NLA17_SC-10016,2017,63.927627678744784,48.65257006609558,33.6172,-81.80833,86,14,0.286,31.84,8.11,0.7,chla_ts,eutro
NLA17_SC-10016,2017,63.927627678744784,48.65257006609558,33.6172,-81.80833,86,14,0.286,31.84,8.11,0.7,ptl_ts,eutro
NLA17_SC-10016,2017,63.927627678744784,48.65257006609558,33.6172,-81.80833,86,14,0.286,31.84,8.11,0.7,sdd_ts,eutro
NLA17_SC-10016,2017,63.927627678744784,48.65257006609558,33.6172,-81.80833,86,14,0.286,31.84,8.11,0.7,rot_ts,meso-eutro
NLA17_SC-10016,2017,63.927627678744784,48.65257006609558,33.6172,-81.80833,86,14,0.286,31.84,8.11,0.7,crs_ts,eutro
NLA17_SC-10023,2017,45.04760252140463,52.25429013012573,33.92321,-82.3781,100,1,0.31,19.56875,11.15,1.85,ncp_ts,oligo
NLA17_SC-10023,2017,45.04760252140463,52.25429013012573,33.92321,-82.3781,100,1,0.31,19.56875,11.15,1.85,chla_ts,eutro
NLA17_SC-10023,2017,45.04760252140463,52.25429013012573,33.92321,-82.3781,100,1,0.31,19.56875,11.15,1.85,ptl_ts,meso
NLA17_SC-10023,2017,45.04760252140463,52.25429013012573,33.92321,-82.3781,100,1,0.31,19.56875,11.15,1.85,sdd_ts,eutro
NLA17_SC-10023,2017,45.04760252140463,52.25429013012573,33.92321,-82.3781,100,1,0.31,19.56875,11.15,1.85,rot_ts,meso-eutro
NLA17_SC-10023,2017,45.04760252140463,52.25429013012573,33.92321,-82.3781,100,1,0.31,19.56875,11.15,1.85,crs_ts,meso-eutro
NLA17_SC-10024,2017,60.30441598610824,52.00233773782528,33.92726,-80.69359,74,20,0.579,47.6825,21.12,1.75,ncp_ts,eutro
NLA17_SC-10024,2017,60.30441598610824,52.00233773782528,33.92726,-80.69359,74,20,0.579,47.6825,21.12,1.75,chla_ts,eutro
NLA17_SC-10024,2017,60.30441598610824,52.00233773782528,33.92726,-80.69359,74,20,0.579,47.6825,21.12,1.75,ptl_ts,eutro
NLA17_SC-10024,2017,60.30441598610824,52.00233773782528,33.92726,-80.69359,74,20,0.579,47.6825,21.12,1.75,sdd_ts,eutro
NLA17_SC-10024,2017,60.30441598610824,52.00233773782528,33.92726,-80.69359,74,20,0.579,47.6825,21.12,1.75,rot_ts,meso-eutro
NLA17_SC-10024,2017,60.30441598610824,52.00233773782528,33.92726,-80.69359,74,20,0.579,47.6825,21.12,1.75,crs_ts,eutro
NLA17_SC-10027,2017,62.70917106909477,51.280428241791874,34.63796,-79.89975,31,52,0.399,20.7975,3.01,0.95,ncp_ts,dys
NLA17_SC-10027,2017,62.70917106909477,51.280428241791874,34.63796,-79.89975,31,52,0.399,20.7975,3.01,0.95,chla_ts,meso
NLA17_SC-10027,2017,62.70917106909477,51.280428241791874,34.63796,-79.89975,31,52,0.399,20.7975,3.01,0.95,ptl_ts,meso
NLA17_SC-10027,2017,62.70917106909477,51.280428241791874,34.63796,-79.89975,31,52,0.399,20.7975,3.01,0.95,sdd_ts,eutro
NLA17_SC-10027,2017,62.70917106909477,51.280428241791874,34.63796,-79.89975,31,52,0.399,20.7975,3.01,0.95,rot_ts,meso-eutro
NLA17_SC-10027,2017,62.70917106909477,51.280428241791874,34.63796,-79.89975,31,52,0.399,20.7975,3.01,0.95,crs_ts,eutro
NLA17_SC-HP002,2017,63.78638352858139,48.4424782960849,34.976183,-82.939386,335.62,5,0.066,6.89125,2.53,5.475,ncp_ts,oligo
NLA17_SC-HP002,2017,63.78638352858139,48.4424782960849,34.976183,-82.939386,335.62,5,0.066,6.89125,2.53,5.475,chla_ts,oligo
NLA17_SC-HP002,2017,63.78638352858139,48.4424782960849,34.976183,-82.939386,335.62,5,0.066,6.89125,2.53,5.475,ptl_ts,oligo
NLA17_SC-HP002,2017,63.78638352858139,48.4424782960849,34.976183,-82.939386,335.62,5,0.066,6.89125,2.53,5.475,sdd_ts,oligo
NLA17_SC-HP002,2017,63.78638352858139,48.4424782960849,34.976183,-82.939386,335.62,5,0.066,6.89125,2.53,5.475,rot_ts,meso-eutro
NLA17_SC-HP002,2017,63.78638352858139,48.4424782960849,34.976183,-82.939386,335.62,5,0.066,6.89125,2.53,5.475,crs_ts,eutro
NLA17_SD-10001,2017,70.45443972946468,54.008968270769856,44.6471,-100.7009,490,14,0.28,14.095625000000002,3.735,3.025,ncp_ts,oligo
NLA17_SD-10001,2017,70.45443972946468,54.008968270769856,44.6471,-100.7009,490,14,0.28,14.095625000000002,3.735,3.025,chla_ts,meso
NLA17_SD-10001,2017,70.45443972946468,54.008968270769856,44.6471,-100.7009,490,14,0.28,14.095625000000002,3.735,3.025,ptl_ts,meso
NLA17_SD-10001,2017,70.45443972946468,54.008968270769856,44.6471,-100.7009,490,14,0.28,14.095625000000002,3.735,3.025,sdd_ts,meso
NLA17_SD-10001,2017,70.45443972946468,54.008968270769856,44.6471,-100.7009,490,14,0.28,14.095625000000002,3.735,3.025,rot_ts,meso-eutro
NLA17_SD-10001,2017,70.45443972946468,54.008968270769856,44.6471,-100.7009,490,14,0.28,14.095625000000002,3.735,3.025,crs_ts,hypereu
NLA17_SD-10003,2017,62.38906595905624,51.51407926344094,44.32809,-97.11661,536,20,1.326,223.11,7.98,1.08,ncp_ts,eutro
NLA17_SD-10003,2017,62.38906595905624,51.51407926344094,44.32809,-97.11661,536,20,1.326,223.11,7.98,1.08,chla_ts,eutro
NLA17_SD-10003,2017,62.38906595905624,51.51407926344094,44.32809,-97.11661,536,20,1.326,223.11,7.98,1.08,ptl_ts,hypereu
NLA17_SD-10003,2017,62.38906595905624,51.51407926344094,44.32809,-97.11661,536,20,1.326,223.11,7.98,1.08,sdd_ts,eutro
NLA17_SD-10003,2017,62.38906595905624,51.51407926344094,44.32809,-97.11661,536,20,1.326,223.11,7.98,1.08,rot_ts,meso-eutro
NLA17_SD-10003,2017,62.38906595905624,51.51407926344094,44.32809,-97.11661,536,20,1.326,223.11,7.98,1.08,crs_ts,eutro
NLA17_SD-10004,2017,62.66178140684144,49.7839593656352,45.44171,-97.26411,564,0,0.8,22.21375,5.26,2.55,ncp_ts,oligo
NLA17_SD-10004,2017,62.66178140684144,49.7839593656352,45.44171,-97.26411,564,0,0.8,22.21375,5.26,2.55,chla_ts,meso
NLA17_SD-10004,2017,62.66178140684144,49.7839593656352,45.44171,-97.26411,564,0,0.8,22.21375,5.26,2.55,ptl_ts,meso
NLA17_SD-10004,2017,62.66178140684144,49.7839593656352,45.44171,-97.26411,564,0,0.8,22.21375,5.26,2.55,sdd_ts,meso
NLA17_SD-10004,2017,62.66178140684144,49.7839593656352,45.44171,-97.26411,564,0,0.8,22.21375,5.26,2.55,rot_ts,meso-eutro
NLA17_SD-10004,2017,62.66178140684144,49.7839593656352,45.44171,-97.26411,564,0,0.8,22.21375,5.26,2.55,crs_ts,eutro
NLA17_SD-10005,2017,66.88882413371313,38.25181962243495,44.87791,-96.63403,515,25,1.423,59.22,3.76,1.5,ncp_ts,mixo
NLA17_SD-10005,2017,66.88882413371313,38.25181962243495,44.87791,-96.63403,515,25,1.423,59.22,3.76,1.5,chla_ts,meso
NLA17_SD-10005,2017,66.88882413371313,38.25181962243495,44.87791,-96.63403,515,25,1.423,59.22,3.76,1.5,ptl_ts,eutro
NLA17_SD-10005,2017,66.88882413371313,38.25181962243495,44.87791,-96.63403,515,25,1.423,59.22,3.76,1.5,sdd_ts,eutro
NLA17_SD-10005,2017,66.88882413371313,38.25181962243495,44.87791,-96.63403,515,25,1.423,59.22,3.76,1.5,rot_ts,oligo-meso
NLA17_SD-10005,2017,66.88882413371313,38.25181962243495,44.87791,-96.63403,515,25,1.423,59.22,3.76,1.5,crs_ts,hypereu
NLA17_SD-10006,2017,66.95267260827546,42.71909348759,45.77203,-99.64104,562,5,1.359,71.45,16.29,0.55,ncp_ts,eutro
NLA17_SD-10006,2017,66.95267260827546,42.71909348759,45.77203,-99.64104,562,5,1.359,71.45,16.29,0.55,chla_ts,eutro
NLA17_SD-10006,2017,66.95267260827546,42.71909348759,45.77203,-99.64104,562,5,1.359,71.45,16.29,0.55,ptl_ts,eutro
NLA17_SD-10006,2017,66.95267260827546,42.71909348759,45.77203,-99.64104,562,5,1.359,71.45,16.29,0.55,sdd_ts,eutro
NLA17_SD-10006,2017,66.95267260827546,42.71909348759,45.77203,-99.64104,562,5,1.359,71.45,16.29,0.55,rot_ts,oligo-meso
NLA17_SD-10006,2017,66.95267260827546,42.71909348759,45.77203,-99.64104,562,5,1.359,71.45,16.29,0.55,crs_ts,hypereu
NLA17_SD-10007,2017,61.9744462860207,51.71213843884116,45.63885,-97.34191,559,22,3.65,239.6025,86.88,0.325,ncp_ts,mixo
NLA17_SD-10007,2017,61.9744462860207,51.71213843884116,45.63885,-97.34191,559,22,3.65,239.6025,86.88,0.325,chla_ts,hypereu
NLA17_SD-10007,2017,61.9744462860207,51.71213843884116,45.63885,-97.34191,559,22,3.65,239.6025,86.88,0.325,ptl_ts,hypereu
NLA17_SD-10007,2017,61.9744462860207,51.71213843884116,45.63885,-97.34191,559,22,3.65,239.6025,86.88,0.325,sdd_ts,hypereu
NLA17_SD-10007,2017,61.9744462860207,51.71213843884116,45.63885,-97.34191,559,22,3.65,239.6025,86.88,0.325,rot_ts,meso-eutro
NLA17_SD-10007,2017,61.9744462860207,51.71213843884116,45.63885,-97.34191,559,22,3.65,239.6025,86.88,0.325,crs_ts,eutro
NLA17_SD-10008,2017,60.90483802452898,52.43863364570637,43.57442,-97.05877,482,45,4.825,300.42625,82.4,0.475,ncp_ts,mixo
NLA17_SD-10008,2017,60.90483802452898,52.43863364570637,43.57442,-97.05877,482,45,4.825,300.42625,82.4,0.475,chla_ts,hypereu
NLA17_SD-10008,2017,60.90483802452898,52.43863364570637,43.57442,-97.05877,482,45,4.825,300.42625,82.4,0.475,ptl_ts,hypereu
NLA17_SD-10008,2017,60.90483802452898,52.43863364570637,43.57442,-97.05877,482,45,4.825,300.42625,82.4,0.475,sdd_ts,hypereu
NLA17_SD-10008,2017,60.90483802452898,52.43863364570637,43.57442,-97.05877,482,45,4.825,300.42625,82.4,0.475,rot_ts,meso-eutro
NLA17_SD-10008,2017,60.90483802452898,52.43863364570637,43.57442,-97.05877,482,45,4.825,300.42625,82.4,0.475,crs_ts,eutro
NLA17_SD-10009,2017,62.787676202433296,50.764849341186675,43.76821,-103.5172,1576,22,0.546,26.03,17.04,2.1500000000000004,ncp_ts,dys
NLA17_SD-10009,2017,62.787676202433296,50.764849341186675,43.76821,-103.5172,1576,22,0.546,26.03,17.04,2.1500000000000004,chla_ts,eutro
NLA17_SD-10009,2017,62.787676202433296,50.764849341186675,43.76821,-103.5172,1576,22,0.546,26.03,17.04,2.1500000000000004,ptl_ts,eutro
NLA17_SD-10009,2017,62.787676202433296,50.764849341186675,43.76821,-103.5172,1576,22,0.546,26.03,17.04,2.1500000000000004,sdd_ts,meso
NLA17_SD-10009,2017,62.787676202433296,50.764849341186675,43.76821,-103.5172,1576,22,0.546,26.03,17.04,2.1500000000000004,rot_ts,meso-eutro
NLA17_SD-10009,2017,62.787676202433296,50.764849341186675,43.76821,-103.5172,1576,22,0.546,26.03,17.04,2.1500000000000004,crs_ts,eutro
NLA17_SD-10010,2017,72.2448107112822,48.58344705956475,44.88032,-99.74593,554,21,4.4565,211.40187500000002,18.085,0.39999999999999997,ncp_ts,mixo
NLA17_SD-10010,2017,72.2448107112822,48.58344705956475,44.88032,-99.74593,554,21,4.4565,211.40187500000002,18.085,0.39999999999999997,chla_ts,eutro
NLA17_SD-10010,2017,72.2448107112822,48.58344705956475,44.88032,-99.74593,554,21,4.4565,211.40187500000002,18.085,0.39999999999999997,ptl_ts,hypereu
NLA17_SD-10010,2017,72.2448107112822,48.58344705956475,44.88032,-99.74593,554,21,4.4565,211.40187500000002,18.085,0.39999999999999997,sdd_ts,hypereu
NLA17_SD-10010,2017,72.2448107112822,48.58344705956475,44.88032,-99.74593,554,21,4.4565,211.40187500000002,18.085,0.39999999999999997,rot_ts,meso-eutro
NLA17_SD-10010,2017,72.2448107112822,48.58344705956475,44.88032,-99.74593,554,21,4.4565,211.40187500000002,18.085,0.39999999999999997,crs_ts,hypereu
NLA17_SD-10011,2017,62.30746674034203,55.395704359642636,43.07985,-98.08074,504,16,4.215,181.4875,66.86,0.45,ncp_ts,eutro
NLA17_SD-10011,2017,62.30746674034203,55.395704359642636,43.07985,-98.08074,504,16,4.215,181.4875,66.86,0.45,chla_ts,hypereu
NLA17_SD-10011,2017,62.30746674034203,55.395704359642636,43.07985,-98.08074,504,16,4.215,181.4875,66.86,0.45,ptl_ts,hypereu
NLA17_SD-10011,2017,62.30746674034203,55.395704359642636,43.07985,-98.08074,504,16,4.215,181.4875,66.86,0.45,sdd_ts,hypereu
NLA17_SD-10011,2017,62.30746674034203,55.395704359642636,43.07985,-98.08074,504,16,4.215,181.4875,66.86,0.45,rot_ts,eutro
NLA17_SD-10011,2017,62.30746674034203,55.395704359642636,43.07985,-98.08074,504,16,4.215,181.4875,66.86,0.45,crs_ts,eutro
NLA17_SD-10012,2017,62.67760202643308,54.06785861639839,44.87109,-103.0033,848,28,4.306,339.24125,178.56,0.375,ncp_ts,mixo
NLA17_SD-10012,2017,62.67760202643308,54.06785861639839,44.87109,-103.0033,848,28,4.306,339.24125,178.56,0.375,chla_ts,hypereu
NLA17_SD-10012,2017,62.67760202643308,54.06785861639839,44.87109,-103.0033,848,28,4.306,339.24125,178.56,0.375,ptl_ts,hypereu
NLA17_SD-10012,2017,62.67760202643308,54.06785861639839,44.87109,-103.0033,848,28,4.306,339.24125,178.56,0.375,sdd_ts,hypereu
NLA17_SD-10012,2017,62.67760202643308,54.06785861639839,44.87109,-103.0033,848,28,4.306,339.24125,178.56,0.375,rot_ts,meso-eutro
NLA17_SD-10012,2017,62.67760202643308,54.06785861639839,44.87109,-103.0033,848,28,4.306,339.24125,178.56,0.375,crs_ts,eutro
NLA17_SD-10013,2017,63.913587882800314,47.423364358677674,45.55612,-99.7759,617,46,7.475,1174.063,19.36,0.485,ncp_ts,mixo
NLA17_SD-10013,2017,63.913587882800314,47.423364358677674,45.55612,-99.7759,617,46,7.475,1174.063,19.36,0.485,chla_ts,eutro
NLA17_SD-10013,2017,63.913587882800314,47.423364358677674,45.55612,-99.7759,617,46,7.475,1174.063,19.36,0.485,ptl_ts,hypereu
NLA17_SD-10013,2017,63.913587882800314,47.423364358677674,45.55612,-99.7759,617,46,7.475,1174.063,19.36,0.485,sdd_ts,hypereu
NLA17_SD-10013,2017,63.913587882800314,47.423364358677674,45.55612,-99.7759,617,46,7.475,1174.063,19.36,0.485,rot_ts,meso-eutro
NLA17_SD-10013,2017,63.913587882800314,47.423364358677674,45.55612,-99.7759,617,46,7.475,1174.063,19.36,0.485,crs_ts,eutro
NLA17_SD-10014,2017,61.71739063394916,51.405388698072684,45.7416,-97.2664,596,33,1.666,49.22125,20.48,NA,ncp_ts,mixo
NLA17_SD-10014,2017,61.71739063394916,51.405388698072684,45.7416,-97.2664,596,33,1.666,49.22125,20.48,NA,chla_ts,eutro
NLA17_SD-10014,2017,61.71739063394916,51.405388698072684,45.7416,-97.2664,596,33,1.666,49.22125,20.48,NA,ptl_ts,eutro
NLA17_SD-10014,2017,61.71739063394916,51.405388698072684,45.7416,-97.2664,596,33,1.666,49.22125,20.48,NA,sdd_ts,NA
NLA17_SD-10014,2017,61.71739063394916,51.405388698072684,45.7416,-97.2664,596,33,1.666,49.22125,20.48,NA,rot_ts,meso-eutro
NLA17_SD-10014,2017,61.71739063394916,51.405388698072684,45.7416,-97.2664,596,33,1.666,49.22125,20.48,NA,crs_ts,eutro
NLA17_SD-10015,2017,67.72130385258399,42.50808605082535,43.20149,-99.6198,675,45,1.388,121.2875,2.41,2.91,ncp_ts,mixo
NLA17_SD-10015,2017,67.72130385258399,42.50808605082535,43.20149,-99.6198,675,45,1.388,121.2875,2.41,2.91,chla_ts,oligo
NLA17_SD-10015,2017,67.72130385258399,42.50808605082535,43.20149,-99.6198,675,45,1.388,121.2875,2.41,2.91,ptl_ts,hypereu
NLA17_SD-10015,2017,67.72130385258399,42.50808605082535,43.20149,-99.6198,675,45,1.388,121.2875,2.41,2.91,sdd_ts,meso
NLA17_SD-10015,2017,67.72130385258399,42.50808605082535,43.20149,-99.6198,675,45,1.388,121.2875,2.41,2.91,rot_ts,oligo-meso
NLA17_SD-10015,2017,67.72130385258399,42.50808605082535,43.20149,-99.6198,675,45,1.388,121.2875,2.41,2.91,crs_ts,hypereu
NLA17_SD-10016,2017,66.19511832155823,49.02832849081146,45.46677,-102.4045,794,11,1.776,93.6675,4.07,2,ncp_ts,eutro
NLA17_SD-10016,2017,66.19511832155823,49.02832849081146,45.46677,-102.4045,794,11,1.776,93.6675,4.07,2,chla_ts,meso
NLA17_SD-10016,2017,66.19511832155823,49.02832849081146,45.46677,-102.4045,794,11,1.776,93.6675,4.07,2,ptl_ts,eutro
NLA17_SD-10016,2017,66.19511832155823,49.02832849081146,45.46677,-102.4045,794,11,1.776,93.6675,4.07,2,sdd_ts,meso
NLA17_SD-10016,2017,66.19511832155823,49.02832849081146,45.46677,-102.4045,794,11,1.776,93.6675,4.07,2,rot_ts,meso-eutro
NLA17_SD-10016,2017,66.19511832155823,49.02832849081146,45.46677,-102.4045,794,11,1.776,93.6675,4.07,2,crs_ts,hypereu
NLA17_SD-10017,2017,66.11526568182812,35.397039631720475,45.81109,-99.27938,580,7,2.185,40.354,6.51,1.35,ncp_ts,eutro
NLA17_SD-10017,2017,66.11526568182812,35.397039631720475,45.81109,-99.27938,580,7,2.185,40.354,6.51,1.35,chla_ts,meso
NLA17_SD-10017,2017,66.11526568182812,35.397039631720475,45.81109,-99.27938,580,7,2.185,40.354,6.51,1.35,ptl_ts,eutro
NLA17_SD-10017,2017,66.11526568182812,35.397039631720475,45.81109,-99.27938,580,7,2.185,40.354,6.51,1.35,sdd_ts,eutro
NLA17_SD-10017,2017,66.11526568182812,35.397039631720475,45.81109,-99.27938,580,7,2.185,40.354,6.51,1.35,rot_ts,oligo-meso
NLA17_SD-10017,2017,66.11526568182812,35.397039631720475,45.81109,-99.27938,580,7,2.185,40.354,6.51,1.35,crs_ts,hypereu
NLA17_SD-10019,2017,61.6826231250513,53.11866977149041,45.07697,-101.6429,726,20,2.881,366.39,1.49,0.975,ncp_ts,eutro
NLA17_SD-10019,2017,61.6826231250513,53.11866977149041,45.07697,-101.6429,726,20,2.881,366.39,1.49,0.975,chla_ts,oligo
NLA17_SD-10019,2017,61.6826231250513,53.11866977149041,45.07697,-101.6429,726,20,2.881,366.39,1.49,0.975,ptl_ts,hypereu
NLA17_SD-10019,2017,61.6826231250513,53.11866977149041,45.07697,-101.6429,726,20,2.881,366.39,1.49,0.975,sdd_ts,eutro
NLA17_SD-10019,2017,61.6826231250513,53.11866977149041,45.07697,-101.6429,726,20,2.881,366.39,1.49,0.975,rot_ts,meso-eutro
NLA17_SD-10019,2017,61.6826231250513,53.11866977149041,45.07697,-101.6429,726,20,2.881,366.39,1.49,0.975,crs_ts,eutro
NLA17_SD-10020,2017,61.400130320963605,52.86316116814879,44.47741,-99.31405,590,7,2.8,255.39,59.36,0.3,ncp_ts,eutro
NLA17_SD-10020,2017,61.400130320963605,52.86316116814879,44.47741,-99.31405,590,7,2.8,255.39,59.36,0.3,chla_ts,hypereu
NLA17_SD-10020,2017,61.400130320963605,52.86316116814879,44.47741,-99.31405,590,7,2.8,255.39,59.36,0.3,ptl_ts,hypereu
NLA17_SD-10020,2017,61.400130320963605,52.86316116814879,44.47741,-99.31405,590,7,2.8,255.39,59.36,0.3,sdd_ts,hypereu
NLA17_SD-10020,2017,61.400130320963605,52.86316116814879,44.47741,-99.31405,590,7,2.8,255.39,59.36,0.3,rot_ts,meso-eutro
NLA17_SD-10020,2017,61.400130320963605,52.86316116814879,44.47741,-99.31405,590,7,2.8,255.39,59.36,0.3,crs_ts,eutro
NLA17_SD-10022,2017,64.91827750130004,48.898683663316106,42.48984,-96.47912,332,27,0.813,68.31375,14.2,0.725,ncp_ts,mixo
NLA17_SD-10022,2017,64.91827750130004,48.898683663316106,42.48984,-96.47912,332,27,0.813,68.31375,14.2,0.725,chla_ts,eutro
NLA17_SD-10022,2017,64.91827750130004,48.898683663316106,42.48984,-96.47912,332,27,0.813,68.31375,14.2,0.725,ptl_ts,eutro
NLA17_SD-10022,2017,64.91827750130004,48.898683663316106,42.48984,-96.47912,332,27,0.813,68.31375,14.2,0.725,sdd_ts,eutro
NLA17_SD-10022,2017,64.91827750130004,48.898683663316106,42.48984,-96.47912,332,27,0.813,68.31375,14.2,0.725,rot_ts,meso-eutro
NLA17_SD-10022,2017,64.91827750130004,48.898683663316106,42.48984,-96.47912,332,27,0.813,68.31375,14.2,0.725,crs_ts,eutro
NLA17_SD-10023,2017,63.2765630995463,49.02832849081146,45.03031,-97.7708,533,5,1.551,241.0625,6.4,1.9,ncp_ts,eutro
NLA17_SD-10023,2017,63.2765630995463,49.02832849081146,45.03031,-97.7708,533,5,1.551,241.0625,6.4,1.9,chla_ts,meso
NLA17_SD-10023,2017,63.2765630995463,49.02832849081146,45.03031,-97.7708,533,5,1.551,241.0625,6.4,1.9,ptl_ts,hypereu
NLA17_SD-10023,2017,63.2765630995463,49.02832849081146,45.03031,-97.7708,533,5,1.551,241.0625,6.4,1.9,sdd_ts,eutro
NLA17_SD-10023,2017,63.2765630995463,49.02832849081146,45.03031,-97.7708,533,5,1.551,241.0625,6.4,1.9,rot_ts,meso-eutro
NLA17_SD-10023,2017,63.2765630995463,49.02832849081146,45.03031,-97.7708,533,5,1.551,241.0625,6.4,1.9,crs_ts,eutro
NLA17_SD-10025,2017,63.78638352858139,48.78820750217972,44.32485,-101.6482,718,2,0.78,26.0625,2.99,NA,ncp_ts,oligo
NLA17_SD-10025,2017,63.78638352858139,48.78820750217972,44.32485,-101.6482,718,2,0.78,26.0625,2.99,NA,chla_ts,meso
NLA17_SD-10025,2017,63.78638352858139,48.78820750217972,44.32485,-101.6482,718,2,0.78,26.0625,2.99,NA,ptl_ts,eutro
NLA17_SD-10025,2017,63.78638352858139,48.78820750217972,44.32485,-101.6482,718,2,0.78,26.0625,2.99,NA,sdd_ts,NA
NLA17_SD-10025,2017,63.78638352858139,48.78820750217972,44.32485,-101.6482,718,2,0.78,26.0625,2.99,NA,rot_ts,meso-eutro
NLA17_SD-10025,2017,63.78638352858139,48.78820750217972,44.32485,-101.6482,718,2,0.78,26.0625,2.99,NA,crs_ts,eutro
NLA17_SD-10033,2017,63.997548629238985,51.89063822383273,45.60268,-103.5855,886,75,1.311,453.7275,14.9,0.045,ncp_ts,mixo
NLA17_SD-10033,2017,63.997548629238985,51.89063822383273,45.60268,-103.5855,886,75,1.311,453.7275,14.9,0.045,chla_ts,eutro
NLA17_SD-10033,2017,63.997548629238985,51.89063822383273,45.60268,-103.5855,886,75,1.311,453.7275,14.9,0.045,ptl_ts,hypereu
NLA17_SD-10033,2017,63.997548629238985,51.89063822383273,45.60268,-103.5855,886,75,1.311,453.7275,14.9,0.045,sdd_ts,hypereu
NLA17_SD-10033,2017,63.997548629238985,51.89063822383273,45.60268,-103.5855,886,75,1.311,453.7275,14.9,0.045,rot_ts,meso-eutro
NLA17_SD-10033,2017,63.997548629238985,51.89063822383273,45.60268,-103.5855,886,75,1.311,453.7275,14.9,0.045,crs_ts,eutro
NLA17_SD-10035,2017,37.09286351298959,52.08763963805437,45.78323,-101.0891,558,45,4.7,444.01125,128.59,0.275,ncp_ts,mixo
NLA17_SD-10035,2017,37.09286351298959,52.08763963805437,45.78323,-101.0891,558,45,4.7,444.01125,128.59,0.275,chla_ts,hypereu
NLA17_SD-10035,2017,37.09286351298959,52.08763963805437,45.78323,-101.0891,558,45,4.7,444.01125,128.59,0.275,ptl_ts,hypereu
NLA17_SD-10035,2017,37.09286351298959,52.08763963805437,45.78323,-101.0891,558,45,4.7,444.01125,128.59,0.275,sdd_ts,hypereu
NLA17_SD-10035,2017,37.09286351298959,52.08763963805437,45.78323,-101.0891,558,45,4.7,444.01125,128.59,0.275,rot_ts,meso-eutro
NLA17_SD-10035,2017,37.09286351298959,52.08763963805437,45.78323,-101.0891,558,45,4.7,444.01125,128.59,0.275,crs_ts,oligo-meso
NLA17_SD-10037,2017,65.8252190042812,47.59327321630829,43.23055,-97.03263,387,30,1.375,1250.925,22.88,0.975,ncp_ts,mixo
NLA17_SD-10037,2017,65.8252190042812,47.59327321630829,43.23055,-97.03263,387,30,1.375,1250.925,22.88,0.975,chla_ts,eutro
NLA17_SD-10037,2017,65.8252190042812,47.59327321630829,43.23055,-97.03263,387,30,1.375,1250.925,22.88,0.975,ptl_ts,hypereu
NLA17_SD-10037,2017,65.8252190042812,47.59327321630829,43.23055,-97.03263,387,30,1.375,1250.925,22.88,0.975,sdd_ts,eutro
NLA17_SD-10037,2017,65.8252190042812,47.59327321630829,43.23055,-97.03263,387,30,1.375,1250.925,22.88,0.975,rot_ts,meso-eutro
NLA17_SD-10037,2017,65.8252190042812,47.59327321630829,43.23055,-97.03263,387,30,1.375,1250.925,22.88,0.975,crs_ts,hypereu
NLA17_SD-10039,2017,62.70917106909477,51.080085944938034,44.86906,-97.17948,518,10,2.618,170.29125,73.2,0.275,ncp_ts,eutro
NLA17_SD-10039,2017,62.70917106909477,51.080085944938034,44.86906,-97.17948,518,10,2.618,170.29125,73.2,0.275,chla_ts,hypereu
NLA17_SD-10039,2017,62.70917106909477,51.080085944938034,44.86906,-97.17948,518,10,2.618,170.29125,73.2,0.275,ptl_ts,hypereu
NLA17_SD-10039,2017,62.70917106909477,51.080085944938034,44.86906,-97.17948,518,10,2.618,170.29125,73.2,0.275,sdd_ts,hypereu
NLA17_SD-10039,2017,62.70917106909477,51.080085944938034,44.86906,-97.17948,518,10,2.618,170.29125,73.2,0.275,rot_ts,meso-eutro
NLA17_SD-10039,2017,62.70917106909477,51.080085944938034,44.86906,-97.17948,518,10,2.618,170.29125,73.2,0.275,crs_ts,eutro
NLA17_SD-10042,2017,69.16929934918328,39.38866254636452,45.6082,-97.20922,595,42,2.179,32.64,2.29,NA,ncp_ts,mixo
NLA17_SD-10042,2017,69.16929934918328,39.38866254636452,45.6082,-97.20922,595,42,2.179,32.64,2.29,NA,chla_ts,oligo
NLA17_SD-10042,2017,69.16929934918328,39.38866254636452,45.6082,-97.20922,595,42,2.179,32.64,2.29,NA,ptl_ts,eutro
NLA17_SD-10042,2017,69.16929934918328,39.38866254636452,45.6082,-97.20922,595,42,2.179,32.64,2.29,NA,sdd_ts,NA
NLA17_SD-10042,2017,69.16929934918328,39.38866254636452,45.6082,-97.20922,595,42,2.179,32.64,2.29,NA,rot_ts,oligo-meso
NLA17_SD-10042,2017,69.16929934918328,39.38866254636452,45.6082,-97.20922,595,42,2.179,32.64,2.29,NA,crs_ts,hypereu
NLA17_SD-10052,2017,66.13814021622218,29.748996601917586,43.88817,-101.1494,681,35,36.375,40.45375,29.77,0.75,ncp_ts,mixo
NLA17_SD-10052,2017,66.13814021622218,29.748996601917586,43.88817,-101.1494,681,35,36.375,40.45375,29.77,0.75,chla_ts,eutro
NLA17_SD-10052,2017,66.13814021622218,29.748996601917586,43.88817,-101.1494,681,35,36.375,40.45375,29.77,0.75,ptl_ts,eutro
NLA17_SD-10052,2017,66.13814021622218,29.748996601917586,43.88817,-101.1494,681,35,36.375,40.45375,29.77,0.75,sdd_ts,eutro
NLA17_SD-10052,2017,66.13814021622218,29.748996601917586,43.88817,-101.1494,681,35,36.375,40.45375,29.77,0.75,rot_ts,oligo-meso
NLA17_SD-10052,2017,66.13814021622218,29.748996601917586,43.88817,-101.1494,681,35,36.375,40.45375,29.77,0.75,crs_ts,hypereu
NLA17_SD-10053,2017,54.95402044634356,50.87199370737774,43.4431,-99.25761,413,0,0.39,19.8625,4.6,1.05,ncp_ts,oligo
NLA17_SD-10053,2017,54.95402044634356,50.87199370737774,43.4431,-99.25761,413,0,0.39,19.8625,4.6,1.05,chla_ts,meso
NLA17_SD-10053,2017,54.95402044634356,50.87199370737774,43.4431,-99.25761,413,0,0.39,19.8625,4.6,1.05,ptl_ts,meso
NLA17_SD-10053,2017,54.95402044634356,50.87199370737774,43.4431,-99.25761,413,0,0.39,19.8625,4.6,1.05,sdd_ts,eutro
NLA17_SD-10053,2017,54.95402044634356,50.87199370737774,43.4431,-99.25761,413,0,0.39,19.8625,4.6,1.05,rot_ts,meso-eutro
NLA17_SD-10053,2017,54.95402044634356,50.87199370737774,43.4431,-99.25761,413,0,0.39,19.8625,4.6,1.05,crs_ts,meso-eutro
NLA17_SD-10057,2017,62.14230438836492,50.79568037112101,45.09125,-100.4924,569,33,1.454,320.06875,15.24,1.9,ncp_ts,mixo
NLA17_SD-10057,2017,62.14230438836492,50.79568037112101,45.09125,-100.4924,569,33,1.454,320.06875,15.24,1.9,chla_ts,eutro
NLA17_SD-10057,2017,62.14230438836492,50.79568037112101,45.09125,-100.4924,569,33,1.454,320.06875,15.24,1.9,ptl_ts,hypereu
NLA17_SD-10057,2017,62.14230438836492,50.79568037112101,45.09125,-100.4924,569,33,1.454,320.06875,15.24,1.9,sdd_ts,eutro
NLA17_SD-10057,2017,62.14230438836492,50.79568037112101,45.09125,-100.4924,569,33,1.454,320.06875,15.24,1.9,rot_ts,meso-eutro
NLA17_SD-10057,2017,62.14230438836492,50.79568037112101,45.09125,-100.4924,569,33,1.454,320.06875,15.24,1.9,crs_ts,eutro
NLA17_SD-10067,2017,61.52468618195221,50.296728132982466,44.0196,-100.5653,648,45,1.924,757.213,22.4,0.96,ncp_ts,mixo
NLA17_SD-10067,2017,61.52468618195221,50.296728132982466,44.0196,-100.5653,648,45,1.924,757.213,22.4,0.96,chla_ts,eutro
NLA17_SD-10067,2017,61.52468618195221,50.296728132982466,44.0196,-100.5653,648,45,1.924,757.213,22.4,0.96,ptl_ts,hypereu
NLA17_SD-10067,2017,61.52468618195221,50.296728132982466,44.0196,-100.5653,648,45,1.924,757.213,22.4,0.96,sdd_ts,eutro
NLA17_SD-10067,2017,61.52468618195221,50.296728132982466,44.0196,-100.5653,648,45,1.924,757.213,22.4,0.96,rot_ts,meso-eutro
NLA17_SD-10067,2017,61.52468618195221,50.296728132982466,44.0196,-100.5653,648,45,1.924,757.213,22.4,0.96,crs_ts,eutro
NLA17_SD-10073,2017,66.50883930800772,44.90049576921193,43.86445,-99.66352,536,33,2.055,218.34875,0.88,NA,ncp_ts,mixo
NLA17_SD-10073,2017,66.50883930800772,44.90049576921193,43.86445,-99.66352,536,33,2.055,218.34875,0.88,NA,chla_ts,oligo
NLA17_SD-10073,2017,66.50883930800772,44.90049576921193,43.86445,-99.66352,536,33,2.055,218.34875,0.88,NA,ptl_ts,hypereu
NLA17_SD-10073,2017,66.50883930800772,44.90049576921193,43.86445,-99.66352,536,33,2.055,218.34875,0.88,NA,sdd_ts,NA
NLA17_SD-10073,2017,66.50883930800772,44.90049576921193,43.86445,-99.66352,536,33,2.055,218.34875,0.88,NA,rot_ts,oligo-meso
NLA17_SD-10073,2017,66.50883930800772,44.90049576921193,43.86445,-99.66352,536,33,2.055,218.34875,0.88,NA,crs_ts,hypereu
NLA17_SD-10081,2017,65.19594609316057,47.48059894102087,45.27454,-97.33832,541,25,2.578,187.49375,8.4,1.45,ncp_ts,mixo
NLA17_SD-10081,2017,65.19594609316057,47.48059894102087,45.27454,-97.33832,541,25,2.578,187.49375,8.4,1.45,chla_ts,eutro
NLA17_SD-10081,2017,65.19594609316057,47.48059894102087,45.27454,-97.33832,541,25,2.578,187.49375,8.4,1.45,ptl_ts,hypereu
NLA17_SD-10081,2017,65.19594609316057,47.48059894102087,45.27454,-97.33832,541,25,2.578,187.49375,8.4,1.45,sdd_ts,eutro
NLA17_SD-10081,2017,65.19594609316057,47.48059894102087,45.27454,-97.33832,541,25,2.578,187.49375,8.4,1.45,rot_ts,meso-eutro
NLA17_SD-10081,2017,65.19594609316057,47.48059894102087,45.27454,-97.33832,541,25,2.578,187.49375,8.4,1.45,crs_ts,hypereu
NLA17_SD-10088,2017,61.035594278202886,45.12563322066492,45.0889,-96.46497,340,50,2.188,182.55125,9.44,NA,ncp_ts,mixo
NLA17_SD-10088,2017,61.035594278202886,45.12563322066492,45.0889,-96.46497,340,50,2.188,182.55125,9.44,NA,chla_ts,eutro
NLA17_SD-10088,2017,61.035594278202886,45.12563322066492,45.0889,-96.46497,340,50,2.188,182.55125,9.44,NA,ptl_ts,hypereu
NLA17_SD-10088,2017,61.035594278202886,45.12563322066492,45.0889,-96.46497,340,50,2.188,182.55125,9.44,NA,sdd_ts,NA
NLA17_SD-10088,2017,61.035594278202886,45.12563322066492,45.0889,-96.46497,340,50,2.188,182.55125,9.44,NA,rot_ts,meso-eutro
NLA17_SD-10088,2017,61.035594278202886,45.12563322066492,45.0889,-96.46497,340,50,2.188,182.55125,9.44,NA,crs_ts,eutro
NLA17_SD-10090,2017,62.1589403750544,53.475859214543895,44.38735,-100.9471,625,81,4.019,340.24875,6.78,NA,ncp_ts,mixo
NLA17_SD-10090,2017,62.1589403750544,53.475859214543895,44.38735,-100.9471,625,81,4.019,340.24875,6.78,NA,chla_ts,meso
NLA17_SD-10090,2017,62.1589403750544,53.475859214543895,44.38735,-100.9471,625,81,4.019,340.24875,6.78,NA,ptl_ts,hypereu
NLA17_SD-10090,2017,62.1589403750544,53.475859214543895,44.38735,-100.9471,625,81,4.019,340.24875,6.78,NA,sdd_ts,NA
NLA17_SD-10090,2017,62.1589403750544,53.475859214543895,44.38735,-100.9471,625,81,4.019,340.24875,6.78,NA,rot_ts,meso-eutro
NLA17_SD-10090,2017,62.1589403750544,53.475859214543895,44.38735,-100.9471,625,81,4.019,340.24875,6.78,NA,crs_ts,eutro
NLA17_SD-10092,2017,68.30975024260086,44.76074765236238,43.35474,-100.2356,697,37,1.468,66.5275,20.4,1.4,ncp_ts,mixo
NLA17_SD-10092,2017,68.30975024260086,44.76074765236238,43.35474,-100.2356,697,37,1.468,66.5275,20.4,1.4,chla_ts,eutro
NLA17_SD-10092,2017,68.30975024260086,44.76074765236238,43.35474,-100.2356,697,37,1.468,66.5275,20.4,1.4,ptl_ts,eutro
NLA17_SD-10092,2017,68.30975024260086,44.76074765236238,43.35474,-100.2356,697,37,1.468,66.5275,20.4,1.4,sdd_ts,eutro
NLA17_SD-10092,2017,68.30975024260086,44.76074765236238,43.35474,-100.2356,697,37,1.468,66.5275,20.4,1.4,rot_ts,oligo-meso
NLA17_SD-10092,2017,68.30975024260086,44.76074765236238,43.35474,-100.2356,697,37,1.468,66.5275,20.4,1.4,crs_ts,hypereu
NLA17_SD-10093,2017,62.2417192896164,52.48374921407072,45.45844,-97.26315,564,22,2.188,134.55875,25.71,0.875,ncp_ts,mixo
NLA17_SD-10093,2017,62.2417192896164,52.48374921407072,45.45844,-97.26315,564,22,2.188,134.55875,25.71,0.875,chla_ts,eutro
NLA17_SD-10093,2017,62.2417192896164,52.48374921407072,45.45844,-97.26315,564,22,2.188,134.55875,25.71,0.875,ptl_ts,hypereu
NLA17_SD-10093,2017,62.2417192896164,52.48374921407072,45.45844,-97.26315,564,22,2.188,134.55875,25.71,0.875,sdd_ts,eutro
NLA17_SD-10093,2017,62.2417192896164,52.48374921407072,45.45844,-97.26315,564,22,2.188,134.55875,25.71,0.875,rot_ts,meso-eutro
NLA17_SD-10093,2017,62.2417192896164,52.48374921407072,45.45844,-97.26315,564,22,2.188,134.55875,25.71,0.875,crs_ts,eutro
NLA17_SD-10097,2017,65.9188751469997,47.48059894102087,45.24669,-97.25489,549,30,8.875,473.0925,287.5,0.2,ncp_ts,mixo
NLA17_SD-10097,2017,65.9188751469997,47.48059894102087,45.24669,-97.25489,549,30,8.875,473.0925,287.5,0.2,chla_ts,hypereu
NLA17_SD-10097,2017,65.9188751469997,47.48059894102087,45.24669,-97.25489,549,30,8.875,473.0925,287.5,0.2,ptl_ts,hypereu
NLA17_SD-10097,2017,65.9188751469997,47.48059894102087,45.24669,-97.25489,549,30,8.875,473.0925,287.5,0.2,sdd_ts,hypereu
NLA17_SD-10097,2017,65.9188751469997,47.48059894102087,45.24669,-97.25489,549,30,8.875,473.0925,287.5,0.2,rot_ts,meso-eutro
NLA17_SD-10097,2017,65.9188751469997,47.48059894102087,45.24669,-97.25489,549,30,8.875,473.0925,287.5,0.2,crs_ts,hypereu
NLA17_SD-10098,2017,61.76932102867716,49.04963544935406,45.58044,-101.4055,673,62,2.159,286.4425,3.11,NA,ncp_ts,mixo
NLA17_SD-10098,2017,61.76932102867716,49.04963544935406,45.58044,-101.4055,673,62,2.159,286.4425,3.11,NA,chla_ts,meso
NLA17_SD-10098,2017,61.76932102867716,49.04963544935406,45.58044,-101.4055,673,62,2.159,286.4425,3.11,NA,ptl_ts,hypereu
NLA17_SD-10098,2017,61.76932102867716,49.04963544935406,45.58044,-101.4055,673,62,2.159,286.4425,3.11,NA,sdd_ts,NA
NLA17_SD-10098,2017,61.76932102867716,49.04963544935406,45.58044,-101.4055,673,62,2.159,286.4425,3.11,NA,rot_ts,meso-eutro
NLA17_SD-10098,2017,61.76932102867716,49.04963544935406,45.58044,-101.4055,673,62,2.159,286.4425,3.11,NA,crs_ts,eutro
NLA17_SD-10104,2017,63.7293526838258,52.08763963805437,45.91806,-97.00286,349,29,5.375,464.01375,136.08,0.185,ncp_ts,mixo
NLA17_SD-10104,2017,63.7293526838258,52.08763963805437,45.91806,-97.00286,349,29,5.375,464.01375,136.08,0.185,chla_ts,hypereu
NLA17_SD-10104,2017,63.7293526838258,52.08763963805437,45.91806,-97.00286,349,29,5.375,464.01375,136.08,0.185,ptl_ts,hypereu
NLA17_SD-10104,2017,63.7293526838258,52.08763963805437,45.91806,-97.00286,349,29,5.375,464.01375,136.08,0.185,sdd_ts,hypereu
NLA17_SD-10104,2017,63.7293526838258,52.08763963805437,45.91806,-97.00286,349,29,5.375,464.01375,136.08,0.185,rot_ts,meso-eutro
NLA17_SD-10104,2017,63.7293526838258,52.08763963805437,45.91806,-97.00286,349,29,5.375,464.01375,136.08,0.185,crs_ts,eutro
NLA17_SD-10105,2017,65.36899308278123,49.76537558204488,44.07944,-97.33929,532,60,6.413,1231.155,316.8,0.16,ncp_ts,mixo
NLA17_SD-10105,2017,65.36899308278123,49.76537558204488,44.07944,-97.33929,532,60,6.413,1231.155,316.8,0.16,chla_ts,hypereu
NLA17_SD-10105,2017,65.36899308278123,49.76537558204488,44.07944,-97.33929,532,60,6.413,1231.155,316.8,0.16,ptl_ts,hypereu
NLA17_SD-10105,2017,65.36899308278123,49.76537558204488,44.07944,-97.33929,532,60,6.413,1231.155,316.8,0.16,sdd_ts,hypereu
NLA17_SD-10105,2017,65.36899308278123,49.76537558204488,44.07944,-97.33929,532,60,6.413,1231.155,316.8,0.16,rot_ts,meso-eutro
NLA17_SD-10105,2017,65.36899308278123,49.76537558204488,44.07944,-97.33929,532,60,6.413,1231.155,316.8,0.16,crs_ts,hypereu
NLA17_SD-10111,2017,61.07264426908007,51.646925519177145,44.39673,-101.7615,753,32,2.528,509.00375,4.44,NA,ncp_ts,mixo
NLA17_SD-10111,2017,61.07264426908007,51.646925519177145,44.39673,-101.7615,753,32,2.528,509.00375,4.44,NA,chla_ts,meso
NLA17_SD-10111,2017,61.07264426908007,51.646925519177145,44.39673,-101.7615,753,32,2.528,509.00375,4.44,NA,ptl_ts,hypereu
NLA17_SD-10111,2017,61.07264426908007,51.646925519177145,44.39673,-101.7615,753,32,2.528,509.00375,4.44,NA,sdd_ts,NA
NLA17_SD-10111,2017,61.07264426908007,51.646925519177145,44.39673,-101.7615,753,32,2.528,509.00375,4.44,NA,rot_ts,meso-eutro
NLA17_SD-10111,2017,61.07264426908007,51.646925519177145,44.39673,-101.7615,753,32,2.528,509.00375,4.44,NA,crs_ts,eutro
NLA17_SD-10112,2017,66.34188987349695,34.52268779102244,45.46393,-98.74955,431,26,1.528,1578.888,3.46,1.75,ncp_ts,mixo
NLA17_SD-10112,2017,66.34188987349695,34.52268779102244,45.46393,-98.74955,431,26,1.528,1578.888,3.46,1.75,chla_ts,meso
NLA17_SD-10112,2017,66.34188987349695,34.52268779102244,45.46393,-98.74955,431,26,1.528,1578.888,3.46,1.75,ptl_ts,hypereu
NLA17_SD-10112,2017,66.34188987349695,34.52268779102244,45.46393,-98.74955,431,26,1.528,1578.888,3.46,1.75,sdd_ts,eutro
NLA17_SD-10112,2017,66.34188987349695,34.52268779102244,45.46393,-98.74955,431,26,1.528,1578.888,3.46,1.75,rot_ts,oligo-meso
NLA17_SD-10112,2017,66.34188987349695,34.52268779102244,45.46393,-98.74955,431,26,1.528,1578.888,3.46,1.75,crs_ts,hypereu
NLA17_SD-10114,2017,66.77080323230035,40.74073417051579,44.67195,-103.3205,844,12,0.65,23.8175,1.66,NA,ncp_ts,oligo
NLA17_SD-10114,2017,66.77080323230035,40.74073417051579,44.67195,-103.3205,844,12,0.65,23.8175,1.66,NA,chla_ts,oligo
NLA17_SD-10114,2017,66.77080323230035,40.74073417051579,44.67195,-103.3205,844,12,0.65,23.8175,1.66,NA,ptl_ts,meso
NLA17_SD-10114,2017,66.77080323230035,40.74073417051579,44.67195,-103.3205,844,12,0.65,23.8175,1.66,NA,sdd_ts,NA
NLA17_SD-10114,2017,66.77080323230035,40.74073417051579,44.67195,-103.3205,844,12,0.65,23.8175,1.66,NA,rot_ts,oligo-meso
NLA17_SD-10114,2017,66.77080323230035,40.74073417051579,44.67195,-103.3205,844,12,0.65,23.8175,1.66,NA,crs_ts,hypereu
NLA17_SD-HP001,2017,61.82098895910066,50.396979480933986,44.148066,-100.409364,572.53,35,1.423,275.62375,33.97,0.975,ncp_ts,mixo
NLA17_SD-HP001,2017,61.82098895910066,50.396979480933986,44.148066,-100.409364,572.53,35,1.423,275.62375,33.97,0.975,chla_ts,eutro
NLA17_SD-HP001,2017,61.82098895910066,50.396979480933986,44.148066,-100.409364,572.53,35,1.423,275.62375,33.97,0.975,ptl_ts,hypereu
NLA17_SD-HP001,2017,61.82098895910066,50.396979480933986,44.148066,-100.409364,572.53,35,1.423,275.62375,33.97,0.975,sdd_ts,eutro
NLA17_SD-HP001,2017,61.82098895910066,50.396979480933986,44.148066,-100.409364,572.53,35,1.423,275.62375,33.97,0.975,rot_ts,meso-eutro
NLA17_SD-HP001,2017,61.82098895910066,50.396979480933986,44.148066,-100.409364,572.53,35,1.423,275.62375,33.97,0.975,crs_ts,eutro
NLA17_TN-10001,2017,64.95656591734509,55.492877380593605,35.37137,-86.3815,265,23,2.6345,499.411875,407.66499999999996,0.49999999999999994,ncp_ts,mixo
NLA17_TN-10001,2017,64.95656591734509,55.492877380593605,35.37137,-86.3815,265,23,2.6345,499.411875,407.66499999999996,0.49999999999999994,chla_ts,hypereu
NLA17_TN-10001,2017,64.95656591734509,55.492877380593605,35.37137,-86.3815,265,23,2.6345,499.411875,407.66499999999996,0.49999999999999994,ptl_ts,hypereu
NLA17_TN-10001,2017,64.95656591734509,55.492877380593605,35.37137,-86.3815,265,23,2.6345,499.411875,407.66499999999996,0.49999999999999994,sdd_ts,hypereu
NLA17_TN-10001,2017,64.95656591734509,55.492877380593605,35.37137,-86.3815,265,23,2.6345,499.411875,407.66499999999996,0.49999999999999994,rot_ts,eutro
NLA17_TN-10001,2017,64.95656591734509,55.492877380593605,35.37137,-86.3815,265,23,2.6345,499.411875,407.66499999999996,0.49999999999999994,crs_ts,eutro
NLA17_TN-10002,2017,50.788337407817366,50.97704585962265,36.04246,-85.5897,269,0,1.673,140.4875,28.57,0.6,ncp_ts,eutro
NLA17_TN-10002,2017,50.788337407817366,50.97704585962265,36.04246,-85.5897,269,0,1.673,140.4875,28.57,0.6,chla_ts,eutro
NLA17_TN-10002,2017,50.788337407817366,50.97704585962265,36.04246,-85.5897,269,0,1.673,140.4875,28.57,0.6,ptl_ts,hypereu
NLA17_TN-10002,2017,50.788337407817366,50.97704585962265,36.04246,-85.5897,269,0,1.673,140.4875,28.57,0.6,sdd_ts,eutro
NLA17_TN-10002,2017,50.788337407817366,50.97704585962265,36.04246,-85.5897,269,0,1.673,140.4875,28.57,0.6,rot_ts,meso-eutro
NLA17_TN-10002,2017,50.788337407817366,50.97704585962265,36.04246,-85.5897,269,0,1.673,140.4875,28.57,0.6,crs_ts,meso-eutro
NLA17_TN-10003,2017,68.88695456158518,57.94959554293846,35.67353,-87.03213,192,4,1.3679999999999999,527.420625,48.239999999999995,0.5,ncp_ts,eutro
NLA17_TN-10003,2017,68.88695456158518,57.94959554293846,35.67353,-87.03213,192,4,1.3679999999999999,527.420625,48.239999999999995,0.5,chla_ts,eutro
NLA17_TN-10003,2017,68.88695456158518,57.94959554293846,35.67353,-87.03213,192,4,1.3679999999999999,527.420625,48.239999999999995,0.5,ptl_ts,hypereu
NLA17_TN-10003,2017,68.88695456158518,57.94959554293846,35.67353,-87.03213,192,4,1.3679999999999999,527.420625,48.239999999999995,0.5,sdd_ts,eutro
NLA17_TN-10003,2017,68.88695456158518,57.94959554293846,35.67353,-87.03213,192,4,1.3679999999999999,527.420625,48.239999999999995,0.5,rot_ts,eutro
NLA17_TN-10003,2017,68.88695456158518,57.94959554293846,35.67353,-87.03213,192,4,1.3679999999999999,527.420625,48.239999999999995,0.5,crs_ts,hypereu
NLA17_TN-10004,2017,61.838153772148594,51.44640541516804,36.30417,-86.91358,197,0,1.138,48.5825,64,0.7,ncp_ts,eutro
NLA17_TN-10004,2017,61.838153772148594,51.44640541516804,36.30417,-86.91358,197,0,1.138,48.5825,64,0.7,chla_ts,hypereu
NLA17_TN-10004,2017,61.838153772148594,51.44640541516804,36.30417,-86.91358,197,0,1.138,48.5825,64,0.7,ptl_ts,eutro
NLA17_TN-10004,2017,61.838153772148594,51.44640541516804,36.30417,-86.91358,197,0,1.138,48.5825,64,0.7,sdd_ts,eutro
NLA17_TN-10004,2017,61.838153772148594,51.44640541516804,36.30417,-86.91358,197,0,1.138,48.5825,64,0.7,rot_ts,meso-eutro
NLA17_TN-10004,2017,61.838153772148594,51.44640541516804,36.30417,-86.91358,197,0,1.138,48.5825,64,0.7,crs_ts,eutro
NLA17_TN-10005,2017,37.45804777445932,48.07299675810124,36.1958,-82.74069,444,2,1.856,59.2,1.08,0.75,ncp_ts,eutro
NLA17_TN-10005,2017,37.45804777445932,48.07299675810124,36.1958,-82.74069,444,2,1.856,59.2,1.08,0.75,chla_ts,oligo
NLA17_TN-10005,2017,37.45804777445932,48.07299675810124,36.1958,-82.74069,444,2,1.856,59.2,1.08,0.75,ptl_ts,eutro
NLA17_TN-10005,2017,37.45804777445932,48.07299675810124,36.1958,-82.74069,444,2,1.856,59.2,1.08,0.75,sdd_ts,eutro
NLA17_TN-10005,2017,37.45804777445932,48.07299675810124,36.1958,-82.74069,444,2,1.856,59.2,1.08,0.75,rot_ts,meso-eutro
NLA17_TN-10005,2017,37.45804777445932,48.07299675810124,36.1958,-82.74069,444,2,1.856,59.2,1.08,0.75,crs_ts,oligo-meso
NLA17_TN-10006,2017,49.57769754879254,51.673105619500454,35.00558,-85.58884,193,13,0.476,41.27,2.98,2.05,ncp_ts,eutro
NLA17_TN-10006,2017,49.57769754879254,51.673105619500454,35.00558,-85.58884,193,13,0.476,41.27,2.98,2.05,chla_ts,meso
NLA17_TN-10006,2017,49.57769754879254,51.673105619500454,35.00558,-85.58884,193,13,0.476,41.27,2.98,2.05,ptl_ts,eutro
NLA17_TN-10006,2017,49.57769754879254,51.673105619500454,35.00558,-85.58884,193,13,0.476,41.27,2.98,2.05,sdd_ts,meso
NLA17_TN-10006,2017,49.57769754879254,51.673105619500454,35.00558,-85.58884,193,13,0.476,41.27,2.98,2.05,rot_ts,meso-eutro
NLA17_TN-10006,2017,49.57769754879254,51.673105619500454,35.00558,-85.58884,193,13,0.476,41.27,2.98,2.05,crs_ts,meso-eutro
NLA17_TN-10015,2017,61.382211411877265,54.52481220253352,35.23608,-84.64917,225,10,0.28,15.22375,1.31,1.65,ncp_ts,oligo
NLA17_TN-10015,2017,61.382211411877265,54.52481220253352,35.23608,-84.64917,225,10,0.28,15.22375,1.31,1.65,chla_ts,oligo
NLA17_TN-10015,2017,61.382211411877265,54.52481220253352,35.23608,-84.64917,225,10,0.28,15.22375,1.31,1.65,ptl_ts,meso
NLA17_TN-10015,2017,61.382211411877265,54.52481220253352,35.23608,-84.64917,225,10,0.28,15.22375,1.31,1.65,sdd_ts,eutro
NLA17_TN-10015,2017,61.382211411877265,54.52481220253352,35.23608,-84.64917,225,10,0.28,15.22375,1.31,1.65,rot_ts,meso-eutro
NLA17_TN-10015,2017,61.382211411877265,54.52481220253352,35.23608,-84.64917,225,10,0.28,15.22375,1.31,1.65,crs_ts,eutro
NLA17_TN-10022,2017,47.758345115401866,52.20720011395611,35.40267,-86.83965,266,17,1.465,107.77875,60.32,0.6499999999999999,ncp_ts,eutro
NLA17_TN-10022,2017,47.758345115401866,52.20720011395611,35.40267,-86.83965,266,17,1.465,107.77875,60.32,0.6499999999999999,chla_ts,hypereu
NLA17_TN-10022,2017,47.758345115401866,52.20720011395611,35.40267,-86.83965,266,17,1.465,107.77875,60.32,0.6499999999999999,ptl_ts,hypereu
NLA17_TN-10022,2017,47.758345115401866,52.20720011395611,35.40267,-86.83965,266,17,1.465,107.77875,60.32,0.6499999999999999,sdd_ts,eutro
NLA17_TN-10022,2017,47.758345115401866,52.20720011395611,35.40267,-86.83965,266,17,1.465,107.77875,60.32,0.6499999999999999,rot_ts,meso-eutro
NLA17_TN-10022,2017,47.758345115401866,52.20720011395611,35.40267,-86.83965,266,17,1.465,107.77875,60.32,0.6499999999999999,crs_ts,meso-eutro
NLA17_TN-10023,2017,60.28443509407985,52.08763963805437,36.57854,-87.65727,181,3,0.609,39.8275,13.78,1.25,ncp_ts,eutro
NLA17_TN-10023,2017,60.28443509407985,52.08763963805437,36.57854,-87.65727,181,3,0.609,39.8275,13.78,1.25,chla_ts,eutro
NLA17_TN-10023,2017,60.28443509407985,52.08763963805437,36.57854,-87.65727,181,3,0.609,39.8275,13.78,1.25,ptl_ts,eutro
NLA17_TN-10023,2017,60.28443509407985,52.08763963805437,36.57854,-87.65727,181,3,0.609,39.8275,13.78,1.25,sdd_ts,eutro
NLA17_TN-10023,2017,60.28443509407985,52.08763963805437,36.57854,-87.65727,181,3,0.609,39.8275,13.78,1.25,rot_ts,meso-eutro
NLA17_TN-10023,2017,60.28443509407985,52.08763963805437,36.57854,-87.65727,181,3,0.609,39.8275,13.78,1.25,crs_ts,eutro
NLA17_TX-10001,2017,68.77924770459632,56.20163757221654,32.94443,-96.45375,145,20.5,1.387,193.0725,54.6,0.195,ncp_ts,mixo
NLA17_TX-10001,2017,68.77924770459632,56.20163757221654,32.94443,-96.45375,145,20.5,1.387,193.0725,54.6,0.195,chla_ts,eutro
NLA17_TX-10001,2017,68.77924770459632,56.20163757221654,32.94443,-96.45375,145,20.5,1.387,193.0725,54.6,0.195,ptl_ts,hypereu
NLA17_TX-10001,2017,68.77924770459632,56.20163757221654,32.94443,-96.45375,145,20.5,1.387,193.0725,54.6,0.195,sdd_ts,hypereu
NLA17_TX-10001,2017,68.77924770459632,56.20163757221654,32.94443,-96.45375,145,20.5,1.387,193.0725,54.6,0.195,rot_ts,eutro
NLA17_TX-10001,2017,68.77924770459632,56.20163757221654,32.94443,-96.45375,145,20.5,1.387,193.0725,54.6,0.195,crs_ts,hypereu
NLA17_TX-10002,2017,62.566347266125774,49.7839593656352,32.59296,-98.31634,273,20,0.65,25.395,3.78,1.9,ncp_ts,oligo
NLA17_TX-10002,2017,62.566347266125774,49.7839593656352,32.59296,-98.31634,273,20,0.65,25.395,3.78,1.9,chla_ts,meso
NLA17_TX-10002,2017,62.566347266125774,49.7839593656352,32.59296,-98.31634,273,20,0.65,25.395,3.78,1.9,ptl_ts,eutro
NLA17_TX-10002,2017,62.566347266125774,49.7839593656352,32.59296,-98.31634,273,20,0.65,25.395,3.78,1.9,sdd_ts,eutro
NLA17_TX-10002,2017,62.566347266125774,49.7839593656352,32.59296,-98.31634,273,20,0.65,25.395,3.78,1.9,rot_ts,meso-eutro
NLA17_TX-10002,2017,62.566347266125774,49.7839593656352,32.59296,-98.31634,273,20,0.65,25.395,3.78,1.9,crs_ts,eutro
NLA17_TX-10003,2017,63.23168997245381,49.894133864263445,31.14844,-97.74526,265,15,0.32,16.3,2.82,2.8,ncp_ts,oligo
NLA17_TX-10003,2017,63.23168997245381,49.894133864263445,31.14844,-97.74526,265,15,0.32,16.3,2.82,2.8,chla_ts,meso
NLA17_TX-10003,2017,63.23168997245381,49.894133864263445,31.14844,-97.74526,265,15,0.32,16.3,2.82,2.8,ptl_ts,meso
NLA17_TX-10003,2017,63.23168997245381,49.894133864263445,31.14844,-97.74526,265,15,0.32,16.3,2.82,2.8,sdd_ts,meso
NLA17_TX-10003,2017,63.23168997245381,49.894133864263445,31.14844,-97.74526,265,15,0.32,16.3,2.82,2.8,rot_ts,meso-eutro
NLA17_TX-10003,2017,63.23168997245381,49.894133864263445,31.14844,-97.74526,265,15,0.32,16.3,2.82,2.8,crs_ts,eutro
NLA17_TX-10004,2017,64.52768181375704,49.517756657558266,35.6388,-101.6602,895,11,0.494,23.31875,6.43,1.8,ncp_ts,oligo
NLA17_TX-10004,2017,64.52768181375704,49.517756657558266,35.6388,-101.6602,895,11,0.494,23.31875,6.43,1.8,chla_ts,meso
NLA17_TX-10004,2017,64.52768181375704,49.517756657558266,35.6388,-101.6602,895,11,0.494,23.31875,6.43,1.8,ptl_ts,meso
NLA17_TX-10004,2017,64.52768181375704,49.517756657558266,35.6388,-101.6602,895,11,0.494,23.31875,6.43,1.8,sdd_ts,eutro
NLA17_TX-10004,2017,64.52768181375704,49.517756657558266,35.6388,-101.6602,895,11,0.494,23.31875,6.43,1.8,rot_ts,meso-eutro
NLA17_TX-10004,2017,64.52768181375704,49.517756657558266,35.6388,-101.6602,895,11,0.494,23.31875,6.43,1.8,crs_ts,eutro
NLA17_TX-10005,2017,63.2765630995463,50.54393854221465,32.08996,-95.89431,116,39,0.45,26.145,22.88,1.2,ncp_ts,dys
NLA17_TX-10005,2017,63.2765630995463,50.54393854221465,32.08996,-95.89431,116,39,0.45,26.145,22.88,1.2,chla_ts,eutro
NLA17_TX-10005,2017,63.2765630995463,50.54393854221465,32.08996,-95.89431,116,39,0.45,26.145,22.88,1.2,ptl_ts,eutro
NLA17_TX-10005,2017,63.2765630995463,50.54393854221465,32.08996,-95.89431,116,39,0.45,26.145,22.88,1.2,sdd_ts,eutro
NLA17_TX-10005,2017,63.2765630995463,50.54393854221465,32.08996,-95.89431,116,39,0.45,26.145,22.88,1.2,rot_ts,meso-eutro
NLA17_TX-10005,2017,63.2765630995463,50.54393854221465,32.08996,-95.89431,116,39,0.45,26.145,22.88,1.2,crs_ts,eutro
NLA17_TX-10006,2017,62.5022324144542,49.82093545620336,32.83673,-96.71958,139,13,0.749,86.135,60,0.7,ncp_ts,eutro
NLA17_TX-10006,2017,62.5022324144542,49.82093545620336,32.83673,-96.71958,139,13,0.749,86.135,60,0.7,chla_ts,hypereu
NLA17_TX-10006,2017,62.5022324144542,49.82093545620336,32.83673,-96.71958,139,13,0.749,86.135,60,0.7,ptl_ts,eutro
NLA17_TX-10006,2017,62.5022324144542,49.82093545620336,32.83673,-96.71958,139,13,0.749,86.135,60,0.7,sdd_ts,eutro
NLA17_TX-10006,2017,62.5022324144542,49.82093545620336,32.83673,-96.71958,139,13,0.749,86.135,60,0.7,rot_ts,meso-eutro
NLA17_TX-10006,2017,62.5022324144542,49.82093545620336,32.83673,-96.71958,139,13,0.749,86.135,60,0.7,crs_ts,eutro
NLA17_TX-10007,2017,57.94788263962721,50.462790699117704,32.81786,-94.66358,69,10,0.908,44.845,48.4,0.6,ncp_ts,eutro
NLA17_TX-10007,2017,57.94788263962721,50.462790699117704,32.81786,-94.66358,69,10,0.908,44.845,48.4,0.6,chla_ts,eutro
NLA17_TX-10007,2017,57.94788263962721,50.462790699117704,32.81786,-94.66358,69,10,0.908,44.845,48.4,0.6,ptl_ts,eutro
NLA17_TX-10007,2017,57.94788263962721,50.462790699117704,32.81786,-94.66358,69,10,0.908,44.845,48.4,0.6,sdd_ts,eutro
NLA17_TX-10007,2017,57.94788263962721,50.462790699117704,32.81786,-94.66358,69,10,0.908,44.845,48.4,0.6,rot_ts,meso-eutro
NLA17_TX-10007,2017,57.94788263962721,50.462790699117704,32.81786,-94.66358,69,10,0.908,44.845,48.4,0.6,crs_ts,eutro
NLA17_TX-10008,2017,69.53806038476321,55.07240309792101,33.06712,-95.73801,149,51,2.7335000000000003,340.0925,182.20999999999998,0.3125,ncp_ts,mixo
NLA17_TX-10008,2017,69.53806038476321,55.07240309792101,33.06712,-95.73801,149,51,2.7335000000000003,340.0925,182.20999999999998,0.3125,chla_ts,hypereu
NLA17_TX-10008,2017,69.53806038476321,55.07240309792101,33.06712,-95.73801,149,51,2.7335000000000003,340.0925,182.20999999999998,0.3125,ptl_ts,hypereu
NLA17_TX-10008,2017,69.53806038476321,55.07240309792101,33.06712,-95.73801,149,51,2.7335000000000003,340.0925,182.20999999999998,0.3125,sdd_ts,hypereu
NLA17_TX-10008,2017,69.53806038476321,55.07240309792101,33.06712,-95.73801,149,51,2.7335000000000003,340.0925,182.20999999999998,0.3125,rot_ts,eutro
NLA17_TX-10008,2017,69.53806038476321,55.07240309792101,33.06712,-95.73801,149,51,2.7335000000000003,340.0925,182.20999999999998,0.3125,crs_ts,hypereu
NLA17_TX-10009,2017,46.616976461343015,51.18118959143763,31.70945,-94.35483,94,12,0.484,20.39,18,1.5,ncp_ts,oligo
NLA17_TX-10009,2017,46.616976461343015,51.18118959143763,31.70945,-94.35483,94,12,0.484,20.39,18,1.5,chla_ts,eutro
NLA17_TX-10009,2017,46.616976461343015,51.18118959143763,31.70945,-94.35483,94,12,0.484,20.39,18,1.5,ptl_ts,meso
NLA17_TX-10009,2017,46.616976461343015,51.18118959143763,31.70945,-94.35483,94,12,0.484,20.39,18,1.5,sdd_ts,eutro
NLA17_TX-10009,2017,46.616976461343015,51.18118959143763,31.70945,-94.35483,94,12,0.484,20.39,18,1.5,rot_ts,meso-eutro
NLA17_TX-10009,2017,46.616976461343015,51.18118959143763,31.70945,-94.35483,94,12,0.484,20.39,18,1.5,crs_ts,meso-eutro
NLA17_TX-10010,2017,62.74064437643584,48.810484966722974,31.91034,-95.30186,129,5,0.249,19.43875,3.4,4.6,ncp_ts,oligo
NLA17_TX-10010,2017,62.74064437643584,48.810484966722974,31.91034,-95.30186,129,5,0.249,19.43875,3.4,4.6,chla_ts,meso
NLA17_TX-10010,2017,62.74064437643584,48.810484966722974,31.91034,-95.30186,129,5,0.249,19.43875,3.4,4.6,ptl_ts,meso
NLA17_TX-10010,2017,62.74064437643584,48.810484966722974,31.91034,-95.30186,129,5,0.249,19.43875,3.4,4.6,sdd_ts,oligo
NLA17_TX-10010,2017,62.74064437643584,48.810484966722974,31.91034,-95.30186,129,5,0.249,19.43875,3.4,4.6,rot_ts,meso-eutro
NLA17_TX-10010,2017,62.74064437643584,48.810484966722974,31.91034,-95.30186,129,5,0.249,19.43875,3.4,4.6,crs_ts,eutro
NLA17_TX-10011,2017,60.791395300045245,54.23264944719994,33.51618,-94.12513,83,22,0.854,108.145,18.36,0.29500000000000004,ncp_ts,mixo
NLA17_TX-10011,2017,60.791395300045245,54.23264944719994,33.51618,-94.12513,83,22,0.854,108.145,18.36,0.29500000000000004,chla_ts,eutro
NLA17_TX-10011,2017,60.791395300045245,54.23264944719994,33.51618,-94.12513,83,22,0.854,108.145,18.36,0.29500000000000004,ptl_ts,hypereu
NLA17_TX-10011,2017,60.791395300045245,54.23264944719994,33.51618,-94.12513,83,22,0.854,108.145,18.36,0.29500000000000004,sdd_ts,hypereu
NLA17_TX-10011,2017,60.791395300045245,54.23264944719994,33.51618,-94.12513,83,22,0.854,108.145,18.36,0.29500000000000004,rot_ts,meso-eutro
NLA17_TX-10011,2017,60.791395300045245,54.23264944719994,33.51618,-94.12513,83,22,0.854,108.145,18.36,0.29500000000000004,crs_ts,eutro
NLA17_TX-10013,2017,55.09292773459473,52.56180239658465,32.82988,-94.0436,51,67,0.715,88.12,5.33,0.64,ncp_ts,mixo
NLA17_TX-10013,2017,55.09292773459473,52.56180239658465,32.82988,-94.0436,51,67,0.715,88.12,5.33,0.64,chla_ts,meso
NLA17_TX-10013,2017,55.09292773459473,52.56180239658465,32.82988,-94.0436,51,67,0.715,88.12,5.33,0.64,ptl_ts,eutro
NLA17_TX-10013,2017,55.09292773459473,52.56180239658465,32.82988,-94.0436,51,67,0.715,88.12,5.33,0.64,sdd_ts,eutro
NLA17_TX-10013,2017,55.09292773459473,52.56180239658465,32.82988,-94.0436,51,67,0.715,88.12,5.33,0.64,rot_ts,meso-eutro
NLA17_TX-10013,2017,55.09292773459473,52.56180239658465,32.82988,-94.0436,51,67,0.715,88.12,5.33,0.64,crs_ts,eutro
NLA17_TX-10014,2017,42.90138912366691,51.9777152692178,30.96162,-95.90549,86,15,1.265,87.7375,40.27,0.7,ncp_ts,eutro
NLA17_TX-10014,2017,42.90138912366691,51.9777152692178,30.96162,-95.90549,86,15,1.265,87.7375,40.27,0.7,chla_ts,eutro
NLA17_TX-10014,2017,42.90138912366691,51.9777152692178,30.96162,-95.90549,86,15,1.265,87.7375,40.27,0.7,ptl_ts,eutro
NLA17_TX-10014,2017,42.90138912366691,51.9777152692178,30.96162,-95.90549,86,15,1.265,87.7375,40.27,0.7,sdd_ts,eutro
NLA17_TX-10014,2017,42.90138912366691,51.9777152692178,30.96162,-95.90549,86,15,1.265,87.7375,40.27,0.7,rot_ts,meso-eutro
NLA17_TX-10014,2017,42.90138912366691,51.9777152692178,30.96162,-95.90549,86,15,1.265,87.7375,40.27,0.7,crs_ts,oligo-meso
NLA17_TX-10015,2017,40.71869351547277,52.46123872097928,26.07154,-97.55981,9,3,1.391,120.34125,44.8,0.2,ncp_ts,eutro
NLA17_TX-10015,2017,40.71869351547277,52.46123872097928,26.07154,-97.55981,9,3,1.391,120.34125,44.8,0.2,chla_ts,eutro
NLA17_TX-10015,2017,40.71869351547277,52.46123872097928,26.07154,-97.55981,9,3,1.391,120.34125,44.8,0.2,ptl_ts,hypereu
NLA17_TX-10015,2017,40.71869351547277,52.46123872097928,26.07154,-97.55981,9,3,1.391,120.34125,44.8,0.2,sdd_ts,hypereu
NLA17_TX-10015,2017,40.71869351547277,52.46123872097928,26.07154,-97.55981,9,3,1.391,120.34125,44.8,0.2,rot_ts,meso-eutro
NLA17_TX-10015,2017,40.71869351547277,52.46123872097928,26.07154,-97.55981,9,3,1.391,120.34125,44.8,0.2,crs_ts,oligo-meso
NLA17_TX-10016,2017,60.942370194069305,53.343479952428055,31.58629,-98.62431,449,18,0.77,32.4225,13.26,1.4,ncp_ts,eutro
NLA17_TX-10016,2017,60.942370194069305,53.343479952428055,31.58629,-98.62431,449,18,0.77,32.4225,13.26,1.4,chla_ts,eutro
NLA17_TX-10016,2017,60.942370194069305,53.343479952428055,31.58629,-98.62431,449,18,0.77,32.4225,13.26,1.4,ptl_ts,eutro
NLA17_TX-10016,2017,60.942370194069305,53.343479952428055,31.58629,-98.62431,449,18,0.77,32.4225,13.26,1.4,sdd_ts,eutro
NLA17_TX-10016,2017,60.942370194069305,53.343479952428055,31.58629,-98.62431,449,18,0.77,32.4225,13.26,1.4,rot_ts,meso-eutro
NLA17_TX-10016,2017,60.942370194069305,53.343479952428055,31.58629,-98.62431,449,18,0.77,32.4225,13.26,1.4,crs_ts,eutro
NLA17_TX-10017,2017,65.51514713228686,46.51676127768508,32.46571,-96.20017,117,63,1.496,175.3325,69.6,0.7,ncp_ts,mixo
NLA17_TX-10017,2017,65.51514713228686,46.51676127768508,32.46571,-96.20017,117,63,1.496,175.3325,69.6,0.7,chla_ts,hypereu
NLA17_TX-10017,2017,65.51514713228686,46.51676127768508,32.46571,-96.20017,117,63,1.496,175.3325,69.6,0.7,ptl_ts,hypereu
NLA17_TX-10017,2017,65.51514713228686,46.51676127768508,32.46571,-96.20017,117,63,1.496,175.3325,69.6,0.7,sdd_ts,eutro
NLA17_TX-10017,2017,65.51514713228686,46.51676127768508,32.46571,-96.20017,117,63,1.496,175.3325,69.6,0.7,rot_ts,meso-eutro
NLA17_TX-10017,2017,65.51514713228686,46.51676127768508,32.46571,-96.20017,117,63,1.496,175.3325,69.6,0.7,crs_ts,hypereu
NLA17_TX-10019,2017,63.32124476894909,51.460008456549104,32.0567,-96.7321,160,8,0.966,53.165,13.18,1.25,ncp_ts,eutro
NLA17_TX-10019,2017,63.32124476894909,51.460008456549104,32.0567,-96.7321,160,8,0.966,53.165,13.18,1.25,chla_ts,eutro
NLA17_TX-10019,2017,63.32124476894909,51.460008456549104,32.0567,-96.7321,160,8,0.966,53.165,13.18,1.25,ptl_ts,eutro
NLA17_TX-10019,2017,63.32124476894909,51.460008456549104,32.0567,-96.7321,160,8,0.966,53.165,13.18,1.25,sdd_ts,eutro
NLA17_TX-10019,2017,63.32124476894909,51.460008456549104,32.0567,-96.7321,160,8,0.966,53.165,13.18,1.25,rot_ts,meso-eutro
NLA17_TX-10019,2017,63.32124476894909,51.460008456549104,32.0567,-96.7321,160,8,0.966,53.165,13.18,1.25,crs_ts,eutro
NLA17_TX-10020,2017,60.63812031145117,51.37786945648546,32.58188,-101.1655,688,2,0.368,18.5575,6.09,1.8,ncp_ts,oligo
NLA17_TX-10020,2017,60.63812031145117,51.37786945648546,32.58188,-101.1655,688,2,0.368,18.5575,6.09,1.8,chla_ts,meso
NLA17_TX-10020,2017,60.63812031145117,51.37786945648546,32.58188,-101.1655,688,2,0.368,18.5575,6.09,1.8,ptl_ts,meso
NLA17_TX-10020,2017,60.63812031145117,51.37786945648546,32.58188,-101.1655,688,2,0.368,18.5575,6.09,1.8,sdd_ts,eutro
NLA17_TX-10020,2017,60.63812031145117,51.37786945648546,32.58188,-101.1655,688,2,0.368,18.5575,6.09,1.8,rot_ts,meso-eutro
NLA17_TX-10020,2017,60.63812031145117,51.37786945648546,32.58188,-101.1655,688,2,0.368,18.5575,6.09,1.8,crs_ts,eutro
NLA17_TX-10021,2017,63.871356321482715,49.02832849081146,31.95055,-103.9405,866,0,0.863,13.58625,12.93,1.05,ncp_ts,oligo
NLA17_TX-10021,2017,63.871356321482715,49.02832849081146,31.95055,-103.9405,866,0,0.863,13.58625,12.93,1.05,chla_ts,eutro
NLA17_TX-10021,2017,63.871356321482715,49.02832849081146,31.95055,-103.9405,866,0,0.863,13.58625,12.93,1.05,ptl_ts,meso
NLA17_TX-10021,2017,63.871356321482715,49.02832849081146,31.95055,-103.9405,866,0,0.863,13.58625,12.93,1.05,sdd_ts,eutro
NLA17_TX-10021,2017,63.871356321482715,49.02832849081146,31.95055,-103.9405,866,0,0.863,13.58625,12.93,1.05,rot_ts,meso-eutro
NLA17_TX-10021,2017,63.871356321482715,49.02832849081146,31.95055,-103.9405,866,0,0.863,13.58625,12.93,1.05,crs_ts,eutro
NLA17_TX-10022,2017,52.78786513132245,50.380400114962725,33.71431,-98.37163,279,2,0.593,99.7275,12.94,1.15,ncp_ts,eutro
NLA17_TX-10022,2017,52.78786513132245,50.380400114962725,33.71431,-98.37163,279,2,0.593,99.7275,12.94,1.15,chla_ts,eutro
NLA17_TX-10022,2017,52.78786513132245,50.380400114962725,33.71431,-98.37163,279,2,0.593,99.7275,12.94,1.15,ptl_ts,hypereu
NLA17_TX-10022,2017,52.78786513132245,50.380400114962725,33.71431,-98.37163,279,2,0.593,99.7275,12.94,1.15,sdd_ts,eutro
NLA17_TX-10022,2017,52.78786513132245,50.380400114962725,33.71431,-98.37163,279,2,0.593,99.7275,12.94,1.15,rot_ts,meso-eutro
NLA17_TX-10022,2017,52.78786513132245,50.380400114962725,33.71431,-98.37163,279,2,0.593,99.7275,12.94,1.15,crs_ts,meso-eutro
NLA17_TX-10025,2017,66.51987968217728,46.44822531900251,33.36387,-97.41123,287,14,0.634,71.385,5.56,0.2,ncp_ts,eutro
NLA17_TX-10025,2017,66.51987968217728,46.44822531900251,33.36387,-97.41123,287,14,0.634,71.385,5.56,0.2,chla_ts,meso
NLA17_TX-10025,2017,66.51987968217728,46.44822531900251,33.36387,-97.41123,287,14,0.634,71.385,5.56,0.2,ptl_ts,eutro
NLA17_TX-10025,2017,66.51987968217728,46.44822531900251,33.36387,-97.41123,287,14,0.634,71.385,5.56,0.2,sdd_ts,hypereu
NLA17_TX-10025,2017,66.51987968217728,46.44822531900251,33.36387,-97.41123,287,14,0.634,71.385,5.56,0.2,rot_ts,meso-eutro
NLA17_TX-10025,2017,66.51987968217728,46.44822531900251,33.36387,-97.41123,287,14,0.634,71.385,5.56,0.2,crs_ts,hypereu
NLA17_TX-10030,2017,63.61435716300385,48.94224665436761,29.85308,-96.37105,93,22,1.438,95.145,47.6,0.7,ncp_ts,mixo
NLA17_TX-10030,2017,63.61435716300385,48.94224665436761,29.85308,-96.37105,93,22,1.438,95.145,47.6,0.7,chla_ts,eutro
NLA17_TX-10030,2017,63.61435716300385,48.94224665436761,29.85308,-96.37105,93,22,1.438,95.145,47.6,0.7,ptl_ts,eutro
NLA17_TX-10030,2017,63.61435716300385,48.94224665436761,29.85308,-96.37105,93,22,1.438,95.145,47.6,0.7,sdd_ts,eutro
NLA17_TX-10030,2017,63.61435716300385,48.94224665436761,29.85308,-96.37105,93,22,1.438,95.145,47.6,0.7,rot_ts,meso-eutro
NLA17_TX-10030,2017,63.61435716300385,48.94224665436761,29.85308,-96.37105,93,22,1.438,95.145,47.6,0.7,crs_ts,eutro
NLA17_TX-10032,2017,63.46882333261347,51.050846742533594,30.92462,-95.46998,42,9,0.953,275.4675,28.48,0,ncp_ts,eutro
NLA17_TX-10032,2017,63.46882333261347,51.050846742533594,30.92462,-95.46998,42,9,0.953,275.4675,28.48,0,chla_ts,eutro
NLA17_TX-10032,2017,63.46882333261347,51.050846742533594,30.92462,-95.46998,42,9,0.953,275.4675,28.48,0,ptl_ts,hypereu
NLA17_TX-10032,2017,63.46882333261347,51.050846742533594,30.92462,-95.46998,42,9,0.953,275.4675,28.48,0,sdd_ts,hypereu
NLA17_TX-10032,2017,63.46882333261347,51.050846742533594,30.92462,-95.46998,42,9,0.953,275.4675,28.48,0,rot_ts,meso-eutro
NLA17_TX-10032,2017,63.46882333261347,51.050846742533594,30.92462,-95.46998,42,9,0.953,275.4675,28.48,0,crs_ts,eutro
NLA17_TX-10040,2017,63.700721219758066,50.330353242439486,32.45532,-95.6831,155,34,1.091,61.755,28.6,1.15,ncp_ts,mixo
NLA17_TX-10040,2017,63.700721219758066,50.330353242439486,32.45532,-95.6831,155,34,1.091,61.755,28.6,1.15,chla_ts,eutro
NLA17_TX-10040,2017,63.700721219758066,50.330353242439486,32.45532,-95.6831,155,34,1.091,61.755,28.6,1.15,ptl_ts,eutro
NLA17_TX-10040,2017,63.700721219758066,50.330353242439486,32.45532,-95.6831,155,34,1.091,61.755,28.6,1.15,sdd_ts,eutro
NLA17_TX-10040,2017,63.700721219758066,50.330353242439486,32.45532,-95.6831,155,34,1.091,61.755,28.6,1.15,rot_ts,meso-eutro
NLA17_TX-10040,2017,63.700721219758066,50.330353242439486,32.45532,-95.6831,155,34,1.091,61.755,28.6,1.15,crs_ts,eutro
NLA17_TX-10047,2017,63.52727878930343,48.513424379121815,32.04834,-95.99865,90,50,2.465,464.23875,94.08,0.3,ncp_ts,mixo
NLA17_TX-10047,2017,63.52727878930343,48.513424379121815,32.04834,-95.99865,90,50,2.465,464.23875,94.08,0.3,chla_ts,hypereu
NLA17_TX-10047,2017,63.52727878930343,48.513424379121815,32.04834,-95.99865,90,50,2.465,464.23875,94.08,0.3,ptl_ts,hypereu
NLA17_TX-10047,2017,63.52727878930343,48.513424379121815,32.04834,-95.99865,90,50,2.465,464.23875,94.08,0.3,sdd_ts,hypereu
NLA17_TX-10047,2017,63.52727878930343,48.513424379121815,32.04834,-95.99865,90,50,2.465,464.23875,94.08,0.3,rot_ts,meso-eutro
NLA17_TX-10047,2017,63.52727878930343,48.513424379121815,32.04834,-95.99865,90,50,2.465,464.23875,94.08,0.3,crs_ts,eutro
NLA17_TX-10048,2017,71.11390069966588,47.537231042890866,29.16044,-95.32517,1,19,0.735,20.41,7.66,1,ncp_ts,oligo
NLA17_TX-10048,2017,71.11390069966588,47.537231042890866,29.16044,-95.32517,1,19,0.735,20.41,7.66,1,chla_ts,eutro
NLA17_TX-10048,2017,71.11390069966588,47.537231042890866,29.16044,-95.32517,1,19,0.735,20.41,7.66,1,ptl_ts,meso
NLA17_TX-10048,2017,71.11390069966588,47.537231042890866,29.16044,-95.32517,1,19,0.735,20.41,7.66,1,sdd_ts,eutro
NLA17_TX-10048,2017,71.11390069966588,47.537231042890866,29.16044,-95.32517,1,19,0.735,20.41,7.66,1,rot_ts,meso-eutro
NLA17_TX-10048,2017,71.11390069966588,47.537231042890866,29.16044,-95.32517,1,19,0.735,20.41,7.66,1,crs_ts,hypereu
NLA17_TX-10049,2017,60.791395300045245,51.51407926344094,32.66237,-97.61238,250,3,0.495,14.4525,3.69,2.5,ncp_ts,oligo
NLA17_TX-10049,2017,60.791395300045245,51.51407926344094,32.66237,-97.61238,250,3,0.495,14.4525,3.69,2.5,chla_ts,meso
NLA17_TX-10049,2017,60.791395300045245,51.51407926344094,32.66237,-97.61238,250,3,0.495,14.4525,3.69,2.5,ptl_ts,meso
NLA17_TX-10049,2017,60.791395300045245,51.51407926344094,32.66237,-97.61238,250,3,0.495,14.4525,3.69,2.5,sdd_ts,meso
NLA17_TX-10049,2017,60.791395300045245,51.51407926344094,32.66237,-97.61238,250,3,0.495,14.4525,3.69,2.5,rot_ts,meso-eutro
NLA17_TX-10049,2017,60.791395300045245,51.51407926344094,32.66237,-97.61238,250,3,0.495,14.4525,3.69,2.5,crs_ts,eutro
NLA17_TX-10070,2017,68.6614035506391,47.943973788087945,26.14016,-97.39058,4,10,0.688,20.67625,2.83,NA,ncp_ts,oligo
NLA17_TX-10070,2017,68.6614035506391,47.943973788087945,26.14016,-97.39058,4,10,0.688,20.67625,2.83,NA,chla_ts,meso
NLA17_TX-10070,2017,68.6614035506391,47.943973788087945,26.14016,-97.39058,4,10,0.688,20.67625,2.83,NA,ptl_ts,meso
NLA17_TX-10070,2017,68.6614035506391,47.943973788087945,26.14016,-97.39058,4,10,0.688,20.67625,2.83,NA,sdd_ts,NA
NLA17_TX-10070,2017,68.6614035506391,47.943973788087945,26.14016,-97.39058,4,10,0.688,20.67625,2.83,NA,rot_ts,meso-eutro
NLA17_TX-10070,2017,68.6614035506391,47.943973788087945,26.14016,-97.39058,4,10,0.688,20.67625,2.83,NA,crs_ts,hypereu
NLA17_TX-10072,2017,60.69587279272856,51.594179998657324,32.4657,-98.4127,351,18,0.931,27.11,10.5,1.8,ncp_ts,oligo
NLA17_TX-10072,2017,60.69587279272856,51.594179998657324,32.4657,-98.4127,351,18,0.931,27.11,10.5,1.8,chla_ts,eutro
NLA17_TX-10072,2017,60.69587279272856,51.594179998657324,32.4657,-98.4127,351,18,0.931,27.11,10.5,1.8,ptl_ts,eutro
NLA17_TX-10072,2017,60.69587279272856,51.594179998657324,32.4657,-98.4127,351,18,0.931,27.11,10.5,1.8,sdd_ts,eutro
NLA17_TX-10072,2017,60.69587279272856,51.594179998657324,32.4657,-98.4127,351,18,0.931,27.11,10.5,1.8,rot_ts,meso-eutro
NLA17_TX-10072,2017,60.69587279272856,51.594179998657324,32.4657,-98.4127,351,18,0.931,27.11,10.5,1.8,crs_ts,eutro
NLA17_TX-10085,2017,61.21950169285451,56.00681330273448,29.82389,-98.77402,460,18,0.299,14.435,2.53,3.1,ncp_ts,oligo
NLA17_TX-10085,2017,61.21950169285451,56.00681330273448,29.82389,-98.77402,460,18,0.299,14.435,2.53,3.1,chla_ts,oligo
NLA17_TX-10085,2017,61.21950169285451,56.00681330273448,29.82389,-98.77402,460,18,0.299,14.435,2.53,3.1,ptl_ts,meso
NLA17_TX-10085,2017,61.21950169285451,56.00681330273448,29.82389,-98.77402,460,18,0.299,14.435,2.53,3.1,sdd_ts,meso
NLA17_TX-10085,2017,61.21950169285451,56.00681330273448,29.82389,-98.77402,460,18,0.299,14.435,2.53,3.1,rot_ts,eutro
NLA17_TX-10085,2017,61.21950169285451,56.00681330273448,29.82389,-98.77402,460,18,0.299,14.435,2.53,3.1,crs_ts,eutro
NLA17_TX-10086,2017,48.23403135657017,52.289339114019754,26.41703,-98.17065,24,10,1.804,40.00125,26.93,0.45,ncp_ts,eutro
NLA17_TX-10086,2017,48.23403135657017,52.289339114019754,26.41703,-98.17065,24,10,1.804,40.00125,26.93,0.45,chla_ts,eutro
NLA17_TX-10086,2017,48.23403135657017,52.289339114019754,26.41703,-98.17065,24,10,1.804,40.00125,26.93,0.45,ptl_ts,eutro
NLA17_TX-10086,2017,48.23403135657017,52.289339114019754,26.41703,-98.17065,24,10,1.804,40.00125,26.93,0.45,sdd_ts,hypereu
NLA17_TX-10086,2017,48.23403135657017,52.289339114019754,26.41703,-98.17065,24,10,1.804,40.00125,26.93,0.45,rot_ts,meso-eutro
NLA17_TX-10086,2017,48.23403135657017,52.289339114019754,26.41703,-98.17065,24,10,1.804,40.00125,26.93,0.45,crs_ts,meso-eutro
NLA17_TX-10087,2017,61.82098895910066,49.82093545620336,30.15681,-95.4684,42,12,0.706,58.8975,40.53,1.3,ncp_ts,eutro
NLA17_TX-10087,2017,61.82098895910066,49.82093545620336,30.15681,-95.4684,42,12,0.706,58.8975,40.53,1.3,chla_ts,eutro
NLA17_TX-10087,2017,61.82098895910066,49.82093545620336,30.15681,-95.4684,42,12,0.706,58.8975,40.53,1.3,ptl_ts,eutro
NLA17_TX-10087,2017,61.82098895910066,49.82093545620336,30.15681,-95.4684,42,12,0.706,58.8975,40.53,1.3,sdd_ts,eutro
NLA17_TX-10087,2017,61.82098895910066,49.82093545620336,30.15681,-95.4684,42,12,0.706,58.8975,40.53,1.3,rot_ts,meso-eutro
NLA17_TX-10087,2017,61.82098895910066,49.82093545620336,30.15681,-95.4684,42,12,0.706,58.8975,40.53,1.3,crs_ts,eutro
NLA17_TX-10088,2017,63.52727878930343,49.91227890675853,32.04667,-96.75054,154,20,2.813,414.22375,100.8,0.07500000000000001,ncp_ts,eutro
NLA17_TX-10088,2017,63.52727878930343,49.91227890675853,32.04667,-96.75054,154,20,2.813,414.22375,100.8,0.07500000000000001,chla_ts,hypereu
NLA17_TX-10088,2017,63.52727878930343,49.91227890675853,32.04667,-96.75054,154,20,2.813,414.22375,100.8,0.07500000000000001,ptl_ts,hypereu
NLA17_TX-10088,2017,63.52727878930343,49.91227890675853,32.04667,-96.75054,154,20,2.813,414.22375,100.8,0.07500000000000001,sdd_ts,hypereu
NLA17_TX-10088,2017,63.52727878930343,49.91227890675853,32.04667,-96.75054,154,20,2.813,414.22375,100.8,0.07500000000000001,rot_ts,meso-eutro
NLA17_TX-10088,2017,63.52727878930343,49.91227890675853,32.04667,-96.75054,154,20,2.813,414.22375,100.8,0.07500000000000001,crs_ts,eutro
NLA17_TX-10089,2017,60.58003355597999,47.81178040535783,30.03834,-98.24509,338,31,1.101,33.37875,8.5,NA,ncp_ts,mixo
NLA17_TX-10089,2017,60.58003355597999,47.81178040535783,30.03834,-98.24509,338,31,1.101,33.37875,8.5,NA,chla_ts,eutro
NLA17_TX-10089,2017,60.58003355597999,47.81178040535783,30.03834,-98.24509,338,31,1.101,33.37875,8.5,NA,ptl_ts,eutro
NLA17_TX-10089,2017,60.58003355597999,47.81178040535783,30.03834,-98.24509,338,31,1.101,33.37875,8.5,NA,sdd_ts,NA
NLA17_TX-10089,2017,60.58003355597999,47.81178040535783,30.03834,-98.24509,338,31,1.101,33.37875,8.5,NA,rot_ts,meso-eutro
NLA17_TX-10089,2017,60.58003355597999,47.81178040535783,30.03834,-98.24509,338,31,1.101,33.37875,8.5,NA,crs_ts,eutro
NLA17_TX-10092,2017,60.848276401782655,52.14775199527229,32.09661,-97.03522,221,21,0.62,33.43375,11.24,1.45,ncp_ts,mixo
NLA17_TX-10092,2017,60.848276401782655,52.14775199527229,32.09661,-97.03522,221,21,0.62,33.43375,11.24,1.45,chla_ts,eutro
NLA17_TX-10092,2017,60.848276401782655,52.14775199527229,32.09661,-97.03522,221,21,0.62,33.43375,11.24,1.45,ptl_ts,eutro
NLA17_TX-10092,2017,60.848276401782655,52.14775199527229,32.09661,-97.03522,221,21,0.62,33.43375,11.24,1.45,sdd_ts,eutro
NLA17_TX-10092,2017,60.848276401782655,52.14775199527229,32.09661,-97.03522,221,21,0.62,33.43375,11.24,1.45,rot_ts,meso-eutro
NLA17_TX-10092,2017,60.848276401782655,52.14775199527229,32.09661,-97.03522,221,21,0.62,33.43375,11.24,1.45,crs_ts,eutro
NLA17_TX-10096,2017,64.21824579976463,48.74337390939153,34.10726,-99.74926,416,12,0.763,26.8484,5.44,0.6,ncp_ts,oligo
NLA17_TX-10096,2017,64.21824579976463,48.74337390939153,34.10726,-99.74926,416,12,0.763,26.8484,5.44,0.6,chla_ts,meso
NLA17_TX-10096,2017,64.21824579976463,48.74337390939153,34.10726,-99.74926,416,12,0.763,26.8484,5.44,0.6,ptl_ts,eutro
NLA17_TX-10096,2017,64.21824579976463,48.74337390939153,34.10726,-99.74926,416,12,0.763,26.8484,5.44,0.6,sdd_ts,eutro
NLA17_TX-10096,2017,64.21824579976463,48.74337390939153,34.10726,-99.74926,416,12,0.763,26.8484,5.44,0.6,rot_ts,meso-eutro
NLA17_TX-10096,2017,64.21824579976463,48.74337390939153,34.10726,-99.74926,416,12,0.763,26.8484,5.44,0.6,crs_ts,eutro
NLA17_TX-10099,2017,64.09466903347983,49.57591938619895,32.98956,-95.64573,144,15,0.705,21.695,6.1,2.5,ncp_ts,oligo
NLA17_TX-10099,2017,64.09466903347983,49.57591938619895,32.98956,-95.64573,144,15,0.705,21.695,6.1,2.5,chla_ts,meso
NLA17_TX-10099,2017,64.09466903347983,49.57591938619895,32.98956,-95.64573,144,15,0.705,21.695,6.1,2.5,ptl_ts,meso
NLA17_TX-10099,2017,64.09466903347983,49.57591938619895,32.98956,-95.64573,144,15,0.705,21.695,6.1,2.5,sdd_ts,meso
NLA17_TX-10099,2017,64.09466903347983,49.57591938619895,32.98956,-95.64573,144,15,0.705,21.695,6.1,2.5,rot_ts,meso-eutro
NLA17_TX-10099,2017,64.09466903347983,49.57591938619895,32.98956,-95.64573,144,15,0.705,21.695,6.1,2.5,crs_ts,eutro
NLA17_TX-10110,2017,61.453698276084474,52.778767280766566,31.75754,-95.4936,108,22,0.766,37.34125,29.84,0.9,ncp_ts,mixo
NLA17_TX-10110,2017,61.453698276084474,52.778767280766566,31.75754,-95.4936,108,22,0.766,37.34125,29.84,0.9,chla_ts,eutro
NLA17_TX-10110,2017,61.453698276084474,52.778767280766566,31.75754,-95.4936,108,22,0.766,37.34125,29.84,0.9,ptl_ts,eutro
NLA17_TX-10110,2017,61.453698276084474,52.778767280766566,31.75754,-95.4936,108,22,0.766,37.34125,29.84,0.9,sdd_ts,eutro
NLA17_TX-10110,2017,61.453698276084474,52.778767280766566,31.75754,-95.4936,108,22,0.766,37.34125,29.84,0.9,rot_ts,meso-eutro
NLA17_TX-10110,2017,61.453698276084474,52.778767280766566,31.75754,-95.4936,108,22,0.766,37.34125,29.84,0.9,crs_ts,eutro
NLA17_TX-10112,2017,66.20647845991768,47.970027107767685,29.68658,-103.8457,1143,20,0.713,39.20875,8.64,1.3,ncp_ts,eutro
NLA17_TX-10112,2017,66.20647845991768,47.970027107767685,29.68658,-103.8457,1143,20,0.713,39.20875,8.64,1.3,chla_ts,eutro
NLA17_TX-10112,2017,66.20647845991768,47.970027107767685,29.68658,-103.8457,1143,20,0.713,39.20875,8.64,1.3,ptl_ts,eutro
NLA17_TX-10112,2017,66.20647845991768,47.970027107767685,29.68658,-103.8457,1143,20,0.713,39.20875,8.64,1.3,sdd_ts,eutro
NLA17_TX-10112,2017,66.20647845991768,47.970027107767685,29.68658,-103.8457,1143,20,0.713,39.20875,8.64,1.3,rot_ts,meso-eutro
NLA17_TX-10112,2017,66.20647845991768,47.970027107767685,29.68658,-103.8457,1143,20,0.713,39.20875,8.64,1.3,crs_ts,hypereu
NLA17_TX-10121,2017,60.48246797101857,51.294456932921975,29.84254,-96.76571,63,28,1.276,188.493,57.07,NA,ncp_ts,mixo
NLA17_TX-10121,2017,60.48246797101857,51.294456932921975,29.84254,-96.76571,63,28,1.276,188.493,57.07,NA,chla_ts,hypereu
NLA17_TX-10121,2017,60.48246797101857,51.294456932921975,29.84254,-96.76571,63,28,1.276,188.493,57.07,NA,ptl_ts,hypereu
NLA17_TX-10121,2017,60.48246797101857,51.294456932921975,29.84254,-96.76571,63,28,1.276,188.493,57.07,NA,sdd_ts,NA
NLA17_TX-10121,2017,60.48246797101857,51.294456932921975,29.84254,-96.76571,63,28,1.276,188.493,57.07,NA,rot_ts,meso-eutro
NLA17_TX-10121,2017,60.48246797101857,51.294456932921975,29.84254,-96.76571,63,28,1.276,188.493,57.07,NA,crs_ts,eutro
NLA17_TX-10136,2017,57.76843412272525,51.928129664753314,32.08186,-96.03925,79,23,1.044,79.10125,29.87,0.5,ncp_ts,mixo
NLA17_TX-10136,2017,57.76843412272525,51.928129664753314,32.08186,-96.03925,79,23,1.044,79.10125,29.87,0.5,chla_ts,eutro
NLA17_TX-10136,2017,57.76843412272525,51.928129664753314,32.08186,-96.03925,79,23,1.044,79.10125,29.87,0.5,ptl_ts,eutro
NLA17_TX-10136,2017,57.76843412272525,51.928129664753314,32.08186,-96.03925,79,23,1.044,79.10125,29.87,0.5,sdd_ts,eutro
NLA17_TX-10136,2017,57.76843412272525,51.928129664753314,32.08186,-96.03925,79,23,1.044,79.10125,29.87,0.5,rot_ts,meso-eutro
NLA17_TX-10136,2017,57.76843412272525,51.928129664753314,32.08186,-96.03925,79,23,1.044,79.10125,29.87,0.5,crs_ts,eutro
NLA17_TX-10144,2017,63.57090806484169,49.69039178984534,33.53819,-99.89924,463,14,1.05,138.049,25,0.09,ncp_ts,eutro
NLA17_TX-10144,2017,63.57090806484169,49.69039178984534,33.53819,-99.89924,463,14,1.05,138.049,25,0.09,chla_ts,eutro
NLA17_TX-10144,2017,63.57090806484169,49.69039178984534,33.53819,-99.89924,463,14,1.05,138.049,25,0.09,ptl_ts,hypereu
NLA17_TX-10144,2017,63.57090806484169,49.69039178984534,33.53819,-99.89924,463,14,1.05,138.049,25,0.09,sdd_ts,hypereu
NLA17_TX-10144,2017,63.57090806484169,49.69039178984534,33.53819,-99.89924,463,14,1.05,138.049,25,0.09,rot_ts,meso-eutro
NLA17_TX-10144,2017,63.57090806484169,49.69039178984534,33.53819,-99.89924,463,14,1.05,138.049,25,0.09,crs_ts,eutro
NLA17_TX-HP002,2017,47.83963297090692,51.41909571185663,30.751822,-98.408858,270.56,2,0.533,15.2925,8.4,1.75,ncp_ts,oligo
NLA17_TX-HP002,2017,47.83963297090692,51.41909571185663,30.751822,-98.408858,270.56,2,0.533,15.2925,8.4,1.75,chla_ts,eutro
NLA17_TX-HP002,2017,47.83963297090692,51.41909571185663,30.751822,-98.408858,270.56,2,0.533,15.2925,8.4,1.75,ptl_ts,meso
NLA17_TX-HP002,2017,47.83963297090692,51.41909571185663,30.751822,-98.408858,270.56,2,0.533,15.2925,8.4,1.75,sdd_ts,eutro
NLA17_TX-HP002,2017,47.83963297090692,51.41909571185663,30.751822,-98.408858,270.56,2,0.533,15.2925,8.4,1.75,rot_ts,meso-eutro
NLA17_TX-HP002,2017,47.83963297090692,51.41909571185663,30.751822,-98.408858,270.56,2,0.533,15.2925,8.4,1.75,crs_ts,meso-eutro
NLA17_TX-HP003,2017,61.85528984478659,51.195479108470295,33.7351029,-95.92578522,153.02,10,0.875,43.31875,26.27,1.1,ncp_ts,eutro
NLA17_TX-HP003,2017,61.85528984478659,51.195479108470295,33.7351029,-95.92578522,153.02,10,0.875,43.31875,26.27,1.1,chla_ts,eutro
NLA17_TX-HP003,2017,61.85528984478659,51.195479108470295,33.7351029,-95.92578522,153.02,10,0.875,43.31875,26.27,1.1,ptl_ts,eutro
NLA17_TX-HP003,2017,61.85528984478659,51.195479108470295,33.7351029,-95.92578522,153.02,10,0.875,43.31875,26.27,1.1,sdd_ts,eutro
NLA17_TX-HP003,2017,61.85528984478659,51.195479108470295,33.7351029,-95.92578522,153.02,10,0.875,43.31875,26.27,1.1,rot_ts,meso-eutro
NLA17_TX-HP003,2017,61.85528984478659,51.195479108470295,33.7351029,-95.92578522,153.02,10,0.875,43.31875,26.27,1.1,crs_ts,eutro
NLA17_TX-HP004,2017,60.26441410667099,52.7360686439415,34.002645,-99.124922,343.67,15,1.116,49.57625,16.32,0.735,ncp_ts,eutro
NLA17_TX-HP004,2017,60.26441410667099,52.7360686439415,34.002645,-99.124922,343.67,15,1.116,49.57625,16.32,0.735,chla_ts,eutro
NLA17_TX-HP004,2017,60.26441410667099,52.7360686439415,34.002645,-99.124922,343.67,15,1.116,49.57625,16.32,0.735,ptl_ts,eutro
NLA17_TX-HP004,2017,60.26441410667099,52.7360686439415,34.002645,-99.124922,343.67,15,1.116,49.57625,16.32,0.735,sdd_ts,eutro
NLA17_TX-HP004,2017,60.26441410667099,52.7360686439415,34.002645,-99.124922,343.67,15,1.116,49.57625,16.32,0.735,rot_ts,meso-eutro
NLA17_TX-HP004,2017,60.26441410667099,52.7360686439415,34.002645,-99.124922,343.67,15,1.116,49.57625,16.32,0.735,crs_ts,eutro
NLA17_TX-HP005,2017,63.75790663577102,50.79568037112101,33.998447,-99.11621,338.05,23,1.045,56.965,15.95,0.7749999999999999,ncp_ts,mixo
NLA17_TX-HP005,2017,63.75790663577102,50.79568037112101,33.998447,-99.11621,338.05,23,1.045,56.965,15.95,0.7749999999999999,chla_ts,eutro
NLA17_TX-HP005,2017,63.75790663577102,50.79568037112101,33.998447,-99.11621,338.05,23,1.045,56.965,15.95,0.7749999999999999,ptl_ts,eutro
NLA17_TX-HP005,2017,63.75790663577102,50.79568037112101,33.998447,-99.11621,338.05,23,1.045,56.965,15.95,0.7749999999999999,sdd_ts,eutro
NLA17_TX-HP005,2017,63.75790663577102,50.79568037112101,33.998447,-99.11621,338.05,23,1.045,56.965,15.95,0.7749999999999999,rot_ts,meso-eutro
NLA17_TX-HP005,2017,63.75790663577102,50.79568037112101,33.998447,-99.11621,338.05,23,1.045,56.965,15.95,0.7749999999999999,crs_ts,eutro
NLA17_UT-10001,2017,68.25321381481228,55.852919421805126,37.52243,-112.7718,2753,5,0.216,7.575625,1.365,4.65,ncp_ts,oligo
NLA17_UT-10001,2017,68.25321381481228,55.852919421805126,37.52243,-112.7718,2753,5,0.216,7.575625,1.365,4.65,chla_ts,oligo
NLA17_UT-10001,2017,68.25321381481228,55.852919421805126,37.52243,-112.7718,2753,5,0.216,7.575625,1.365,4.65,ptl_ts,oligo
NLA17_UT-10001,2017,68.25321381481228,55.852919421805126,37.52243,-112.7718,2753,5,0.216,7.575625,1.365,4.65,sdd_ts,oligo
NLA17_UT-10001,2017,68.25321381481228,55.852919421805126,37.52243,-112.7718,2753,5,0.216,7.575625,1.365,4.65,rot_ts,eutro
NLA17_UT-10001,2017,68.25321381481228,55.852919421805126,37.52243,-112.7718,2753,5,0.216,7.575625,1.365,4.65,crs_ts,hypereu
NLA17_UT-10002,2017,64.03928067448838,49.7839593656352,41.51882,-111.7364,1641,2,0.315,8.45125,8.64,2.05,ncp_ts,oligo
NLA17_UT-10002,2017,64.03928067448838,49.7839593656352,41.51882,-111.7364,1641,2,0.315,8.45125,8.64,2.05,chla_ts,eutro
NLA17_UT-10002,2017,64.03928067448838,49.7839593656352,41.51882,-111.7364,1641,2,0.315,8.45125,8.64,2.05,ptl_ts,oligo
NLA17_UT-10002,2017,64.03928067448838,49.7839593656352,41.51882,-111.7364,1641,2,0.315,8.45125,8.64,2.05,sdd_ts,meso
NLA17_UT-10002,2017,64.03928067448838,49.7839593656352,41.51882,-111.7364,1641,2,0.315,8.45125,8.64,2.05,rot_ts,meso-eutro
NLA17_UT-10002,2017,64.03928067448838,49.7839593656352,41.51882,-111.7364,1641,2,0.315,8.45125,8.64,2.05,crs_ts,eutro
NLA17_UT-10003,2017,66.03482601282259,48.56020728260725,40.72481,-109.1837,2185,32,2.058,142.31125,109.03,1.15,ncp_ts,mixo
NLA17_UT-10003,2017,66.03482601282259,48.56020728260725,40.72481,-109.1837,2185,32,2.058,142.31125,109.03,1.15,chla_ts,hypereu
NLA17_UT-10003,2017,66.03482601282259,48.56020728260725,40.72481,-109.1837,2185,32,2.058,142.31125,109.03,1.15,ptl_ts,hypereu
NLA17_UT-10003,2017,66.03482601282259,48.56020728260725,40.72481,-109.1837,2185,32,2.058,142.31125,109.03,1.15,sdd_ts,eutro
NLA17_UT-10003,2017,66.03482601282259,48.56020728260725,40.72481,-109.1837,2185,32,2.058,142.31125,109.03,1.15,rot_ts,meso-eutro
NLA17_UT-10003,2017,66.03482601282259,48.56020728260725,40.72481,-109.1837,2185,32,2.058,142.31125,109.03,1.15,crs_ts,hypereu
NLA17_UT-10004,2017,64.6725596942709,44.419819129405056,41.37759,-112.0893,1288,4,0.51,21.75125,2.54,3.1,ncp_ts,oligo
NLA17_UT-10004,2017,64.6725596942709,44.419819129405056,41.37759,-112.0893,1288,4,0.51,21.75125,2.54,3.1,chla_ts,oligo
NLA17_UT-10004,2017,64.6725596942709,44.419819129405056,41.37759,-112.0893,1288,4,0.51,21.75125,2.54,3.1,ptl_ts,meso
NLA17_UT-10004,2017,64.6725596942709,44.419819129405056,41.37759,-112.0893,1288,4,0.51,21.75125,2.54,3.1,sdd_ts,meso
NLA17_UT-10004,2017,64.6725596942709,44.419819129405056,41.37759,-112.0893,1288,4,0.51,21.75125,2.54,3.1,rot_ts,oligo-meso
NLA17_UT-10004,2017,64.6725596942709,44.419819129405056,41.37759,-112.0893,1288,4,0.51,21.75125,2.54,3.1,crs_ts,eutro
NLA17_UT-10005,2017,65.87214764801412,45.67037830799875,38.60047,-111.8412,2133,17,1.265,73.70625,39.2,1.4,ncp_ts,eutro
NLA17_UT-10005,2017,65.87214764801412,45.67037830799875,38.60047,-111.8412,2133,17,1.265,73.70625,39.2,1.4,chla_ts,eutro
NLA17_UT-10005,2017,65.87214764801412,45.67037830799875,38.60047,-111.8412,2133,17,1.265,73.70625,39.2,1.4,ptl_ts,eutro
NLA17_UT-10005,2017,65.87214764801412,45.67037830799875,38.60047,-111.8412,2133,17,1.265,73.70625,39.2,1.4,sdd_ts,eutro
NLA17_UT-10005,2017,65.87214764801412,45.67037830799875,38.60047,-111.8412,2133,17,1.265,73.70625,39.2,1.4,rot_ts,meso-eutro
NLA17_UT-10005,2017,65.87214764801412,45.67037830799875,38.60047,-111.8412,2133,17,1.265,73.70625,39.2,1.4,crs_ts,hypereu
NLA17_UT-10006,2017,64.8926758804753,57.63992998447561,40.87398,-109.1379,1651,15,0.7585,48.395,11.565,1.075,ncp_ts,eutro
NLA17_UT-10006,2017,64.8926758804753,57.63992998447561,40.87398,-109.1379,1651,15,0.7585,48.395,11.565,1.075,chla_ts,eutro
NLA17_UT-10006,2017,64.8926758804753,57.63992998447561,40.87398,-109.1379,1651,15,0.7585,48.395,11.565,1.075,ptl_ts,eutro
NLA17_UT-10006,2017,64.8926758804753,57.63992998447561,40.87398,-109.1379,1651,15,0.7585,48.395,11.565,1.075,sdd_ts,eutro
NLA17_UT-10006,2017,64.8926758804753,57.63992998447561,40.87398,-109.1379,1651,15,0.7585,48.395,11.565,1.075,rot_ts,eutro
NLA17_UT-10006,2017,64.8926758804753,57.63992998447561,40.87398,-109.1379,1651,15,0.7585,48.395,11.565,1.075,crs_ts,eutro
NLA17_UT-10007,2017,64.8155026948526,43.8919450643482,38.07062,-111.3751,3075,11,0.306,64.105,2.61,4.4,ncp_ts,eutro
NLA17_UT-10007,2017,64.8155026948526,43.8919450643482,38.07062,-111.3751,3075,11,0.306,64.105,2.61,4.4,chla_ts,meso
NLA17_UT-10007,2017,64.8155026948526,43.8919450643482,38.07062,-111.3751,3075,11,0.306,64.105,2.61,4.4,ptl_ts,eutro
NLA17_UT-10007,2017,64.8155026948526,43.8919450643482,38.07062,-111.3751,3075,11,0.306,64.105,2.61,4.4,sdd_ts,oligo
NLA17_UT-10007,2017,64.8155026948526,43.8919450643482,38.07062,-111.3751,3075,11,0.306,64.105,2.61,4.4,rot_ts,oligo-meso
NLA17_UT-10007,2017,64.8155026948526,43.8919450643482,38.07062,-111.3751,3075,11,0.306,64.105,2.61,4.4,crs_ts,eutro
NLA17_UT-10008,2017,64.12225511966345,48.07299675810124,40.9061,-111.5912,1738,6,0.405,19.58375,5.32,4.45,ncp_ts,oligo
NLA17_UT-10008,2017,64.12225511966345,48.07299675810124,40.9061,-111.5912,1738,6,0.405,19.58375,5.32,4.45,chla_ts,meso
NLA17_UT-10008,2017,64.12225511966345,48.07299675810124,40.9061,-111.5912,1738,6,0.405,19.58375,5.32,4.45,ptl_ts,meso
NLA17_UT-10008,2017,64.12225511966345,48.07299675810124,40.9061,-111.5912,1738,6,0.405,19.58375,5.32,4.45,sdd_ts,oligo
NLA17_UT-10008,2017,64.12225511966345,48.07299675810124,40.9061,-111.5912,1738,6,0.405,19.58375,5.32,4.45,rot_ts,meso-eutro
NLA17_UT-10008,2017,64.12225511966345,48.07299675810124,40.9061,-111.5912,1738,6,0.405,19.58375,5.32,4.45,crs_ts,eutro
NLA17_UT-10009,2017,63.2765630995463,50.279836439357354,39.70682,-111.2934,2568,9,0.17,11.38875,2.59,3.05,ncp_ts,oligo
NLA17_UT-10009,2017,63.2765630995463,50.279836439357354,39.70682,-111.2934,2568,9,0.17,11.38875,2.59,3.05,chla_ts,oligo
NLA17_UT-10009,2017,63.2765630995463,50.279836439357354,39.70682,-111.2934,2568,9,0.17,11.38875,2.59,3.05,ptl_ts,oligo
NLA17_UT-10009,2017,63.2765630995463,50.279836439357354,39.70682,-111.2934,2568,9,0.17,11.38875,2.59,3.05,sdd_ts,meso
NLA17_UT-10009,2017,63.2765630995463,50.279836439357354,39.70682,-111.2934,2568,9,0.17,11.38875,2.59,3.05,rot_ts,meso-eutro
NLA17_UT-10009,2017,63.2765630995463,50.279836439357354,39.70682,-111.2934,2568,9,0.17,11.38875,2.59,3.05,crs_ts,eutro
NLA17_UT-10010,2017,66.4867252815098,40.21799320383517,38.62494,-112.4333,2081,37,1.04,36.1825,2.69,2.6,ncp_ts,mixo
NLA17_UT-10010,2017,66.4867252815098,40.21799320383517,38.62494,-112.4333,2081,37,1.04,36.1825,2.69,2.6,chla_ts,meso
NLA17_UT-10010,2017,66.4867252815098,40.21799320383517,38.62494,-112.4333,2081,37,1.04,36.1825,2.69,2.6,ptl_ts,eutro
NLA17_UT-10010,2017,66.4867252815098,40.21799320383517,38.62494,-112.4333,2081,37,1.04,36.1825,2.69,2.6,sdd_ts,meso
NLA17_UT-10010,2017,66.4867252815098,40.21799320383517,38.62494,-112.4333,2081,37,1.04,36.1825,2.69,2.6,rot_ts,oligo-meso
NLA17_UT-10010,2017,66.4867252815098,40.21799320383517,38.62494,-112.4333,2081,37,1.04,36.1825,2.69,2.6,crs_ts,hypereu
NLA17_UT-10013,2017,66.29693820612857,30.467395494237515,41.17782,-112.1546,1285,18,3.93,426.8175,90,0.045,ncp_ts,eutro
NLA17_UT-10013,2017,66.29693820612857,30.467395494237515,41.17782,-112.1546,1285,18,3.93,426.8175,90,0.045,chla_ts,hypereu
NLA17_UT-10013,2017,66.29693820612857,30.467395494237515,41.17782,-112.1546,1285,18,3.93,426.8175,90,0.045,ptl_ts,hypereu
NLA17_UT-10013,2017,66.29693820612857,30.467395494237515,41.17782,-112.1546,1285,18,3.93,426.8175,90,0.045,sdd_ts,hypereu
NLA17_UT-10013,2017,66.29693820612857,30.467395494237515,41.17782,-112.1546,1285,18,3.93,426.8175,90,0.045,rot_ts,oligo-meso
NLA17_UT-10013,2017,66.29693820612857,30.467395494237515,41.17782,-112.1546,1285,18,3.93,426.8175,90,0.045,crs_ts,hypereu
NLA17_UT-10019,2017,65.13346518398559,50.01988249364041,40.83191,-110.1312,3239,10,0.18,9.66,6.91,2.8499999999999996,ncp_ts,oligo
NLA17_UT-10019,2017,65.13346518398559,50.01988249364041,40.83191,-110.1312,3239,10,0.18,9.66,6.91,2.8499999999999996,chla_ts,meso
NLA17_UT-10019,2017,65.13346518398559,50.01988249364041,40.83191,-110.1312,3239,10,0.18,9.66,6.91,2.8499999999999996,ptl_ts,oligo
NLA17_UT-10019,2017,65.13346518398559,50.01988249364041,40.83191,-110.1312,3239,10,0.18,9.66,6.91,2.8499999999999996,sdd_ts,meso
NLA17_UT-10019,2017,65.13346518398559,50.01988249364041,40.83191,-110.1312,3239,10,0.18,9.66,6.91,2.8499999999999996,rot_ts,meso-eutro
NLA17_UT-10019,2017,65.13346518398559,50.01988249364041,40.83191,-110.1312,3239,10,0.18,9.66,6.91,2.8499999999999996,crs_ts,hypereu
NLA17_UT-10022,2017,60.81039140624742,53.36259187305956,40.66041,-111.062,2986,24,0.176,11.7925,1.59,3.25,ncp_ts,dys
NLA17_UT-10022,2017,60.81039140624742,53.36259187305956,40.66041,-111.062,2986,24,0.176,11.7925,1.59,3.25,chla_ts,oligo
NLA17_UT-10022,2017,60.81039140624742,53.36259187305956,40.66041,-111.062,2986,24,0.176,11.7925,1.59,3.25,ptl_ts,oligo
NLA17_UT-10022,2017,60.81039140624742,53.36259187305956,40.66041,-111.062,2986,24,0.176,11.7925,1.59,3.25,sdd_ts,meso
NLA17_UT-10022,2017,60.81039140624742,53.36259187305956,40.66041,-111.062,2986,24,0.176,11.7925,1.59,3.25,rot_ts,meso-eutro
NLA17_UT-10022,2017,60.81039140624742,53.36259187305956,40.66041,-111.062,2986,24,0.176,11.7925,1.59,3.25,crs_ts,eutro
NLA17_UT-10028,2017,61.76932102867716,50.79568037112101,40.71092,-111.9504,1289,8,1.356,219.365,20,0.2,ncp_ts,eutro
NLA17_UT-10028,2017,61.76932102867716,50.79568037112101,40.71092,-111.9504,1289,8,1.356,219.365,20,0.2,chla_ts,eutro
NLA17_UT-10028,2017,61.76932102867716,50.79568037112101,40.71092,-111.9504,1289,8,1.356,219.365,20,0.2,ptl_ts,hypereu
NLA17_UT-10028,2017,61.76932102867716,50.79568037112101,40.71092,-111.9504,1289,8,1.356,219.365,20,0.2,sdd_ts,hypereu
NLA17_UT-10028,2017,61.76932102867716,50.79568037112101,40.71092,-111.9504,1289,8,1.356,219.365,20,0.2,rot_ts,meso-eutro
NLA17_UT-10028,2017,61.76932102867716,50.79568037112101,40.71092,-111.9504,1289,8,1.356,219.365,20,0.2,crs_ts,eutro
NLA17_UT-10056,2017,61.43587363343097,53.42895394794934,40.83098,-110.0191,3169,14,0.204,7.235,1.36,3.3,ncp_ts,oligo
NLA17_UT-10056,2017,61.43587363343097,53.42895394794934,40.83098,-110.0191,3169,14,0.204,7.235,1.36,3.3,chla_ts,oligo
NLA17_UT-10056,2017,61.43587363343097,53.42895394794934,40.83098,-110.0191,3169,14,0.204,7.235,1.36,3.3,ptl_ts,oligo
NLA17_UT-10056,2017,61.43587363343097,53.42895394794934,40.83098,-110.0191,3169,14,0.204,7.235,1.36,3.3,sdd_ts,meso
NLA17_UT-10056,2017,61.43587363343097,53.42895394794934,40.83098,-110.0191,3169,14,0.204,7.235,1.36,3.3,rot_ts,meso-eutro
NLA17_UT-10056,2017,61.43587363343097,53.42895394794934,40.83098,-110.0191,3169,14,0.204,7.235,1.36,3.3,crs_ts,eutro
NLA17_UT-10058,2017,61.838153772148594,51.30844913846828,39.65434,-111.295,2667,11,0.4,33.55875,3.88,NA,ncp_ts,eutro
NLA17_UT-10058,2017,61.838153772148594,51.30844913846828,39.65434,-111.295,2667,11,0.4,33.55875,3.88,NA,chla_ts,meso
NLA17_UT-10058,2017,61.838153772148594,51.30844913846828,39.65434,-111.295,2667,11,0.4,33.55875,3.88,NA,ptl_ts,eutro
NLA17_UT-10058,2017,61.838153772148594,51.30844913846828,39.65434,-111.295,2667,11,0.4,33.55875,3.88,NA,sdd_ts,NA
NLA17_UT-10058,2017,61.838153772148594,51.30844913846828,39.65434,-111.295,2667,11,0.4,33.55875,3.88,NA,rot_ts,meso-eutro
NLA17_UT-10058,2017,61.838153772148594,51.30844913846828,39.65434,-111.295,2667,11,0.4,33.55875,3.88,NA,crs_ts,eutro
NLA17_UT-10064,2017,60.02097005257459,54.36885925415542,40.55109,-110.6373,2739,32,0.856,19.66625,2,2.7,ncp_ts,dys
NLA17_UT-10064,2017,60.02097005257459,54.36885925415542,40.55109,-110.6373,2739,32,0.856,19.66625,2,2.7,chla_ts,oligo
NLA17_UT-10064,2017,60.02097005257459,54.36885925415542,40.55109,-110.6373,2739,32,0.856,19.66625,2,2.7,ptl_ts,meso
NLA17_UT-10064,2017,60.02097005257459,54.36885925415542,40.55109,-110.6373,2739,32,0.856,19.66625,2,2.7,sdd_ts,meso
NLA17_UT-10064,2017,60.02097005257459,54.36885925415542,40.55109,-110.6373,2739,32,0.856,19.66625,2,2.7,rot_ts,meso-eutro
NLA17_UT-10064,2017,60.02097005257459,54.36885925415542,40.55109,-110.6373,2739,32,0.856,19.66625,2,2.7,crs_ts,eutro
NLA17_UT-10066,2017,62.53433948890867,49.7839593656352,38.20258,-111.4929,3098,8,0.201,30.70125,1.87,NA,ncp_ts,eutro
NLA17_UT-10066,2017,62.53433948890867,49.7839593656352,38.20258,-111.4929,3098,8,0.201,30.70125,1.87,NA,chla_ts,oligo
NLA17_UT-10066,2017,62.53433948890867,49.7839593656352,38.20258,-111.4929,3098,8,0.201,30.70125,1.87,NA,ptl_ts,eutro
NLA17_UT-10066,2017,62.53433948890867,49.7839593656352,38.20258,-111.4929,3098,8,0.201,30.70125,1.87,NA,sdd_ts,NA
NLA17_UT-10066,2017,62.53433948890867,49.7839593656352,38.20258,-111.4929,3098,8,0.201,30.70125,1.87,NA,rot_ts,meso-eutro
NLA17_UT-10066,2017,62.53433948890867,49.7839593656352,38.20258,-111.4929,3098,8,0.201,30.70125,1.87,NA,crs_ts,eutro
NLA17_UT-10082,2017,62.07548995859914,50.22884079688191,38.54808,-111.7097,2696,3,0.359,10.30875,1.5,10.1,ncp_ts,oligo
NLA17_UT-10082,2017,62.07548995859914,50.22884079688191,38.54808,-111.7097,2696,3,0.359,10.30875,1.5,10.1,chla_ts,oligo
NLA17_UT-10082,2017,62.07548995859914,50.22884079688191,38.54808,-111.7097,2696,3,0.359,10.30875,1.5,10.1,ptl_ts,oligo
NLA17_UT-10082,2017,62.07548995859914,50.22884079688191,38.54808,-111.7097,2696,3,0.359,10.30875,1.5,10.1,sdd_ts,oligo
NLA17_UT-10082,2017,62.07548995859914,50.22884079688191,38.54808,-111.7097,2696,3,0.359,10.30875,1.5,10.1,rot_ts,meso-eutro
NLA17_UT-10082,2017,62.07548995859914,50.22884079688191,38.54808,-111.7097,2696,3,0.359,10.30875,1.5,10.1,crs_ts,eutro
NLA17_UT-10094,2017,60.26441410667099,52.2659985134193,37.07685,-112.54,1532,18,0.133,18.015,0.97,1.65,ncp_ts,oligo
NLA17_UT-10094,2017,60.26441410667099,52.2659985134193,37.07685,-112.54,1532,18,0.133,18.015,0.97,1.65,chla_ts,oligo
NLA17_UT-10094,2017,60.26441410667099,52.2659985134193,37.07685,-112.54,1532,18,0.133,18.015,0.97,1.65,ptl_ts,meso
NLA17_UT-10094,2017,60.26441410667099,52.2659985134193,37.07685,-112.54,1532,18,0.133,18.015,0.97,1.65,sdd_ts,eutro
NLA17_UT-10094,2017,60.26441410667099,52.2659985134193,37.07685,-112.54,1532,18,0.133,18.015,0.97,1.65,rot_ts,meso-eutro
NLA17_UT-10094,2017,60.26441410667099,52.2659985134193,37.07685,-112.54,1532,18,0.133,18.015,0.97,1.65,crs_ts,eutro
NLA17_UT-10100,2017,60.50205726392485,52.00233773782528,40.60955,-110.9784,2848,15,0.299,6.64375,1.87,3.6500000000000004,ncp_ts,oligo
NLA17_UT-10100,2017,60.50205726392485,52.00233773782528,40.60955,-110.9784,2848,15,0.299,6.64375,1.87,3.6500000000000004,chla_ts,oligo
NLA17_UT-10100,2017,60.50205726392485,52.00233773782528,40.60955,-110.9784,2848,15,0.299,6.64375,1.87,3.6500000000000004,ptl_ts,oligo
NLA17_UT-10100,2017,60.50205726392485,52.00233773782528,40.60955,-110.9784,2848,15,0.299,6.64375,1.87,3.6500000000000004,sdd_ts,meso
NLA17_UT-10100,2017,60.50205726392485,52.00233773782528,40.60955,-110.9784,2848,15,0.299,6.64375,1.87,3.6500000000000004,rot_ts,meso-eutro
NLA17_UT-10100,2017,60.50205726392485,52.00233773782528,40.60955,-110.9784,2848,15,0.299,6.64375,1.87,3.6500000000000004,crs_ts,eutro
NLA17_UT-10120,2017,60.08239171987578,51.699158939180194,40.67046,-111.109,2897,40,0.498,29.02625,12.78,2.1500000000000004,ncp_ts,dys
NLA17_UT-10120,2017,60.08239171987578,51.699158939180194,40.67046,-111.109,2897,40,0.498,29.02625,12.78,2.1500000000000004,chla_ts,eutro
NLA17_UT-10120,2017,60.08239171987578,51.699158939180194,40.67046,-111.109,2897,40,0.498,29.02625,12.78,2.1500000000000004,ptl_ts,eutro
NLA17_UT-10120,2017,60.08239171987578,51.699158939180194,40.67046,-111.109,2897,40,0.498,29.02625,12.78,2.1500000000000004,sdd_ts,meso
NLA17_UT-10120,2017,60.08239171987578,51.699158939180194,40.67046,-111.109,2897,40,0.498,29.02625,12.78,2.1500000000000004,rot_ts,meso-eutro
NLA17_UT-10120,2017,60.08239171987578,51.699158939180194,40.67046,-111.109,2897,40,0.498,29.02625,12.78,2.1500000000000004,crs_ts,eutro
NLA17_UT-10140,2017,60.26441410667099,51.607414937681156,40.96279,-110.3871,2850,51,0.315,36.9,13.26,1.55,ncp_ts,mixo
NLA17_UT-10140,2017,60.26441410667099,51.607414937681156,40.96279,-110.3871,2850,51,0.315,36.9,13.26,1.55,chla_ts,eutro
NLA17_UT-10140,2017,60.26441410667099,51.607414937681156,40.96279,-110.3871,2850,51,0.315,36.9,13.26,1.55,ptl_ts,eutro
NLA17_UT-10140,2017,60.26441410667099,51.607414937681156,40.96279,-110.3871,2850,51,0.315,36.9,13.26,1.55,sdd_ts,eutro
NLA17_UT-10140,2017,60.26441410667099,51.607414937681156,40.96279,-110.3871,2850,51,0.315,36.9,13.26,1.55,rot_ts,meso-eutro
NLA17_UT-10140,2017,60.26441410667099,51.607414937681156,40.96279,-110.3871,2850,51,0.315,36.9,13.26,1.55,crs_ts,eutro
NLA17_UT-HP002,2017,64.5144131818762,47.67625686666018,40.3437782,-111.0606041,2341.79,21,0.294,15.45875,3.19,3.8150000000000004,ncp_ts,dys
NLA17_UT-HP002,2017,64.5144131818762,47.67625686666018,40.3437782,-111.0606041,2341.79,21,0.294,15.45875,3.19,3.8150000000000004,chla_ts,meso
NLA17_UT-HP002,2017,64.5144131818762,47.67625686666018,40.3437782,-111.0606041,2341.79,21,0.294,15.45875,3.19,3.8150000000000004,ptl_ts,meso
NLA17_UT-HP002,2017,64.5144131818762,47.67625686666018,40.3437782,-111.0606041,2341.79,21,0.294,15.45875,3.19,3.8150000000000004,sdd_ts,meso
NLA17_UT-HP002,2017,64.5144131818762,47.67625686666018,40.3437782,-111.0606041,2341.79,21,0.294,15.45875,3.19,3.8150000000000004,rot_ts,meso-eutro
NLA17_UT-HP002,2017,64.5144131818762,47.67625686666018,40.3437782,-111.0606041,2341.79,21,0.294,15.45875,3.19,3.8150000000000004,crs_ts,eutro
NLA17_VA-10001,2017,67.88841457865938,57.186277983611774,37.29245,-77.89349,65,31,0.7525,83.971875,54.239999999999995,0.6725,ncp_ts,mixo
NLA17_VA-10001,2017,67.88841457865938,57.186277983611774,37.29245,-77.89349,65,31,0.7525,83.971875,54.239999999999995,0.6725,chla_ts,eutro
NLA17_VA-10001,2017,67.88841457865938,57.186277983611774,37.29245,-77.89349,65,31,0.7525,83.971875,54.239999999999995,0.6725,ptl_ts,eutro
NLA17_VA-10001,2017,67.88841457865938,57.186277983611774,37.29245,-77.89349,65,31,0.7525,83.971875,54.239999999999995,0.6725,sdd_ts,eutro
NLA17_VA-10001,2017,67.88841457865938,57.186277983611774,37.29245,-77.89349,65,31,0.7525,83.971875,54.239999999999995,0.6725,rot_ts,eutro
NLA17_VA-10001,2017,67.88841457865938,57.186277983611774,37.29245,-77.89349,65,31,0.7525,83.971875,54.239999999999995,0.6725,crs_ts,hypereu
NLA17_VA-10002,2017,60.81039140624742,53.04834197265805,37.30188,-76.82107,2,42,0.904,104.6075,42.24,1.025,ncp_ts,mixo
NLA17_VA-10002,2017,60.81039140624742,53.04834197265805,37.30188,-76.82107,2,42,0.904,104.6075,42.24,1.025,chla_ts,eutro
NLA17_VA-10002,2017,60.81039140624742,53.04834197265805,37.30188,-76.82107,2,42,0.904,104.6075,42.24,1.025,ptl_ts,hypereu
NLA17_VA-10002,2017,60.81039140624742,53.04834197265805,37.30188,-76.82107,2,42,0.904,104.6075,42.24,1.025,sdd_ts,eutro
NLA17_VA-10002,2017,60.81039140624742,53.04834197265805,37.30188,-76.82107,2,42,0.904,104.6075,42.24,1.025,rot_ts,meso-eutro
NLA17_VA-10002,2017,60.81039140624742,53.04834197265805,37.30188,-76.82107,2,42,0.904,104.6075,42.24,1.025,crs_ts,eutro
NLA17_VA-10003,2017,63.96963564280149,51.39164667272127,38.96518,-77.33764,97,28,0.609,27.36,11.7,1.3250000000000002,ncp_ts,dys
NLA17_VA-10003,2017,63.96963564280149,51.39164667272127,38.96518,-77.33764,97,28,0.609,27.36,11.7,1.3250000000000002,chla_ts,eutro
NLA17_VA-10003,2017,63.96963564280149,51.39164667272127,38.96518,-77.33764,97,28,0.609,27.36,11.7,1.3250000000000002,ptl_ts,eutro
NLA17_VA-10003,2017,63.96963564280149,51.39164667272127,38.96518,-77.33764,97,28,0.609,27.36,11.7,1.3250000000000002,sdd_ts,eutro
NLA17_VA-10003,2017,63.96963564280149,51.39164667272127,38.96518,-77.33764,97,28,0.609,27.36,11.7,1.3250000000000002,rot_ts,meso-eutro
NLA17_VA-10003,2017,63.96963564280149,51.39164667272127,38.96518,-77.33764,97,28,0.609,27.36,11.7,1.3250000000000002,crs_ts,eutro
NLA17_VA-10005,2017,64.5011280404693,51.25226063818165,37.21441,-78.62347,132,15,0.32,36.69625,19.68,1.145,ncp_ts,eutro
NLA17_VA-10005,2017,64.5011280404693,51.25226063818165,37.21441,-78.62347,132,15,0.32,36.69625,19.68,1.145,chla_ts,eutro
NLA17_VA-10005,2017,64.5011280404693,51.25226063818165,37.21441,-78.62347,132,15,0.32,36.69625,19.68,1.145,ptl_ts,eutro
NLA17_VA-10005,2017,64.5011280404693,51.25226063818165,37.21441,-78.62347,132,15,0.32,36.69625,19.68,1.145,sdd_ts,eutro
NLA17_VA-10005,2017,64.5011280404693,51.25226063818165,37.21441,-78.62347,132,15,0.32,36.69625,19.68,1.145,rot_ts,meso-eutro
NLA17_VA-10005,2017,64.5011280404693,51.25226063818165,37.21441,-78.62347,132,15,0.32,36.69625,19.68,1.145,crs_ts,eutro
NLA17_VA-10006,2017,67.7707129636015,55.42178925922746,37.15527,-77.52261,45,49,0.6579999999999999,40.5275,17.215,0.93,ncp_ts,mixo
NLA17_VA-10006,2017,67.7707129636015,55.42178925922746,37.15527,-77.52261,45,49,0.6579999999999999,40.5275,17.215,0.93,chla_ts,eutro
NLA17_VA-10006,2017,67.7707129636015,55.42178925922746,37.15527,-77.52261,45,49,0.6579999999999999,40.5275,17.215,0.93,ptl_ts,eutro
NLA17_VA-10006,2017,67.7707129636015,55.42178925922746,37.15527,-77.52261,45,49,0.6579999999999999,40.5275,17.215,0.93,sdd_ts,eutro
NLA17_VA-10006,2017,67.7707129636015,55.42178925922746,37.15527,-77.52261,45,49,0.6579999999999999,40.5275,17.215,0.93,rot_ts,eutro
NLA17_VA-10006,2017,67.7707129636015,55.42178925922746,37.15527,-77.52261,45,49,0.6579999999999999,40.5275,17.215,0.93,crs_ts,hypereu
NLA17_VA-10007,2017,62.20868755515376,52.660520762619555,37.97548,-78.42807,112,38,0.716,33.06875,18.06,0.875,ncp_ts,mixo
NLA17_VA-10007,2017,62.20868755515376,52.660520762619555,37.97548,-78.42807,112,38,0.716,33.06875,18.06,0.875,chla_ts,eutro
NLA17_VA-10007,2017,62.20868755515376,52.660520762619555,37.97548,-78.42807,112,38,0.716,33.06875,18.06,0.875,ptl_ts,eutro
NLA17_VA-10007,2017,62.20868755515376,52.660520762619555,37.97548,-78.42807,112,38,0.716,33.06875,18.06,0.875,sdd_ts,eutro
NLA17_VA-10007,2017,62.20868755515376,52.660520762619555,37.97548,-78.42807,112,38,0.716,33.06875,18.06,0.875,rot_ts,meso-eutro
NLA17_VA-10007,2017,62.20868755515376,52.660520762619555,37.97548,-78.42807,112,38,0.716,33.06875,18.06,0.875,crs_ts,eutro
NLA17_VA-10008,2017,60.88601940815949,51.080085944938034,36.67434,-80.39017,769,35,0.505,15.03625,18,1.6749999999999998,ncp_ts,dys
NLA17_VA-10008,2017,60.88601940815949,51.080085944938034,36.67434,-80.39017,769,35,0.505,15.03625,18,1.6749999999999998,chla_ts,eutro
NLA17_VA-10008,2017,60.88601940815949,51.080085944938034,36.67434,-80.39017,769,35,0.505,15.03625,18,1.6749999999999998,ptl_ts,meso
NLA17_VA-10008,2017,60.88601940815949,51.080085944938034,36.67434,-80.39017,769,35,0.505,15.03625,18,1.6749999999999998,sdd_ts,eutro
NLA17_VA-10008,2017,60.88601940815949,51.080085944938034,36.67434,-80.39017,769,35,0.505,15.03625,18,1.6749999999999998,rot_ts,meso-eutro
NLA17_VA-10008,2017,60.88601940815949,51.080085944938034,36.67434,-80.39017,769,35,0.505,15.03625,18,1.6749999999999998,crs_ts,eutro
NLA17_VA-10009,2017,63.06548801316314,51.266362874303375,36.70332,-76.6137,8,25,1.093,95.83375,34.4,0.725,ncp_ts,mixo
NLA17_VA-10009,2017,63.06548801316314,51.266362874303375,36.70332,-76.6137,8,25,1.093,95.83375,34.4,0.725,chla_ts,eutro
NLA17_VA-10009,2017,63.06548801316314,51.266362874303375,36.70332,-76.6137,8,25,1.093,95.83375,34.4,0.725,ptl_ts,eutro
NLA17_VA-10009,2017,63.06548801316314,51.266362874303375,36.70332,-76.6137,8,25,1.093,95.83375,34.4,0.725,sdd_ts,eutro
NLA17_VA-10009,2017,63.06548801316314,51.266362874303375,36.70332,-76.6137,8,25,1.093,95.83375,34.4,0.725,rot_ts,meso-eutro
NLA17_VA-10009,2017,63.06548801316314,51.266362874303375,36.70332,-76.6137,8,25,1.093,95.83375,34.4,0.725,crs_ts,eutro
NLA17_VA-10010,2017,61.87239728102073,50.79568037112101,38.61321,-77.35178,57,5,0.613,16.07,13.52,1.025,ncp_ts,oligo
NLA17_VA-10010,2017,61.87239728102073,50.79568037112101,38.61321,-77.35178,57,5,0.613,16.07,13.52,1.025,chla_ts,eutro
NLA17_VA-10010,2017,61.87239728102073,50.79568037112101,38.61321,-77.35178,57,5,0.613,16.07,13.52,1.025,ptl_ts,meso
NLA17_VA-10010,2017,61.87239728102073,50.79568037112101,38.61321,-77.35178,57,5,0.613,16.07,13.52,1.025,sdd_ts,eutro
NLA17_VA-10010,2017,61.87239728102073,50.79568037112101,38.61321,-77.35178,57,5,0.613,16.07,13.52,1.025,rot_ts,meso-eutro
NLA17_VA-10010,2017,61.87239728102073,50.79568037112101,38.61321,-77.35178,57,5,0.613,16.07,13.52,1.025,crs_ts,eutro
NLA17_VA-10012,2017,63.38052554384101,49.87592741710823,37.39947,-76.76699,13,30,1.103,92.88,43.04,0.51,ncp_ts,mixo
NLA17_VA-10012,2017,63.38052554384101,49.87592741710823,37.39947,-76.76699,13,30,1.103,92.88,43.04,0.51,chla_ts,eutro
NLA17_VA-10012,2017,63.38052554384101,49.87592741710823,37.39947,-76.76699,13,30,1.103,92.88,43.04,0.51,ptl_ts,eutro
NLA17_VA-10012,2017,63.38052554384101,49.87592741710823,37.39947,-76.76699,13,30,1.103,92.88,43.04,0.51,sdd_ts,eutro
NLA17_VA-10012,2017,63.38052554384101,49.87592741710823,37.39947,-76.76699,13,30,1.103,92.88,43.04,0.51,rot_ts,meso-eutro
NLA17_VA-10012,2017,63.38052554384101,49.87592741710823,37.39947,-76.76699,13,30,1.103,92.88,43.04,0.51,crs_ts,eutro
NLA17_VA-10013,2017,35.84412157874488,54.08456670436126,36.62833,-77.61589,53,30,2.069,213.50375,85.28,0.27,ncp_ts,mixo
NLA17_VA-10013,2017,35.84412157874488,54.08456670436126,36.62833,-77.61589,53,30,2.069,213.50375,85.28,0.27,chla_ts,hypereu
NLA17_VA-10013,2017,35.84412157874488,54.08456670436126,36.62833,-77.61589,53,30,2.069,213.50375,85.28,0.27,ptl_ts,hypereu
NLA17_VA-10013,2017,35.84412157874488,54.08456670436126,36.62833,-77.61589,53,30,2.069,213.50375,85.28,0.27,sdd_ts,hypereu
NLA17_VA-10013,2017,35.84412157874488,54.08456670436126,36.62833,-77.61589,53,30,2.069,213.50375,85.28,0.27,rot_ts,meso-eutro
NLA17_VA-10013,2017,35.84412157874488,54.08456670436126,36.62833,-77.61589,53,30,2.069,213.50375,85.28,0.27,crs_ts,oligo-meso
NLA17_VA-10014,2017,61.88947618427927,55.46713570469006,38.29925,-77.65349,78,41,0.656,45,22.24,0.565,ncp_ts,mixo
NLA17_VA-10014,2017,61.88947618427927,55.46713570469006,38.29925,-77.65349,78,41,0.656,45,22.24,0.565,chla_ts,eutro
NLA17_VA-10014,2017,61.88947618427927,55.46713570469006,38.29925,-77.65349,78,41,0.656,45,22.24,0.565,ptl_ts,eutro
NLA17_VA-10014,2017,61.88947618427927,55.46713570469006,38.29925,-77.65349,78,41,0.656,45,22.24,0.565,sdd_ts,eutro
NLA17_VA-10014,2017,61.88947618427927,55.46713570469006,38.29925,-77.65349,78,41,0.656,45,22.24,0.565,rot_ts,eutro
NLA17_VA-10014,2017,61.88947618427927,55.46713570469006,38.29925,-77.65349,78,41,0.656,45,22.24,0.565,crs_ts,eutro
NLA17_VA-10015,2017,63.84310792850042,53.86320636704313,37.16377,-76.45056,4,10,0.573,21.985,5.26,NA,ncp_ts,oligo
NLA17_VA-10015,2017,63.84310792850042,53.86320636704313,37.16377,-76.45056,4,10,0.573,21.985,5.26,NA,chla_ts,meso
NLA17_VA-10015,2017,63.84310792850042,53.86320636704313,37.16377,-76.45056,4,10,0.573,21.985,5.26,NA,ptl_ts,meso
NLA17_VA-10015,2017,63.84310792850042,53.86320636704313,37.16377,-76.45056,4,10,0.573,21.985,5.26,NA,sdd_ts,NA
NLA17_VA-10015,2017,63.84310792850042,53.86320636704313,37.16377,-76.45056,4,10,0.573,21.985,5.26,NA,rot_ts,meso-eutro
NLA17_VA-10015,2017,63.84310792850042,53.86320636704313,37.16377,-76.45056,4,10,0.573,21.985,5.26,NA,crs_ts,eutro
NLA17_VA-10019,2017,61.31021793199178,50.68698980575276,36.91971,-76.13826,0,10,1.861,77.13125,41.33,0.32499999999999996,ncp_ts,eutro
NLA17_VA-10019,2017,61.31021793199178,50.68698980575276,36.91971,-76.13826,0,10,1.861,77.13125,41.33,0.32499999999999996,chla_ts,eutro
NLA17_VA-10019,2017,61.31021793199178,50.68698980575276,36.91971,-76.13826,0,10,1.861,77.13125,41.33,0.32499999999999996,ptl_ts,eutro
NLA17_VA-10019,2017,61.31021793199178,50.68698980575276,36.91971,-76.13826,0,10,1.861,77.13125,41.33,0.32499999999999996,sdd_ts,hypereu
NLA17_VA-10019,2017,61.31021793199178,50.68698980575276,36.91971,-76.13826,0,10,1.861,77.13125,41.33,0.32499999999999996,rot_ts,meso-eutro
NLA17_VA-10019,2017,61.31021793199178,50.68698980575276,36.91971,-76.13826,0,10,1.861,77.13125,41.33,0.32499999999999996,crs_ts,eutro
NLA17_VA-10020,2017,61.20126060733696,51.16686201972081,37.03911,-77.90605,75,11,0.313,25.365,4.09,1.675,ncp_ts,oligo
NLA17_VA-10020,2017,61.20126060733696,51.16686201972081,37.03911,-77.90605,75,11,0.313,25.365,4.09,1.675,chla_ts,meso
NLA17_VA-10020,2017,61.20126060733696,51.16686201972081,37.03911,-77.90605,75,11,0.313,25.365,4.09,1.675,ptl_ts,eutro
NLA17_VA-10020,2017,61.20126060733696,51.16686201972081,37.03911,-77.90605,75,11,0.313,25.365,4.09,1.675,sdd_ts,eutro
NLA17_VA-10020,2017,61.20126060733696,51.16686201972081,37.03911,-77.90605,75,11,0.313,25.365,4.09,1.675,rot_ts,meso-eutro
NLA17_VA-10020,2017,61.20126060733696,51.16686201972081,37.03911,-77.90605,75,11,0.313,25.365,4.09,1.675,crs_ts,eutro
NLA17_VA-10034,2017,61.6826231250513,51.44640541516804,36.93944,-78.56589,124,70,0.789,73.72125,27.52,0.8400000000000001,ncp_ts,mixo
NLA17_VA-10034,2017,61.6826231250513,51.44640541516804,36.93944,-78.56589,124,70,0.789,73.72125,27.52,0.8400000000000001,chla_ts,eutro
NLA17_VA-10034,2017,61.6826231250513,51.44640541516804,36.93944,-78.56589,124,70,0.789,73.72125,27.52,0.8400000000000001,ptl_ts,eutro
NLA17_VA-10034,2017,61.6826231250513,51.44640541516804,36.93944,-78.56589,124,70,0.789,73.72125,27.52,0.8400000000000001,sdd_ts,eutro
NLA17_VA-10034,2017,61.6826231250513,51.44640541516804,36.93944,-78.56589,124,70,0.789,73.72125,27.52,0.8400000000000001,rot_ts,meso-eutro
NLA17_VA-10034,2017,61.6826231250513,51.44640541516804,36.93944,-78.56589,124,70,0.789,73.72125,27.52,0.8400000000000001,crs_ts,eutro
NLA17_VA-10036,2017,60.96108402877999,52.75746032222396,39.18613,-78.34023,291,0,1.991,41.9225,2.42,2.965,ncp_ts,eutro
NLA17_VA-10036,2017,60.96108402877999,52.75746032222396,39.18613,-78.34023,291,0,1.991,41.9225,2.42,2.965,chla_ts,oligo
NLA17_VA-10036,2017,60.96108402877999,52.75746032222396,39.18613,-78.34023,291,0,1.991,41.9225,2.42,2.965,ptl_ts,eutro
NLA17_VA-10036,2017,60.96108402877999,52.75746032222396,39.18613,-78.34023,291,0,1.991,41.9225,2.42,2.965,sdd_ts,meso
NLA17_VA-10036,2017,60.96108402877999,52.75746032222396,39.18613,-78.34023,291,0,1.991,41.9225,2.42,2.965,rot_ts,meso-eutro
NLA17_VA-10036,2017,60.96108402877999,52.75746032222396,39.18613,-78.34023,291,0,1.991,41.9225,2.42,2.965,crs_ts,eutro
NLA17_VA-10037,2017,58.72811752288477,56.127976600568005,36.64407,-79.97966,276,12,0.228,31.3925,17.76,0.95,ncp_ts,eutro
NLA17_VA-10037,2017,58.72811752288477,56.127976600568005,36.64407,-79.97966,276,12,0.228,31.3925,17.76,0.95,chla_ts,eutro
NLA17_VA-10037,2017,58.72811752288477,56.127976600568005,36.64407,-79.97966,276,12,0.228,31.3925,17.76,0.95,ptl_ts,eutro
NLA17_VA-10037,2017,58.72811752288477,56.127976600568005,36.64407,-79.97966,276,12,0.228,31.3925,17.76,0.95,sdd_ts,eutro
NLA17_VA-10037,2017,58.72811752288477,56.127976600568005,36.64407,-79.97966,276,12,0.228,31.3925,17.76,0.95,rot_ts,eutro
NLA17_VA-10037,2017,58.72811752288477,56.127976600568005,36.64407,-79.97966,276,12,0.228,31.3925,17.76,0.95,crs_ts,eutro
NLA17_VA-10039,2017,64.02538824786248,50.73384060981056,37.59764,-77.47577,43,12,2.048,111.22125,28.16,0.725,ncp_ts,eutro
NLA17_VA-10039,2017,64.02538824786248,50.73384060981056,37.59764,-77.47577,43,12,2.048,111.22125,28.16,0.725,chla_ts,eutro
NLA17_VA-10039,2017,64.02538824786248,50.73384060981056,37.59764,-77.47577,43,12,2.048,111.22125,28.16,0.725,ptl_ts,hypereu
NLA17_VA-10039,2017,64.02538824786248,50.73384060981056,37.59764,-77.47577,43,12,2.048,111.22125,28.16,0.725,sdd_ts,eutro
NLA17_VA-10039,2017,64.02538824786248,50.73384060981056,37.59764,-77.47577,43,12,2.048,111.22125,28.16,0.725,rot_ts,meso-eutro
NLA17_VA-10039,2017,64.02538824786248,50.73384060981056,37.59764,-77.47577,43,12,2.048,111.22125,28.16,0.725,crs_ts,eutro
NLA17_VA-10049,2017,60.92362157276349,51.09464617033389,36.80776,-80.07971,296,0,0.158,7.59375,2.12,3.625,ncp_ts,oligo
NLA17_VA-10049,2017,60.92362157276349,51.09464617033389,36.80776,-80.07971,296,0,0.158,7.59375,2.12,3.625,chla_ts,oligo
NLA17_VA-10049,2017,60.92362157276349,51.09464617033389,36.80776,-80.07971,296,0,0.158,7.59375,2.12,3.625,ptl_ts,oligo
NLA17_VA-10049,2017,60.92362157276349,51.09464617033389,36.80776,-80.07971,296,0,0.158,7.59375,2.12,3.625,sdd_ts,meso
NLA17_VA-10049,2017,60.92362157276349,51.09464617033389,36.80776,-80.07971,296,0,0.158,7.59375,2.12,3.625,rot_ts,meso-eutro
NLA17_VA-10049,2017,60.92362157276349,51.09464617033389,36.80776,-80.07971,296,0,0.158,7.59375,2.12,3.625,crs_ts,eutro
NLA17_VA-HP001,2017,62.58231412560748,51.238121339635924,38.328785,-79.227717,617.2,0,0.248,5.21375,1.6,2.95,ncp_ts,oligo
NLA17_VA-HP001,2017,62.58231412560748,51.238121339635924,38.328785,-79.227717,617.2,0,0.248,5.21375,1.6,2.95,chla_ts,oligo
NLA17_VA-HP001,2017,62.58231412560748,51.238121339635924,38.328785,-79.227717,617.2,0,0.248,5.21375,1.6,2.95,ptl_ts,oligo
NLA17_VA-HP001,2017,62.58231412560748,51.238121339635924,38.328785,-79.227717,617.2,0,0.248,5.21375,1.6,2.95,sdd_ts,meso
NLA17_VA-HP001,2017,62.58231412560748,51.238121339635924,38.328785,-79.227717,617.2,0,0.248,5.21375,1.6,2.95,rot_ts,meso-eutro
NLA17_VA-HP001,2017,62.58231412560748,51.238121339635924,38.328785,-79.227717,617.2,0,0.248,5.21375,1.6,2.95,crs_ts,eutro
NLA17_VA-HP003,2017,60.867165581568656,51.87808279223007,37.315287,-79.819212,586.51,2,0.211,13.58375,8.94,2.45,ncp_ts,oligo
NLA17_VA-HP003,2017,60.867165581568656,51.87808279223007,37.315287,-79.819212,586.51,2,0.211,13.58375,8.94,2.45,chla_ts,eutro
NLA17_VA-HP003,2017,60.867165581568656,51.87808279223007,37.315287,-79.819212,586.51,2,0.211,13.58375,8.94,2.45,ptl_ts,meso
NLA17_VA-HP003,2017,60.867165581568656,51.87808279223007,37.315287,-79.819212,586.51,2,0.211,13.58375,8.94,2.45,sdd_ts,meso
NLA17_VA-HP003,2017,60.867165581568656,51.87808279223007,37.315287,-79.819212,586.51,2,0.211,13.58375,8.94,2.45,rot_ts,meso-eutro
NLA17_VA-HP003,2017,60.867165581568656,51.87808279223007,37.315287,-79.819212,586.51,2,0.211,13.58375,8.94,2.45,crs_ts,eutro
NLA17_VA-HP004,2017,61.64773680272548,52.873617925570905,37.0434,-80.86760868,657.7,8,0.23,9.7875,3.96,2.475,ncp_ts,oligo
NLA17_VA-HP004,2017,61.64773680272548,52.873617925570905,37.0434,-80.86760868,657.7,8,0.23,9.7875,3.96,2.475,chla_ts,meso
NLA17_VA-HP004,2017,61.64773680272548,52.873617925570905,37.0434,-80.86760868,657.7,8,0.23,9.7875,3.96,2.475,ptl_ts,oligo
NLA17_VA-HP004,2017,61.64773680272548,52.873617925570905,37.0434,-80.86760868,657.7,8,0.23,9.7875,3.96,2.475,sdd_ts,meso
NLA17_VA-HP004,2017,61.64773680272548,52.873617925570905,37.0434,-80.86760868,657.7,8,0.23,9.7875,3.96,2.475,rot_ts,meso-eutro
NLA17_VA-HP004,2017,61.64773680272548,52.873617925570905,37.0434,-80.86760868,657.7,8,0.23,9.7875,3.96,2.475,crs_ts,eutro
NLA17_VA-HP005,2017,63.657627687391745,50.67128176539681,37.303695,-76.707685,10.78,12,0.301,11.17875,2.91,3.175,ncp_ts,oligo
NLA17_VA-HP005,2017,63.657627687391745,50.67128176539681,37.303695,-76.707685,10.78,12,0.301,11.17875,2.91,3.175,chla_ts,meso
NLA17_VA-HP005,2017,63.657627687391745,50.67128176539681,37.303695,-76.707685,10.78,12,0.301,11.17875,2.91,3.175,ptl_ts,oligo
NLA17_VA-HP005,2017,63.657627687391745,50.67128176539681,37.303695,-76.707685,10.78,12,0.301,11.17875,2.91,3.175,sdd_ts,meso
NLA17_VA-HP005,2017,63.657627687391745,50.67128176539681,37.303695,-76.707685,10.78,12,0.301,11.17875,2.91,3.175,rot_ts,meso-eutro
NLA17_VA-HP005,2017,63.657627687391745,50.67128176539681,37.303695,-76.707685,10.78,12,0.301,11.17875,2.91,3.175,crs_ts,eutro
NLA17_VA-HP006,2017,63.36573674087194,49.82093545620336,36.95945142,-81.80846875,1078.72,3,0.243,11.705,4.99,2.325,ncp_ts,oligo
NLA17_VA-HP006,2017,63.36573674087194,49.82093545620336,36.95945142,-81.80846875,1078.72,3,0.243,11.705,4.99,2.325,chla_ts,meso
NLA17_VA-HP006,2017,63.36573674087194,49.82093545620336,36.95945142,-81.80846875,1078.72,3,0.243,11.705,4.99,2.325,ptl_ts,oligo
NLA17_VA-HP006,2017,63.36573674087194,49.82093545620336,36.95945142,-81.80846875,1078.72,3,0.243,11.705,4.99,2.325,sdd_ts,meso
NLA17_VA-HP006,2017,63.36573674087194,49.82093545620336,36.95945142,-81.80846875,1078.72,3,0.243,11.705,4.99,2.325,rot_ts,meso-eutro
NLA17_VA-HP006,2017,63.36573674087194,49.82093545620336,36.95945142,-81.80846875,1078.72,3,0.243,11.705,4.99,2.325,crs_ts,eutro
NLA17_VA-HP007,2017,60.38394205279962,55.505702178084995,37.35866948,-76.84210284,17.77,3,0.245,4.2,1.8,3.875,ncp_ts,oligo
NLA17_VA-HP007,2017,60.38394205279962,55.505702178084995,37.35866948,-76.84210284,17.77,3,0.245,4.2,1.8,3.875,chla_ts,oligo
NLA17_VA-HP007,2017,60.38394205279962,55.505702178084995,37.35866948,-76.84210284,17.77,3,0.245,4.2,1.8,3.875,ptl_ts,oligo
NLA17_VA-HP007,2017,60.38394205279962,55.505702178084995,37.35866948,-76.84210284,17.77,3,0.245,4.2,1.8,3.875,sdd_ts,meso
NLA17_VA-HP007,2017,60.38394205279962,55.505702178084995,37.35866948,-76.84210284,17.77,3,0.245,4.2,1.8,3.875,rot_ts,eutro
NLA17_VA-HP007,2017,60.38394205279962,55.505702178084995,37.35866948,-76.84210284,17.77,3,0.245,4.2,1.8,3.875,crs_ts,eutro
NLA17_VA-HP008,2017,60.58003355597999,54.89599385113332,36.86251,-76.569735,1.1,0,0.38,20.80625,5.65,2.275,ncp_ts,oligo
NLA17_VA-HP008,2017,60.58003355597999,54.89599385113332,36.86251,-76.569735,1.1,0,0.38,20.80625,5.65,2.275,chla_ts,meso
NLA17_VA-HP008,2017,60.58003355597999,54.89599385113332,36.86251,-76.569735,1.1,0,0.38,20.80625,5.65,2.275,ptl_ts,meso
NLA17_VA-HP008,2017,60.58003355597999,54.89599385113332,36.86251,-76.569735,1.1,0,0.38,20.80625,5.65,2.275,sdd_ts,meso
NLA17_VA-HP008,2017,60.58003355597999,54.89599385113332,36.86251,-76.569735,1.1,0,0.38,20.80625,5.65,2.275,rot_ts,meso-eutro
NLA17_VA-HP008,2017,60.58003355597999,54.89599385113332,36.86251,-76.569735,1.1,0,0.38,20.80625,5.65,2.275,crs_ts,eutro
NLA17_VT-10001,2017,69.58018153547945,53.08864178656091,44.44696,-71.81175,312,31.5,0.27,8.0525,2.215,3.3825000000000003,ncp_ts,dys
NLA17_VT-10001,2017,69.58018153547945,53.08864178656091,44.44696,-71.81175,312,31.5,0.27,8.0525,2.215,3.3825000000000003,chla_ts,oligo
NLA17_VT-10001,2017,69.58018153547945,53.08864178656091,44.44696,-71.81175,312,31.5,0.27,8.0525,2.215,3.3825000000000003,ptl_ts,oligo
NLA17_VT-10001,2017,69.58018153547945,53.08864178656091,44.44696,-71.81175,312,31.5,0.27,8.0525,2.215,3.3825000000000003,sdd_ts,meso
NLA17_VT-10001,2017,69.58018153547945,53.08864178656091,44.44696,-71.81175,312,31.5,0.27,8.0525,2.215,3.3825000000000003,rot_ts,meso-eutro
NLA17_VT-10001,2017,69.58018153547945,53.08864178656091,44.44696,-71.81175,312,31.5,0.27,8.0525,2.215,3.3825000000000003,crs_ts,hypereu
NLA17_VT-10002,2017,60.97976321636369,52.393136545808325,43.89113,-73.05247,380,30,0.275,9.83875,3.95,3.26,ncp_ts,dys
NLA17_VT-10002,2017,60.97976321636369,52.393136545808325,43.89113,-73.05247,380,30,0.275,9.83875,3.95,3.26,chla_ts,meso
NLA17_VT-10002,2017,60.97976321636369,52.393136545808325,43.89113,-73.05247,380,30,0.275,9.83875,3.95,3.26,ptl_ts,oligo
NLA17_VT-10002,2017,60.97976321636369,52.393136545808325,43.89113,-73.05247,380,30,0.275,9.83875,3.95,3.26,sdd_ts,meso
NLA17_VT-10002,2017,60.97976321636369,52.393136545808325,43.89113,-73.05247,380,30,0.275,9.83875,3.95,3.26,rot_ts,meso-eutro
NLA17_VT-10002,2017,60.97976321636369,52.393136545808325,43.89113,-73.05247,380,30,0.275,9.83875,3.95,3.26,crs_ts,eutro
NLA17_VT-10003,2017,67.23552834734289,54.93886260384589,44.95559,-71.71667,531,6.5,0.21450000000000002,3.748125,1.495,6.3475,ncp_ts,oligo
NLA17_VT-10003,2017,67.23552834734289,54.93886260384589,44.95559,-71.71667,531,6.5,0.21450000000000002,3.748125,1.495,6.3475,chla_ts,oligo
NLA17_VT-10003,2017,67.23552834734289,54.93886260384589,44.95559,-71.71667,531,6.5,0.21450000000000002,3.748125,1.495,6.3475,ptl_ts,oligo
NLA17_VT-10003,2017,67.23552834734289,54.93886260384589,44.95559,-71.71667,531,6.5,0.21450000000000002,3.748125,1.495,6.3475,sdd_ts,oligo
NLA17_VT-10003,2017,67.23552834734289,54.93886260384589,44.95559,-71.71667,531,6.5,0.21450000000000002,3.748125,1.495,6.3475,rot_ts,meso-eutro
NLA17_VT-10003,2017,67.23552834734289,54.93886260384589,44.95559,-71.71667,531,6.5,0.21450000000000002,3.748125,1.495,6.3475,crs_ts,hypereu
NLA17_VT-10004,2017,65.17099714852137,48.12375185151671,44.41874,-72.9473,191,15,0.34,15.41625,7.66,1.725,ncp_ts,oligo
NLA17_VT-10004,2017,65.17099714852137,48.12375185151671,44.41874,-72.9473,191,15,0.34,15.41625,7.66,1.725,chla_ts,eutro
NLA17_VT-10004,2017,65.17099714852137,48.12375185151671,44.41874,-72.9473,191,15,0.34,15.41625,7.66,1.725,ptl_ts,meso
NLA17_VT-10004,2017,65.17099714852137,48.12375185151671,44.41874,-72.9473,191,15,0.34,15.41625,7.66,1.725,sdd_ts,eutro
NLA17_VT-10004,2017,65.17099714852137,48.12375185151671,44.41874,-72.9473,191,15,0.34,15.41625,7.66,1.725,rot_ts,meso-eutro
NLA17_VT-10004,2017,65.17099714852137,48.12375185151671,44.41874,-72.9473,191,15,0.34,15.41625,7.66,1.725,crs_ts,hypereu
NLA17_VT-10005,2017,63.1413621776198,51.580912421033176,44.77784,-71.79917,353,50,0.261,12.1425,6.46,1.8900000000000001,ncp_ts,dys
NLA17_VT-10005,2017,63.1413621776198,51.580912421033176,44.77784,-71.79917,353,50,0.261,12.1425,6.46,1.8900000000000001,chla_ts,meso
NLA17_VT-10005,2017,63.1413621776198,51.580912421033176,44.77784,-71.79917,353,50,0.261,12.1425,6.46,1.8900000000000001,ptl_ts,meso
NLA17_VT-10005,2017,63.1413621776198,51.580912421033176,44.77784,-71.79917,353,50,0.261,12.1425,6.46,1.8900000000000001,sdd_ts,eutro
NLA17_VT-10005,2017,63.1413621776198,51.580912421033176,44.77784,-71.79917,353,50,0.261,12.1425,6.46,1.8900000000000001,rot_ts,meso-eutro
NLA17_VT-10005,2017,63.1413621776198,51.580912421033176,44.77784,-71.79917,353,50,0.261,12.1425,6.46,1.8900000000000001,crs_ts,eutro
NLA17_VT-10007,2017,61.32826422274192,56.42755914239469,43.79541796,-72.39685246,422,3,0.286,17.06875,4.92,NA,ncp_ts,oligo
NLA17_VT-10007,2017,61.32826422274192,56.42755914239469,43.79541796,-72.39685246,422,3,0.286,17.06875,4.92,NA,chla_ts,meso
NLA17_VT-10007,2017,61.32826422274192,56.42755914239469,43.79541796,-72.39685246,422,3,0.286,17.06875,4.92,NA,ptl_ts,meso
NLA17_VT-10007,2017,61.32826422274192,56.42755914239469,43.79541796,-72.39685246,422,3,0.286,17.06875,4.92,NA,sdd_ts,NA
NLA17_VT-10007,2017,61.32826422274192,56.42755914239469,43.79541796,-72.39685246,422,3,0.286,17.06875,4.92,NA,rot_ts,eutro
NLA17_VT-10007,2017,61.32826422274192,56.42755914239469,43.79541796,-72.39685246,422,3,0.286,17.06875,4.92,NA,crs_ts,eutro
NLA17_VT-10009,2017,39.019925854815924,51.90316442273933,44.08631378,-72.29345053,341,7,0.175,6.88125,0.33,NA,ncp_ts,oligo
NLA17_VT-10009,2017,39.019925854815924,51.90316442273933,44.08631378,-72.29345053,341,7,0.175,6.88125,0.33,NA,chla_ts,oligo
NLA17_VT-10009,2017,39.019925854815924,51.90316442273933,44.08631378,-72.29345053,341,7,0.175,6.88125,0.33,NA,ptl_ts,oligo
NLA17_VT-10009,2017,39.019925854815924,51.90316442273933,44.08631378,-72.29345053,341,7,0.175,6.88125,0.33,NA,sdd_ts,NA
NLA17_VT-10009,2017,39.019925854815924,51.90316442273933,44.08631378,-72.29345053,341,7,0.175,6.88125,0.33,NA,rot_ts,meso-eutro
NLA17_VT-10009,2017,39.019925854815924,51.90316442273933,44.08631378,-72.29345053,341,7,0.175,6.88125,0.33,NA,crs_ts,oligo-meso
NLA17_VT-10016,2017,63.927627678744784,50.639727422742915,43.45205996,-72.70189813,317,25,0.186,8.13375,1.19,5.18,ncp_ts,dys
NLA17_VT-10016,2017,63.927627678744784,50.639727422742915,43.45205996,-72.70189813,317,25,0.186,8.13375,1.19,5.18,chla_ts,oligo
NLA17_VT-10016,2017,63.927627678744784,50.639727422742915,43.45205996,-72.70189813,317,25,0.186,8.13375,1.19,5.18,ptl_ts,oligo
NLA17_VT-10016,2017,63.927627678744784,50.639727422742915,43.45205996,-72.70189813,317,25,0.186,8.13375,1.19,5.18,sdd_ts,oligo
NLA17_VT-10016,2017,63.927627678744784,50.639727422742915,43.45205996,-72.70189813,317,25,0.186,8.13375,1.19,5.18,rot_ts,meso-eutro
NLA17_VT-10016,2017,63.927627678744784,50.639727422742915,43.45205996,-72.70189813,317,25,0.186,8.13375,1.19,5.18,crs_ts,eutro
NLA17_VT-10018,2017,62.42152589213336,50.655527727785326,44.6251006,-72.26246102,484,20,0.175,9.33375,2.02,3.64,ncp_ts,oligo
NLA17_VT-10018,2017,62.42152589213336,50.655527727785326,44.6251006,-72.26246102,484,20,0.175,9.33375,2.02,3.64,chla_ts,oligo
NLA17_VT-10018,2017,62.42152589213336,50.655527727785326,44.6251006,-72.26246102,484,20,0.175,9.33375,2.02,3.64,ptl_ts,oligo
NLA17_VT-10018,2017,62.42152589213336,50.655527727785326,44.6251006,-72.26246102,484,20,0.175,9.33375,2.02,3.64,sdd_ts,meso
NLA17_VT-10018,2017,62.42152589213336,50.655527727785326,44.6251006,-72.26246102,484,20,0.175,9.33375,2.02,3.64,rot_ts,meso-eutro
NLA17_VT-10018,2017,62.42152589213336,50.655527727785326,44.6251006,-72.26246102,484,20,0.175,9.33375,2.02,3.64,crs_ts,eutro
NLA17_VT-10019,2017,61.47149173470389,53.74012910420593,42.7426925,-72.61100905,204,20,0.168,10.545,4.18,NA,ncp_ts,oligo
NLA17_VT-10019,2017,61.47149173470389,53.74012910420593,42.7426925,-72.61100905,204,20,0.168,10.545,4.18,NA,chla_ts,meso
NLA17_VT-10019,2017,61.47149173470389,53.74012910420593,42.7426925,-72.61100905,204,20,0.168,10.545,4.18,NA,ptl_ts,oligo
NLA17_VT-10019,2017,61.47149173470389,53.74012910420593,42.7426925,-72.61100905,204,20,0.168,10.545,4.18,NA,sdd_ts,NA
NLA17_VT-10019,2017,61.47149173470389,53.74012910420593,42.7426925,-72.61100905,204,20,0.168,10.545,4.18,NA,rot_ts,meso-eutro
NLA17_VT-10019,2017,61.47149173470389,53.74012910420593,42.7426925,-72.61100905,204,20,0.168,10.545,4.18,NA,crs_ts,eutro
NLA17_WA-10001,2017,67.68161914294988,54.87443069601456,46.4318,-124.0352,4,111,0.5605,30.847499999999997,11.975,1,ncp_ts,mixo
NLA17_WA-10001,2017,67.68161914294988,54.87443069601456,46.4318,-124.0352,4,111,0.5605,30.847499999999997,11.975,1,chla_ts,eutro
NLA17_WA-10001,2017,67.68161914294988,54.87443069601456,46.4318,-124.0352,4,111,0.5605,30.847499999999997,11.975,1,ptl_ts,eutro
NLA17_WA-10001,2017,67.68161914294988,54.87443069601456,46.4318,-124.0352,4,111,0.5605,30.847499999999997,11.975,1,sdd_ts,eutro
NLA17_WA-10001,2017,67.68161914294988,54.87443069601456,46.4318,-124.0352,4,111,0.5605,30.847499999999997,11.975,1,rot_ts,meso-eutro
NLA17_WA-10001,2017,67.68161914294988,54.87443069601456,46.4318,-124.0352,4,111,0.5605,30.847499999999997,11.975,1,crs_ts,hypereu
NLA17_WA-10002,2017,60.92362157276349,53.975024940510096,47.91805,-120.1638,375,13,0.711,9.68625,2.1,5.199999999999999,ncp_ts,oligo
NLA17_WA-10002,2017,60.92362157276349,53.975024940510096,47.91805,-120.1638,375,13,0.711,9.68625,2.1,5.199999999999999,chla_ts,oligo
NLA17_WA-10002,2017,60.92362157276349,53.975024940510096,47.91805,-120.1638,375,13,0.711,9.68625,2.1,5.199999999999999,ptl_ts,oligo
NLA17_WA-10002,2017,60.92362157276349,53.975024940510096,47.91805,-120.1638,375,13,0.711,9.68625,2.1,5.199999999999999,sdd_ts,oligo
NLA17_WA-10002,2017,60.92362157276349,53.975024940510096,47.91805,-120.1638,375,13,0.711,9.68625,2.1,5.199999999999999,rot_ts,meso-eutro
NLA17_WA-10002,2017,60.92362157276349,53.975024940510096,47.91805,-120.1638,375,13,0.711,9.68625,2.1,5.199999999999999,crs_ts,eutro
NLA17_WA-10003,2017,65.00740594419945,45.94234956989479,47.31062,-121.2989,733,63,0.493,33.17625,5.95,NA,ncp_ts,mixo
NLA17_WA-10003,2017,65.00740594419945,45.94234956989479,47.31062,-121.2989,733,63,0.493,33.17625,5.95,NA,chla_ts,meso
NLA17_WA-10003,2017,65.00740594419945,45.94234956989479,47.31062,-121.2989,733,63,0.493,33.17625,5.95,NA,ptl_ts,eutro
NLA17_WA-10003,2017,65.00740594419945,45.94234956989479,47.31062,-121.2989,733,63,0.493,33.17625,5.95,NA,sdd_ts,NA
NLA17_WA-10003,2017,65.00740594419945,45.94234956989479,47.31062,-121.2989,733,63,0.493,33.17625,5.95,NA,rot_ts,meso-eutro
NLA17_WA-10003,2017,65.00740594419945,45.94234956989479,47.31062,-121.2989,733,63,0.493,33.17625,5.95,NA,crs_ts,hypereu
NLA17_WA-10004,2017,63.85724156312692,50.211734264186404,47.40953,-122.7843,63,0,0.113,12.145,1.68,5.75,ncp_ts,oligo
NLA17_WA-10004,2017,63.85724156312692,50.211734264186404,47.40953,-122.7843,63,0,0.113,12.145,1.68,5.75,chla_ts,oligo
NLA17_WA-10004,2017,63.85724156312692,50.211734264186404,47.40953,-122.7843,63,0,0.113,12.145,1.68,5.75,ptl_ts,meso
NLA17_WA-10004,2017,63.85724156312692,50.211734264186404,47.40953,-122.7843,63,0,0.113,12.145,1.68,5.75,sdd_ts,oligo
NLA17_WA-10004,2017,63.85724156312692,50.211734264186404,47.40953,-122.7843,63,0,0.113,12.145,1.68,5.75,rot_ts,meso-eutro
NLA17_WA-10004,2017,63.85724156312692,50.211734264186404,47.40953,-122.7843,63,0,0.113,12.145,1.68,5.75,crs_ts,eutro
NLA17_WA-10005,2017,64.42106798425154,47.365514338921386,48.15395,-117.3185,682,25,0.621,38.39875,1.33,3.3,ncp_ts,mixo
NLA17_WA-10005,2017,64.42106798425154,47.365514338921386,48.15395,-117.3185,682,25,0.621,38.39875,1.33,3.3,chla_ts,oligo
NLA17_WA-10005,2017,64.42106798425154,47.365514338921386,48.15395,-117.3185,682,25,0.621,38.39875,1.33,3.3,ptl_ts,eutro
NLA17_WA-10005,2017,64.42106798425154,47.365514338921386,48.15395,-117.3185,682,25,0.621,38.39875,1.33,3.3,sdd_ts,meso
NLA17_WA-10005,2017,64.42106798425154,47.365514338921386,48.15395,-117.3185,682,25,0.621,38.39875,1.33,3.3,rot_ts,meso-eutro
NLA17_WA-10005,2017,64.42106798425154,47.365514338921386,48.15395,-117.3185,682,25,0.621,38.39875,1.33,3.3,crs_ts,eutro
NLA17_WA-10006,2017,63.1413621776198,50.22884079688191,46.49769,-122.4059,237,27,0.494,28.66875,8.08,2.95,ncp_ts,dys
NLA17_WA-10006,2017,63.1413621776198,50.22884079688191,46.49769,-122.4059,237,27,0.494,28.66875,8.08,2.95,chla_ts,eutro
NLA17_WA-10006,2017,63.1413621776198,50.22884079688191,46.49769,-122.4059,237,27,0.494,28.66875,8.08,2.95,ptl_ts,eutro
NLA17_WA-10006,2017,63.1413621776198,50.22884079688191,46.49769,-122.4059,237,27,0.494,28.66875,8.08,2.95,sdd_ts,meso
NLA17_WA-10006,2017,63.1413621776198,50.22884079688191,46.49769,-122.4059,237,27,0.494,28.66875,8.08,2.95,rot_ts,meso-eutro
NLA17_WA-10006,2017,63.1413621776198,50.22884079688191,46.49769,-122.4059,237,27,0.494,28.66875,8.08,2.95,crs_ts,eutro
NLA17_WA-10007,2017,68.993653396708,54.1508849555072,46.622,-120.556,343,5,1.2245,34.605000000000004,7.59,3.5500000000000003,ncp_ts,eutro
NLA17_WA-10007,2017,68.993653396708,54.1508849555072,46.622,-120.556,343,5,1.2245,34.605000000000004,7.59,3.5500000000000003,chla_ts,eutro
NLA17_WA-10007,2017,68.993653396708,54.1508849555072,46.622,-120.556,343,5,1.2245,34.605000000000004,7.59,3.5500000000000003,ptl_ts,eutro
NLA17_WA-10007,2017,68.993653396708,54.1508849555072,46.622,-120.556,343,5,1.2245,34.605000000000004,7.59,3.5500000000000003,sdd_ts,meso
NLA17_WA-10007,2017,68.993653396708,54.1508849555072,46.622,-120.556,343,5,1.2245,34.605000000000004,7.59,3.5500000000000003,rot_ts,meso-eutro
NLA17_WA-10007,2017,68.993653396708,54.1508849555072,46.622,-120.556,343,5,1.2245,34.605000000000004,7.59,3.5500000000000003,crs_ts,hypereu
NLA17_WA-10008,2017,57.12620611744621,51.527512478909344,47.35085,-121.9925,180,6,0.421,23.685,6.64,3.55,ncp_ts,oligo
NLA17_WA-10008,2017,57.12620611744621,51.527512478909344,47.35085,-121.9925,180,6,0.421,23.685,6.64,3.55,chla_ts,meso
NLA17_WA-10008,2017,57.12620611744621,51.527512478909344,47.35085,-121.9925,180,6,0.421,23.685,6.64,3.55,ptl_ts,meso
NLA17_WA-10008,2017,57.12620611744621,51.527512478909344,47.35085,-121.9925,180,6,0.421,23.685,6.64,3.55,sdd_ts,meso
NLA17_WA-10008,2017,57.12620611744621,51.527512478909344,47.35085,-121.9925,180,6,0.421,23.685,6.64,3.55,rot_ts,meso-eutro
NLA17_WA-10008,2017,57.12620611744621,51.527512478909344,47.35085,-121.9925,180,6,0.421,23.685,6.64,3.55,crs_ts,eutro
NLA17_WA-10009,2017,53.91692248932302,50.279836439357354,47.13373,-124.0473,10,0,0.119,22.88125,1.63,3.1,ncp_ts,oligo
NLA17_WA-10009,2017,53.91692248932302,50.279836439357354,47.13373,-124.0473,10,0,0.119,22.88125,1.63,3.1,chla_ts,oligo
NLA17_WA-10009,2017,53.91692248932302,50.279836439357354,47.13373,-124.0473,10,0,0.119,22.88125,1.63,3.1,ptl_ts,meso
NLA17_WA-10009,2017,53.91692248932302,50.279836439357354,47.13373,-124.0473,10,0,0.119,22.88125,1.63,3.1,sdd_ts,meso
NLA17_WA-10009,2017,53.91692248932302,50.279836439357354,47.13373,-124.0473,10,0,0.119,22.88125,1.63,3.1,rot_ts,meso-eutro
NLA17_WA-10009,2017,53.91692248932302,50.279836439357354,47.13373,-124.0473,10,0,0.119,22.88125,1.63,3.1,crs_ts,meso-eutro
NLA17_WA-10010,2017,66.5639308118458,46.20123112598657,48.03662,-118.8933,729,25,1.114,32.65,3.91,5.4,ncp_ts,mixo
NLA17_WA-10010,2017,66.5639308118458,46.20123112598657,48.03662,-118.8933,729,25,1.114,32.65,3.91,5.4,chla_ts,meso
NLA17_WA-10010,2017,66.5639308118458,46.20123112598657,48.03662,-118.8933,729,25,1.114,32.65,3.91,5.4,ptl_ts,eutro
NLA17_WA-10010,2017,66.5639308118458,46.20123112598657,48.03662,-118.8933,729,25,1.114,32.65,3.91,5.4,sdd_ts,oligo
NLA17_WA-10010,2017,66.5639308118458,46.20123112598657,48.03662,-118.8933,729,25,1.114,32.65,3.91,5.4,rot_ts,meso-eutro
NLA17_WA-10010,2017,66.5639308118458,46.20123112598657,48.03662,-118.8933,729,25,1.114,32.65,3.91,5.4,crs_ts,hypereu
NLA17_WA-10011,2017,62.225216665957824,50.592046165295706,47.24424,-122.7578,10,12,0.42,21.375,5.7,3.3499999999999996,ncp_ts,oligo
NLA17_WA-10011,2017,62.225216665957824,50.592046165295706,47.24424,-122.7578,10,12,0.42,21.375,5.7,3.3499999999999996,chla_ts,meso
NLA17_WA-10011,2017,62.225216665957824,50.592046165295706,47.24424,-122.7578,10,12,0.42,21.375,5.7,3.3499999999999996,ptl_ts,meso
NLA17_WA-10011,2017,62.225216665957824,50.592046165295706,47.24424,-122.7578,10,12,0.42,21.375,5.7,3.3499999999999996,sdd_ts,meso
NLA17_WA-10011,2017,62.225216665957824,50.592046165295706,47.24424,-122.7578,10,12,0.42,21.375,5.7,3.3499999999999996,rot_ts,meso-eutro
NLA17_WA-10011,2017,62.225216665957824,50.592046165295706,47.24424,-122.7578,10,12,0.42,21.375,5.7,3.3499999999999996,crs_ts,eutro
NLA17_WA-10012,2017,62.9890582430659,49.2376934302347,46.83106,-122.4472,151,11,0.399,35.54625,4.79,3.25,ncp_ts,eutro
NLA17_WA-10012,2017,62.9890582430659,49.2376934302347,46.83106,-122.4472,151,11,0.399,35.54625,4.79,3.25,chla_ts,meso
NLA17_WA-10012,2017,62.9890582430659,49.2376934302347,46.83106,-122.4472,151,11,0.399,35.54625,4.79,3.25,ptl_ts,eutro
NLA17_WA-10012,2017,62.9890582430659,49.2376934302347,46.83106,-122.4472,151,11,0.399,35.54625,4.79,3.25,sdd_ts,meso
NLA17_WA-10012,2017,62.9890582430659,49.2376934302347,46.83106,-122.4472,151,11,0.399,35.54625,4.79,3.25,rot_ts,meso-eutro
NLA17_WA-10012,2017,62.9890582430659,49.2376934302347,46.83106,-122.4472,151,11,0.399,35.54625,4.79,3.25,crs_ts,eutro
NLA17_WA-10013,2017,62.05871825281603,50.01988249364041,48.39575,-120.1849,714,15,0.699,31.185,1.59,4.65,ncp_ts,eutro
NLA17_WA-10013,2017,62.05871825281603,50.01988249364041,48.39575,-120.1849,714,15,0.699,31.185,1.59,4.65,chla_ts,oligo
NLA17_WA-10013,2017,62.05871825281603,50.01988249364041,48.39575,-120.1849,714,15,0.699,31.185,1.59,4.65,ptl_ts,eutro
NLA17_WA-10013,2017,62.05871825281603,50.01988249364041,48.39575,-120.1849,714,15,0.699,31.185,1.59,4.65,sdd_ts,oligo
NLA17_WA-10013,2017,62.05871825281603,50.01988249364041,48.39575,-120.1849,714,15,0.699,31.185,1.59,4.65,rot_ts,meso-eutro
NLA17_WA-10013,2017,62.05871825281603,50.01988249364041,48.39575,-120.1849,714,15,0.699,31.185,1.59,4.65,crs_ts,eutro
NLA17_WA-10014,2017,61.31021793199178,52.06340536284283,48.23082,-119.7766,507,20,0.741,36.516,2.66,6.65,ncp_ts,eutro
NLA17_WA-10014,2017,61.31021793199178,52.06340536284283,48.23082,-119.7766,507,20,0.741,36.516,2.66,6.65,chla_ts,meso
NLA17_WA-10014,2017,61.31021793199178,52.06340536284283,48.23082,-119.7766,507,20,0.741,36.516,2.66,6.65,ptl_ts,eutro
NLA17_WA-10014,2017,61.31021793199178,52.06340536284283,48.23082,-119.7766,507,20,0.741,36.516,2.66,6.65,sdd_ts,oligo
NLA17_WA-10014,2017,61.31021793199178,52.06340536284283,48.23082,-119.7766,507,20,0.741,36.516,2.66,6.65,rot_ts,meso-eutro
NLA17_WA-10014,2017,61.31021793199178,52.06340536284283,48.23082,-119.7766,507,20,0.741,36.516,2.66,6.65,crs_ts,eutro
NLA17_WA-10015,2017,61.6651948705047,51.776570346672486,47.47108,-123.1715,220,5,0.288,18.8125,1.36,NA,ncp_ts,oligo
NLA17_WA-10015,2017,61.6651948705047,51.776570346672486,47.47108,-123.1715,220,5,0.288,18.8125,1.36,NA,chla_ts,oligo
NLA17_WA-10015,2017,61.6651948705047,51.776570346672486,47.47108,-123.1715,220,5,0.288,18.8125,1.36,NA,ptl_ts,meso
NLA17_WA-10015,2017,61.6651948705047,51.776570346672486,47.47108,-123.1715,220,5,0.288,18.8125,1.36,NA,sdd_ts,NA
NLA17_WA-10015,2017,61.6651948705047,51.776570346672486,47.47108,-123.1715,220,5,0.288,18.8125,1.36,NA,rot_ts,meso-eutro
NLA17_WA-10015,2017,61.6651948705047,51.776570346672486,47.47108,-123.1715,220,5,0.288,18.8125,1.36,NA,crs_ts,eutro
NLA17_WA-10017,2017,61.035594278202886,51.95297959346018,48.70292,-122.4533,137,3,0.3,15.9359,5.55,3.75,ncp_ts,oligo
NLA17_WA-10017,2017,61.035594278202886,51.95297959346018,48.70292,-122.4533,137,3,0.3,15.9359,5.55,3.75,chla_ts,meso
NLA17_WA-10017,2017,61.035594278202886,51.95297959346018,48.70292,-122.4533,137,3,0.3,15.9359,5.55,3.75,ptl_ts,meso
NLA17_WA-10017,2017,61.035594278202886,51.95297959346018,48.70292,-122.4533,137,3,0.3,15.9359,5.55,3.75,sdd_ts,meso
NLA17_WA-10017,2017,61.035594278202886,51.95297959346018,48.70292,-122.4533,137,3,0.3,15.9359,5.55,3.75,rot_ts,meso-eutro
NLA17_WA-10017,2017,61.035594278202886,51.95297959346018,48.70292,-122.4533,137,3,0.3,15.9359,5.55,3.75,crs_ts,eutro
NLA17_WA-10018,2017,60.443173988120634,52.2659985134193,47.60519,-122.1403,77,104,0.84,49.4325,31.36,1.55,ncp_ts,mixo
NLA17_WA-10018,2017,60.443173988120634,52.2659985134193,47.60519,-122.1403,77,104,0.84,49.4325,31.36,1.55,chla_ts,eutro
NLA17_WA-10018,2017,60.443173988120634,52.2659985134193,47.60519,-122.1403,77,104,0.84,49.4325,31.36,1.55,ptl_ts,eutro
NLA17_WA-10018,2017,60.443173988120634,52.2659985134193,47.60519,-122.1403,77,104,0.84,49.4325,31.36,1.55,sdd_ts,eutro
NLA17_WA-10018,2017,60.443173988120634,52.2659985134193,47.60519,-122.1403,77,104,0.84,49.4325,31.36,1.55,rot_ts,meso-eutro
NLA17_WA-10018,2017,60.443173988120634,52.2659985134193,47.60519,-122.1403,77,104,0.84,49.4325,31.36,1.55,crs_ts,eutro
NLA17_WA-10021,2017,54.918959797067835,52.76812434950144,47.47637,-122.9161,98,30,0.433,14.05375,7.98,NA,ncp_ts,dys
NLA17_WA-10021,2017,54.918959797067835,52.76812434950144,47.47637,-122.9161,98,30,0.433,14.05375,7.98,NA,chla_ts,eutro
NLA17_WA-10021,2017,54.918959797067835,52.76812434950144,47.47637,-122.9161,98,30,0.433,14.05375,7.98,NA,ptl_ts,meso
NLA17_WA-10021,2017,54.918959797067835,52.76812434950144,47.47637,-122.9161,98,30,0.433,14.05375,7.98,NA,sdd_ts,NA
NLA17_WA-10021,2017,54.918959797067835,52.76812434950144,47.47637,-122.9161,98,30,0.433,14.05375,7.98,NA,rot_ts,meso-eutro
NLA17_WA-10021,2017,54.918959797067835,52.76812434950144,47.47637,-122.9161,98,30,0.433,14.05375,7.98,NA,crs_ts,meso-eutro
NLA17_WA-10022,2017,66.06937263710977,31.667907800307965,47.73119,-119.5903,559,15,1.869,55.89,4.41,3.95,ncp_ts,eutro
NLA17_WA-10022,2017,66.06937263710977,31.667907800307965,47.73119,-119.5903,559,15,1.869,55.89,4.41,3.95,chla_ts,meso
NLA17_WA-10022,2017,66.06937263710977,31.667907800307965,47.73119,-119.5903,559,15,1.869,55.89,4.41,3.95,ptl_ts,eutro
NLA17_WA-10022,2017,66.06937263710977,31.667907800307965,47.73119,-119.5903,559,15,1.869,55.89,4.41,3.95,sdd_ts,meso
NLA17_WA-10022,2017,66.06937263710977,31.667907800307965,47.73119,-119.5903,559,15,1.869,55.89,4.41,3.95,rot_ts,oligo-meso
NLA17_WA-10022,2017,66.06937263710977,31.667907800307965,47.73119,-119.5903,559,15,1.869,55.89,4.41,3.95,crs_ts,hypereu
NLA17_WA-10023,2017,64.43445312484813,46.84692620918953,47.37711,-117.8026,612,25,1.216,80.475,20.16,2.2,ncp_ts,mixo
NLA17_WA-10023,2017,64.43445312484813,46.84692620918953,47.37711,-117.8026,612,25,1.216,80.475,20.16,2.2,chla_ts,eutro
NLA17_WA-10023,2017,64.43445312484813,46.84692620918953,47.37711,-117.8026,612,25,1.216,80.475,20.16,2.2,ptl_ts,eutro
NLA17_WA-10023,2017,64.43445312484813,46.84692620918953,47.37711,-117.8026,612,25,1.216,80.475,20.16,2.2,sdd_ts,meso
NLA17_WA-10023,2017,64.43445312484813,46.84692620918953,47.37711,-117.8026,612,25,1.216,80.475,20.16,2.2,rot_ts,meso-eutro
NLA17_WA-10023,2017,64.43445312484813,46.84692620918953,47.37711,-117.8026,612,25,1.216,80.475,20.16,2.2,crs_ts,eutro
NLA17_WA-10025,2017,61.453698276084474,51.47357719009709,46.95433,-119.2563,275,31,0.788,64.90125,26.88,NA,ncp_ts,mixo
NLA17_WA-10025,2017,61.453698276084474,51.47357719009709,46.95433,-119.2563,275,31,0.788,64.90125,26.88,NA,chla_ts,eutro
NLA17_WA-10025,2017,61.453698276084474,51.47357719009709,46.95433,-119.2563,275,31,0.788,64.90125,26.88,NA,ptl_ts,eutro
NLA17_WA-10025,2017,61.453698276084474,51.47357719009709,46.95433,-119.2563,275,31,0.788,64.90125,26.88,NA,sdd_ts,NA
NLA17_WA-10025,2017,61.453698276084474,51.47357719009709,46.95433,-119.2563,275,31,0.788,64.90125,26.88,NA,rot_ts,meso-eutro
NLA17_WA-10025,2017,61.453698276084474,51.47357719009709,46.95433,-119.2563,275,31,0.788,64.90125,26.88,NA,crs_ts,eutro
NLA17_WA-10026,2017,65.34444107450418,47.27755597647316,48.40071,-118.2503,684,39,1.313,81.48125,5.12,NA,ncp_ts,mixo
NLA17_WA-10026,2017,65.34444107450418,47.27755597647316,48.40071,-118.2503,684,39,1.313,81.48125,5.12,NA,chla_ts,meso
NLA17_WA-10026,2017,65.34444107450418,47.27755597647316,48.40071,-118.2503,684,39,1.313,81.48125,5.12,NA,ptl_ts,eutro
NLA17_WA-10026,2017,65.34444107450418,47.27755597647316,48.40071,-118.2503,684,39,1.313,81.48125,5.12,NA,sdd_ts,NA
NLA17_WA-10026,2017,65.34444107450418,47.27755597647316,48.40071,-118.2503,684,39,1.313,81.48125,5.12,NA,rot_ts,meso-eutro
NLA17_WA-10026,2017,65.34444107450418,47.27755597647316,48.40071,-118.2503,684,39,1.313,81.48125,5.12,NA,crs_ts,hypereu
NLA17_WA-10027,2017,62.42152589213336,50.87199370737774,48.13673,-122.297,99,2,0.553,13.455,1.98,6.9,ncp_ts,oligo
NLA17_WA-10027,2017,62.42152589213336,50.87199370737774,48.13673,-122.297,99,2,0.553,13.455,1.98,6.9,chla_ts,oligo
NLA17_WA-10027,2017,62.42152589213336,50.87199370737774,48.13673,-122.297,99,2,0.553,13.455,1.98,6.9,ptl_ts,meso
NLA17_WA-10027,2017,62.42152589213336,50.87199370737774,48.13673,-122.297,99,2,0.553,13.455,1.98,6.9,sdd_ts,oligo
NLA17_WA-10027,2017,62.42152589213336,50.87199370737774,48.13673,-122.297,99,2,0.553,13.455,1.98,6.9,rot_ts,meso-eutro
NLA17_WA-10027,2017,62.42152589213336,50.87199370737774,48.13673,-122.297,99,2,0.553,13.455,1.98,6.9,crs_ts,eutro
NLA17_WA-10038,2017,54.187619789978044,49.894133864263445,48.72561,-121.6434,214,10,0.015,5.57875,0.42,3.5,ncp_ts,oligo
NLA17_WA-10038,2017,54.187619789978044,49.894133864263445,48.72561,-121.6434,214,10,0.015,5.57875,0.42,3.5,chla_ts,oligo
NLA17_WA-10038,2017,54.187619789978044,49.894133864263445,48.72561,-121.6434,214,10,0.015,5.57875,0.42,3.5,ptl_ts,oligo
NLA17_WA-10038,2017,54.187619789978044,49.894133864263445,48.72561,-121.6434,214,10,0.015,5.57875,0.42,3.5,sdd_ts,meso
NLA17_WA-10038,2017,54.187619789978044,49.894133864263445,48.72561,-121.6434,214,10,0.015,5.57875,0.42,3.5,rot_ts,meso-eutro
NLA17_WA-10038,2017,54.187619789978044,49.894133864263445,48.72561,-121.6434,214,10,0.015,5.57875,0.42,3.5,crs_ts,meso-eutro
NLA17_WA-10048,2017,62.225216665957824,50.16008586752428,47.89651,-122.8824,58,34,0.456,27.4325,8.08,2.95,ncp_ts,dys
NLA17_WA-10048,2017,62.225216665957824,50.16008586752428,47.89651,-122.8824,58,34,0.456,27.4325,8.08,2.95,chla_ts,eutro
NLA17_WA-10048,2017,62.225216665957824,50.16008586752428,47.89651,-122.8824,58,34,0.456,27.4325,8.08,2.95,ptl_ts,eutro
NLA17_WA-10048,2017,62.225216665957824,50.16008586752428,47.89651,-122.8824,58,34,0.456,27.4325,8.08,2.95,sdd_ts,meso
NLA17_WA-10048,2017,62.225216665957824,50.16008586752428,47.89651,-122.8824,58,34,0.456,27.4325,8.08,2.95,rot_ts,meso-eutro
NLA17_WA-10048,2017,62.225216665957824,50.16008586752428,47.89651,-122.8824,58,34,0.456,27.4325,8.08,2.95,crs_ts,eutro
NLA17_WA-10049,2017,61.255885646542716,51.96536164725712,47.4213,-122.1878,133,70,0.631,29.67,11.54,0.5,ncp_ts,dys
NLA17_WA-10049,2017,61.255885646542716,51.96536164725712,47.4213,-122.1878,133,70,0.631,29.67,11.54,0.5,chla_ts,eutro
NLA17_WA-10049,2017,61.255885646542716,51.96536164725712,47.4213,-122.1878,133,70,0.631,29.67,11.54,0.5,ptl_ts,eutro
NLA17_WA-10049,2017,61.255885646542716,51.96536164725712,47.4213,-122.1878,133,70,0.631,29.67,11.54,0.5,sdd_ts,eutro
NLA17_WA-10049,2017,61.255885646542716,51.96536164725712,47.4213,-122.1878,133,70,0.631,29.67,11.54,0.5,rot_ts,meso-eutro
NLA17_WA-10049,2017,61.255885646542716,51.96536164725712,47.4213,-122.1878,133,70,0.631,29.67,11.54,0.5,crs_ts,eutro
NLA17_WA-10050,2017,66.20647845991768,43.181463759917904,47.93791,-118.9888,398,2,0.934,15.65125,2,3.9,ncp_ts,oligo
NLA17_WA-10050,2017,66.20647845991768,43.181463759917904,47.93791,-118.9888,398,2,0.934,15.65125,2,3.9,chla_ts,oligo
NLA17_WA-10050,2017,66.20647845991768,43.181463759917904,47.93791,-118.9888,398,2,0.934,15.65125,2,3.9,ptl_ts,meso
NLA17_WA-10050,2017,66.20647845991768,43.181463759917904,47.93791,-118.9888,398,2,0.934,15.65125,2,3.9,sdd_ts,meso
NLA17_WA-10050,2017,66.20647845991768,43.181463759917904,47.93791,-118.9888,398,2,0.934,15.65125,2,3.9,rot_ts,oligo-meso
NLA17_WA-10050,2017,66.20647845991768,43.181463759917904,47.93791,-118.9888,398,2,0.934,15.65125,2,3.9,crs_ts,hypereu
NLA17_WA-10052,2017,61.382211411877265,50.576058040602035,47.15698,-122.6829,60,4,0.356,8.2275,1.82,5.05,ncp_ts,oligo
NLA17_WA-10052,2017,61.382211411877265,50.576058040602035,47.15698,-122.6829,60,4,0.356,8.2275,1.82,5.05,chla_ts,oligo
NLA17_WA-10052,2017,61.382211411877265,50.576058040602035,47.15698,-122.6829,60,4,0.356,8.2275,1.82,5.05,ptl_ts,oligo
NLA17_WA-10052,2017,61.382211411877265,50.576058040602035,47.15698,-122.6829,60,4,0.356,8.2275,1.82,5.05,sdd_ts,oligo
NLA17_WA-10052,2017,61.382211411877265,50.576058040602035,47.15698,-122.6829,60,4,0.356,8.2275,1.82,5.05,rot_ts,meso-eutro
NLA17_WA-10052,2017,61.382211411877265,50.576058040602035,47.15698,-122.6829,60,4,0.356,8.2275,1.82,5.05,crs_ts,eutro
NLA17_WA-10056,2017,61.36426084020088,52.44994805576504,46.83236,-121.8633,1792,4,0.136,19.64625,0.31,NA,ncp_ts,oligo
NLA17_WA-10056,2017,61.36426084020088,52.44994805576504,46.83236,-121.8633,1792,4,0.136,19.64625,0.31,NA,chla_ts,oligo
NLA17_WA-10056,2017,61.36426084020088,52.44994805576504,46.83236,-121.8633,1792,4,0.136,19.64625,0.31,NA,ptl_ts,meso
NLA17_WA-10056,2017,61.36426084020088,52.44994805576504,46.83236,-121.8633,1792,4,0.136,19.64625,0.31,NA,sdd_ts,NA
NLA17_WA-10056,2017,61.36426084020088,52.44994805576504,46.83236,-121.8633,1792,4,0.136,19.64625,0.31,NA,rot_ts,meso-eutro
NLA17_WA-10056,2017,61.36426084020088,52.44994805576504,46.83236,-121.8633,1792,4,0.136,19.64625,0.31,NA,crs_ts,eutro
NLA17_WA-10057,2017,62.37279764912828,52.85268404701874,47.06505,-119.4241,317,39,2.468,174.555,135.5,0.35,ncp_ts,mixo
NLA17_WA-10057,2017,62.37279764912828,52.85268404701874,47.06505,-119.4241,317,39,2.468,174.555,135.5,0.35,chla_ts,hypereu
NLA17_WA-10057,2017,62.37279764912828,52.85268404701874,47.06505,-119.4241,317,39,2.468,174.555,135.5,0.35,ptl_ts,hypereu
NLA17_WA-10057,2017,62.37279764912828,52.85268404701874,47.06505,-119.4241,317,39,2.468,174.555,135.5,0.35,sdd_ts,hypereu
NLA17_WA-10057,2017,62.37279764912828,52.85268404701874,47.06505,-119.4241,317,39,2.468,174.555,135.5,0.35,rot_ts,meso-eutro
NLA17_WA-10057,2017,62.37279764912828,52.85268404701874,47.06505,-119.4241,317,39,2.468,174.555,135.5,0.35,crs_ts,eutro
NLA17_WA-10060,2017,56.195706096520134,53.29540099080879,47.4671,-121.4557,1225,4,0.084,1.93625,0.39,23.6,ncp_ts,oligo
NLA17_WA-10060,2017,56.195706096520134,53.29540099080879,47.4671,-121.4557,1225,4,0.084,1.93625,0.39,23.6,chla_ts,oligo
NLA17_WA-10060,2017,56.195706096520134,53.29540099080879,47.4671,-121.4557,1225,4,0.084,1.93625,0.39,23.6,ptl_ts,oligo
NLA17_WA-10060,2017,56.195706096520134,53.29540099080879,47.4671,-121.4557,1225,4,0.084,1.93625,0.39,23.6,sdd_ts,oligo
NLA17_WA-10060,2017,56.195706096520134,53.29540099080879,47.4671,-121.4557,1225,4,0.084,1.93625,0.39,23.6,rot_ts,meso-eutro
NLA17_WA-10060,2017,56.195706096520134,53.29540099080879,47.4671,-121.4557,1225,4,0.084,1.93625,0.39,23.6,crs_ts,eutro
NLA17_WA-10064,2017,61.57760417656237,51.03616733369935,47.02107,-122.831,62,40,0.84,59.40625,21.6,0.55,ncp_ts,mixo
NLA17_WA-10064,2017,61.57760417656237,51.03616733369935,47.02107,-122.831,62,40,0.84,59.40625,21.6,0.55,chla_ts,eutro
NLA17_WA-10064,2017,61.57760417656237,51.03616733369935,47.02107,-122.831,62,40,0.84,59.40625,21.6,0.55,ptl_ts,eutro
NLA17_WA-10064,2017,61.57760417656237,51.03616733369935,47.02107,-122.831,62,40,0.84,59.40625,21.6,0.55,sdd_ts,eutro
NLA17_WA-10064,2017,61.57760417656237,51.03616733369935,47.02107,-122.831,62,40,0.84,59.40625,21.6,0.55,rot_ts,meso-eutro
NLA17_WA-10064,2017,61.57760417656237,51.03616733369935,47.02107,-122.831,62,40,0.84,59.40625,21.6,0.55,crs_ts,eutro
NLA17_WA-HP001,2017,60.02097005257459,52.539616798135484,46.266753,-121.629648,1287.75,10,0.051,10.54875,1.28,8.025,ncp_ts,oligo
NLA17_WA-HP001,2017,60.02097005257459,52.539616798135484,46.266753,-121.629648,1287.75,10,0.051,10.54875,1.28,8.025,chla_ts,oligo
NLA17_WA-HP001,2017,60.02097005257459,52.539616798135484,46.266753,-121.629648,1287.75,10,0.051,10.54875,1.28,8.025,ptl_ts,oligo
NLA17_WA-HP001,2017,60.02097005257459,52.539616798135484,46.266753,-121.629648,1287.75,10,0.051,10.54875,1.28,8.025,sdd_ts,oligo
NLA17_WA-HP001,2017,60.02097005257459,52.539616798135484,46.266753,-121.629648,1287.75,10,0.051,10.54875,1.28,8.025,rot_ts,meso-eutro
NLA17_WA-HP001,2017,60.02097005257459,52.539616798135484,46.266753,-121.629648,1287.75,10,0.051,10.54875,1.28,8.025,crs_ts,eutro
NLA17_WA-HP002,2017,47.424550953468334,51.776570346672486,48.501411,-120.737873,1461.41,15,0.034,3.89125,0.45,13.05,ncp_ts,oligo
NLA17_WA-HP002,2017,47.424550953468334,51.776570346672486,48.501411,-120.737873,1461.41,15,0.034,3.89125,0.45,13.05,chla_ts,oligo
NLA17_WA-HP002,2017,47.424550953468334,51.776570346672486,48.501411,-120.737873,1461.41,15,0.034,3.89125,0.45,13.05,ptl_ts,oligo
NLA17_WA-HP002,2017,47.424550953468334,51.776570346672486,48.501411,-120.737873,1461.41,15,0.034,3.89125,0.45,13.05,sdd_ts,oligo
NLA17_WA-HP002,2017,47.424550953468334,51.776570346672486,48.501411,-120.737873,1461.41,15,0.034,3.89125,0.45,13.05,rot_ts,meso-eutro
NLA17_WA-HP002,2017,47.424550953468334,51.776570346672486,48.501411,-120.737873,1461.41,15,0.034,3.89125,0.45,13.05,crs_ts,meso-eutro
NLA17_WA-HP003,2017,66.67329435199535,45.549474343514675,47.58873889,-119.3227985,376.66,0,0.238,34.20875,1.52,6.199999999999999,ncp_ts,eutro
NLA17_WA-HP003,2017,66.67329435199535,45.549474343514675,47.58873889,-119.3227985,376.66,0,0.238,34.20875,1.52,6.199999999999999,chla_ts,oligo
NLA17_WA-HP003,2017,66.67329435199535,45.549474343514675,47.58873889,-119.3227985,376.66,0,0.238,34.20875,1.52,6.199999999999999,ptl_ts,eutro
NLA17_WA-HP003,2017,66.67329435199535,45.549474343514675,47.58873889,-119.3227985,376.66,0,0.238,34.20875,1.52,6.199999999999999,sdd_ts,oligo
NLA17_WA-HP003,2017,66.67329435199535,45.549474343514675,47.58873889,-119.3227985,376.66,0,0.238,34.20875,1.52,6.199999999999999,rot_ts,meso-eutro
NLA17_WA-HP003,2017,66.67329435199535,45.549474343514675,47.58873889,-119.3227985,376.66,0,0.238,34.20875,1.52,6.199999999999999,crs_ts,hypereu
NLA17_WI-10001,2017,72.37145125696611,46.165002032850936,42.96456,-89.2538,256,17.5,1.0150000000000001,80.5,61.2,1.0625,ncp_ts,eutro
NLA17_WI-10001,2017,72.37145125696611,46.165002032850936,42.96456,-89.2538,256,17.5,1.0150000000000001,80.5,61.2,1.0625,chla_ts,hypereu
NLA17_WI-10001,2017,72.37145125696611,46.165002032850936,42.96456,-89.2538,256,17.5,1.0150000000000001,80.5,61.2,1.0625,ptl_ts,eutro
NLA17_WI-10001,2017,72.37145125696611,46.165002032850936,42.96456,-89.2538,256,17.5,1.0150000000000001,80.5,61.2,1.0625,sdd_ts,eutro
NLA17_WI-10001,2017,72.37145125696611,46.165002032850936,42.96456,-89.2538,256,17.5,1.0150000000000001,80.5,61.2,1.0625,rot_ts,meso-eutro
NLA17_WI-10001,2017,72.37145125696611,46.165002032850936,42.96456,-89.2538,256,17.5,1.0150000000000001,80.5,61.2,1.0625,crs_ts,hypereu
NLA17_WI-10002,2017,60.63812031145117,52.977082652742936,44.32364,-89.19101,271,5,0.789,9.14,1.46,4.125,ncp_ts,oligo
NLA17_WI-10002,2017,60.63812031145117,52.977082652742936,44.32364,-89.19101,271,5,0.789,9.14,1.46,4.125,chla_ts,oligo
NLA17_WI-10002,2017,60.63812031145117,52.977082652742936,44.32364,-89.19101,271,5,0.789,9.14,1.46,4.125,ptl_ts,oligo
NLA17_WI-10002,2017,60.63812031145117,52.977082652742936,44.32364,-89.19101,271,5,0.789,9.14,1.46,4.125,sdd_ts,oligo
NLA17_WI-10002,2017,60.63812031145117,52.977082652742936,44.32364,-89.19101,271,5,0.789,9.14,1.46,4.125,rot_ts,meso-eutro
NLA17_WI-10002,2017,60.63812031145117,52.977082652742936,44.32364,-89.19101,271,5,0.789,9.14,1.46,4.125,crs_ts,eutro
NLA17_WI-10003,2017,62.53433948890867,50.70265211666889,43.09787,-88.46216,262,15,0.409,12.5,3.94,2.625,ncp_ts,oligo
NLA17_WI-10003,2017,62.53433948890867,50.70265211666889,43.09787,-88.46216,262,15,0.409,12.5,3.94,2.625,chla_ts,meso
NLA17_WI-10003,2017,62.53433948890867,50.70265211666889,43.09787,-88.46216,262,15,0.409,12.5,3.94,2.625,ptl_ts,meso
NLA17_WI-10003,2017,62.53433948890867,50.70265211666889,43.09787,-88.46216,262,15,0.409,12.5,3.94,2.625,sdd_ts,meso
NLA17_WI-10003,2017,62.53433948890867,50.70265211666889,43.09787,-88.46216,262,15,0.409,12.5,3.94,2.625,rot_ts,meso-eutro
NLA17_WI-10003,2017,62.53433948890867,50.70265211666889,43.09787,-88.46216,262,15,0.409,12.5,3.94,2.625,crs_ts,eutro
NLA17_WI-10004,2017,61.47149173470389,51.30844913846828,45.3155,-92.56407,286,10,0.187,10.6,4.62,3.875,ncp_ts,oligo
NLA17_WI-10004,2017,61.47149173470389,51.30844913846828,45.3155,-92.56407,286,10,0.187,10.6,4.62,3.875,chla_ts,meso
NLA17_WI-10004,2017,61.47149173470389,51.30844913846828,45.3155,-92.56407,286,10,0.187,10.6,4.62,3.875,ptl_ts,oligo
NLA17_WI-10004,2017,61.47149173470389,51.30844913846828,45.3155,-92.56407,286,10,0.187,10.6,4.62,3.875,sdd_ts,meso
NLA17_WI-10004,2017,61.47149173470389,51.30844913846828,45.3155,-92.56407,286,10,0.187,10.6,4.62,3.875,rot_ts,meso-eutro
NLA17_WI-10004,2017,61.47149173470389,51.30844913846828,45.3155,-92.56407,286,10,0.187,10.6,4.62,3.875,crs_ts,eutro
NLA17_WI-10005,2017,62.92750842665151,54.08456670436126,43.54511,-89.36625,235,30,0.575,32.4,29.8,0.75,ncp_ts,mixo
NLA17_WI-10005,2017,62.92750842665151,54.08456670436126,43.54511,-89.36625,235,30,0.575,32.4,29.8,0.75,chla_ts,eutro
NLA17_WI-10005,2017,62.92750842665151,54.08456670436126,43.54511,-89.36625,235,30,0.575,32.4,29.8,0.75,ptl_ts,eutro
NLA17_WI-10005,2017,62.92750842665151,54.08456670436126,43.54511,-89.36625,235,30,0.575,32.4,29.8,0.75,sdd_ts,eutro
NLA17_WI-10005,2017,62.92750842665151,54.08456670436126,43.54511,-89.36625,235,30,0.575,32.4,29.8,0.75,rot_ts,meso-eutro
NLA17_WI-10005,2017,62.92750842665151,54.08456670436126,43.54511,-89.36625,235,30,0.575,32.4,29.8,0.75,crs_ts,eutro
NLA17_WI-10006,2017,61.64773680272548,53.568460467924325,44.88914,-88.47493,256,10,0.483,11.8,4.18,3.2,ncp_ts,oligo
NLA17_WI-10006,2017,61.64773680272548,53.568460467924325,44.88914,-88.47493,256,10,0.483,11.8,4.18,3.2,chla_ts,meso
NLA17_WI-10006,2017,61.64773680272548,53.568460467924325,44.88914,-88.47493,256,10,0.483,11.8,4.18,3.2,ptl_ts,oligo
NLA17_WI-10006,2017,61.64773680272548,53.568460467924325,44.88914,-88.47493,256,10,0.483,11.8,4.18,3.2,sdd_ts,meso
NLA17_WI-10006,2017,61.64773680272548,53.568460467924325,44.88914,-88.47493,256,10,0.483,11.8,4.18,3.2,rot_ts,meso-eutro
NLA17_WI-10006,2017,61.64773680272548,53.568460467924325,44.88914,-88.47493,256,10,0.483,11.8,4.18,3.2,crs_ts,eutro
NLA17_WI-10007,2017,60.942370194069305,53.05844526201224,45.76453,-90.66041,434,200,0.566,38.9,11.6,1,ncp_ts,mixo
NLA17_WI-10007,2017,60.942370194069305,53.05844526201224,45.76453,-90.66041,434,200,0.566,38.9,11.6,1,chla_ts,eutro
NLA17_WI-10007,2017,60.942370194069305,53.05844526201224,45.76453,-90.66041,434,200,0.566,38.9,11.6,1,ptl_ts,eutro
NLA17_WI-10007,2017,60.942370194069305,53.05844526201224,45.76453,-90.66041,434,200,0.566,38.9,11.6,1,sdd_ts,eutro
NLA17_WI-10007,2017,60.942370194069305,53.05844526201224,45.76453,-90.66041,434,200,0.566,38.9,11.6,1,rot_ts,meso-eutro
NLA17_WI-10007,2017,60.942370194069305,53.05844526201224,45.76453,-90.66041,434,200,0.566,38.9,11.6,1,crs_ts,eutro
NLA17_WI-10008,2017,69.9769061470918,55.09318870007974,46.55919,-91.39356,336,15,0.6114999999999999,36.3,5.140000000000001,NA,ncp_ts,eutro
NLA17_WI-10008,2017,69.9769061470918,55.09318870007974,46.55919,-91.39356,336,15,0.6114999999999999,36.3,5.140000000000001,NA,chla_ts,meso
NLA17_WI-10008,2017,69.9769061470918,55.09318870007974,46.55919,-91.39356,336,15,0.6114999999999999,36.3,5.140000000000001,NA,ptl_ts,eutro
NLA17_WI-10008,2017,69.9769061470918,55.09318870007974,46.55919,-91.39356,336,15,0.6114999999999999,36.3,5.140000000000001,NA,sdd_ts,NA
NLA17_WI-10008,2017,69.9769061470918,55.09318870007974,46.55919,-91.39356,336,15,0.6114999999999999,36.3,5.140000000000001,NA,rot_ts,eutro
NLA17_WI-10008,2017,69.9769061470918,55.09318870007974,46.55919,-91.39356,336,15,0.6114999999999999,36.3,5.140000000000001,NA,crs_ts,hypereu
NLA17_WI-10009,2017,66.30819339494187,48.248583437805294,44.43379,-92.071,204,120,0.849,204,159,0.475,ncp_ts,mixo
NLA17_WI-10009,2017,66.30819339494187,48.248583437805294,44.43379,-92.071,204,120,0.849,204,159,0.475,chla_ts,hypereu
NLA17_WI-10009,2017,66.30819339494187,48.248583437805294,44.43379,-92.071,204,120,0.849,204,159,0.475,ptl_ts,hypereu
NLA17_WI-10009,2017,66.30819339494187,48.248583437805294,44.43379,-92.071,204,120,0.849,204,159,0.475,sdd_ts,hypereu
NLA17_WI-10009,2017,66.30819339494187,48.248583437805294,44.43379,-92.071,204,120,0.849,204,159,0.475,rot_ts,meso-eutro
NLA17_WI-10009,2017,66.30819339494187,48.248583437805294,44.43379,-92.071,204,120,0.849,204,159,0.475,crs_ts,hypereu
NLA17_WI-10010,2017,61.85528984478659,53.880561220802115,43.60641,-90.09231,279,10,0.285,43.4,18.5,1.375,ncp_ts,eutro
NLA17_WI-10010,2017,61.85528984478659,53.880561220802115,43.60641,-90.09231,279,10,0.285,43.4,18.5,1.375,chla_ts,eutro
NLA17_WI-10010,2017,61.85528984478659,53.880561220802115,43.60641,-90.09231,279,10,0.285,43.4,18.5,1.375,ptl_ts,eutro
NLA17_WI-10010,2017,61.85528984478659,53.880561220802115,43.60641,-90.09231,279,10,0.285,43.4,18.5,1.375,sdd_ts,eutro
NLA17_WI-10010,2017,61.85528984478659,53.880561220802115,43.60641,-90.09231,279,10,0.285,43.4,18.5,1.375,rot_ts,meso-eutro
NLA17_WI-10010,2017,61.85528984478659,53.880561220802115,43.60641,-90.09231,279,10,0.285,43.4,18.5,1.375,crs_ts,eutro
NLA17_WI-10011,2017,66.26310319281069,49.98425322434895,42.7318,-88.94242,265,15,1.14,127,44.3,0.5,ncp_ts,eutro
NLA17_WI-10011,2017,66.26310319281069,49.98425322434895,42.7318,-88.94242,265,15,1.14,127,44.3,0.5,chla_ts,eutro
NLA17_WI-10011,2017,66.26310319281069,49.98425322434895,42.7318,-88.94242,265,15,1.14,127,44.3,0.5,ptl_ts,hypereu
NLA17_WI-10011,2017,66.26310319281069,49.98425322434895,42.7318,-88.94242,265,15,1.14,127,44.3,0.5,sdd_ts,eutro
NLA17_WI-10011,2017,66.26310319281069,49.98425322434895,42.7318,-88.94242,265,15,1.14,127,44.3,0.5,rot_ts,meso-eutro
NLA17_WI-10011,2017,66.26310319281069,49.98425322434895,42.7318,-88.94242,265,15,1.14,127,44.3,0.5,crs_ts,hypereu
NLA17_WI-10012,2017,60.82935172493269,52.2659985134193,45.73497,-91.57065,410,40,0.398,28.9,7.3,1.875,ncp_ts,dys
NLA17_WI-10012,2017,60.82935172493269,52.2659985134193,45.73497,-91.57065,410,40,0.398,28.9,7.3,1.875,chla_ts,meso
NLA17_WI-10012,2017,60.82935172493269,52.2659985134193,45.73497,-91.57065,410,40,0.398,28.9,7.3,1.875,ptl_ts,eutro
NLA17_WI-10012,2017,60.82935172493269,52.2659985134193,45.73497,-91.57065,410,40,0.398,28.9,7.3,1.875,sdd_ts,eutro
NLA17_WI-10012,2017,60.82935172493269,52.2659985134193,45.73497,-91.57065,410,40,0.398,28.9,7.3,1.875,rot_ts,meso-eutro
NLA17_WI-10012,2017,60.82935172493269,52.2659985134193,45.73497,-91.57065,410,40,0.398,28.9,7.3,1.875,crs_ts,eutro
NLA17_WI-10013,2017,60.82935172493269,52.71459156951139,43.53712,-90.95935,277,5,2.66,14.1,0.751,NA,ncp_ts,oligo
NLA17_WI-10013,2017,60.82935172493269,52.71459156951139,43.53712,-90.95935,277,5,2.66,14.1,0.751,NA,chla_ts,oligo
NLA17_WI-10013,2017,60.82935172493269,52.71459156951139,43.53712,-90.95935,277,5,2.66,14.1,0.751,NA,ptl_ts,meso
NLA17_WI-10013,2017,60.82935172493269,52.71459156951139,43.53712,-90.95935,277,5,2.66,14.1,0.751,NA,sdd_ts,NA
NLA17_WI-10013,2017,60.82935172493269,52.71459156951139,43.53712,-90.95935,277,5,2.66,14.1,0.751,NA,rot_ts,meso-eutro
NLA17_WI-10013,2017,60.82935172493269,52.71459156951139,43.53712,-90.95935,277,5,2.66,14.1,0.751,NA,crs_ts,eutro
NLA17_WI-10014,2017,64.31337727183062,49.2376934302347,44.33295,-89.18304,272,30,1.91,20.5,3.96,2.625,ncp_ts,dys
NLA17_WI-10014,2017,64.31337727183062,49.2376934302347,44.33295,-89.18304,272,30,1.91,20.5,3.96,2.625,chla_ts,meso
NLA17_WI-10014,2017,64.31337727183062,49.2376934302347,44.33295,-89.18304,272,30,1.91,20.5,3.96,2.625,ptl_ts,meso
NLA17_WI-10014,2017,64.31337727183062,49.2376934302347,44.33295,-89.18304,272,30,1.91,20.5,3.96,2.625,sdd_ts,meso
NLA17_WI-10014,2017,64.31337727183062,49.2376934302347,44.33295,-89.18304,272,30,1.91,20.5,3.96,2.625,rot_ts,meso-eutro
NLA17_WI-10014,2017,64.31337727183062,49.2376934302347,44.33295,-89.18304,272,30,1.91,20.5,3.96,2.625,crs_ts,eutro
NLA17_WI-10016,2017,61.274028768571974,50.446413213106695,45.62225,-90.48676,454,50,0.309,18.2,4.13,2.375,ncp_ts,dys
NLA17_WI-10016,2017,61.274028768571974,50.446413213106695,45.62225,-90.48676,454,50,0.309,18.2,4.13,2.375,chla_ts,meso
NLA17_WI-10016,2017,61.274028768571974,50.446413213106695,45.62225,-90.48676,454,50,0.309,18.2,4.13,2.375,ptl_ts,meso
NLA17_WI-10016,2017,61.274028768571974,50.446413213106695,45.62225,-90.48676,454,50,0.309,18.2,4.13,2.375,sdd_ts,meso
NLA17_WI-10016,2017,61.274028768571974,50.446413213106695,45.62225,-90.48676,454,50,0.309,18.2,4.13,2.375,rot_ts,meso-eutro
NLA17_WI-10016,2017,61.274028768571974,50.446413213106695,45.62225,-90.48676,454,50,0.309,18.2,4.13,2.375,crs_ts,eutro
NLA17_WI-10017,2017,57.07067180654747,51.96536164725712,46.35399,-91.53581,358,30,0.445,31.4,12.9,1.65,ncp_ts,mixo
NLA17_WI-10017,2017,57.07067180654747,51.96536164725712,46.35399,-91.53581,358,30,0.445,31.4,12.9,1.65,chla_ts,eutro
NLA17_WI-10017,2017,57.07067180654747,51.96536164725712,46.35399,-91.53581,358,30,0.445,31.4,12.9,1.65,ptl_ts,eutro
NLA17_WI-10017,2017,57.07067180654747,51.96536164725712,46.35399,-91.53581,358,30,0.445,31.4,12.9,1.65,sdd_ts,eutro
NLA17_WI-10017,2017,57.07067180654747,51.96536164725712,46.35399,-91.53581,358,30,0.445,31.4,12.9,1.65,rot_ts,meso-eutro
NLA17_WI-10017,2017,57.07067180654747,51.96536164725712,46.35399,-91.53581,358,30,0.445,31.4,12.9,1.65,crs_ts,eutro
NLA17_WI-10020,2017,65.1459903603275,48.76583740757991,45.75032,-92.43545,301,15,0.228,17.8,4.87,3.35,ncp_ts,oligo
NLA17_WI-10020,2017,65.1459903603275,48.76583740757991,45.75032,-92.43545,301,15,0.228,17.8,4.87,3.35,chla_ts,meso
NLA17_WI-10020,2017,65.1459903603275,48.76583740757991,45.75032,-92.43545,301,15,0.228,17.8,4.87,3.35,ptl_ts,meso
NLA17_WI-10020,2017,65.1459903603275,48.76583740757991,45.75032,-92.43545,301,15,0.228,17.8,4.87,3.35,sdd_ts,meso
NLA17_WI-10020,2017,65.1459903603275,48.76583740757991,45.75032,-92.43545,301,15,0.228,17.8,4.87,3.35,rot_ts,meso-eutro
NLA17_WI-10020,2017,65.1459903603275,48.76583740757991,45.75032,-92.43545,301,15,0.228,17.8,4.87,3.35,crs_ts,hypereu
NLA17_WI-10021,2017,61.70002167639676,55.40876261848058,46.03363,-92.17979,290,10,0.375,9.39,8.55,3.6500000000000004,ncp_ts,oligo
NLA17_WI-10021,2017,61.70002167639676,55.40876261848058,46.03363,-92.17979,290,10,0.375,9.39,8.55,3.6500000000000004,chla_ts,eutro
NLA17_WI-10021,2017,61.70002167639676,55.40876261848058,46.03363,-92.17979,290,10,0.375,9.39,8.55,3.6500000000000004,ptl_ts,oligo
NLA17_WI-10021,2017,61.70002167639676,55.40876261848058,46.03363,-92.17979,290,10,0.375,9.39,8.55,3.6500000000000004,sdd_ts,meso
NLA17_WI-10021,2017,61.70002167639676,55.40876261848058,46.03363,-92.17979,290,10,0.375,9.39,8.55,3.6500000000000004,rot_ts,eutro
NLA17_WI-10021,2017,61.70002167639676,55.40876261848058,46.03363,-92.17979,290,10,0.375,9.39,8.55,3.6500000000000004,crs_ts,eutro
NLA17_WI-10022,2017,61.9744462860207,52.31257889097726,45.47702,-88.76988,501,10,0.274,11.6,1.87,4.125,ncp_ts,oligo
NLA17_WI-10022,2017,61.9744462860207,52.31257889097726,45.47702,-88.76988,501,10,0.274,11.6,1.87,4.125,chla_ts,oligo
NLA17_WI-10022,2017,61.9744462860207,52.31257889097726,45.47702,-88.76988,501,10,0.274,11.6,1.87,4.125,ptl_ts,oligo
NLA17_WI-10022,2017,61.9744462860207,52.31257889097726,45.47702,-88.76988,501,10,0.274,11.6,1.87,4.125,sdd_ts,oligo
NLA17_WI-10022,2017,61.9744462860207,52.31257889097726,45.47702,-88.76988,501,10,0.274,11.6,1.87,4.125,rot_ts,meso-eutro
NLA17_WI-10022,2017,61.9744462860207,52.31257889097726,45.47702,-88.76988,501,10,0.274,11.6,1.87,4.125,crs_ts,eutro
NLA17_WI-10024,2017,62.58231412560748,48.92050925105852,45.27248,-92.55141,283,20,0.403,25,6.32,NA,ncp_ts,oligo
NLA17_WI-10024,2017,62.58231412560748,48.92050925105852,45.27248,-92.55141,283,20,0.403,25,6.32,NA,chla_ts,meso
NLA17_WI-10024,2017,62.58231412560748,48.92050925105852,45.27248,-92.55141,283,20,0.403,25,6.32,NA,ptl_ts,eutro
NLA17_WI-10024,2017,62.58231412560748,48.92050925105852,45.27248,-92.55141,283,20,0.403,25,6.32,NA,sdd_ts,NA
NLA17_WI-10024,2017,62.58231412560748,48.92050925105852,45.27248,-92.55141,283,20,0.403,25,6.32,NA,rot_ts,meso-eutro
NLA17_WI-10024,2017,62.58231412560748,48.92050925105852,45.27248,-92.55141,283,20,0.403,25,6.32,NA,crs_ts,eutro
NLA17_WI-10025,2017,61.75204020221854,50.52780659609479,45.86692,-89.26935,503,200,0.373,30,22.3,0.5,ncp_ts,dys
NLA17_WI-10025,2017,61.75204020221854,50.52780659609479,45.86692,-89.26935,503,200,0.373,30,22.3,0.5,chla_ts,eutro
NLA17_WI-10025,2017,61.75204020221854,50.52780659609479,45.86692,-89.26935,503,200,0.373,30,22.3,0.5,ptl_ts,eutro
NLA17_WI-10025,2017,61.75204020221854,50.52780659609479,45.86692,-89.26935,503,200,0.373,30,22.3,0.5,sdd_ts,eutro
NLA17_WI-10025,2017,61.75204020221854,50.52780659609479,45.86692,-89.26935,503,200,0.373,30,22.3,0.5,rot_ts,meso-eutro
NLA17_WI-10025,2017,61.75204020221854,50.52780659609479,45.86692,-89.26935,503,200,0.373,30,22.3,0.5,crs_ts,eutro
NLA17_WI-10027,2017,60.69587279272856,52.56180239658465,45.70825,-89.55144,490,100,0.405,39.8,29.9,1.5,ncp_ts,mixo
NLA17_WI-10027,2017,60.69587279272856,52.56180239658465,45.70825,-89.55144,490,100,0.405,39.8,29.9,1.5,chla_ts,eutro
NLA17_WI-10027,2017,60.69587279272856,52.56180239658465,45.70825,-89.55144,490,100,0.405,39.8,29.9,1.5,ptl_ts,eutro
NLA17_WI-10027,2017,60.69587279272856,52.56180239658465,45.70825,-89.55144,490,100,0.405,39.8,29.9,1.5,sdd_ts,eutro
NLA17_WI-10027,2017,60.69587279272856,52.56180239658465,45.70825,-89.55144,490,100,0.405,39.8,29.9,1.5,rot_ts,meso-eutro
NLA17_WI-10027,2017,60.69587279272856,52.56180239658465,45.70825,-89.55144,490,100,0.405,39.8,29.9,1.5,crs_ts,eutro
NLA17_WI-10028,2017,63.68637627799743,51.15249619009018,45.26693,-92.53087,290,15,0.319,37.6,20.8,1.25,ncp_ts,eutro
NLA17_WI-10028,2017,63.68637627799743,51.15249619009018,45.26693,-92.53087,290,15,0.319,37.6,20.8,1.25,chla_ts,eutro
NLA17_WI-10028,2017,63.68637627799743,51.15249619009018,45.26693,-92.53087,290,15,0.319,37.6,20.8,1.25,ptl_ts,eutro
NLA17_WI-10028,2017,63.68637627799743,51.15249619009018,45.26693,-92.53087,290,15,0.319,37.6,20.8,1.25,sdd_ts,eutro
NLA17_WI-10028,2017,63.68637627799743,51.15249619009018,45.26693,-92.53087,290,15,0.319,37.6,20.8,1.25,rot_ts,meso-eutro
NLA17_WI-10028,2017,63.68637627799743,51.15249619009018,45.26693,-92.53087,290,15,0.319,37.6,20.8,1.25,crs_ts,eutro
NLA17_WI-10066,2017,64.90548431803981,52.17161012749741,43.73223,-88.3948,262,10,0.818,10.7,1.65,5.875,ncp_ts,oligo
NLA17_WI-10066,2017,64.90548431803981,52.17161012749741,43.73223,-88.3948,262,10,0.818,10.7,1.65,5.875,chla_ts,oligo
NLA17_WI-10066,2017,64.90548431803981,52.17161012749741,43.73223,-88.3948,262,10,0.818,10.7,1.65,5.875,ptl_ts,oligo
NLA17_WI-10066,2017,64.90548431803981,52.17161012749741,43.73223,-88.3948,262,10,0.818,10.7,1.65,5.875,sdd_ts,oligo
NLA17_WI-10066,2017,64.90548431803981,52.17161012749741,43.73223,-88.3948,262,10,0.818,10.7,1.65,5.875,rot_ts,meso-eutro
NLA17_WI-10066,2017,64.90548431803981,52.17161012749741,43.73223,-88.3948,262,10,0.818,10.7,1.65,5.875,crs_ts,eutro
NLA17_WI-10069,2017,65.1083710837538,48.898683663316106,46.25996,-91.04724,436,100,0.254,24.1,9.03,1.125,ncp_ts,dys
NLA17_WI-10069,2017,65.1083710837538,48.898683663316106,46.25996,-91.04724,436,100,0.254,24.1,9.03,1.125,chla_ts,eutro
NLA17_WI-10069,2017,65.1083710837538,48.898683663316106,46.25996,-91.04724,436,100,0.254,24.1,9.03,1.125,ptl_ts,eutro
NLA17_WI-10069,2017,65.1083710837538,48.898683663316106,46.25996,-91.04724,436,100,0.254,24.1,9.03,1.125,sdd_ts,eutro
NLA17_WI-10069,2017,65.1083710837538,48.898683663316106,46.25996,-91.04724,436,100,0.254,24.1,9.03,1.125,rot_ts,meso-eutro
NLA17_WI-10069,2017,65.1083710837538,48.898683663316106,46.25996,-91.04724,436,100,0.254,24.1,9.03,1.125,crs_ts,hypereu
NLA17_WI-10070,2017,63.09590386123166,51.223944783343455,45.04591,-88.92518,372,50,0.405,20.1,15.1,1.675,ncp_ts,dys
NLA17_WI-10070,2017,63.09590386123166,51.223944783343455,45.04591,-88.92518,372,50,0.405,20.1,15.1,1.675,chla_ts,eutro
NLA17_WI-10070,2017,63.09590386123166,51.223944783343455,45.04591,-88.92518,372,50,0.405,20.1,15.1,1.675,ptl_ts,meso
NLA17_WI-10070,2017,63.09590386123166,51.223944783343455,45.04591,-88.92518,372,50,0.405,20.1,15.1,1.675,sdd_ts,eutro
NLA17_WI-10070,2017,63.09590386123166,51.223944783343455,45.04591,-88.92518,372,50,0.405,20.1,15.1,1.675,rot_ts,meso-eutro
NLA17_WI-10070,2017,63.09590386123166,51.223944783343455,45.04591,-88.92518,372,50,0.405,20.1,15.1,1.675,crs_ts,eutro
NLA17_WI-10072,2017,63.171558223579964,50.446413213106695,45.58092,-91.90127,385,50,0.45,20.6,16.4,1.5,ncp_ts,dys
NLA17_WI-10072,2017,63.171558223579964,50.446413213106695,45.58092,-91.90127,385,50,0.45,20.6,16.4,1.5,chla_ts,eutro
NLA17_WI-10072,2017,63.171558223579964,50.446413213106695,45.58092,-91.90127,385,50,0.45,20.6,16.4,1.5,ptl_ts,meso
NLA17_WI-10072,2017,63.171558223579964,50.446413213106695,45.58092,-91.90127,385,50,0.45,20.6,16.4,1.5,sdd_ts,eutro
NLA17_WI-10072,2017,63.171558223579964,50.446413213106695,45.58092,-91.90127,385,50,0.45,20.6,16.4,1.5,rot_ts,meso-eutro
NLA17_WI-10072,2017,63.171558223579964,50.446413213106695,45.58092,-91.90127,385,50,0.45,20.6,16.4,1.5,crs_ts,eutro
NLA17_WI-10073,2017,61.6127307841972,51.15249619009018,46.45783,-91.72485,341,250,0.537,58.5,18.9,0.475,ncp_ts,mixo
NLA17_WI-10073,2017,61.6127307841972,51.15249619009018,46.45783,-91.72485,341,250,0.537,58.5,18.9,0.475,chla_ts,eutro
NLA17_WI-10073,2017,61.6127307841972,51.15249619009018,46.45783,-91.72485,341,250,0.537,58.5,18.9,0.475,ptl_ts,eutro
NLA17_WI-10073,2017,61.6127307841972,51.15249619009018,46.45783,-91.72485,341,250,0.537,58.5,18.9,0.475,sdd_ts,hypereu
NLA17_WI-10073,2017,61.6127307841972,51.15249619009018,46.45783,-91.72485,341,250,0.537,58.5,18.9,0.475,rot_ts,meso-eutro
NLA17_WI-10073,2017,61.6127307841972,51.15249619009018,46.45783,-91.72485,341,250,0.537,58.5,18.9,0.475,crs_ts,eutro
NLA17_WI-10076,2017,64.06701102087139,53.757884895900105,45.30485,-91.4615,345,60,0.652,49.5,34.2,1.625,ncp_ts,mixo
NLA17_WI-10076,2017,64.06701102087139,53.757884895900105,45.30485,-91.4615,345,60,0.652,49.5,34.2,1.625,chla_ts,eutro
NLA17_WI-10076,2017,64.06701102087139,53.757884895900105,45.30485,-91.4615,345,60,0.652,49.5,34.2,1.625,ptl_ts,eutro
NLA17_WI-10076,2017,64.06701102087139,53.757884895900105,45.30485,-91.4615,345,60,0.652,49.5,34.2,1.625,sdd_ts,eutro
NLA17_WI-10076,2017,64.06701102087139,53.757884895900105,45.30485,-91.4615,345,60,0.652,49.5,34.2,1.625,rot_ts,meso-eutro
NLA17_WI-10076,2017,64.06701102087139,53.757884895900105,45.30485,-91.4615,345,60,0.652,49.5,34.2,1.625,crs_ts,eutro
NLA17_WI-10077,2017,62.02509244732254,54.63888007969376,45.95858,-89.43652,497,80,0.224,19.1,1.62,1.625,ncp_ts,dys
NLA17_WI-10077,2017,62.02509244732254,54.63888007969376,45.95858,-89.43652,497,80,0.224,19.1,1.62,1.625,chla_ts,oligo
NLA17_WI-10077,2017,62.02509244732254,54.63888007969376,45.95858,-89.43652,497,80,0.224,19.1,1.62,1.625,ptl_ts,meso
NLA17_WI-10077,2017,62.02509244732254,54.63888007969376,45.95858,-89.43652,497,80,0.224,19.1,1.62,1.625,sdd_ts,eutro
NLA17_WI-10077,2017,62.02509244732254,54.63888007969376,45.95858,-89.43652,497,80,0.224,19.1,1.62,1.625,rot_ts,meso-eutro
NLA17_WI-10077,2017,62.02509244732254,54.63888007969376,45.95858,-89.43652,497,80,0.224,19.1,1.62,1.625,crs_ts,eutro
NLA17_WI-10078,2017,66.71673796927452,51.827565989147935,42.81315,-88.517,262,10,0.691,23.5,3.39,NA,ncp_ts,oligo
NLA17_WI-10078,2017,66.71673796927452,51.827565989147935,42.81315,-88.517,262,10,0.691,23.5,3.39,NA,chla_ts,meso
NLA17_WI-10078,2017,66.71673796927452,51.827565989147935,42.81315,-88.517,262,10,0.691,23.5,3.39,NA,ptl_ts,meso
NLA17_WI-10078,2017,66.71673796927452,51.827565989147935,42.81315,-88.517,262,10,0.691,23.5,3.39,NA,sdd_ts,NA
NLA17_WI-10078,2017,66.71673796927452,51.827565989147935,42.81315,-88.517,262,10,0.691,23.5,3.39,NA,rot_ts,meso-eutro
NLA17_WI-10078,2017,66.71673796927452,51.827565989147935,42.81315,-88.517,262,10,0.691,23.5,3.39,NA,crs_ts,hypereu
NLA17_WI-10079,2017,38.73675098251108,51.95297959346018,45.43764,-89.48307,528,20,0.189,8.39,3.26,7.75,ncp_ts,oligo
NLA17_WI-10079,2017,38.73675098251108,51.95297959346018,45.43764,-89.48307,528,20,0.189,8.39,3.26,7.75,chla_ts,meso
NLA17_WI-10079,2017,38.73675098251108,51.95297959346018,45.43764,-89.48307,528,20,0.189,8.39,3.26,7.75,ptl_ts,oligo
NLA17_WI-10079,2017,38.73675098251108,51.95297959346018,45.43764,-89.48307,528,20,0.189,8.39,3.26,7.75,sdd_ts,oligo
NLA17_WI-10079,2017,38.73675098251108,51.95297959346018,45.43764,-89.48307,528,20,0.189,8.39,3.26,7.75,rot_ts,meso-eutro
NLA17_WI-10079,2017,38.73675098251108,51.95297959346018,45.43764,-89.48307,528,20,0.189,8.39,3.26,7.75,crs_ts,oligo-meso
NLA17_WI-10080,2017,60.791395300045245,50.90221850597446,46.57631,-91.34088,333,5,0.241,15,5.3,4,ncp_ts,oligo
NLA17_WI-10080,2017,60.791395300045245,50.90221850597446,46.57631,-91.34088,333,5,0.241,15,5.3,4,chla_ts,meso
NLA17_WI-10080,2017,60.791395300045245,50.90221850597446,46.57631,-91.34088,333,5,0.241,15,5.3,4,ptl_ts,meso
NLA17_WI-10080,2017,60.791395300045245,50.90221850597446,46.57631,-91.34088,333,5,0.241,15,5.3,4,sdd_ts,oligo
NLA17_WI-10080,2017,60.791395300045245,50.90221850597446,46.57631,-91.34088,333,5,0.241,15,5.3,4,rot_ts,meso-eutro
NLA17_WI-10080,2017,60.791395300045245,50.90221850597446,46.57631,-91.34088,333,5,0.241,15,5.3,4,crs_ts,eutro
NLA17_WI-10085,2017,57.92245203628623,52.67137848578011,46.00527,-91.52462,354,15,0.308,38,17.9,1.8,ncp_ts,eutro
NLA17_WI-10085,2017,57.92245203628623,52.67137848578011,46.00527,-91.52462,354,15,0.308,38,17.9,1.8,chla_ts,eutro
NLA17_WI-10085,2017,57.92245203628623,52.67137848578011,46.00527,-91.52462,354,15,0.308,38,17.9,1.8,ptl_ts,eutro
NLA17_WI-10085,2017,57.92245203628623,52.67137848578011,46.00527,-91.52462,354,15,0.308,38,17.9,1.8,sdd_ts,eutro
NLA17_WI-10085,2017,57.92245203628623,52.67137848578011,46.00527,-91.52462,354,15,0.308,38,17.9,1.8,rot_ts,meso-eutro
NLA17_WI-10085,2017,57.92245203628623,52.67137848578011,46.00527,-91.52462,354,15,0.308,38,17.9,1.8,crs_ts,eutro
NLA17_WI-10086,2017,61.88947618427927,50.576058040602035,45.14174,-89.14452,452,20,1.91,33.2,4.01,NA,ncp_ts,eutro
NLA17_WI-10086,2017,61.88947618427927,50.576058040602035,45.14174,-89.14452,452,20,1.91,33.2,4.01,NA,chla_ts,meso
NLA17_WI-10086,2017,61.88947618427927,50.576058040602035,45.14174,-89.14452,452,20,1.91,33.2,4.01,NA,ptl_ts,eutro
NLA17_WI-10086,2017,61.88947618427927,50.576058040602035,45.14174,-89.14452,452,20,1.91,33.2,4.01,NA,sdd_ts,NA
NLA17_WI-10086,2017,61.88947618427927,50.576058040602035,45.14174,-89.14452,452,20,1.91,33.2,4.01,NA,rot_ts,meso-eutro
NLA17_WI-10086,2017,61.88947618427927,50.576058040602035,45.14174,-89.14452,452,20,1.91,33.2,4.01,NA,crs_ts,eutro
NLA17_WI-10089,2017,60.63812031145117,52.660520762619555,45.91586,-89.82877,483,5,0.207,5.49,1.56,6.25,ncp_ts,oligo
NLA17_WI-10089,2017,60.63812031145117,52.660520762619555,45.91586,-89.82877,483,5,0.207,5.49,1.56,6.25,chla_ts,oligo
NLA17_WI-10089,2017,60.63812031145117,52.660520762619555,45.91586,-89.82877,483,5,0.207,5.49,1.56,6.25,ptl_ts,oligo
NLA17_WI-10089,2017,60.63812031145117,52.660520762619555,45.91586,-89.82877,483,5,0.207,5.49,1.56,6.25,sdd_ts,oligo
NLA17_WI-10089,2017,60.63812031145117,52.660520762619555,45.91586,-89.82877,483,5,0.207,5.49,1.56,6.25,rot_ts,meso-eutro
NLA17_WI-10089,2017,60.63812031145117,52.660520762619555,45.91586,-89.82877,483,5,0.207,5.49,1.56,6.25,crs_ts,eutro
NLA17_WI-10092,2017,61.99135613160066,51.15249619009018,45.67106,-91.55372,377,20,0.501,33.2,4.3,2.375,ncp_ts,eutro
NLA17_WI-10092,2017,61.99135613160066,51.15249619009018,45.67106,-91.55372,377,20,0.501,33.2,4.3,2.375,chla_ts,meso
NLA17_WI-10092,2017,61.99135613160066,51.15249619009018,45.67106,-91.55372,377,20,0.501,33.2,4.3,2.375,ptl_ts,eutro
NLA17_WI-10092,2017,61.99135613160066,51.15249619009018,45.67106,-91.55372,377,20,0.501,33.2,4.3,2.375,sdd_ts,meso
NLA17_WI-10092,2017,61.99135613160066,51.15249619009018,45.67106,-91.55372,377,20,0.501,33.2,4.3,2.375,rot_ts,meso-eutro
NLA17_WI-10092,2017,61.99135613160066,51.15249619009018,45.67106,-91.55372,377,20,0.501,33.2,4.3,2.375,crs_ts,eutro
NLA17_WI-10102,2017,52.92070584854516,51.7637455491811,45.24231,-88.53212,359,50,0.369,19.7,11.2,2.25,ncp_ts,dys
NLA17_WI-10102,2017,52.92070584854516,51.7637455491811,45.24231,-88.53212,359,50,0.369,19.7,11.2,2.25,chla_ts,eutro
NLA17_WI-10102,2017,52.92070584854516,51.7637455491811,45.24231,-88.53212,359,50,0.369,19.7,11.2,2.25,ptl_ts,meso
NLA17_WI-10102,2017,52.92070584854516,51.7637455491811,45.24231,-88.53212,359,50,0.369,19.7,11.2,2.25,sdd_ts,meso
NLA17_WI-10102,2017,52.92070584854516,51.7637455491811,45.24231,-88.53212,359,50,0.369,19.7,11.2,2.25,rot_ts,meso-eutro
NLA17_WI-10102,2017,52.92070584854516,51.7637455491811,45.24231,-88.53212,359,50,0.369,19.7,11.2,2.25,crs_ts,meso-eutro
NLA17_WI-10108,2017,65.62348392815122,48.12375185151671,45.74694,-91.56433,426,50,0.837,110,40.6,1.55,ncp_ts,mixo
NLA17_WI-10108,2017,65.62348392815122,48.12375185151671,45.74694,-91.56433,426,50,0.837,110,40.6,1.55,chla_ts,eutro
NLA17_WI-10108,2017,65.62348392815122,48.12375185151671,45.74694,-91.56433,426,50,0.837,110,40.6,1.55,ptl_ts,hypereu
NLA17_WI-10108,2017,65.62348392815122,48.12375185151671,45.74694,-91.56433,426,50,0.837,110,40.6,1.55,sdd_ts,eutro
NLA17_WI-10108,2017,65.62348392815122,48.12375185151671,45.74694,-91.56433,426,50,0.837,110,40.6,1.55,rot_ts,meso-eutro
NLA17_WI-10108,2017,65.62348392815122,48.12375185151671,45.74694,-91.56433,426,50,0.837,110,40.6,1.55,crs_ts,hypereu
NLA17_WI-10109,2017,63.30637204305564,52.98732052452888,46.06919,-89.34555,508,200,0.49,38.2,53.5,0.675,ncp_ts,mixo
NLA17_WI-10109,2017,63.30637204305564,52.98732052452888,46.06919,-89.34555,508,200,0.49,38.2,53.5,0.675,chla_ts,eutro
NLA17_WI-10109,2017,63.30637204305564,52.98732052452888,46.06919,-89.34555,508,200,0.49,38.2,53.5,0.675,ptl_ts,eutro
NLA17_WI-10109,2017,63.30637204305564,52.98732052452888,46.06919,-89.34555,508,200,0.49,38.2,53.5,0.675,sdd_ts,eutro
NLA17_WI-10109,2017,63.30637204305564,52.98732052452888,46.06919,-89.34555,508,200,0.49,38.2,53.5,0.675,rot_ts,meso-eutro
NLA17_WI-10109,2017,63.30637204305564,52.98732052452888,46.06919,-89.34555,508,200,0.49,38.2,53.5,0.675,crs_ts,eutro
NLA17_WI-10110,2017,65.4179305933993,50.090440882019124,42.89272,-89.36916,290,55,0.759,286,1250,1,ncp_ts,mixo
NLA17_WI-10110,2017,65.4179305933993,50.090440882019124,42.89272,-89.36916,290,55,0.759,286,1250,1,chla_ts,hypereu
NLA17_WI-10110,2017,65.4179305933993,50.090440882019124,42.89272,-89.36916,290,55,0.759,286,1250,1,ptl_ts,hypereu
NLA17_WI-10110,2017,65.4179305933993,50.090440882019124,42.89272,-89.36916,290,55,0.759,286,1250,1,sdd_ts,eutro
NLA17_WI-10110,2017,65.4179305933993,50.090440882019124,42.89272,-89.36916,290,55,0.759,286,1250,1,rot_ts,meso-eutro
NLA17_WI-10110,2017,65.4179305933993,50.090440882019124,42.89272,-89.36916,290,55,0.759,286,1250,1,crs_ts,hypereu
NLA17_WI-10111,2017,61.71739063394916,51.09464617033389,45.75673,-89.45093,493,30,0.242,11.3,2.86,3.75,ncp_ts,dys
NLA17_WI-10111,2017,61.71739063394916,51.09464617033389,45.75673,-89.45093,493,30,0.242,11.3,2.86,3.75,chla_ts,meso
NLA17_WI-10111,2017,61.71739063394916,51.09464617033389,45.75673,-89.45093,493,30,0.242,11.3,2.86,3.75,ptl_ts,oligo
NLA17_WI-10111,2017,61.71739063394916,51.09464617033389,45.75673,-89.45093,493,30,0.242,11.3,2.86,3.75,sdd_ts,meso
NLA17_WI-10111,2017,61.71739063394916,51.09464617033389,45.75673,-89.45093,493,30,0.242,11.3,2.86,3.75,rot_ts,meso-eutro
NLA17_WI-10111,2017,61.71739063394916,51.09464617033389,45.75673,-89.45093,493,30,0.242,11.3,2.86,3.75,crs_ts,eutro
NLA17_WI-10112,2017,63.42476728114962,49.19646717486354,46.14545,-91.40429,405,20,0.355,16.2,5.04,3.15,ncp_ts,oligo
NLA17_WI-10112,2017,63.42476728114962,49.19646717486354,46.14545,-91.40429,405,20,0.355,16.2,5.04,3.15,chla_ts,meso
NLA17_WI-10112,2017,63.42476728114962,49.19646717486354,46.14545,-91.40429,405,20,0.355,16.2,5.04,3.15,ptl_ts,meso
NLA17_WI-10112,2017,63.42476728114962,49.19646717486354,46.14545,-91.40429,405,20,0.355,16.2,5.04,3.15,sdd_ts,meso
NLA17_WI-10112,2017,63.42476728114962,49.19646717486354,46.14545,-91.40429,405,20,0.355,16.2,5.04,3.15,rot_ts,meso-eutro
NLA17_WI-10112,2017,63.42476728114962,49.19646717486354,46.14545,-91.40429,405,20,0.355,16.2,5.04,3.15,crs_ts,eutro
NLA17_WI-10118,2017,63.54184200075718,49.217119791396094,44.99827,-88.1395,221,60,1.46,30.5,14.9,2.25,ncp_ts,mixo
NLA17_WI-10118,2017,63.54184200075718,49.217119791396094,44.99827,-88.1395,221,60,1.46,30.5,14.9,2.25,chla_ts,eutro
NLA17_WI-10118,2017,63.54184200075718,49.217119791396094,44.99827,-88.1395,221,60,1.46,30.5,14.9,2.25,ptl_ts,eutro
NLA17_WI-10118,2017,63.54184200075718,49.217119791396094,44.99827,-88.1395,221,60,1.46,30.5,14.9,2.25,sdd_ts,meso
NLA17_WI-10118,2017,63.54184200075718,49.217119791396094,44.99827,-88.1395,221,60,1.46,30.5,14.9,2.25,rot_ts,meso-eutro
NLA17_WI-10118,2017,63.54184200075718,49.217119791396094,44.99827,-88.1395,221,60,1.46,30.5,14.9,2.25,crs_ts,eutro
NLA17_WI-10124,2017,61.48925412719029,52.289339114019754,45.35179,-91.27454,326,70,0.588,23.4,18.6,0.6,ncp_ts,dys
NLA17_WI-10124,2017,61.48925412719029,52.289339114019754,45.35179,-91.27454,326,70,0.588,23.4,18.6,0.6,chla_ts,eutro
NLA17_WI-10124,2017,61.48925412719029,52.289339114019754,45.35179,-91.27454,326,70,0.588,23.4,18.6,0.6,ptl_ts,meso
NLA17_WI-10124,2017,61.48925412719029,52.289339114019754,45.35179,-91.27454,326,70,0.588,23.4,18.6,0.6,sdd_ts,eutro
NLA17_WI-10124,2017,61.48925412719029,52.289339114019754,45.35179,-91.27454,326,70,0.588,23.4,18.6,0.6,rot_ts,meso-eutro
NLA17_WI-10124,2017,61.48925412719029,52.289339114019754,45.35179,-91.27454,326,70,0.588,23.4,18.6,0.6,crs_ts,eutro
NLA17_WI-10125,2017,60.71505005414288,52.20720011395611,45.96705,-89.19859,504,20,0.332,20.3,14.1,2.1,ncp_ts,oligo
NLA17_WI-10125,2017,60.71505005414288,52.20720011395611,45.96705,-89.19859,504,20,0.332,20.3,14.1,2.1,chla_ts,eutro
NLA17_WI-10125,2017,60.71505005414288,52.20720011395611,45.96705,-89.19859,504,20,0.332,20.3,14.1,2.1,ptl_ts,meso
NLA17_WI-10125,2017,60.71505005414288,52.20720011395611,45.96705,-89.19859,504,20,0.332,20.3,14.1,2.1,sdd_ts,meso
NLA17_WI-10125,2017,60.71505005414288,52.20720011395611,45.96705,-89.19859,504,20,0.332,20.3,14.1,2.1,rot_ts,meso-eutro
NLA17_WI-10125,2017,60.71505005414288,52.20720011395611,45.96705,-89.19859,504,20,0.332,20.3,14.1,2.1,crs_ts,eutro
NLA17_WI-10126,2017,63.62880043410668,53.57763353067516,42.89263,-88.03653,238,30,1.7,115,20.5,0.375,ncp_ts,mixo
NLA17_WI-10126,2017,63.62880043410668,53.57763353067516,42.89263,-88.03653,238,30,1.7,115,20.5,0.375,chla_ts,eutro
NLA17_WI-10126,2017,63.62880043410668,53.57763353067516,42.89263,-88.03653,238,30,1.7,115,20.5,0.375,ptl_ts,hypereu
NLA17_WI-10126,2017,63.62880043410668,53.57763353067516,42.89263,-88.03653,238,30,1.7,115,20.5,0.375,sdd_ts,hypereu
NLA17_WI-10126,2017,63.62880043410668,53.57763353067516,42.89263,-88.03653,238,30,1.7,115,20.5,0.375,rot_ts,meso-eutro
NLA17_WI-10126,2017,63.62880043410668,53.57763353067516,42.89263,-88.03653,238,30,1.7,115,20.5,0.375,crs_ts,eutro
NLA17_WI-10127,2017,63.39529352601064,53.71338505576146,45.6504,-89.69774,454,350,0.59,31.1,7.86,0.175,ncp_ts,mixo
NLA17_WI-10127,2017,63.39529352601064,53.71338505576146,45.6504,-89.69774,454,350,0.59,31.1,7.86,0.175,chla_ts,eutro
NLA17_WI-10127,2017,63.39529352601064,53.71338505576146,45.6504,-89.69774,454,350,0.59,31.1,7.86,0.175,ptl_ts,eutro
NLA17_WI-10127,2017,63.39529352601064,53.71338505576146,45.6504,-89.69774,454,350,0.59,31.1,7.86,0.175,sdd_ts,hypereu
NLA17_WI-10127,2017,63.39529352601064,53.71338505576146,45.6504,-89.69774,454,350,0.59,31.1,7.86,0.175,rot_ts,meso-eutro
NLA17_WI-10127,2017,63.39529352601064,53.71338505576146,45.6504,-89.69774,454,350,0.59,31.1,7.86,0.175,crs_ts,eutro
NLA17_WI-10129,2017,61.127965876664454,51.95297959346018,46.01992,-90.15108,488,15,0.201,9.56,2.82,3.0250000000000004,ncp_ts,oligo
NLA17_WI-10129,2017,61.127965876664454,51.95297959346018,46.01992,-90.15108,488,15,0.201,9.56,2.82,3.0250000000000004,chla_ts,meso
NLA17_WI-10129,2017,61.127965876664454,51.95297959346018,46.01992,-90.15108,488,15,0.201,9.56,2.82,3.0250000000000004,ptl_ts,oligo
NLA17_WI-10129,2017,61.127965876664454,51.95297959346018,46.01992,-90.15108,488,15,0.201,9.56,2.82,3.0250000000000004,sdd_ts,meso
NLA17_WI-10129,2017,61.127965876664454,51.95297959346018,46.01992,-90.15108,488,15,0.201,9.56,2.82,3.0250000000000004,rot_ts,meso-eutro
NLA17_WI-10129,2017,61.127965876664454,51.95297959346018,46.01992,-90.15108,488,15,0.201,9.56,2.82,3.0250000000000004,crs_ts,eutro
NLA17_WI-10130,2017,62.818912898615004,49.70923594221081,43.36373,-88.28138,314,30,0.447,21.7,11.9,1.65,ncp_ts,dys
NLA17_WI-10130,2017,62.818912898615004,49.70923594221081,43.36373,-88.28138,314,30,0.447,21.7,11.9,1.65,chla_ts,eutro
NLA17_WI-10130,2017,62.818912898615004,49.70923594221081,43.36373,-88.28138,314,30,0.447,21.7,11.9,1.65,ptl_ts,meso
NLA17_WI-10130,2017,62.818912898615004,49.70923594221081,43.36373,-88.28138,314,30,0.447,21.7,11.9,1.65,sdd_ts,eutro
NLA17_WI-10130,2017,62.818912898615004,49.70923594221081,43.36373,-88.28138,314,30,0.447,21.7,11.9,1.65,rot_ts,meso-eutro
NLA17_WI-10130,2017,62.818912898615004,49.70923594221081,43.36373,-88.28138,314,30,0.447,21.7,11.9,1.65,crs_ts,eutro
NLA17_WI-10133,2017,60.38394205279962,54.376765207084375,45.99051,-91.42182,397,30,0.374,14.5,2.58,NA,ncp_ts,dys
NLA17_WI-10133,2017,60.38394205279962,54.376765207084375,45.99051,-91.42182,397,30,0.374,14.5,2.58,NA,chla_ts,oligo
NLA17_WI-10133,2017,60.38394205279962,54.376765207084375,45.99051,-91.42182,397,30,0.374,14.5,2.58,NA,ptl_ts,meso
NLA17_WI-10133,2017,60.38394205279962,54.376765207084375,45.99051,-91.42182,397,30,0.374,14.5,2.58,NA,sdd_ts,NA
NLA17_WI-10133,2017,60.38394205279962,54.376765207084375,45.99051,-91.42182,397,30,0.374,14.5,2.58,NA,rot_ts,meso-eutro
NLA17_WI-10133,2017,60.38394205279962,54.376765207084375,45.99051,-91.42182,397,30,0.374,14.5,2.58,NA,crs_ts,eutro
NLA17_WI-10134,2017,62.94293000266777,51.85288368292922,44.91059,-88.76003,295,15,0.374,16,4.88,3.475,ncp_ts,oligo
NLA17_WI-10134,2017,62.94293000266777,51.85288368292922,44.91059,-88.76003,295,15,0.374,16,4.88,3.475,chla_ts,meso
NLA17_WI-10134,2017,62.94293000266777,51.85288368292922,44.91059,-88.76003,295,15,0.374,16,4.88,3.475,ptl_ts,meso
NLA17_WI-10134,2017,62.94293000266777,51.85288368292922,44.91059,-88.76003,295,15,0.374,16,4.88,3.475,sdd_ts,meso
NLA17_WI-10134,2017,62.94293000266777,51.85288368292922,44.91059,-88.76003,295,15,0.374,16,4.88,3.475,rot_ts,meso-eutro
NLA17_WI-10134,2017,62.94293000266777,51.85288368292922,44.91059,-88.76003,295,15,0.374,16,4.88,3.475,crs_ts,eutro
NLA17_WI-HP001,2017,61.70002167639676,52.627815494728615,46.29431705,-90.82845299,420.9,200,0.856,33.35375,15.52,0.775,ncp_ts,mixo
NLA17_WI-HP001,2017,61.70002167639676,52.627815494728615,46.29431705,-90.82845299,420.9,200,0.856,33.35375,15.52,0.775,chla_ts,eutro
NLA17_WI-HP001,2017,61.70002167639676,52.627815494728615,46.29431705,-90.82845299,420.9,200,0.856,33.35375,15.52,0.775,ptl_ts,eutro
NLA17_WI-HP001,2017,61.70002167639676,52.627815494728615,46.29431705,-90.82845299,420.9,200,0.856,33.35375,15.52,0.775,sdd_ts,eutro
NLA17_WI-HP001,2017,61.70002167639676,52.627815494728615,46.29431705,-90.82845299,420.9,200,0.856,33.35375,15.52,0.775,rot_ts,meso-eutro
NLA17_WI-HP001,2017,61.70002167639676,52.627815494728615,46.29431705,-90.82845299,420.9,200,0.856,33.35375,15.52,0.775,crs_ts,eutro
NLA17_WI-HP003,2017,61.90652665741696,54.532492432246094,46.393481,-91.287095,390.74,35,0.491,19.35875,4.62,2.575,ncp_ts,dys
NLA17_WI-HP003,2017,61.90652665741696,54.532492432246094,46.393481,-91.287095,390.74,35,0.491,19.35875,4.62,2.575,chla_ts,meso
NLA17_WI-HP003,2017,61.90652665741696,54.532492432246094,46.393481,-91.287095,390.74,35,0.491,19.35875,4.62,2.575,ptl_ts,meso
NLA17_WI-HP003,2017,61.90652665741696,54.532492432246094,46.393481,-91.287095,390.74,35,0.491,19.35875,4.62,2.575,sdd_ts,meso
NLA17_WI-HP003,2017,61.90652665741696,54.532492432246094,46.393481,-91.287095,390.74,35,0.491,19.35875,4.62,2.575,rot_ts,meso-eutro
NLA17_WI-HP003,2017,61.90652665741696,54.532492432246094,46.393481,-91.287095,390.74,35,0.491,19.35875,4.62,2.575,crs_ts,eutro
NLA17_WI-HP004,2017,62.77202257493978,52.24255621053432,46.05021865,-89.86417404,490.75,48,0.353,10.88625,6.2,2.8,ncp_ts,dys
NLA17_WI-HP004,2017,62.77202257493978,52.24255621053432,46.05021865,-89.86417404,490.75,48,0.353,10.88625,6.2,2.8,chla_ts,meso
NLA17_WI-HP004,2017,62.77202257493978,52.24255621053432,46.05021865,-89.86417404,490.75,48,0.353,10.88625,6.2,2.8,ptl_ts,oligo
NLA17_WI-HP004,2017,62.77202257493978,52.24255621053432,46.05021865,-89.86417404,490.75,48,0.353,10.88625,6.2,2.8,sdd_ts,meso
NLA17_WI-HP004,2017,62.77202257493978,52.24255621053432,46.05021865,-89.86417404,490.75,48,0.353,10.88625,6.2,2.8,rot_ts,meso-eutro
NLA17_WI-HP004,2017,62.77202257493978,52.24255621053432,46.05021865,-89.86417404,490.75,48,0.353,10.88625,6.2,2.8,crs_ts,eutro
NLA17_WV-10001,2017,69.96877842181796,53.76674086497798,39.46941,-79.49873,782,10,0.1815,8.288125,5.3100000000000005,3.35,ncp_ts,oligo
NLA17_WV-10001,2017,69.96877842181796,53.76674086497798,39.46941,-79.49873,782,10,0.1815,8.288125,5.3100000000000005,3.35,chla_ts,meso
NLA17_WV-10001,2017,69.96877842181796,53.76674086497798,39.46941,-79.49873,782,10,0.1815,8.288125,5.3100000000000005,3.35,ptl_ts,oligo
NLA17_WV-10001,2017,69.96877842181796,53.76674086497798,39.46941,-79.49873,782,10,0.1815,8.288125,5.3100000000000005,3.35,sdd_ts,meso
NLA17_WV-10001,2017,69.96877842181796,53.76674086497798,39.46941,-79.49873,782,10,0.1815,8.288125,5.3100000000000005,3.35,rot_ts,meso-eutro
NLA17_WV-10001,2017,69.96877842181796,53.76674086497798,39.46941,-79.49873,782,10,0.1815,8.288125,5.3100000000000005,3.35,crs_ts,hypereu
NLA17_WV-10002,2017,62.55035574809769,50.87199370737774,38.82171,-80.5897,238,3,0.255,3.67625,2.5,3,ncp_ts,oligo
NLA17_WV-10002,2017,62.55035574809769,50.87199370737774,38.82171,-80.5897,238,3,0.255,3.67625,2.5,3,chla_ts,oligo
NLA17_WV-10002,2017,62.55035574809769,50.87199370737774,38.82171,-80.5897,238,3,0.255,3.67625,2.5,3,ptl_ts,oligo
NLA17_WV-10002,2017,62.55035574809769,50.87199370737774,38.82171,-80.5897,238,3,0.255,3.67625,2.5,3,sdd_ts,meso
NLA17_WV-10002,2017,62.55035574809769,50.87199370737774,38.82171,-80.5897,238,3,0.255,3.67625,2.5,3,rot_ts,meso-eutro
NLA17_WV-10002,2017,62.55035574809769,50.87199370737774,38.82171,-80.5897,238,3,0.255,3.67625,2.5,3,crs_ts,eutro
NLA17_WV-10003,2017,71.8150191015981,56.31853818799017,39.13362,-78.59737,391,6,0.344,10.578125,3.885,2.45,ncp_ts,oligo
NLA17_WV-10003,2017,71.8150191015981,56.31853818799017,39.13362,-78.59737,391,6,0.344,10.578125,3.885,2.45,chla_ts,meso
NLA17_WV-10003,2017,71.8150191015981,56.31853818799017,39.13362,-78.59737,391,6,0.344,10.578125,3.885,2.45,ptl_ts,oligo
NLA17_WV-10003,2017,71.8150191015981,56.31853818799017,39.13362,-78.59737,391,6,0.344,10.578125,3.885,2.45,sdd_ts,meso
NLA17_WV-10003,2017,71.8150191015981,56.31853818799017,39.13362,-78.59737,391,6,0.344,10.578125,3.885,2.45,rot_ts,eutro
NLA17_WV-10003,2017,71.8150191015981,56.31853818799017,39.13362,-78.59737,391,6,0.344,10.578125,3.885,2.45,crs_ts,hypereu
NLA17_WV-10004,2017,61.47149173470389,52.61686940753452,38.8378,-82.12585,168,2,0.736,47.80625,18.88,0.48,ncp_ts,eutro
NLA17_WV-10004,2017,61.47149173470389,52.61686940753452,38.8378,-82.12585,168,2,0.736,47.80625,18.88,0.48,chla_ts,eutro
NLA17_WV-10004,2017,61.47149173470389,52.61686940753452,38.8378,-82.12585,168,2,0.736,47.80625,18.88,0.48,ptl_ts,eutro
NLA17_WV-10004,2017,61.47149173470389,52.61686940753452,38.8378,-82.12585,168,2,0.736,47.80625,18.88,0.48,sdd_ts,hypereu
NLA17_WV-10004,2017,61.47149173470389,52.61686940753452,38.8378,-82.12585,168,2,0.736,47.80625,18.88,0.48,rot_ts,meso-eutro
NLA17_WV-10004,2017,61.47149173470389,52.61686940753452,38.8378,-82.12585,168,2,0.736,47.80625,18.88,0.48,crs_ts,eutro
NLA17_WV-10014,2017,65.71888431522174,43.54842414506065,37.98084,-81.07172,508,31,0.386,40.3375,47.2,0.8,ncp_ts,mixo
NLA17_WV-10014,2017,65.71888431522174,43.54842414506065,37.98084,-81.07172,508,31,0.386,40.3375,47.2,0.8,chla_ts,eutro
NLA17_WV-10014,2017,65.71888431522174,43.54842414506065,37.98084,-81.07172,508,31,0.386,40.3375,47.2,0.8,ptl_ts,eutro
NLA17_WV-10014,2017,65.71888431522174,43.54842414506065,37.98084,-81.07172,508,31,0.386,40.3375,47.2,0.8,sdd_ts,eutro
NLA17_WV-10014,2017,65.71888431522174,43.54842414506065,37.98084,-81.07172,508,31,0.386,40.3375,47.2,0.8,rot_ts,oligo-meso
NLA17_WV-10014,2017,65.71888431522174,43.54842414506065,37.98084,-81.07172,508,31,0.386,40.3375,47.2,0.8,crs_ts,hypereu
NLA17_WV-10015,2017,60.4037250472411,52.38170189750808,39.49277,-79.79422,524,25,0.49,28.325,17.14,0.9,ncp_ts,dys
NLA17_WV-10015,2017,60.4037250472411,52.38170189750808,39.49277,-79.79422,524,25,0.49,28.325,17.14,0.9,chla_ts,eutro
NLA17_WV-10015,2017,60.4037250472411,52.38170189750808,39.49277,-79.79422,524,25,0.49,28.325,17.14,0.9,ptl_ts,eutro
NLA17_WV-10015,2017,60.4037250472411,52.38170189750808,39.49277,-79.79422,524,25,0.49,28.325,17.14,0.9,sdd_ts,eutro
NLA17_WV-10015,2017,60.4037250472411,52.38170189750808,39.49277,-79.79422,524,25,0.49,28.325,17.14,0.9,rot_ts,meso-eutro
NLA17_WV-10015,2017,60.4037250472411,52.38170189750808,39.49277,-79.79422,524,25,0.49,28.325,17.14,0.9,crs_ts,eutro
NLA17_WV-10017,2017,67.39981345685302,49.43921511667247,38.42877,-82.25327,173,16,0.343,15.06125,5.11,2.1,ncp_ts,oligo
NLA17_WV-10017,2017,67.39981345685302,49.43921511667247,38.42877,-82.25327,173,16,0.343,15.06125,5.11,2.1,chla_ts,meso
NLA17_WV-10017,2017,67.39981345685302,49.43921511667247,38.42877,-82.25327,173,16,0.343,15.06125,5.11,2.1,ptl_ts,meso
NLA17_WV-10017,2017,67.39981345685302,49.43921511667247,38.42877,-82.25327,173,16,0.343,15.06125,5.11,2.1,sdd_ts,meso
NLA17_WV-10017,2017,67.39981345685302,49.43921511667247,38.42877,-82.25327,173,16,0.343,15.06125,5.11,2.1,rot_ts,meso-eutro
NLA17_WV-10017,2017,67.39981345685302,49.43921511667247,38.42877,-82.25327,173,16,0.343,15.06125,5.11,2.1,crs_ts,hypereu
NLA17_WV-10019,2017,63.261626751238744,52.50616591316899,39.37161,-78.88285,224,14,0.455,18.30625,8.72,1.3,ncp_ts,oligo
NLA17_WV-10019,2017,63.261626751238744,52.50616591316899,39.37161,-78.88285,224,14,0.455,18.30625,8.72,1.3,chla_ts,eutro
NLA17_WV-10019,2017,63.261626751238744,52.50616591316899,39.37161,-78.88285,224,14,0.455,18.30625,8.72,1.3,ptl_ts,meso
NLA17_WV-10019,2017,63.261626751238744,52.50616591316899,39.37161,-78.88285,224,14,0.455,18.30625,8.72,1.3,sdd_ts,eutro
NLA17_WV-10019,2017,63.261626751238744,52.50616591316899,39.37161,-78.88285,224,14,0.455,18.30625,8.72,1.3,rot_ts,meso-eutro
NLA17_WV-10019,2017,63.261626751238744,52.50616591316899,39.37161,-78.88285,224,14,0.455,18.30625,8.72,1.3,crs_ts,eutro
NLA17_WY-10001,2017,69.13438531630307,55.49929360079357,44.78761,-109.2607,1473,11.5,0.1815,15.715625,1.6949999999999998,2.5,ncp_ts,oligo
NLA17_WY-10001,2017,69.13438531630307,55.49929360079357,44.78761,-109.2607,1473,11.5,0.1815,15.715625,1.6949999999999998,2.5,chla_ts,oligo
NLA17_WY-10001,2017,69.13438531630307,55.49929360079357,44.78761,-109.2607,1473,11.5,0.1815,15.715625,1.6949999999999998,2.5,ptl_ts,meso
NLA17_WY-10001,2017,69.13438531630307,55.49929360079357,44.78761,-109.2607,1473,11.5,0.1815,15.715625,1.6949999999999998,2.5,sdd_ts,meso
NLA17_WY-10001,2017,69.13438531630307,55.49929360079357,44.78761,-109.2607,1473,11.5,0.1815,15.715625,1.6949999999999998,2.5,rot_ts,eutro
NLA17_WY-10001,2017,69.13438531630307,55.49929360079357,44.78761,-109.2607,1473,11.5,0.1815,15.715625,1.6949999999999998,2.5,crs_ts,hypereu
NLA17_WY-10002,2017,65.83697012512891,35.12108170791545,44.47862,-106.7522,1393,5,0.193,5.65375,0.63,12,ncp_ts,oligo
NLA17_WY-10002,2017,65.83697012512891,35.12108170791545,44.47862,-106.7522,1393,5,0.193,5.65375,0.63,12,chla_ts,oligo
NLA17_WY-10002,2017,65.83697012512891,35.12108170791545,44.47862,-106.7522,1393,5,0.193,5.65375,0.63,12,ptl_ts,oligo
NLA17_WY-10002,2017,65.83697012512891,35.12108170791545,44.47862,-106.7522,1393,5,0.193,5.65375,0.63,12,sdd_ts,oligo
NLA17_WY-10002,2017,65.83697012512891,35.12108170791545,44.47862,-106.7522,1393,5,0.193,5.65375,0.63,12,rot_ts,oligo-meso
NLA17_WY-10002,2017,65.83697012512891,35.12108170791545,44.47862,-106.7522,1393,5,0.193,5.65375,0.63,12,crs_ts,hypereu
NLA17_WY-10004,2017,68.12973844821366,55.48645349923338,41.5112,-105.4172,2327,26,0.4395,23.065625,1.745,NA,ncp_ts,dys
NLA17_WY-10004,2017,68.12973844821366,55.48645349923338,41.5112,-105.4172,2327,26,0.4395,23.065625,1.745,NA,chla_ts,oligo
NLA17_WY-10004,2017,68.12973844821366,55.48645349923338,41.5112,-105.4172,2327,26,0.4395,23.065625,1.745,NA,ptl_ts,meso
NLA17_WY-10004,2017,68.12973844821366,55.48645349923338,41.5112,-105.4172,2327,26,0.4395,23.065625,1.745,NA,sdd_ts,NA
NLA17_WY-10004,2017,68.12973844821366,55.48645349923338,41.5112,-105.4172,2327,26,0.4395,23.065625,1.745,NA,rot_ts,eutro
NLA17_WY-10004,2017,68.12973844821366,55.48645349923338,41.5112,-105.4172,2327,26,0.4395,23.065625,1.745,NA,crs_ts,hypereu
NLA17_WY-10005,2017,61.52468618195221,52.393136545808325,41.94495,-110.6569,2179,13,0.33,73.4225,5.73,3.3499999999999996,ncp_ts,eutro
NLA17_WY-10005,2017,61.52468618195221,52.393136545808325,41.94495,-110.6569,2179,13,0.33,73.4225,5.73,3.3499999999999996,chla_ts,meso
NLA17_WY-10005,2017,61.52468618195221,52.393136545808325,41.94495,-110.6569,2179,13,0.33,73.4225,5.73,3.3499999999999996,ptl_ts,eutro
NLA17_WY-10005,2017,61.52468618195221,52.393136545808325,41.94495,-110.6569,2179,13,0.33,73.4225,5.73,3.3499999999999996,sdd_ts,meso
NLA17_WY-10005,2017,61.52468618195221,52.393136545808325,41.94495,-110.6569,2179,13,0.33,73.4225,5.73,3.3499999999999996,rot_ts,meso-eutro
NLA17_WY-10005,2017,61.52468618195221,52.393136545808325,41.94495,-110.6569,2179,13,0.33,73.4225,5.73,3.3499999999999996,crs_ts,eutro
NLA17_WY-10006,2017,63.23168997245381,51.673105619500454,42.80153,-109.4609,2896,22,0.276,14.85125,2.81,3.25,ncp_ts,dys
NLA17_WY-10006,2017,63.23168997245381,51.673105619500454,42.80153,-109.4609,2896,22,0.276,14.85125,2.81,3.25,chla_ts,meso
NLA17_WY-10006,2017,63.23168997245381,51.673105619500454,42.80153,-109.4609,2896,22,0.276,14.85125,2.81,3.25,ptl_ts,meso
NLA17_WY-10006,2017,63.23168997245381,51.673105619500454,42.80153,-109.4609,2896,22,0.276,14.85125,2.81,3.25,sdd_ts,meso
NLA17_WY-10006,2017,63.23168997245381,51.673105619500454,42.80153,-109.4609,2896,22,0.276,14.85125,2.81,3.25,rot_ts,meso-eutro
NLA17_WY-10006,2017,63.23168997245381,51.673105619500454,42.80153,-109.4609,2896,22,0.276,14.85125,2.81,3.25,crs_ts,eutro
NLA17_WY-10007,2017,63.03498327058151,49.930362957399076,43.89903,-110.6734,2065,10,0.114,12.15625,0.95,7.5,ncp_ts,oligo
NLA17_WY-10007,2017,63.03498327058151,49.930362957399076,43.89903,-110.6734,2065,10,0.114,12.15625,0.95,7.5,chla_ts,oligo
NLA17_WY-10007,2017,63.03498327058151,49.930362957399076,43.89903,-110.6734,2065,10,0.114,12.15625,0.95,7.5,ptl_ts,meso
NLA17_WY-10007,2017,63.03498327058151,49.930362957399076,43.89903,-110.6734,2065,10,0.114,12.15625,0.95,7.5,sdd_ts,oligo
NLA17_WY-10007,2017,63.03498327058151,49.930362957399076,43.89903,-110.6734,2065,10,0.114,12.15625,0.95,7.5,rot_ts,meso-eutro
NLA17_WY-10007,2017,63.03498327058151,49.930362957399076,43.89903,-110.6734,2065,10,0.114,12.15625,0.95,7.5,crs_ts,eutro
NLA17_WY-10008,2017,64.19090829861258,46.910595591330406,41.15234,-110.825,2180,12,0.496,18.6475,2.49,2.25,ncp_ts,oligo
NLA17_WY-10008,2017,64.19090829861258,46.910595591330406,41.15234,-110.825,2180,12,0.496,18.6475,2.49,2.25,chla_ts,oligo
NLA17_WY-10008,2017,64.19090829861258,46.910595591330406,41.15234,-110.825,2180,12,0.496,18.6475,2.49,2.25,ptl_ts,meso
NLA17_WY-10008,2017,64.19090829861258,46.910595591330406,41.15234,-110.825,2180,12,0.496,18.6475,2.49,2.25,sdd_ts,meso
NLA17_WY-10008,2017,64.19090829861258,46.910595591330406,41.15234,-110.825,2180,12,0.496,18.6475,2.49,2.25,rot_ts,meso-eutro
NLA17_WY-10008,2017,64.19090829861258,46.910595591330406,41.15234,-110.825,2180,12,0.496,18.6475,2.49,2.25,crs_ts,eutro
NLA17_WY-10009,2017,60.22425114596992,53.41007673559966,42.70723,-109.1734,3247,9,0.08,6.28375,2.55,7,ncp_ts,oligo
NLA17_WY-10009,2017,60.22425114596992,53.41007673559966,42.70723,-109.1734,3247,9,0.08,6.28375,2.55,7,chla_ts,oligo
NLA17_WY-10009,2017,60.22425114596992,53.41007673559966,42.70723,-109.1734,3247,9,0.08,6.28375,2.55,7,ptl_ts,oligo
NLA17_WY-10009,2017,60.22425114596992,53.41007673559966,42.70723,-109.1734,3247,9,0.08,6.28375,2.55,7,sdd_ts,oligo
NLA17_WY-10009,2017,60.22425114596992,53.41007673559966,42.70723,-109.1734,3247,9,0.08,6.28375,2.55,7,rot_ts,meso-eutro
NLA17_WY-10009,2017,60.22425114596992,53.41007673559966,42.70723,-109.1734,3247,9,0.08,6.28375,2.55,7,crs_ts,eutro
NLA17_WY-10012,2017,64.02538824786248,54.05109847823321,43.10524,-109.7326,3108,12,0.109,7.40875,1.01,8,ncp_ts,oligo
NLA17_WY-10012,2017,64.02538824786248,54.05109847823321,43.10524,-109.7326,3108,12,0.109,7.40875,1.01,8,chla_ts,oligo
NLA17_WY-10012,2017,64.02538824786248,54.05109847823321,43.10524,-109.7326,3108,12,0.109,7.40875,1.01,8,ptl_ts,oligo
NLA17_WY-10012,2017,64.02538824786248,54.05109847823321,43.10524,-109.7326,3108,12,0.109,7.40875,1.01,8,sdd_ts,oligo
NLA17_WY-10012,2017,64.02538824786248,54.05109847823321,43.10524,-109.7326,3108,12,0.109,7.40875,1.01,8,rot_ts,meso-eutro
NLA17_WY-10012,2017,64.02538824786248,54.05109847823321,43.10524,-109.7326,3108,12,0.109,7.40875,1.01,8,crs_ts,eutro
NLA17_WY-10013,2017,67.43034918093755,45.25632790668638,42.79375,-106.4259,1633,19,0.849,42.05375,19.31,1.55,ncp_ts,eutro
NLA17_WY-10013,2017,67.43034918093755,45.25632790668638,42.79375,-106.4259,1633,19,0.849,42.05375,19.31,1.55,chla_ts,eutro
NLA17_WY-10013,2017,67.43034918093755,45.25632790668638,42.79375,-106.4259,1633,19,0.849,42.05375,19.31,1.55,ptl_ts,eutro
NLA17_WY-10013,2017,67.43034918093755,45.25632790668638,42.79375,-106.4259,1633,19,0.849,42.05375,19.31,1.55,sdd_ts,eutro
NLA17_WY-10013,2017,67.43034918093755,45.25632790668638,42.79375,-106.4259,1633,19,0.849,42.05375,19.31,1.55,rot_ts,meso-eutro
NLA17_WY-10013,2017,67.43034918093755,45.25632790668638,42.79375,-106.4259,1633,19,0.849,42.05375,19.31,1.55,crs_ts,hypereu
NLA17_WY-10017,2017,66.28567146000363,23.009131831412507,41.23809,-105.8616,2209,16,2.07,40.15,2.06,3.8499999999999996,ncp_ts,eutro
NLA17_WY-10017,2017,66.28567146000363,23.009131831412507,41.23809,-105.8616,2209,16,2.07,40.15,2.06,3.8499999999999996,chla_ts,oligo
NLA17_WY-10017,2017,66.28567146000363,23.009131831412507,41.23809,-105.8616,2209,16,2.07,40.15,2.06,3.8499999999999996,ptl_ts,eutro
NLA17_WY-10017,2017,66.28567146000363,23.009131831412507,41.23809,-105.8616,2209,16,2.07,40.15,2.06,3.8499999999999996,sdd_ts,meso
NLA17_WY-10017,2017,66.28567146000363,23.009131831412507,41.23809,-105.8616,2209,16,2.07,40.15,2.06,3.8499999999999996,rot_ts,oligo-meso
NLA17_WY-10017,2017,66.28567146000363,23.009131831412507,41.23809,-105.8616,2209,16,2.07,40.15,2.06,3.8499999999999996,crs_ts,hypereu
NLA17_WY-10018,2017,62.47002537326184,49.17573497194351,44.28174,-109.1102,2034,33,0.885,126.85,27.68,3,ncp_ts,mixo
NLA17_WY-10018,2017,62.47002537326184,49.17573497194351,44.28174,-109.1102,2034,33,0.885,126.85,27.68,3,chla_ts,eutro
NLA17_WY-10018,2017,62.47002537326184,49.17573497194351,44.28174,-109.1102,2034,33,0.885,126.85,27.68,3,ptl_ts,hypereu
NLA17_WY-10018,2017,62.47002537326184,49.17573497194351,44.28174,-109.1102,2034,33,0.885,126.85,27.68,3,sdd_ts,meso
NLA17_WY-10018,2017,62.47002537326184,49.17573497194351,44.28174,-109.1102,2034,33,0.885,126.85,27.68,3,rot_ts,meso-eutro
NLA17_WY-10018,2017,62.47002537326184,49.17573497194351,44.28174,-109.1102,2034,33,0.885,126.85,27.68,3,crs_ts,eutro
NLA17_WY-10019,2017,56.31720522339828,51.36405686866724,43.77403,-109.8408,2815,15,0.101,102.7375,9.04,NA,ncp_ts,eutro
NLA17_WY-10019,2017,56.31720522339828,51.36405686866724,43.77403,-109.8408,2815,15,0.101,102.7375,9.04,NA,chla_ts,eutro
NLA17_WY-10019,2017,56.31720522339828,51.36405686866724,43.77403,-109.8408,2815,15,0.101,102.7375,9.04,NA,ptl_ts,hypereu
NLA17_WY-10019,2017,56.31720522339828,51.36405686866724,43.77403,-109.8408,2815,15,0.101,102.7375,9.04,NA,sdd_ts,NA
NLA17_WY-10019,2017,56.31720522339828,51.36405686866724,43.77403,-109.8408,2815,15,0.101,102.7375,9.04,NA,rot_ts,meso-eutro
NLA17_WY-10019,2017,56.31720522339828,51.36405686866724,43.77403,-109.8408,2815,15,0.101,102.7375,9.04,NA,crs_ts,eutro
NLA17_WY-10020,2017,64.42106798425154,52.75746032222396,42.27144,-109.4346,2061,4,0.566,98.42375,4.97,0.55,ncp_ts,eutro
NLA17_WY-10020,2017,64.42106798425154,52.75746032222396,42.27144,-109.4346,2061,4,0.566,98.42375,4.97,0.55,chla_ts,meso
NLA17_WY-10020,2017,64.42106798425154,52.75746032222396,42.27144,-109.4346,2061,4,0.566,98.42375,4.97,0.55,ptl_ts,hypereu
NLA17_WY-10020,2017,64.42106798425154,52.75746032222396,42.27144,-109.4346,2061,4,0.566,98.42375,4.97,0.55,sdd_ts,eutro
NLA17_WY-10020,2017,64.42106798425154,52.75746032222396,42.27144,-109.4346,2061,4,0.566,98.42375,4.97,0.55,rot_ts,meso-eutro
NLA17_WY-10020,2017,64.42106798425154,52.75746032222396,42.27144,-109.4346,2061,4,0.566,98.42375,4.97,0.55,crs_ts,eutro
NLA17_WY-10021,2017,60.443173988120634,51.85288368292922,42.95366,-109.804,2262,0,0.14,0.89875,0.58,10.8,ncp_ts,oligo
NLA17_WY-10021,2017,60.443173988120634,51.85288368292922,42.95366,-109.804,2262,0,0.14,0.89875,0.58,10.8,chla_ts,oligo
NLA17_WY-10021,2017,60.443173988120634,51.85288368292922,42.95366,-109.804,2262,0,0.14,0.89875,0.58,10.8,ptl_ts,oligo
NLA17_WY-10021,2017,60.443173988120634,51.85288368292922,42.95366,-109.804,2262,0,0.14,0.89875,0.58,10.8,sdd_ts,oligo
NLA17_WY-10021,2017,60.443173988120634,51.85288368292922,42.95366,-109.804,2262,0,0.14,0.89875,0.58,10.8,rot_ts,meso-eutro
NLA17_WY-10021,2017,60.443173988120634,51.85288368292922,42.95366,-109.804,2262,0,0.14,0.89875,0.58,10.8,crs_ts,eutro
NLA17_WY-10031,2017,62.74064437643584,45.788624826145764,43.06903,-109.5855,3198,0,0.125,7.67,0.76,7.7,ncp_ts,oligo
NLA17_WY-10031,2017,62.74064437643584,45.788624826145764,43.06903,-109.5855,3198,0,0.125,7.67,0.76,7.7,chla_ts,oligo
NLA17_WY-10031,2017,62.74064437643584,45.788624826145764,43.06903,-109.5855,3198,0,0.125,7.67,0.76,7.7,ptl_ts,oligo
NLA17_WY-10031,2017,62.74064437643584,45.788624826145764,43.06903,-109.5855,3198,0,0.125,7.67,0.76,7.7,sdd_ts,oligo
NLA17_WY-10031,2017,62.74064437643584,45.788624826145764,43.06903,-109.5855,3198,0,0.125,7.67,0.76,7.7,rot_ts,meso-eutro
NLA17_WY-10031,2017,62.74064437643584,45.788624826145764,43.06903,-109.5855,3198,0,0.125,7.67,0.76,7.7,crs_ts,eutro
NLA17_WY-10032,2017,46.89559242108094,49.69039178984534,43.72697,-110.8236,3248,12,0.194,2.14125,0.27,13.2,ncp_ts,oligo
NLA17_WY-10032,2017,46.89559242108094,49.69039178984534,43.72697,-110.8236,3248,12,0.194,2.14125,0.27,13.2,chla_ts,oligo
NLA17_WY-10032,2017,46.89559242108094,49.69039178984534,43.72697,-110.8236,3248,12,0.194,2.14125,0.27,13.2,ptl_ts,oligo
NLA17_WY-10032,2017,46.89559242108094,49.69039178984534,43.72697,-110.8236,3248,12,0.194,2.14125,0.27,13.2,sdd_ts,oligo
NLA17_WY-10032,2017,46.89559242108094,49.69039178984534,43.72697,-110.8236,3248,12,0.194,2.14125,0.27,13.2,rot_ts,meso-eutro
NLA17_WY-10032,2017,46.89559242108094,49.69039178984534,43.72697,-110.8236,3248,12,0.194,2.14125,0.27,13.2,crs_ts,meso-eutro
NLA17_WY-10038,2017,61.21950169285451,51.050846742533594,41.40169,-105.8285,2181,41,1.189,64.96625,20.27,0.55,ncp_ts,mixo
NLA17_WY-10038,2017,61.21950169285451,51.050846742533594,41.40169,-105.8285,2181,41,1.189,64.96625,20.27,0.55,chla_ts,eutro
NLA17_WY-10038,2017,61.21950169285451,51.050846742533594,41.40169,-105.8285,2181,41,1.189,64.96625,20.27,0.55,ptl_ts,eutro
NLA17_WY-10038,2017,61.21950169285451,51.050846742533594,41.40169,-105.8285,2181,41,1.189,64.96625,20.27,0.55,sdd_ts,eutro
NLA17_WY-10038,2017,61.21950169285451,51.050846742533594,41.40169,-105.8285,2181,41,1.189,64.96625,20.27,0.55,rot_ts,meso-eutro
NLA17_WY-10038,2017,61.21950169285451,51.050846742533594,41.40169,-105.8285,2181,41,1.189,64.96625,20.27,0.55,crs_ts,eutro
NLA17_WY-10039,2017,63.410040750754376,49.72801432078676,42.91854,-107.7356,1768,28,2.006,792.568,10.76,0.15000000000000002,ncp_ts,mixo
NLA17_WY-10039,2017,63.410040750754376,49.72801432078676,42.91854,-107.7356,1768,28,2.006,792.568,10.76,0.15000000000000002,chla_ts,eutro
NLA17_WY-10039,2017,63.410040750754376,49.72801432078676,42.91854,-107.7356,1768,28,2.006,792.568,10.76,0.15000000000000002,ptl_ts,hypereu
NLA17_WY-10039,2017,63.410040750754376,49.72801432078676,42.91854,-107.7356,1768,28,2.006,792.568,10.76,0.15000000000000002,sdd_ts,hypereu
NLA17_WY-10039,2017,63.410040750754376,49.72801432078676,42.91854,-107.7356,1768,28,2.006,792.568,10.76,0.15000000000000002,rot_ts,meso-eutro
NLA17_WY-10039,2017,63.410040750754376,49.72801432078676,42.91854,-107.7356,1768,28,2.006,792.568,10.76,0.15000000000000002,crs_ts,eutro
NLA17_WY-10050,2017,63.08070701394229,53.55927173810739,41.41529,-106.3582,3027,15,0.476,24.77625,5.68,NA,ncp_ts,oligo
NLA17_WY-10050,2017,63.08070701394229,53.55927173810739,41.41529,-106.3582,3027,15,0.476,24.77625,5.68,NA,chla_ts,meso
NLA17_WY-10050,2017,63.08070701394229,53.55927173810739,41.41529,-106.3582,3027,15,0.476,24.77625,5.68,NA,ptl_ts,eutro
NLA17_WY-10050,2017,63.08070701394229,53.55927173810739,41.41529,-106.3582,3027,15,0.476,24.77625,5.68,NA,sdd_ts,NA
NLA17_WY-10050,2017,63.08070701394229,53.55927173810739,41.41529,-106.3582,3027,15,0.476,24.77625,5.68,NA,rot_ts,meso-eutro
NLA17_WY-10050,2017,63.08070701394229,53.55927173810739,41.41529,-106.3582,3027,15,0.476,24.77625,5.68,NA,crs_ts,eutro
NLA17_WY-HP001,2017,67.8297180307827,39.259017718869174,44.1842148,-106.7589307,1610.18,9,0.319,18.03625,1.71,2.1500000000000004,ncp_ts,oligo
NLA17_WY-HP001,2017,67.8297180307827,39.259017718869174,44.1842148,-106.7589307,1610.18,9,0.319,18.03625,1.71,2.1500000000000004,chla_ts,oligo
NLA17_WY-HP001,2017,67.8297180307827,39.259017718869174,44.1842148,-106.7589307,1610.18,9,0.319,18.03625,1.71,2.1500000000000004,ptl_ts,meso
NLA17_WY-HP001,2017,67.8297180307827,39.259017718869174,44.1842148,-106.7589307,1610.18,9,0.319,18.03625,1.71,2.1500000000000004,sdd_ts,meso
NLA17_WY-HP001,2017,67.8297180307827,39.259017718869174,44.1842148,-106.7589307,1610.18,9,0.319,18.03625,1.71,2.1500000000000004,rot_ts,oligo-meso
NLA17_WY-HP001,2017,67.8297180307827,39.259017718869174,44.1842148,-106.7589307,1610.18,9,0.319,18.03625,1.71,2.1500000000000004,crs_ts,hypereu
