SITE_ID,YEAR,CALANOIDA,COLLOTHECACEAE,CYCLOPOIDA,DIPLOSTRACA,DIPTERA,FLOSCULARIACEAE,HARPACTICOIDA,PLOIMA,NA,POECILOSTOMATOIDA,TROMBIDIFORMES,MYSIDA,ACICULATA,CANALIPALPATA,DECAPODA,PODOCOPIDA,SESSILIA,VENEROIDA,AMPHIPODA,ARGULOIDA,ANOSTRACA,COLOR,PTL,NTL,SECCHI,CHLA
NLA12_AL-101,2012,0.8597424410769231,0.0469846915,2.5317633611333332,2.3363854434090907,NA,0.130160459,0.007368394,1.7858017392439025,1.5436024097142858,NA,NA,NA,NA,NA,NA,NA,NA,NA,NA,NA,NA,14.5,27.5,0.4405,1.9249999999999998,17.759999999999998
NLA12_AL-102,2012,3.3537921048,0.048851867,7.869389299285714,0.23894031566666668,NA,0.1778283625,NA,0.18117207456,1.325274012,0.135882353,NA,NA,NA,NA,NA,NA,NA,NA,NA,NA,NA,7,12,0.389,0.675,10
NLA12_AL-103,2012,0.16039574450000002,0.001432036,0.9569538972,0.32597097975,NA,0.066759236,NA,0.6488981937,0.848672373,NA,NA,NA,NA,NA,NA,NA,NA,NA,NA,NA,NA,19,56,0.449,0.775,32
NLA12_AL-104,2012,0.877310973375,4.59459e-4,0.9826654187777778,0.7948126235384615,NA,0.06717397883333333,NA,0.16010495433333333,0.218873239,1.171270755,NA,NA,NA,NA,NA,NA,NA,NA,NA,NA,NA,14,37,0.344,0.75,8.945454545
NLA12_AL-105,2012,25.192877236333334,0.104381264,3.0072266607142857,0.2490618625,NA,4.421788899,NA,2.2412511911666666,10.448299654,NA,NA,NA,NA,NA,NA,NA,NA,NA,NA,NA,NA,18,82,1.464,0.475,90.28
NLA12_AL-112,2012,NA,NA,0.38946980033333334,0.12963964733333333,NA,0.090693141,NA,1.4304325061818182,3.088478581,NA,NA,NA,NA,NA,NA,NA,NA,NA,NA,NA,NA,21,33,0.379,1.05,9.386666667
NLA12_AL-113,2012,3.3618039286666668,0.010028053,0.027274435,2.2650063925,NA,0.690159981,NA,0.02639699,0.327605644,NA,NA,NA,NA,NA,NA,NA,NA,NA,NA,NA,NA,30,27,0.248,1.45,1.27
NLA12_AL-114,2012,0.0713184595,0.240364787,0.7398172915,0.074123725,NA,0.10159232433333333,NA,1.0690372786875,2.606367643,0.033073418,NA,NA,NA,NA,NA,NA,NA,NA,NA,NA,NA,10,62,0.51,0.65,17.5
NLA12_AL-R03,2012,4.55018650225,0.002265217,2.2783296475,1.947777309857143,NA,0.14163903966666666,NA,0.109577256625,5.212153823,0.237428247,NA,NA,NA,NA,NA,NA,NA,NA,NA,NA,NA,10,31,0.126,1.675,5.968
NLA12_AL-R05,2012,1.3762727283333334,0.036597609,1.309884938,15.194105705999998,NA,0.10787673199999999,NA,0.04380596233333334,1.168044316,NA,NA,NA,NA,NA,NA,NA,NA,NA,NA,NA,NA,15,24,0.326,1.65,6.088
NLA12_AR-101,2012,2.065871020111111,0.056995439,0.2648638327142857,0.07733270728571429,NA,1.715928739153846,NA,0.8203531542,3.5680310852,NA,NA,NA,NA,NA,NA,NA,NA,NA,NA,NA,NA,39,84,0.8555,0.6125,39.58
NLA12_AR-102,2012,5.456152659857143,NA,0.8766108816666667,0.6969284320000001,NA,3.1529786974285714,NA,1.1056566437142858,8.5854169385,0.533085453,NA,NA,NA,NA,NA,NA,NA,NA,NA,NA,NA,18,151,1.536,0.3,74
NLA12_AR-103,2012,0.047468127666666665,0.00200234,0.33690976833333336,0.446123709,NA,0.23076731422222221,NA,0.8729972352,0.778463127,NA,NA,NA,NA,NA,NA,NA,NA,NA,NA,NA,NA,5,15,0.311,3.24,4.944
NLA12_AR-104,2012,5.7555501825,NA,0.48750888000000003,2.5399940760833335,NA,0.2291785826,NA,0.44046645973333337,0.9897688950000001,1.4805642813333333,NA,NA,NA,NA,NA,NA,NA,NA,NA,NA,NA,16,30,0.175,1.84,6.624
NLA12_AR-105,2012,0.5664569523333334,NA,0.8149882465,47.589194948285716,NA,0.8671639185,NA,0.93452526845,0.41609318450000005,NA,NA,NA,NA,NA,NA,NA,NA,NA,NA,NA,NA,33.5,36.5,0.5375,1.3,9.461333334999999
NLA12_AR-106,2012,15.301939493333334,NA,8.01945859325,0.693961747,NA,0.674916226,NA,3.5665850581666665,11.86071601,5.905117527,NA,NA,NA,NA,NA,NA,NA,NA,NA,NA,NA,20,107,1.385,0.48,59.2
NLA12_AR-109,2012,10.078599435666666,NA,20.322682266250002,32.66185937575,NA,4.661476202,NA,0.3706635603333333,2.6132967805000002,NA,NA,NA,NA,NA,NA,NA,NA,NA,NA,NA,NA,20,39,0.656,1.65,10.32
NLA12_AR-111,2012,42.57491574,NA,15.041938893333333,260.81911805,NA,0.031011894,NA,23.055588262,8.625695954,NA,NA,NA,NA,NA,NA,NA,NA,NA,NA,NA,NA,38,121,0.744,0.575,23.89333333
NLA12_AZ-101,2012,0.014921646,0.007439229,0.21091385842857144,0.054163595307692304,NA,0.017707688,NA,0.33608212210714283,0.6824034604,NA,NA,NA,NA,NA,NA,NA,NA,NA,NA,NA,NA,8,45.5,0.33799999999999997,2.55,5.0006666665
NLA12_AZ-102,2012,2.4085768363333333,NA,29.215657128500002,103.6221023544,NA,0.040466719,NA,2.6313502923333334,3.7918295395,NA,NA,NA,NA,NA,NA,NA,NA,NA,NA,NA,NA,38,631,2.045,NA,32.3
NLA12_AZ-103,2012,51.50024349214286,NA,1.3930614086666666,180.4807972916,NA,10.347171908,NA,NA,0.4378845865,NA,NA,NA,NA,NA,NA,NA,NA,NA,NA,NA,NA,20,259,1.055,0.55,15.34
NLA12_AZ-106,2012,0.086758132,NA,0.7959368846,0.4539728535714286,NA,0.0251695015,NA,2.440014679,1.4935720950000002,NA,NA,NA,NA,NA,NA,NA,NA,NA,NA,NA,NA,6,37,0.571,1.5,5.244
NLA12_AZ-107,2012,55.122203636,NA,0.555552829,4.204186327666666,NA,0.014862855,NA,0.0016521346666666665,4.458036264,NA,NA,NA,NA,NA,NA,NA,NA,NA,NA,NA,NA,12,234,0.628,0.225,10.42
NLA12_AZ-118,2012,NA,NA,0.057193471499999995,0.38992603200000003,NA,0.004597743,NA,0.29762381466666665,0.934390867,0.109103217,NA,NA,NA,NA,NA,NA,NA,NA,NA,NA,NA,9,38,0.483,1.55,1.3
NLA12_AZ-123,2012,0.28711074766666667,NA,NA,0.073019551,NA,0.016647732,NA,0.0628046732,0.11176314100000001,NA,NA,NA,NA,NA,NA,NA,NA,NA,NA,NA,NA,275,392,4.094,0.03,253.8
NLA12_AZ-127,2012,0.6338604925,NA,64.84477992725,4.940271315666667,NA,0.010536848,NA,0.125670866,1.2910449385,NA,NA,NA,NA,NA,NA,NA,NA,NA,NA,NA,NA,10,147,0.554,0.29,13.056
NLA12_AZ-130,2012,NA,0.813112871,0.11084068550000001,0.12293668116666667,NA,0.449372196,NA,0.9406718645333333,0.23886191666666667,NA,NA,NA,NA,NA,NA,NA,NA,NA,NA,NA,NA,12.5,62,0.2985,2.3,7.1933333335
NLA12_AZ-140,2012,16.852690694,NA,0.98206701,157.1714855,NA,0.8982064163333333,NA,0.9875029265,1.312955,0.237516465,NA,NA,NA,NA,NA,NA,NA,NA,NA,NA,NA,10,38,0.571,0.85,6.453333333
NLA12_AZ-143,2012,NA,NA,30.00421030933333,29.6143036305,NA,NA,NA,0.2436839076,2.326684704,NA,NA,NA,NA,NA,NA,NA,NA,NA,NA,NA,NA,15,75,1.201,1.725,13.51111111
NLA12_AZ-145,2012,NA,0.648683076,1.1509627453333333,0.138748614,NA,2.309565402,NA,0.5964977141111111,0.84482641,NA,NA,NA,NA,NA,NA,NA,NA,NA,NA,NA,NA,28,244,1.775,1.05,39.2
NLA12_AZ-157,2012,9.56526935,NA,2.6532728425,27.040350856,NA,NA,NA,2.8218708426666668,7.280115037,NA,NA,NA,NA,NA,NA,NA,NA,NA,NA,NA,NA,28,882,3.888,0.275,241.2
NLA12_AZ-R01,2012,6.3734793875,NA,2.8490811545,5.0634351488,NA,0.22706398849999998,NA,1.7186776703333335,1.060194552,NA,NA,NA,NA,NA,NA,NA,NA,NA,NA,NA,NA,12,11,0.253,NA,3.3075
NLA12_AZ-R02,2012,43.252706094666664,NA,121.69003851,424.57007071500004,NA,0.7705290276666666,NA,16.077242293875003,16.28358046,NA,NA,NA,NA,NA,NA,NA,NA,NA,NA,NA,NA,12,79,0.76,0.3,8.52
NLA12_CA-101,2012,4.4428638961875,0.08060071725,10.158722063777779,21.09584164619355,NA,0.37589562842857144,NA,0.7983706807631579,1.7623374208,NA,NA,NA,NA,NA,NA,NA,NA,NA,NA,NA,NA,22.5,30.65,0.47350000000000003,1.385,14
NLA12_CA-102,2012,53.88661030316667,NA,109.61735768833333,84.2642629167,NA,0.9589310705,NA,4.59152153125,50.94917007,NA,NA,NA,NA,NA,NA,NA,NA,NA,NA,NA,NA,55,23.9,1.39,0.39,99
NLA12_CA-103,2012,0.109647905,0.008122445,0.38680776633333336,9.3645307892,NA,NA,NA,0.05597297271428572,0.07371112166666667,NA,NA,NA,NA,NA,NA,NA,NA,NA,NA,NA,NA,5,4.1,0.322,10.59,0.2
NLA12_CA-104,2012,0.6441059285,0.021193697999999997,0.19259470966666664,2.702864489875,NA,3.43193e-4,0.003388836,0.06380744166666667,0.1872333515,NA,NA,NA,NA,NA,NA,NA,NA,NA,NA,NA,NA,5,4.9,0.435,8.78,2.2
NLA12_CA-105,2012,0.2547412846,NA,0.1167206925,0.16369408316666667,NA,0.016791734,NA,0.6687289443333334,2.1322119905,NA,NA,NA,NA,NA,NA,NA,NA,NA,NA,NA,NA,35,688,0.551,0.65,12
NLA12_CA-106,2012,NA,NA,168.97909870066667,NA,NA,NA,NA,110.22385856146153,8.619947283,NA,NA,NA,NA,NA,NA,NA,NA,NA,NA,NA,NA,35,591,3.83,0.31,176
NLA12_CA-107,2012,2.218422728,0.022826336,0.0816461655,7.979028298499999,NA,2.929846666666667e-4,NA,0.053004837624999995,0.0977905265,NA,NA,NA,NA,NA,NA,NA,NA,NA,NA,NA,NA,5,10.2,0.149,5.3,3.8
NLA12_CA-108,2012,0.091091044,3.92e-5,0.5002158418,0.43784487899999996,NA,0.002461306,NA,0.13164073923529412,0.025303205,NA,NA,NA,NA,NA,NA,NA,NA,NA,NA,NA,NA,5,4.8,0.156,6.38,9
NLA12_CA-111,2012,NA,0.082044402,0.0234827,0.39066603266666666,NA,0.4394248815,NA,1.8906443256,0.6232350280000001,NA,NA,NA,NA,NA,NA,NA,NA,NA,NA,NA,NA,7.5,5.65,0.0741,3.5625,2.35
NLA12_CA-112,2012,5.723709082,NA,33.136286692999995,17.0895011865,NA,10.03610691,NA,0.144737800875,2.264577267,NA,NA,NA,NA,NA,NA,NA,NA,NA,NA,NA,NA,5,7.5,0.167,4.81,3.4
NLA12_CA-116,2012,2.457462196,0.016554999,0.6964933233333334,2.1008707994,NA,0.020959819,NA,0.0264156108,0.528742867,NA,NA,NA,NA,NA,NA,NA,NA,NA,NA,NA,NA,25,62.6,0.0626,9.605,1.4
NLA12_CA-119,2012,2.5705627086666665,NA,3.8991294626666666,0.7934298705,NA,0.188442407,NA,0.798711435,0.684777139,NA,NA,NA,NA,NA,NA,NA,NA,NA,NA,NA,NA,5,4.1,0.114,3.995,8
NLA12_CA-121,2012,15.194320656666667,0.017092418,8.490617987666667,30.278729862625,NA,0.817124365,NA,1.6832137111111112,0.836323411,NA,NA,NA,NA,NA,NA,NA,NA,NA,NA,NA,NA,25,12.3,0.334,2.33,2.8
NLA12_CA-123,2012,0.822495711,NA,2.00245390775,4.693618825333333,NA,0.004349527000000001,NA,0.20468640125,0.312520419,NA,NA,NA,NA,NA,NA,NA,NA,NA,NA,NA,NA,5,9.7,0.145,3.385,2
NLA12_CA-128,2012,33.55748855,NA,1.8732485913333334,5.003831159,NA,NA,NA,2.6631553033333333,11.836858155,NA,NA,NA,NA,NA,NA,NA,NA,NA,NA,NA,NA,25,29.5,0.34,2.18,5
NLA12_CA-132,2012,24.352705076666666,NA,4.520267591333333,26.329052338,NA,0.017231183,NA,0.6321221561818182,5.793180192,NA,NA,NA,NA,NA,NA,NA,NA,NA,NA,NA,NA,5,11.6,0.137,4.085,4
NLA12_CA-135,2012,0.756740858,NA,1.212552847,17.708642225333335,NA,0.005239654,NA,0.23380736344444444,0.310122116,NA,NA,NA,NA,NA,NA,NA,NA,NA,NA,NA,NA,5,5.6,0.078,7.765,3.8
NLA12_CA-138,2012,12.016523160250001,NA,0.003884076,0.45418660225,NA,NA,NA,5.361458333333334e-4,0.231875118,NA,NA,NA,NA,NA,NA,NA,NA,NA,NA,NA,NA,5,10.5,0.333,NA,2.6
NLA12_CA-141,2012,13.28660451,0.007716753,25.974553273333335,19.835358882,NA,NA,NA,0.356632107,7.60273496,NA,NA,NA,NA,NA,NA,NA,NA,NA,NA,NA,NA,40,33.7,0.778,1.68,21
NLA12_CA-143,2012,38.72520508833333,NA,7.831233479,70.305566322,NA,NA,NA,0.012532399166666666,1.805720806,NA,NA,NA,NA,NA,NA,NA,NA,NA,NA,NA,NA,5,26.8,0.339,4.835,2.7
NLA12_CA-145,2012,NA,NA,2.6834981706666663,33.012781479750004,NA,9.903879017,NA,4.316934537363636,13.5193342815,NA,NA,NA,NA,NA,NA,NA,NA,NA,NA,NA,NA,5,33.6,0.428,1.96,17
NLA12_CA-154,2012,18.90667291875,NA,1.268869817,208.8173122865,NA,2.2653831359999996,NA,0.019755039,2.00128752,NA,NA,NA,NA,NA,NA,NA,NA,NA,NA,NA,NA,60,166,0.282,0.39,3.3
NLA12_CA-156,2012,NA,NA,0.027070402,0.07724487366666667,NA,NA,NA,3.3292349590000003,0.750767091,NA,NA,NA,NA,NA,NA,NA,NA,NA,NA,NA,NA,10,53,0.443,0.43,31
NLA12_CA-157,2012,2.660856979666667,NA,7.29689258025,37.450510271750005,NA,NA,NA,0.46114032050000003,1.766040734,NA,NA,NA,NA,NA,NA,NA,NA,NA,NA,NA,NA,5,4.1,0.0698,2.49,3.4
NLA12_CA-166,2012,12.8542984535,0.032509492,0.162512696,66.67271245133333,NA,1.02868252,NA,0.9063341713333334,0.810700973,NA,NA,NA,NA,NA,NA,NA,NA,NA,NA,NA,NA,5,4.1,0.162,NA,0.5
NLA12_CA-167,2012,0.9805027473333334,0.002584367,0.9586404426666667,12.040962263142857,NA,0.001512856,NA,0.2196304349090909,0.186998207,NA,NA,NA,NA,NA,NA,NA,NA,NA,NA,NA,NA,15,4.1,0.112,4.865,1.3
NLA12_CA-168,2012,0.313443719,1.239467615,0.265484347,7.287012775000001,NA,NA,NA,6.7040747445,1.094427566,NA,NA,NA,NA,NA,NA,NA,NA,NA,NA,NA,NA,30,434,2.38,0.805,111
NLA12_CA-172,2012,3.871074202,NA,2.09924226,937.6398861,NA,0.013093731,NA,1.5665099145,2.080608403,NA,NA,NA,NA,NA,NA,NA,NA,NA,NA,NA,NA,5,14.8,0.265,12.3,0.8
NLA12_CA-174,2012,4.9635577922500005,2.12377e-4,0.8528419103333333,26.960980325333335,NA,0.0039827025,NA,0.1256551017,1.631727766,NA,NA,NA,NA,NA,NA,NA,NA,NA,NA,NA,NA,5,77.7,0.731,3.28,6.7
NLA12_CA-180,2012,0.351453221,0.042556599,1.2619862333333334,2.0958505096666666,NA,0.063135052,NA,0.2847395419285714,0.751595258,NA,NA,NA,NA,NA,NA,NA,NA,NA,NA,NA,NA,10,4.1,0.127,4.9,3.4
NLA12_CA-181,2012,20.378170046333334,0.03646818,0.36388637150000003,0.7852042158571428,NA,0.018348251,NA,1.8969391512222222,7.209363151,NA,NA,NA,NA,NA,NA,NA,NA,NA,NA,NA,NA,15,39.7,0.319,2.26,6
NLA12_CA-188,2012,40.82392106575,NA,64.7222362055,68.75462641766666,NA,NA,NA,0.0452085595,3.335626538,NA,NA,NA,NA,NA,NA,NA,NA,NA,NA,NA,NA,20,25.6,0.593,1.875,13
NLA12_CA-190,2012,28.99652738375,0.00782859,48.0089603,113.37223582266667,NA,0.16711233566666667,NA,1.1111927425384616,5.871185355,NA,NA,NA,NA,NA,NA,NA,NA,NA,NA,NA,NA,30,123,1.32,0.315,33
NLA12_CA-200,2012,7.867357775,NA,9.793140652666667,23.43122843,NA,NA,NA,0.39744814475,0.4309870775,NA,NA,NA,NA,NA,NA,NA,NA,NA,NA,NA,NA,5,4.1,0.152,10.2,1.4
NLA12_CA-206,2012,NA,NA,NA,0.0049704,NA,0.012874783999999998,NA,0.8303993054000001,0.119331682,NA,NA,NA,NA,NA,NA,NA,NA,NA,NA,NA,NA,5,5.6,0.0711,3.8,1.6
NLA12_CA-208,2012,38.318429175,NA,0.155348641,6.4643566108,NA,0.058900346,NA,0.054227835875,4.004376297,NA,NA,NA,NA,NA,NA,NA,NA,NA,NA,NA,NA,55,29.9,2.61,NA,9
NLA12_CA-212,2012,2.7080500186666665,NA,NA,28.268538075000002,NA,NA,NA,0.999751245,0.003174421,NA,NA,NA,NA,NA,NA,NA,NA,NA,NA,NA,NA,20,8.3,0.175,4.57,2
NLA12_CA-223,2012,0.223669874,0.051953808,7.0086216115,21.847829369285716,NA,0.001483372,NA,0.1848008497142857,0.044491588,NA,NA,NA,NA,NA,NA,NA,NA,NA,NA,NA,NA,5,4.1,0.0668,8.515,0.8
NLA12_CA-R01,2012,4.472807729,NA,17.940963343,57.2323020155,NA,NA,NA,0.888644838,2.49214604,NA,NA,NA,NA,NA,NA,NA,NA,NA,NA,NA,NA,15,31,0.174,4.85,0.636
NLA12_CA-R02,2012,2.9434596505000004,NA,3.6998318786666666,15.885268515249999,NA,0.004619576,NA,0.0037714695833333334,0.100094914,NA,NA,NA,NA,NA,NA,NA,NA,NA,NA,NA,NA,6,40,0.14,3.5,1.508
NLA12_CA-R03,2012,NA,NA,0.073639721,0.0407469,NA,NA,NA,0.1644417029,0.0861504865,NA,NA,NA,NA,NA,NA,NA,NA,NA,NA,NA,NA,17,16,0.121,3.45,5.04
NLA12_CA-R05,2012,0.682870441,0.027139118,0.101207478,16.44350165375,NA,10.74913132,NA,6.213096040333333,0.288062815,NA,NA,NA,NA,NA,NA,NA,NA,NA,NA,NA,NA,8,6,0.068,NA,0.592
NLA12_CA-R06,2012,NA,0.143117523,0.164447408,24.7017979532,NA,0.061056978,NA,0.9970605109999999,0.015443343,NA,NA,NA,NA,NA,NA,NA,NA,NA,NA,NA,NA,5,33,0.294,6,0.650666667
NLA12_CA-R09,2012,0.2674873075,NA,0.07091389666666667,0.1585735857142857,NA,NA,NA,0.11053444845454546,0.092543092,NA,NA,NA,NA,NA,NA,NA,NA,NA,NA,NA,NA,9,14,0.15,NA,0.422
NLA12_CA-R10,2012,NA,0.003243273,1.364953493,0.6253319646666666,NA,0.056541219499999996,NA,0.9317994481111112,0.3934968005,NA,NA,NA,NA,NA,NA,NA,NA,NA,NA,NA,NA,11,59,0.289,2.35,1.944
NLA12_CA-R12,2012,2.6899452446666667,0.00401849,NA,29.033384642333335,NA,NA,NA,0.02730085733333333,0.304803952,NA,NA,NA,NA,NA,NA,NA,NA,NA,NA,NA,NA,8,10,0.281,5.5,0.0664
NLA12_CA-R13,2012,5.661865612,NA,3.665285236,17.395802199,NA,0.177771749,NA,0.08895880425,0.481970098,NA,NA,NA,NA,NA,NA,NA,NA,NA,NA,NA,NA,9,11,0.074,10.5,0.493
NLA12_CO-101,2012,1.0192228598,NA,0.6582270536666667,1.213986378,NA,6.0176799325,NA,17.211431351,1.161449997,NA,NA,NA,NA,NA,NA,NA,NA,NA,NA,NA,NA,16.5,100,3.2945,0.33999999999999997,38.533500000000004
NLA12_CO-102,2012,4.126203693833333,NA,16.790878763714286,197.54823741299998,NA,0.0736876025,NA,0.33046464375,2.1947009055,NA,NA,NA,NA,NA,NA,NA,NA,NA,NA,NA,NA,14,29,0.135,7.09,0.92
NLA12_CO-103,2012,4.6285974822,NA,17.886021234857143,12.132449886,NA,0.043232681,NA,1.3698689430909092,6.7063634725000005,NA,NA,NA,NA,NA,NA,NA,NA,NA,NA,NA,NA,10,17,0.331,0.925,4.768
NLA12_CO-104,2012,0.159101519,NA,24.409259815,0.6447082458000001,NA,NA,NA,1.1148951277692307,1.56472127875,NA,NA,NA,NA,NA,NA,NA,NA,NA,NA,NA,NA,27,435,6.2,0.27,218
NLA12_CO-105,2012,32.886458712999996,0.005048021,1.6062443610000001,214.09579255566666,NA,2.1058285754285713,NA,2.007303417666667,0.950986567,NA,NA,NA,NA,NA,NA,NA,NA,NA,NA,NA,NA,18,114,1.079,0.315,101.3
NLA12_CO-106,2012,23.671978880333334,NA,13.829060113,33.632478573444445,NA,0.4128502808333333,NA,0.5143681315384615,4.2693456780000005,NA,NA,NA,NA,NA,NA,NA,NA,NA,NA,NA,NA,15,15,0.235,2.95,2.2
NLA12_CO-107,2012,NA,NA,2.707807326333333,11.684756125,NA,0.002717996,NA,0.11248207560000001,0.38056321049999997,NA,NA,NA,NA,NA,NA,NA,NA,NA,NA,NA,NA,8,16,0.104,7.39,1.224
NLA12_CO-108,2012,NA,NA,10.3037036795,10.951260873,NA,NA,NA,0.9287223075454546,1.220993118,NA,NA,NA,NA,NA,NA,NA,NA,NA,NA,NA,NA,10,25,0.071,NA,0.371
NLA12_CO-109,2012,1.0373714715,NA,5.709826408500001,22.1612342986,NA,NA,NA,1.4995676208,1.0714030825,NA,NA,NA,NA,NA,NA,NA,NA,NA,NA,NA,NA,28,16,0.215,3.05,5.993
NLA12_CO-110,2012,30.467314576499998,NA,61.862887343333334,55.912069123363636,NA,0.026180622,NA,22.379333859333336,6.5282015335,NA,NA,NA,NA,NA,NA,NA,NA,NA,NA,NA,NA,1,43,0.824,0.62,15.62
NLA12_CO-111,2012,0.1294869122,0.003047515,0.35141502474999997,0.4414835245,NA,0.017394965,NA,8.9954967708,1.944124336,NA,NA,NA,NA,NA,NA,NA,NA,NA,NA,NA,NA,9,26,0.14,0.76,3.513333333
NLA12_CO-114,2012,10.54880688,NA,4.105157435666667,502.7342217,NA,0.012064721,NA,0.5302733546666667,1.296696449,NA,NA,NA,NA,NA,NA,NA,NA,NA,NA,NA,NA,33,37,0.345,1.395,5.8
NLA12_CO-115,2012,30.09742445066667,0.054480154,0.037874935,145.805767461,NA,1.854974084,NA,0.20251142933333335,0.828295325,NA,NA,NA,NA,NA,NA,NA,NA,NA,NA,NA,NA,12,14,0.244,NA,3.04
NLA12_CO-117,2012,0.180144844,NA,56.725001496666664,4.072142775,NA,NA,NA,2.0539759846666668,9.234121168,NA,NA,NA,NA,NA,NA,NA,NA,NA,NA,NA,NA,22,33,0.538,1.675,6.102857143
NLA12_CO-119,2012,0.1701895755,NA,NA,142.552636463,NA,0.004300855,NA,0.05636490016666666,NA,NA,NA,NA,NA,NA,NA,NA,NA,NA,NA,NA,NA,10,5,0.398,10.4,1.16
NLA12_CO-121,2012,NA,NA,9.616363132666667,193.223257775,NA,NA,NA,11.402122353000001,0.368662045,NA,NA,NA,NA,NA,NA,NA,NA,NA,NA,NA,NA,18,84,0.255,NA,3.946666667
NLA12_CO-124,2012,1.920094033,NA,4.588844261,140.79400907624998,NA,NA,NA,0.016507945333333333,6.008073241999999,NA,NA,NA,NA,NA,NA,NA,NA,NA,NA,NA,NA,30,110,1.48,3.675,0.525
NLA12_CO-125,2012,NA,NA,24.710819243333333,69.61657069,NA,0.058589384,NA,1.1847423393333334,1.920023509,NA,NA,NA,NA,NA,NA,NA,NA,NA,NA,NA,NA,20,11,0.061,5.75,1.264
NLA12_CO-127,2012,6.545199821333333,NA,13.35577441275,572.177305049,NA,NA,NA,0.07429573025,0.57027984,NA,NA,NA,NA,NA,NA,NA,NA,NA,NA,NA,NA,18,712,0.936,2.085,97.2
NLA12_CO-129,2012,0.145241425,0.006133561,0.169627721,0.12494563325,NA,0.016854997,0.008500743,0.28205169036363636,0.025194329666666664,NA,NA,NA,NA,NA,NA,NA,NA,NA,NA,NA,NA,8,45,0.744,2.1,3.104
NLA12_CO-130,2012,NA,NA,14.003313130666667,1.2611331073333332,NA,0.287270389,NA,5.082991067,1.735421995,NA,NA,NA,NA,NA,NA,NA,NA,NA,NA,NA,NA,6,9,0.185,3.505,5.187692308
NLA12_CO-131,2012,0.621189886,NA,19.473225178,243.3775100418,NA,NA,NA,1.5599916653333334,9.261721117,NA,NA,NA,NA,NA,NA,NA,NA,NA,NA,NA,NA,24,47.5,0.41700000000000004,3.1125,12.5737362615
NLA12_CO-133,2012,5.245849004,NA,0.920551541,5.1323270039999995,NA,NA,NA,98.43872208500001,1.273147343,NA,NA,NA,NA,NA,NA,NA,NA,NA,NA,NA,NA,19,14,0.09,NA,1.104
NLA12_CO-R01,2012,15.075683326999998,0.064098543,NA,50.20576526,NA,NA,NA,0.08807341525,0.134144717,NA,NA,NA,NA,NA,NA,NA,NA,NA,NA,NA,NA,10,36,0.116,7.6,1.372
NLA12_CO-R04,2012,4.07100367575,NA,3.283442020333333,41.75397064016666,NA,0.012883746,NA,1.4813546714999999,1.638079236,NA,NA,NA,NA,NA,NA,NA,NA,NA,NA,NA,NA,15,20,0.118,5.75,2.293333333
NLA12_CO-R07,2012,46.295249045333335,NA,0.111191462,85.9326666322,NA,NA,NA,0.0787502662,5.5506138,NA,NA,NA,NA,NA,NA,NA,NA,NA,NA,NA,NA,16,120,0.265,3.05,2.116
NLA12_CO-R10,2012,24.01305572,NA,2.761296595666667,8.6333380565,NA,0.236095563,NA,3.29230500775,12.76026377,NA,NA,NA,NA,NA,NA,NA,NA,NA,NA,NA,NA,18,28,0.666,2.55,5.136
NLA12_CT-101,2012,27.319867937166666,0.045200117,7.9996600262,15.599876085411765,NA,7.9244848359999995,NA,3.963962625972222,9.003916753,NA,NA,NA,NA,NA,NA,NA,NA,NA,NA,NA,NA,36.5,28,0.35,1.71,6.752
NLA12_CT-102,2012,2.267434455,0.004583188,0.457654023,8.23769308375,NA,0.05630267875,NA,0.07336027117647059,0.7326107525,NA,NA,NA,NA,NA,NA,NA,NA,NA,NA,NA,NA,8,7,0.176,6.85,1.52
NLA12_CT-103,2012,6.1356003924,0.0098836275,4.6746147773,1.5481989868181818,NA,0.10208534016666668,NA,0.3834118449090909,1.315641078,NA,NA,NA,NA,NA,NA,NA,NA,NA,NA,NA,NA,18,19,0.205,4.65,2.324
NLA12_CT-104,2012,3.1194329002,0.005807203,6.2234929515,17.724541184499998,NA,3.1795288553333334,NA,0.856542191,5.0897463195,NA,NA,NA,NA,NA,NA,NA,NA,NA,NA,NA,NA,38,48,0.825,1.45,28.404
NLA12_CT-105,2012,NA,0.28841715149999997,26.972262416666666,9.407110588888889,NA,0.010542056,NA,0.44663773557894737,0.5823637353333333,NA,NA,NA,NA,NA,NA,NA,NA,NA,NA,NA,NA,15,69,0.763,1.1,26.08
NLA12_CT-107,2012,6.486888441,0.127968112,2.748594668,6.224281461,NA,3.3870465414999997,NA,0.7930600895,14.25701737,NA,NA,NA,NA,NA,NA,NA,NA,NA,NA,NA,NA,28,18,0.244,2.25,4.277333333
NLA12_CT-108,2012,17.097472363333335,NA,7.0252581625,9.6549527788,NA,NA,NA,2.127391622,25.63793781,0.220356198,NA,NA,NA,NA,NA,NA,NA,NA,NA,NA,NA,30,28,0.311,2.5,7.84
NLA12_CT-115,2012,5.375257896,0.17639062049999998,1.8443241931111112,23.651588705363636,NA,0.08899634433333334,NA,0.8307091975416667,2.8065490635,0.4381740105,NA,NA,NA,NA,NA,NA,NA,NA,NA,NA,NA,10.5,12,0.26149999999999995,4.445,3.7960000000000003
NLA12_CT-118,2012,4.4199360475,0.070371656,0.088542605,6.811898184142857,NA,NA,NA,0.0039596242,0.835330396,NA,NA,NA,NA,NA,NA,NA,NA,NA,NA,NA,NA,0,5,0.255,4.35,2.112
NLA12_CT-126,2012,29.90605406375,NA,0.036983204,1.9166823504000001,NA,0.002222903,NA,0.0030720495,1.5345305275,NA,NA,NA,NA,NA,NA,NA,NA,NA,NA,NA,NA,18,15,0.278,3.74,2.82
NLA12_DE-101,2012,12.395398115333334,0.8519902,4.322248453666667,0.9150059635,NA,8.2892851611,NA,4.902458461285714,10.74546872825,NA,NA,NA,NA,NA,NA,NA,NA,NA,NA,NA,NA,20,132,1.2175,0.4125,79.066666665
NLA12_DE-102,2012,89.57125062,NA,2.214071082,18.844855794923077,NA,0.61243758,NA,0.8882067656,0.025428303,NA,NA,NA,NA,NA,NA,NA,NA,NA,NA,NA,NA,30,227,1.495,0.325,78
NLA12_DE-103,2012,NA,NA,1.2079619934999999,7.798670478666667,NA,8.510785842625001,NA,22.3844191448125,7.959893623666667,0.137786556,NA,NA,NA,NA,NA,NA,NA,NA,NA,NA,NA,30,81,0.923,1.38,12.72
NLA12_DE-104,2012,130.510605,NA,110.86353647983333,160.8477148621111,NA,15.622932206833333,NA,75.8153081063913,108.04375310366667,NA,NA,NA,NA,NA,NA,NA,NA,NA,NA,NA,NA,32,182,2.73,0.57,45.12
NLA12_DE-105,2012,0.3795770138,0.210015595,0.3307190874,0.04103321455555555,NA,0.17126141225,NA,0.18924015025581395,1.9683650412,NA,NA,NA,NA,NA,NA,NA,NA,NA,NA,NA,NA,17.5,22,7.141,2.2,3.292
NLA12_DE-107,2012,NA,NA,0.425768236,0.2032013551111111,NA,0.061138724,NA,0.3142279735833333,1.53690415,NA,NA,NA,NA,NA,NA,NA,NA,NA,NA,NA,NA,25,30,0.723,NA,8.48
NLA12_DE-121,2012,NA,NA,0.6561863649999999,1.339998806857143,NA,0.8802580485,NA,2.2861511804166668,2.674262235,NA,NA,NA,NA,NA,NA,NA,NA,NA,NA,NA,NA,260,191,2.185,0.575,15.472
NLA12_FL-101,2012,39.794635446166666,NA,3.077027807214286,5.969841108100001,NA,0.010748275666666666,NA,0.2310526885,7.5614302349999996,NA,NA,NA,NA,NA,NA,NA,NA,NA,NA,NA,NA,25,127,1.134,0.4375,9.94
NLA12_FL-102,2012,0.4696119845,0.10412574233333333,1.2266768625,0.09484999377777778,NA,0.23011143693333333,NA,0.9295387904358974,2.8703670605,0.1930466815,NA,NA,NA,NA,NA,NA,NA,NA,NA,NA,NA,28,43.5,1.491,0.575,27.68
NLA12_FL-103,2012,36.718283232,0.012150075,3.80783002,1.5603874434,NA,0.2638650021111111,NA,3.3303280373125,4.680072971333333,NA,NA,NA,NA,NA,NA,NA,NA,NA,NA,NA,NA,25,132,4.763,0.125,80.9
NLA12_FL-104,2012,0.612840355,NA,2.168248964833333,0.06137336614285714,NA,0.0308557978,0.002474263,0.25759847288235294,2.69242137975,0.22502606549999998,NA,NA,NA,NA,NA,NA,NA,NA,NA,NA,NA,16,25,0.82,0.75,16.32
NLA12_FL-105,2012,3.641252151,0.095434223,2.9682751775000003,NA,NA,0.8162076802,NA,2.4794298458571427,14.587275289,NA,NA,NA,NA,NA,NA,NA,NA,NA,NA,NA,NA,25,81,2.853,0.65,88.8
NLA12_FL-106,2012,28.98339382575,NA,1.9032254849999999,0.5573248655,NA,0.892010166,NA,0.042979155166666665,2.546840764,NA,NA,NA,NA,NA,NA,NA,NA,NA,NA,NA,NA,67,46,0.519,0.725,3.144
NLA12_FL-107,2012,10.48687252325,NA,3.234389218875,2.3232986533333335,NA,0.38005724133333335,NA,1.1965761677647058,1.2885425237500001,NA,NA,NA,NA,NA,NA,NA,NA,NA,NA,NA,NA,9,9,0.546,5.7,2.3776
NLA12_FL-108,2012,NA,0.034050732,0.58752474,0.059502275,NA,0.619138838,NA,0.46581787137499997,6.436424971,0.162419757,NA,NA,NA,NA,NA,NA,NA,NA,NA,NA,NA,29,70,0.854,0.65,34.48888889
NLA12_FL-109,2012,0.5303167886666666,NA,2.2030177775,0.004879647,NA,NA,NA,0.019495844,2.538367464,NA,NA,NA,NA,NA,NA,NA,NA,NA,NA,NA,NA,160,77,1.421,0.675,34.64
NLA12_FL-110,2012,16.126294051166667,NA,5.003422351166667,94.311681029,NA,0.065522469,NA,1.1963271201666668,7.543592876000001,NA,NA,NA,NA,NA,NA,NA,NA,NA,NA,NA,NA,7.5,22,0.46950000000000003,1.7125,8.413333335
NLA12_FL-114,2012,54.0784648605,NA,7.458452074,5.185862481,NA,0.101647148,NA,0.17117538533333332,3.985063492,NA,NA,NA,NA,NA,NA,NA,NA,NA,NA,NA,NA,4,20,0.761,1.5,4.184615385
NLA12_FL-123,2012,17.827686941,NA,2.524992014,1.3718514927142857,NA,4.797578249666667,NA,0.1435634961,3.0363131435,NA,NA,NA,NA,NA,NA,NA,NA,NA,NA,NA,NA,10,7,0.23399999999999999,4.875,1.818
NLA12_FL-126,2012,0.5701430035,0.106245166,0.289315573,0.28777349350000003,NA,6.3410352794,NA,4.461456405333333,5.369543509,0.50223962,NA,NA,NA,NA,NA,NA,NA,NA,NA,NA,NA,53,50,1.279,0.55,11.30666667
NLA12_FL-130,2012,0.25797527049999996,NA,0.18996736349999999,0.274642981,NA,0.34982337825000004,NA,0.03227206158333333,0.214905641,NA,NA,NA,NA,NA,NA,NA,NA,NA,NA,NA,NA,37,58,0.874,0.325,10.9
NLA12_FL-132,2012,20.766766376666666,NA,0.252205935,0.6577391515000001,NA,1.1023603,NA,11.547074441571429,50.44989222,NA,NA,NA,NA,NA,NA,NA,NA,NA,NA,NA,NA,32,83,2.82,0.375,34.572
NLA12_FL-141,2012,NA,NA,0.03276419,0.0025612589999999998,NA,3.910045e-4,NA,0.0021422567647058823,0.022179151,NA,NA,NA,NA,NA,NA,NA,NA,NA,NA,NA,NA,17,27,0.321,0.65,17.25714286
NLA12_FL-R04,2012,47.0663686775,NA,10.82972847675,2.5546044955,NA,0.0753113275,NA,0.34338546833333333,4.192818692,NA,NA,NA,NA,NA,NA,NA,NA,NA,NA,NA,NA,150,48,1.078,0.975,5.155555556
NLA12_FL-R06,2012,33.294900469666665,NA,1.4605938863333334,0.7690105133333334,NA,NA,NA,0.1244427125,2.664737375,NA,NA,NA,NA,NA,NA,NA,NA,NA,NA,NA,NA,210,35,0.596,0.475,2.125
NLA12_GA-101,2012,2.9249019691428573,NA,2.4948999895,0.03240462975,NA,NA,NA,5.329235499,10.546098904444445,NA,NA,NA,0.191346101,0.348561721,0.005683133,7.400301793,5.9690425985,NA,NA,NA,NA,98,160.5,1.3679999999999999,1.15,41.848
NLA12_GA-102,2012,1.0625712465000001,NA,12.7694331314,0.7316333813333333,NA,6.568625643,NA,11.377176688413792,4.86465246175,NA,NA,NA,NA,NA,NA,NA,NA,NA,NA,NA,NA,29,157,0.425,0.3,58.4
NLA12_GA-103,2012,5.316973244375,0.0247788605,0.063145865,0.0421225472,NA,0.345134059,NA,0.5933861306153846,2.4959140713333334,NA,NA,NA,NA,NA,NA,NA,NA,NA,NA,NA,NA,25,37,0.33,0.95,24.48
NLA12_GA-104,2012,0.022083835,0.18332678949999998,0.218642915,0.057088584799999995,NA,0.147500203,NA,0.57852235975,0.216193631,NA,NA,NA,NA,NA,NA,NA,NA,NA,NA,NA,NA,10,15,0.221,2.315,5.024
NLA12_GA-105,2012,2.1025352685,NA,0.36307566975,0.82658062175,NA,0.2610329798,NA,0.16587546023076924,0.142423773,NA,NA,NA,NA,NA,NA,NA,NA,NA,NA,NA,NA,15,19,0.073,3.24,0.9328
NLA12_GA-107,2012,0.044588209999999996,NA,NA,0.005849833166666667,NA,3.2981384709999997,NA,3.466195010333333,0.590818613,NA,NA,NA,NA,NA,NA,NA,NA,NA,NA,NA,NA,17,76,1.674,0.46,121.2
NLA12_GA-111,2012,NA,0.184156056,0.07504162466666667,0.013055254,NA,1.678372102,NA,1.1556320693,0.49159898,0.260543247,NA,NA,NA,NA,NA,NA,NA,NA,NA,NA,NA,20,46,0.626,1.03,32.52
NLA12_GA-112,2012,3.948081628666667,0.065691283,0.6861326605,0.042962970833333336,NA,1.9224498760000002,NA,0.4624488607142857,0.62647089025,NA,NA,NA,NA,NA,NA,NA,NA,NA,NA,NA,NA,15,35.5,0.3305,2.345,5.096
NLA12_GA-114,2012,74.5259159925,NA,9.460589270749999,2.0197654675714287,NA,0.7107489406666666,NA,0.1919817281818182,8.755267069,NA,NA,NA,NA,NA,NA,NA,NA,NA,NA,NA,NA,40,39,0.629,1.05,10.608
NLA12_GA-118,2012,15.005816005,0.0030456165,8.590061710333334,73.375659554,NA,0.001486189,NA,0.2512397328181818,1.246340306,NA,NA,NA,NA,NA,NA,NA,NA,NA,NA,NA,NA,10,14,0.119,4.035,1.35
NLA12_GA-127,2012,20.9539868945,0.070946654,29.914693320999998,6.554068349857143,NA,4.914761798,NA,3.5306856966428573,9.951520695,NA,NA,NA,NA,NA,NA,NA,NA,NA,NA,NA,NA,62,36,1.145,0.85,21.8
NLA12_GA-R01,2012,5.915908934,NA,6.5849334200000005,0.040177107999999996,NA,3.0822052867500003,NA,0.9868646078333333,9.555917088,NA,NA,NA,NA,NA,NA,NA,NA,NA,NA,NA,NA,12,28,0.231,1.6,5.645714286
NLA12_GA-R11,2012,0.2141985665,NA,0.6726450966666666,3.1972680513636362,NA,0.11414875699999999,NA,0.053699398913043477,0.23818838266666667,NA,NA,NA,NA,NA,NA,NA,NA,NA,NA,NA,NA,840,81,2.414,0.15,3.216
NLA12_IA-101,2012,71.12203345507143,0.013280646,29.3085894004375,25.978780775857143,NA,0.06173347066666667,NA,0.05229118527777778,5.3415973566,0.321376017,NA,NA,NA,NA,NA,NA,NA,NA,NA,NA,NA,15,176,2.19,0.365,85.23349999999999
NLA12_IA-102,2012,112.00433790528571,NA,13.272519856142857,172.8898282388889,NA,0.207678517,NA,0.004012743,0.330422408,NA,NA,NA,NA,NA,NA,NA,NA,NA,NA,NA,NA,18,684,1.8,0.83,88
NLA12_IA-103,2012,7.097342932166667,NA,12.034868908,15.989026038,NA,0.150855467,NA,2.014417315869565,4.824363542,0.6883089713333334,NA,NA,NA,NA,NA,NA,NA,NA,NA,NA,NA,5,18,0.401,3.01,4.12
NLA12_IA-104,2012,35.854774137571425,NA,55.56432257516666,4.921053903818182,NA,0.26485238885714285,NA,0.11672928773333333,0.33115768,NA,NA,NA,NA,NA,NA,NA,NA,NA,NA,NA,NA,12,22,0.699,1.6,4.8
NLA12_IA-105,2012,19.11480638933333,0.1565718,10.6744406285,19.425350998538462,NA,1.6535502306666667,NA,0.6986631867857143,14.888900818500002,0.740173457,NA,NA,NA,NA,NA,NA,NA,NA,NA,NA,NA,17,193,3.05,0.225,91.9
NLA12_IA-106,2012,0.264053074,0.009616559,0.5862338017500001,0.1421106147142857,NA,0.12247328933333333,NA,3.8035773982580645,0.91710459525,NA,NA,NA,NA,NA,NA,NA,NA,NA,NA,NA,NA,13,241,1.271,0.575,87.7
NLA12_IA-107,2012,73.85476305479999,NA,115.27961530716668,788.4472417852222,NA,0.214503923,NA,1.1274953032142856,2.8038550535,NA,NA,NA,NA,NA,NA,NA,NA,NA,NA,NA,NA,24,493,4.738,0.165,104
NLA12_IA-109,2012,NA,0.013467469,5.8198658206000005,35.3069842105,NA,0.012061825,NA,0.21168552057142856,1.4126818553333333,NA,NA,NA,NA,NA,NA,NA,NA,NA,NA,NA,NA,30,59,0.763,1.54,5.268571429
NLA12_IA-113,2012,4.029409911666667,2.218369832,3.9714230496666665,11.5768750455,NA,NA,NA,2.0836555305999998,3.393449589,NA,NA,NA,NA,NA,NA,NA,NA,NA,NA,NA,NA,12,33,0.696,1.475,15.9
NLA12_IA-120,2012,18.47239944125,NA,1.9083015873333333,13.2077917682,NA,NA,NA,7.435716666666667e-4,4.462492819333333,0.217145298,NA,NA,NA,NA,NA,NA,NA,NA,NA,NA,NA,8,171,0.7444999999999999,0.3975,14.1666666665
NLA12_IA-127,2012,64.31185064,0.02348577,5.2519471255,5.1726604087500005,NA,0.948406214,NA,2.718106562,9.627435324,NA,NA,NA,NA,NA,NA,NA,NA,NA,NA,NA,NA,15,50,0.86,0.81,14.34666667
NLA12_IA-132,2012,29.394178575999998,NA,65.38458002333333,20.006652976599998,NA,0.86310720275,NA,2.1864420883749998,12.45744599,NA,NA,NA,NA,NA,NA,NA,NA,NA,NA,NA,NA,17,240,2.401,0.31,91.2
NLA12_IA-134,2012,38.1025531335,NA,184.70407411466667,5.056314431,NA,0.077648834,NA,0.350344569,28.57170857,NA,NA,NA,NA,NA,NA,NA,NA,NA,NA,NA,NA,25,175,1.354,0.435,86
NLA12_IA-150,2012,1.7040991,NA,53.894486812333334,77.63676042925,NA,0.6896931225,NA,3.4450850776666666,7.650454655,NA,NA,NA,NA,NA,NA,NA,NA,NA,NA,NA,NA,20,62,2.034,1.175,72.8
NLA12_IA-152,2012,66.135854685,NA,3.7159665756666667,1197.61632,NA,0.571349223,NA,0.02166363,1.315139323,NA,NA,NA,NA,NA,NA,NA,NA,NA,NA,NA,NA,15,240,1.418,1.125,62.4
NLA12_IA-R01,2012,8.23067081075,NA,20.44515897,20.11633937925,NA,0.342953493,NA,3.03751334175,9.338285313,1.806641889,NA,NA,NA,NA,NA,NA,NA,NA,NA,NA,NA,10,46,0.623,1,21.92
NLA12_IA-R02,2012,18.894394820333332,NA,59.1334584925,3.061460673,NA,0.514721692,NA,5.697883304545455,49.17384681,NA,NA,NA,NA,NA,NA,NA,NA,NA,NA,NA,NA,10,208,2.245,0.3,135.2
NLA12_IA-R03,2012,0.9689903215,0.020867178,18.16343240766667,39.029145058000005,NA,1.108203207,NA,0.252131494,10.38319253,NA,NA,NA,NA,NA,NA,NA,NA,NA,NA,NA,NA,15,16,0.48,2.25,2.176
NLA12_ID-101,2012,6.988250429000001,0.140991581,0.6472339235000001,63.737707115846156,NA,0.7589823463333333,NA,3.8456307547391306,0.99065932975,NA,NA,NA,NA,NA,NA,NA,NA,NA,NA,NA,NA,12.5,59.5,0.2255,3.8,6.303999999999999
NLA12_ID-102,2012,0.099450713,0.0092280185,0.024794108,2.0255843621538463,NA,0.004594365,NA,0.06375487223529412,0.26746102299999996,NA,NA,NA,NA,NA,NA,NA,NA,NA,NA,NA,NA,13,29,0.173,NA,1.432
NLA12_ID-103,2012,17.4408623655,0.007990424,2.3578727948333333,2.4645801667000002,NA,0.094610109,NA,3.487820673625,1.6655934217500001,NA,NA,NA,NA,NA,NA,NA,NA,NA,NA,NA,NA,0,35,0.196,2.05,3.562666667
NLA12_ID-104,2012,2.917173209,0.016025626,0.5713369537499999,233.57585387319997,NA,1.7339445118,NA,0.48330740788235294,0.38123932099999996,NA,NA,NA,NA,NA,NA,NA,NA,NA,NA,NA,NA,20,147,1.636,1.25,81.12
NLA12_ID-105,2012,3.2205332233333333,0.053500255,4.7336108155000005,14.978910982250001,NA,1.3943639235,NA,1.83772881,0.38477497250000003,NA,NA,NA,NA,NA,NA,NA,NA,NA,NA,NA,NA,15,29,0.478,2.55,2.824
NLA12_ID-107,2012,70.41849960266667,NA,5.298433097333334,35.937388604166664,NA,132.1509677,NA,123.6403813,14.56923476,NA,NA,NA,NA,NA,NA,NA,NA,NA,NA,NA,NA,32,383,0.895,0.395,3.024
NLA12_ID-108,2012,0.86253958,0.001499205,0.20478454025,21.185035232142855,NA,0.063281172,NA,0.923021447090909,1.8108741799999999,NA,NA,NA,NA,NA,NA,NA,NA,NA,NA,NA,NA,12,22,0.095,3.275,1.152
NLA12_ID-109,2012,0.09065070924999999,NA,0.536214433,7.7800001755625,NA,0.035025467666666664,0.069529702,1.08807539475,0.24686594866666667,NA,NA,NA,NA,NA,NA,NA,NA,NA,NA,NA,NA,13,41,0.23,0.69,18.88
NLA12_ID-110,2012,NA,NA,0.3752760445,24.705822732375,NA,0.0477446915,NA,1.056066194826087,0.39865812900000003,NA,NA,NA,NA,NA,NA,NA,NA,NA,NA,NA,NA,38,44,0.954,2.4,4.88
NLA12_ID-111,2012,22.628542598,8.67295e-4,11.723744248166666,158.93926108714285,NA,0.005338723,NA,0.03711881288888889,3.542666434,NA,NA,NA,NA,NA,NA,NA,NA,NA,NA,NA,NA,18,84,0.465,1.7,12.24
NLA12_ID-112,2012,NA,0.0388341865,4.790505185333333,10.951528127384615,NA,0.6428429992,NA,50.74542120588889,3.620811887,NA,NA,NA,NA,NA,NA,NA,NA,NA,NA,NA,NA,31.5,47.5,0.28300000000000003,2.475,4.0920000000000005
NLA12_ID-113,2012,NA,0.722665283,60.524366554333334,18.041940625000002,NA,9.875776634,NA,21.659244452833335,2.509983871,NA,NA,NA,NA,NA,NA,NA,NA,NA,NA,NA,NA,30,34,0.329,2.35,3.73
NLA12_ID-121,2012,1.5567404146666666,NA,2.9012234865,31.719877181999998,NA,0.6257210615000001,NA,1.68704320225,2.812269983,NA,NA,NA,NA,NA,NA,NA,NA,NA,NA,NA,NA,22,65,0.149,NA,2.34
NLA12_ID-122,2012,7.3268667725,NA,4.583819887,61.86991483925,NA,2.3764568315,NA,8.312384106625,3.245863993,NA,NA,NA,NA,NA,NA,NA,NA,NA,NA,NA,NA,20,82,1.04,1.725,45.68
NLA12_ID-141,2012,NA,NA,4.335050027,342.104004073,NA,0.005530254,NA,0.8968634653333334,0.680975353,NA,NA,NA,NA,NA,NA,NA,NA,NA,NA,NA,NA,18,36,0.125,5,1.264
NLA12_ID-142,2012,NA,NA,NA,NA,NA,2.09379e-4,NA,9.664652307692308e-4,0,NA,NA,NA,NA,NA,NA,NA,NA,NA,NA,NA,NA,5,15,0.053,1.1,0.112685714
NLA12_ID-143,2012,31.817139725,NA,2.8854565946666666,19.860945397625,NA,5.297521141,NA,1.121226024888889,1.911575772,NA,NA,NA,NA,NA,NA,NA,NA,NA,NA,NA,NA,22,68,0.72,1.575,5.76
NLA12_ID-145,2012,NA,NA,0.043351913,0.895849877,NA,NA,NA,0.9522656703,0.072403432,NA,NA,NA,NA,NA,NA,NA,NA,NA,NA,NA,NA,10,23,0.029,7.1,0.441142857
NLA12_ID-148,2012,5.806104516666666,0.006091013,28.908809741666666,177.9157379625,NA,NA,NA,1.3626448915555556,1.803380308,NA,NA,NA,NA,NA,NA,NA,NA,NA,NA,NA,NA,15,77,0.303,2.275,5.546666667
NLA12_ID-149,2012,9.5147819115,NA,0.8245874305,76.858849089,NA,2.6750430972,NA,2.150521453666667,8.944742127,NA,NA,NA,NA,NA,NA,NA,NA,NA,NA,NA,NA,23,85,1.048,1.05,26.72
NLA12_ID-151,2012,21.608980305750002,NA,0.621266532,600.520065847,NA,NA,NA,NA,1.226445097,NA,NA,NA,NA,NA,NA,NA,NA,NA,NA,NA,NA,68,705,7.844,0.25,764.64
NLA12_ID-158,2012,6.163081433666667,0.009122486,0.128729256,0.479601,NA,0.061159018999999995,NA,0.0064826038,1.45751789,NA,NA,NA,NA,NA,NA,NA,NA,NA,NA,NA,NA,1,9,0.033,11.6,0.248171429
NLA12_ID-165,2012,5.937651553333334,0.023844318,3.2028192213333333,58.35190465616667,NA,0.101942252,NA,1.3123193266923077,0.32556460649999996,NA,NA,NA,NA,NA,NA,NA,NA,NA,NA,NA,NA,40,118,1.536,2.5,4.056
NLA12_ID-166,2012,0.013554306,NA,0.032470213,0.9846601704000001,NA,0.004747976,NA,0.0225657359,0.0368996835,NA,NA,NA,NA,NA,NA,NA,NA,NA,NA,NA,NA,20,58,0.665,2.475,2.456
NLA12_ID-168,2012,0.919400778,NA,0.7499709763333333,0.2865359437142857,NA,0.0965448245,NA,1.175097646,6.571026221,NA,NA,NA,NA,NA,NA,NA,NA,NA,NA,NA,NA,12,17,0.103,4.7,1.296
NLA12_ID-175,2012,18.35586050725,0.001241151,0.5661266165000001,35.124166119499996,NA,0.002423047,NA,0.04548853,2.033194335,NA,NA,NA,NA,NA,NA,NA,NA,NA,NA,NA,NA,16,201,0.553,0.225,24.48
NLA12_ID-180,2012,0.287094512,NA,NA,13.3948607565,NA,NA,NA,0.062567914,0.06318252,NA,NA,NA,NA,NA,NA,NA,NA,NA,NA,NA,NA,13,22,0.096,NA,1.156
NLA12_ID-194,2012,12.076512181666667,NA,25.681304791,272.32428347866664,NA,0.004904112,NA,2.809814318,0.799050014,NA,NA,NA,NA,NA,NA,NA,NA,NA,NA,NA,NA,25,93,0.471,1.05,31.36
NLA12_ID-198,2012,6.502906309666667,NA,1.731601607,36.09070257,NA,4.967396134,NA,0.02409840375,6.143658451,NA,NA,NA,NA,NA,NA,NA,NA,NA,NA,NA,NA,25,79,0.696,1.05,22.56
NLA12_ID-203,2012,153.31544765750002,NA,41.70643209466667,1523.5723793506666,NA,0.670504947,NA,4.896492339166667,2.481129107,NA,NA,NA,NA,NA,NA,NA,NA,NA,NA,NA,NA,28,175,1.369,1,22.29333333
NLA12_ID-205,2012,NA,NA,1.6589365329999999,34.069185812,NA,0.59546835,NA,49.3381742025,0.226767522,NA,NA,NA,NA,NA,NA,NA,NA,NA,NA,NA,NA,20,75,0.373,1.35,2.144
NLA12_ID-207,2012,7.091618318,0.129650375,11.309914220666666,20.0307006685,NA,0.516204966,NA,5.8744453342,1.473861109,NA,NA,NA,NA,NA,NA,NA,NA,NA,NA,NA,NA,21,43,0.235,1.975,5.448
NLA12_ID-209,2012,6.976744525,NA,0.472460582,28.914763695399998,NA,0.487949868,NA,2.176783494,NA,NA,NA,NA,NA,NA,NA,NA,NA,NA,NA,NA,NA,10,41,0.104,4.6,0.424
NLA12_ID-210,2012,2.0486813623333333,NA,0.079429687,2.7167679796666664,NA,0.050053247,NA,0.0095298844,0.105398478,NA,NA,NA,NA,NA,NA,NA,NA,NA,NA,NA,NA,2,9,0.051,9.1,0.384
NLA12_ID-214,2012,NA,NA,41.095068917,108.74603199859999,NA,NA,NA,0.673147195,7.143365198,NA,NA,NA,NA,NA,NA,NA,NA,NA,NA,NA,NA,10,134,0.29,1.05,8.72
NLA12_ID-215,2012,NA,NA,NA,0.6705914535,NA,9.427121852,NA,2.096335332,NA,NA,NA,NA,NA,NA,NA,NA,NA,NA,NA,NA,NA,10,13,0.038,9.9,0.717714286
NLA12_ID-216,2012,164.95817887333334,0.001840691,8.416142390000001,1260.6869094146666,NA,0.163410884,NA,NA,9.035734042,NA,NA,NA,NA,NA,NA,NA,NA,NA,NA,NA,NA,32,275,1.76,0.225,86.56
NLA12_ID-218,2012,22.962045468,0.092572059,11.47091625,7.887604323,NA,3.134001119,NA,7.560156539833334,0.462276219,NA,NA,NA,NA,NA,NA,NA,NA,NA,NA,NA,NA,15,37,0.109,6.725,2.04
NLA12_ID-220,2012,28.859450255,NA,NA,103.38162119500001,NA,5.317222358,NA,1.1499203346666667,0.131640032,NA,NA,NA,NA,NA,NA,NA,NA,NA,NA,NA,NA,15,53,0.139,5.85,1.130666667
NLA12_ID-221,2012,5.0923887856666665,NA,0.036588009,0.7153644605,NA,16.45894647,NA,6.407841167,0.513946285,NA,NA,NA,NA,NA,NA,NA,NA,NA,NA,NA,NA,48,47,0.785,0.6,6.08
NLA12_IL-103,2012,8.5807822878,4.87477488,22.6441589482,17.000036678714284,NA,2.0453757302,NA,1.922776248,15.053234798333333,NA,NA,NA,NA,NA,NA,NA,NA,NA,NA,NA,NA,15,71.5,1.1515,0.8474999999999999,36.96
NLA12_IL-104,2012,15.106895631,NA,5.464983798375,13.4569952265,NA,0.348134689,NA,0.05709943566666666,1.9915894155,NA,NA,NA,NA,NA,NA,NA,NA,0.622256225,NA,NA,NA,8,17,0.731,1.45,6.16
NLA12_IL-105,2012,10.221631159333333,NA,6.6233554926250005,4.395427230857143,NA,0.14548300333333333,NA,0.8773766418333333,4.9998210475,0.853126391,NA,NA,NA,NA,NA,NA,NA,NA,NA,NA,NA,20,28,0.603,1.175,12.37333333
NLA12_IL-106,2012,5.4175913335,NA,7.131177222333333,3.7642519436363635,NA,0.8109677085,NA,2.8276121780588235,3.0815188935,NA,NA,NA,NA,NA,NA,NA,NA,NA,NA,NA,NA,32,62,1.188,0.71,59.36
NLA12_IL-109,2012,16.975802408875,0.004712168,2.635214440625,26.671195222375,NA,0.42095367466666667,NA,0.28479535526666666,1.3598318505,NA,NA,NA,NA,NA,NA,NA,NA,NA,NA,NA,NA,20,50,0.8619999999999999,0.775,36.71
NLA12_IL-110,2012,3.9617513903333332,NA,7.260829189,15.0547123166,NA,0.096835029,NA,1.3309149982857142,19.54927779,NA,NA,NA,NA,NA,NA,NA,NA,NA,NA,NA,NA,15,24,0.52,1.325,4.533333333
NLA12_IL-111,2012,2.434909197,0.01243151,13.986744227500001,0.8395504205000001,NA,NA,NA,2.117767506,8.242332386,0.690730855,NA,NA,NA,NA,NA,NA,NA,NA,NA,NA,NA,18,89,0.986,0.875,59.36
NLA12_IL-112,2012,0.6386002065,0.29293009,0.122942524,0.13513727216666666,NA,2.078252605,NA,5.237270249125,4.358842497,NA,NA,NA,NA,NA,NA,NA,NA,NA,NA,NA,NA,11,69,1.35,0.975,24.8
NLA12_IL-114,2012,17.58943428225,NA,4.1771912865,12.960913170000001,NA,NA,NA,1.79846028175,3.184616947,NA,NA,NA,NA,NA,NA,NA,NA,NA,NA,NA,NA,15,13,0.348,3.005,2.8768
NLA12_IL-116,2012,0.012480676,NA,NA,0.008292556999999999,NA,NA,NA,0.06856552883333333,0.001231311,NA,NA,NA,NA,NA,NA,NA,NA,NA,NA,NA,NA,28,64,1.61,2.975,0.220699301
NLA12_IL-118,2012,43.662347733333334,NA,20.43553485,5.660298228714286,NA,0.27520217,NA,1.8740652048888888,30.70900223,NA,NA,NA,NA,NA,NA,NA,NA,NA,NA,NA,NA,25,91,1.136,0.365,57.28
NLA12_IL-120,2012,0.940160336,NA,34.783355803333336,1.089158958,NA,4.105849632,NA,2.1163993556666667,16.37797415,NA,NA,NA,NA,NA,NA,NA,NA,NA,NA,NA,NA,16,109,1.198,0.95,48.64
NLA12_IL-123,2012,NA,NA,76.75377061666667,NA,NA,NA,NA,0.12785118525,8.8307708065,NA,NA,NA,NA,NA,NA,NA,NA,NA,NA,NA,NA,39,384,4.606,0.16,234.4
NLA12_IL-R01,2012,4.903022244333334,0.054399363,1.460338789,3.2284526268000002,NA,0.024338699499999998,NA,1.601786849,2.59449823,NA,NA,NA,NA,NA,NA,NA,NA,NA,NA,NA,NA,11,21,0.261,2.385,2.272
NLA12_IL-R03,2012,0.337785218,NA,0.040600095,5.188464703499999,NA,20.18045373,NA,3.78838670075,0.857395082,NA,NA,NA,NA,NA,NA,NA,NA,NA,NA,NA,NA,17,24,0.409,1.43,4.976
NLA12_IL-R04,2012,15.559940165,NA,28.808872880000003,13.880353396,NA,0.7309776539999999,NA,0.9581849921428571,2.61876044,NA,NA,NA,NA,NA,NA,NA,NA,NA,NA,NA,NA,12,18,0.321,1.47,9.84
NLA12_IN-101,2012,15.308655344416668,0.01178432575,3.7194296020714286,26.7661952223,NA,0.2609734095,NA,0.7361054933953488,1.6625556782,1.2656878406666667,NA,NA,NA,NA,NA,NA,NA,NA,NA,NA,NA,19,27.5,0.6145,3.55,4.1133333335
NLA12_IN-102,2012,4.357726082666667,0.013406471,2.9001609155555554,7.0566646004,NA,0.00149805,NA,0.16816968152941175,1.7746782496666669,1.033503933,NA,NA,NA,NA,NA,NA,NA,NA,NA,NA,NA,18,37,0.578,2.75,4.272
NLA12_IN-103,2012,2.2756979596666667,NA,3.755933577875,0.25944946350000003,NA,0.150111671,NA,0.1275316003076923,2.250714911,0.089897011,NA,NA,NA,NA,NA,NA,NA,NA,NA,NA,NA,28,65,1.304,0.95,27.57333333
NLA12_IN-104,2012,15.1423800455,NA,8.754672463857142,460.8650328548,NA,0.360893002,NA,3.0358410006666667,3.886377241,NA,NA,NA,NA,NA,NA,NA,NA,NA,NA,NA,NA,12,40,0.621,1.175,16.24
NLA12_IN-105,2012,6.144564682125,0.001369346,10.421652506555555,2.2440127781666668,NA,0.029035188,NA,0.13064335413333333,3.6477285605,NA,NA,NA,NA,NA,NA,NA,NA,NA,NA,NA,NA,18,40,0.89,0.95,15.2
NLA12_IN-106,2012,11.412430103875,0.005743942,7.387263696333333,6.102276220111111,NA,0.18767988500000002,NA,0.31293579650000003,4.698194761000001,0.054164046,NA,NA,NA,NA,NA,NA,NA,NA,NA,NA,NA,22,29,0.614,1.4,8.48
NLA12_IN-108,2012,1.2302936581666666,NA,9.957378535142857,1.6489871485454546,NA,1.7446431207142858,NA,0.7713302368,1.3918195895,0.64646749,NA,NA,NA,NA,NA,NA,NA,NA,NA,NA,NA,16,58,1.051,0.965,17.2
NLA12_IN-110,2012,6.421653374625,NA,1.4535513758999998,18.98787741609091,NA,0.149835944,NA,0.443254837,1.64757769,NA,NA,NA,NA,NA,NA,NA,NA,7.32872e-4,NA,NA,NA,20,21,0.63,2.05,6.186666667
NLA12_IN-111,2012,26.640557227555554,0.0315443265,40.419215058714286,4.852872547142857,NA,0.427649278,NA,0.4554247312,11.685365418,NA,NA,NA,NA,NA,NA,NA,NA,NA,NA,NA,NA,15,46,1.359,1.05,38.4
NLA12_IN-112,2012,8.58777403775,0.006629966,18.131274629500002,4.203529843777778,NA,NA,NA,0.025872626699999998,2.178290495,NA,NA,NA,NA,NA,NA,NA,NA,NA,NA,NA,NA,22,59,0.765,0.75,33.12
NLA12_IN-113,2012,1.0866106586,0.072730966,0.670199172125,5.2388229138,NA,0.5623294171666667,NA,0.12713977327777778,1.4944748705000002,0.0685443255,NA,NA,NA,NA,NA,NA,NA,NA,NA,NA,NA,22,16,0.558,2.5,2.813793103
NLA12_IN-115,2012,16.641847795333334,0.007374449,6.898669628285715,20.304646975333334,NA,0.17996836466666666,NA,0.20384761817647057,6.200335056,1.466701123,NA,NA,NA,NA,NA,NA,NA,NA,NA,NA,NA,15,27,0.376,1.175,14.13
NLA12_IN-116,2012,2.458941689,0.128894461,10.3508295925,80.17935104349999,NA,0.045898316999999994,NA,0.07068266589473685,2.8348153045,NA,NA,NA,NA,NA,NA,NA,NA,NA,NA,NA,NA,15,16,0.556,4.45,1.944
NLA12_IN-117,2012,3.044450639,NA,2.239591558375,4.668858021571428,NA,0.022800384333333333,NA,0.14979023487499998,0.9116915870000001,0.142713279,NA,NA,NA,NA,NA,NA,NA,NA,NA,NA,NA,7,9,1.234,1.65,4.284
NLA12_IN-120,2012,10.045871255333333,NA,70.952984025,54.152229492833335,NA,0.3223104763333333,NA,0.1557357733076923,6.317875636,1.1042459275,NA,NA,NA,NA,NA,NA,NA,NA,NA,NA,NA,14,44,0.733,1.1,21.7
NLA12_IN-126,2012,115.3353006005,NA,38.838526845000004,6.424384916,NA,0.047394397000000005,NA,3.059648522333333,97.58458808,1.014227012,NA,NA,NA,NA,NA,NA,NA,NA,NA,NA,NA,11,84,0.853,0.45,26.88
NLA12_IN-127,2012,5.7445843373333325,NA,0.43969831175,0.305798399,NA,4.055164719333334,NA,1.9310336806000001,24.49009988,0.263356422,NA,NA,NA,NA,NA,NA,NA,NA,NA,NA,NA,18,53,0.84,0.55,32.48
NLA12_IN-128,2012,3.922568484625,0.085301049,1.8917036115714285,4.933119338230769,NA,0.5167931686,NA,0.6458066836363636,2.0218729066666667,1.40359769,NA,NA,NA,NA,NA,NA,NA,0.0602588825,NA,NA,NA,17.5,41,0.5985,2.7249999999999996,4.84
NLA12_IN-130,2012,15.937470488333332,NA,10.54222958575,16.277012186,NA,0.0386765345,NA,0.017785188857142857,0.977668596,0.996291779,NA,NA,NA,NA,NA,NA,NA,NA,NA,NA,NA,15,19,0.428,2.1,5.893333333
NLA12_IN-131,2012,1.375209267,NA,2.4436026666666666,7.420695827,NA,NA,NA,0.74436452275,0.1994896695,NA,NA,NA,NA,NA,NA,NA,NA,NA,NA,NA,NA,11,8,0.305,8.5,0.908
NLA12_IN-134,2012,32.8507046715,NA,11.641669236,45.653950304199995,NA,2.445303093,NA,0.24695942137500002,12.31099848,NA,NA,NA,NA,NA,NA,NA,NA,NA,NA,NA,NA,26,38,1.19,0.99,18.24
NLA12_IN-135,2012,12.965348710999999,NA,6.9156462649999995,13.134260926500001,NA,NA,NA,0.9700446903333333,1.127420064,NA,NA,NA,NA,NA,NA,NA,NA,NA,NA,NA,NA,7,31,0.298,1.7,3.56
NLA12_IN-142,2012,232.05068983333334,NA,8.525536292,77.0237555558,NA,0.1326098445,NA,23.6449000955,23.415590142,NA,NA,NA,NA,NA,NA,NA,NA,NA,NA,NA,NA,28,125,1.524,0.425,12.48
NLA12_IN-144,2012,22.17265022,NA,26.192525689500002,40.7547597644,NA,0.614427828,NA,2.3469844437142857,9.308993497,12.06043559,NA,NA,NA,NA,NA,NA,NA,NA,NA,NA,NA,30,31,0.836,1.55,7.4
NLA12_IN-145,2012,17.091236320333334,0.032089985,16.58662153825,26.914164672714286,NA,3.578492973,NA,0.4529367552,10.81881245,NA,NA,NA,NA,NA,NA,NA,NA,NA,NA,NA,NA,22,107,1.416,0.45,77.76
NLA12_IN-146,2012,3.0775114473333334,0.07435238,15.1139418286,3.50624193775,NA,0.326004246,NA,0.808627110875,9.700596323,0.203856551,NA,NA,NA,NA,NA,NA,NA,NA,NA,NA,NA,12,24,0.285,2.8,2.56
NLA12_IN-147,2012,1.58835373,NA,2.654898463,4.4121157402,NA,0.68010627575,NA,3.5980024195555553,9.247514243,0.349511386,NA,NA,NA,NA,NA,NA,NA,NA,NA,NA,NA,22,411,2.256,0.19,72
NLA12_IN-149,2012,66.307131996,NA,4.093226995666667,16.474797717,NA,0.463957646,NA,3.952000442,8.893963375,0.387084005,NA,NA,NA,NA,NA,NA,NA,NA,NA,NA,NA,19,51,0.758,1.45,12.88
NLA12_IN-155,2012,3.1509596236666666,0.023975055,1.3622269282500001,2.8990820556666663,NA,0.011929275,NA,4.792470320090909,1.463020924,NA,NA,NA,NA,NA,NA,NA,NA,NA,NA,NA,NA,15,13,0.389,6.45,3.253333333
NLA12_IN-159,2012,0.051694709,0.070683648,0.255107118,0.10513219566666668,NA,NA,NA,1.008570192,0.173288252,NA,NA,NA,NA,NA,NA,NA,NA,NA,NA,NA,NA,24,148,1.308,0.85,60.912
NLA12_IN-160,2012,90.3562466855,0.059211233,2.206427928,11.861953328,NA,14.41868741,NA,1.11835476175,6.626841094,NA,NA,NA,NA,NA,NA,NA,NA,NA,NA,NA,NA,25,17,0.803,2.2,6.056
NLA12_IN-162,2012,1.978487196,0.097163615,0.48843638533333333,0.20511314942857142,NA,0.2975915496666667,NA,0.220763218375,2.6755162615,NA,NA,NA,NA,NA,NA,NA,NA,NA,NA,NA,NA,25,39,0.529,0.925,16.32
NLA12_IN-163,2012,24.75883309666667,NA,19.93532022275,6.442244932666667,NA,0.0128962765,NA,1.075891589,6.721254205,NA,NA,NA,NA,NA,NA,NA,NA,NA,NA,NA,NA,18,76,0.998,0.75,35.6
NLA12_IN-164,2012,1.371499854,NA,35.719625850250004,66.078497312,NA,0.082709082,NA,0.11615174691666666,6.140393684,NA,NA,NA,NA,NA,NA,NA,NA,NA,NA,NA,NA,22,18,0.65,3.35,2.309
NLA12_IN-166,2012,NA,NA,4.721138084,8.460267548285714,NA,2.099047324,NA,0.8773673093846154,2.9442924335,NA,NA,NA,NA,NA,NA,NA,NA,NA,NA,NA,NA,30,112,1.28,1,22.72
NLA12_IN-171,2012,0.2937995975,NA,0.232733521,0.337326655,NA,0.0300307135,NA,0.512322281,1.538942252,NA,NA,NA,NA,NA,NA,NA,NA,NA,NA,NA,NA,28,33,0.34,1.375,11.952
NLA12_IN-172,2012,5.629147000750001,0.022934265500000002,5.0381017035,13.020365559333333,NA,0.23355790033333335,NA,1.2199128373333334,1.190792641,1.891427726,NA,NA,NA,NA,NA,NA,NA,NA,NA,NA,NA,12,11,1.116,4.7,2.16
NLA12_IN-174,2012,1.256539939,0.004259954,20.369497304333333,2.164930771375,NA,0.04826423525,NA,0.6935412523000001,0.926123266,0.612680658,NA,NA,NA,NA,NA,NA,NA,0.069424702,NA,NA,NA,15,17,0.468,2.25,3.204
NLA12_IN-179,2012,1.183175781,NA,0.30499796749999997,0.37760245333333337,NA,NA,NA,8.419460958,3.274724098,NA,NA,NA,NA,NA,NA,NA,NA,NA,NA,NA,NA,26,962,6.6,0.425,171
NLA12_IN-180,2012,0.1962126765,NA,0.2679416153333333,0.0160610165,NA,2.2701473726666666,NA,3.6366553963333335,5.144625853,0.01026976,NA,NA,NA,NA,NA,NA,NA,NA,NA,NA,NA,15,49,0.618,1.25,13.44
NLA12_IN-183,2012,NA,NA,11.174229059,18.093350136166666,NA,0.049676559,NA,0.6376044299,5.098673421,NA,NA,NA,NA,NA,NA,NA,NA,NA,NA,NA,NA,30,416,1.545,0.55,12.976
NLA12_IN-185,2012,7.185517278666667,NA,43.13658497,26.738280292166664,NA,0.202857153,NA,0.3158494202727273,8.626334374,NA,NA,NA,NA,NA,NA,NA,NA,NA,NA,NA,NA,22,64,0.771,1.05,30
NLA12_IN-186,2012,11.61659731625,7.51102e-4,5.407291305499999,7.8618746755,NA,0.009004889,NA,0.115562477,1.231076112,0.192139402,NA,NA,NA,NA,NA,NA,NA,NA,NA,NA,NA,16,15,0.484,2.65,2.736
NLA12_IN-187,2012,1.3858977263333334,NA,6.4869001415,7.7542437242,NA,1.183349132,NA,0.7640834775,14.82869275,NA,NA,NA,NA,NA,NA,NA,NA,NA,NA,NA,NA,17,11,0.285,2.85,5.04
NLA12_IN-191,2012,25.95952605,NA,19.4337219225,617.9934856456666,NA,4.824112303666666,NA,1.1981020851428572,16.23774621,NA,NA,NA,NA,NA,NA,NA,NA,NA,NA,NA,NA,30,147,1.943,0.275,56.1
NLA12_IN-193,2012,6.1038058178,0.011023283,0.7890877573333334,11.07018931625,NA,0.043300921,NA,0.5774685734,1.523288377,1.320498833,NA,NA,NA,NA,NA,NA,NA,NA,NA,NA,NA,15,9,0.35,3.15,5.104
NLA12_IN-196,2012,3.9914866974,0.090602449,1.3048481744,1.6069631335714287,NA,0.0152433935,NA,0.138587883,1.490090418,0.072312802,NA,NA,NA,NA,NA,NA,NA,NA,NA,NA,NA,18,17,0.593,4.05,4.165714286
NLA12_IN-199,2012,7.203804529,0.026130799,4.5232261774,36.4683195856,NA,2.560843262,NA,0.5774598324,2.330539611,2.794862645,NA,NA,NA,NA,NA,NA,NA,NA,NA,NA,NA,22,31,0.536,2.25,4.18
NLA12_IN-201,2012,4.084808207,NA,8.25105214175,12.430897137666667,NA,0.225000586,NA,1.183751043,6.000344747,NA,NA,NA,NA,NA,NA,NA,NA,NA,NA,NA,NA,28,63,2.59,0.55,24.48
NLA12_IN-202,2012,20.272678600666666,NA,10.157036223,156.49981787500002,NA,0.270762894,NA,14.061317877444445,12.71713139,NA,NA,NA,NA,NA,NA,NA,NA,NA,NA,NA,NA,8,50,0.955,0.975,10.88
NLA12_KS-101,2012,27.213439889857142,NA,3.593464176230769,8.498058107866667,NA,0.47166166653846153,NA,0.041346369970588236,3.4046102814285715,NA,NA,NA,NA,NA,NA,NA,NA,NA,NA,NA,NA,27.5,810.5,2.3505000000000003,0.055,5.8831666665
NLA12_KS-102,2012,34.935905938333335,NA,34.315251832,66.59579921122223,NA,0.4462627335,NA,2.4746099152727274,9.145482834500001,NA,NA,NA,NA,NA,NA,NA,NA,NA,NA,NA,NA,9,53,0.885,0.91,8.564705882
NLA12_KS-103,2012,3.0822635296666667,0.004221948,83.6073325462,114.0230923945,NA,0.6635142464999999,NA,0.2858208765714286,1.0340808035,0.6352168095,NA,NA,NA,NA,NA,NA,NA,NA,NA,NA,NA,4,28,0.504,1.23,12.59354839
NLA12_KS-105,2012,75.87447906,NA,34.700771248125,26.684473876888887,NA,0.9890718562499999,NA,2.4186264315833332,26.113809538666665,NA,NA,NA,NA,NA,NA,NA,NA,NA,NA,NA,NA,20,190,1.409,0.265,44.4
NLA12_KS-106,2012,7.692453568333334,NA,41.321763721875,25.277669982125,NA,1.5907747394285714,NA,16.80816968617647,31.35895118,NA,NA,NA,NA,NA,NA,NA,NA,NA,NA,NA,NA,30,95,1.024,0.83,29.33333333
NLA12_KS-107,2012,2.43847888225,0.341685245,0.8719373096,0.070602778,NA,0.47656890116666667,NA,3.762709874625,5.951985667500001,NA,NA,NA,NA,NA,NA,NA,NA,NA,NA,NA,NA,17,28,0.368,1.15,7.586206897
NLA12_KS-108,2012,84.06250157216667,NA,79.817288386125,50.93517733025,NA,0.5775246860000001,NA,6.289423375466666,6.638723565333334,NA,NA,NA,NA,NA,NA,NA,NA,NA,NA,NA,NA,17,261,1.194,0.185,50.4
NLA12_KS-109,2012,9.63931863725,0.037744987,2.4948942567142858,10.022338862583334,NA,7.9848841748,NA,4.482532317352941,8.7805480405,NA,NA,NA,NA,NA,NA,NA,NA,NA,NA,NA,NA,18,46,0.567,1.15,11.44888889
NLA12_KS-114,2012,3.609373402,0.144484047,1.505199258,4.47362597675,NA,0.195001758,NA,0.7066464573333333,6.89469349,0.064694846,NA,NA,NA,NA,NA,NA,NA,NA,NA,NA,NA,2,46,0.588,0.775,15.408
NLA12_KS-121,2012,102.91344145533334,NA,73.80050757825,110.66571509725,NA,4.1004863955,NA,9.04785823075,23.39205913,NA,NA,NA,NA,NA,NA,NA,NA,NA,NA,NA,NA,15,68,0.643,0.485,21.71428571
NLA12_KS-122,2012,10.163073648333333,NA,0.6159046456666667,0.467173539,NA,0.469544435,NA,0.3297193456,8.162391653,0.308898795,NA,NA,NA,NA,NA,NA,NA,NA,NA,NA,NA,20,60,0.534,0.6,20
NLA12_KS-124,2012,107.82241628,NA,85.5565368325,155.7683808625,NA,15.12622993,NA,1.5272220998000001,23.18753803,NA,NA,NA,NA,NA,NA,NA,NA,NA,NA,NA,NA,16,103,0.678,0.33,19.71
NLA12_KS-125,2012,15.884392495666667,0.852947393,2.02088999,7.132539098,NA,NA,NA,0.89112190275,1.475229868,0.607905786,NA,NA,NA,NA,NA,NA,NA,NA,NA,NA,NA,7,16,0.309,2.75,3.066666667
NLA12_KS-126,2012,18.15012920275,NA,1.3311741586666668,11.837246060750001,NA,0.039139320666666665,NA,0.02530459811111111,1.200111249,NA,NA,NA,NA,NA,NA,NA,NA,NA,NA,NA,NA,31,455,2.13,0.045,6.336
NLA12_KS-130,2012,47.735984694,NA,1.113283192,2.277962631,NA,0.21897059400000002,NA,3.9793841354444446,4.111945327,NA,NA,NA,NA,NA,NA,NA,NA,NA,NA,NA,NA,1,45,0.968,0.95,14.688
NLA12_KS-138,2012,14.116117382,NA,14.478958220500001,4.6948835795,NA,0.006416647,NA,0.6208398155,2.648277657,NA,NA,NA,NA,NA,NA,NA,NA,NA,NA,NA,NA,7,12,0.329,2.2,3.588571429
NLA12_KS-R02,2012,0.14432602449999998,0.007496789,0.3290503838,0.10455756633333334,NA,0.326333512,NA,2.0902321496363636,2.984379232,0.011368027,NA,NA,NA,NA,NA,NA,NA,NA,NA,NA,NA,14,47,0.65,0.7,10.576
NLA12_KS-R07,2012,1.1769525920000001,0.259438488,0.09059774833333334,1.945896451,NA,5.107904895,NA,3.234700037,0.5621374795,0.057392076,NA,NA,NA,NA,NA,NA,NA,NA,NA,NA,NA,16,71,0.775,0.7,24.64
NLA12_KS-R08,2012,19.35707072,0.093048367,12.638625129,50.279814078,NA,0.5532143939999999,NA,15.6582183228,12.21929435,NA,NA,NA,NA,NA,NA,NA,NA,NA,NA,NA,NA,3,37,0.606,0.6,16.16
NLA12_KS-R11,2012,5.392550434333334,0.060234078,0.015643315,0.12414007233333334,NA,0.15480579566666666,NA,3.5462651878333333,3.703589031,0.042778837,NA,NA,NA,NA,NA,NA,NA,NA,NA,NA,NA,25,25,0.328,1.1,3.896
NLA12_KY-101,2012,1.1967815299166666,0.0293390195,0.2587127986666667,4.068262585708333,NA,0.20755695229999999,NA,0.05830080364516129,0.9630781525,NA,NA,NA,NA,NA,NA,NA,NA,NA,NA,NA,NA,8.5,14.5,0.10300000000000001,3.3,0.89025
NLA12_KY-102,2012,0.4058795005,0.04697154,10.520597578333334,6.6234112242,NA,2.2075172755,NA,2.3509994171363635,5.441132578333333,NA,NA,NA,NA,NA,NA,NA,NA,NA,NA,NA,NA,14,25,0.379,1.35,13.376
NLA12_KY-103,2012,1.4050211751666668,0.0283785795,5.127688849222222,9.5766503594,NA,0.033054476250000006,NA,0.17110618023529411,0.7825983373333333,NA,NA,NA,NA,NA,NA,NA,NA,NA,NA,NA,NA,5,22,0.166,2.55,NA
NLA12_KY-104,2012,47.92795635,NA,105.084710425,43.4504205275,NA,1.1075736336666666,NA,23.96804434146154,31.105024900500002,NA,NA,NA,NA,NA,NA,NA,NA,NA,NA,NA,NA,51,483,2.498,0.15,133.14
NLA12_KY-107,2012,3.5318207475,NA,80.26419741744444,65.47163622881818,NA,0.39161355666666664,NA,2.5555169351333333,6.624795687,NA,NA,NA,NA,NA,NA,NA,NA,NA,NA,NA,NA,8.5,47,0.6545,1.225,27.84761905
NLA12_KY-114,2012,5.848867763333334,0.054155134,3.6723526397499997,0.5090024327777778,NA,0.14956079449999998,NA,0.8624441476666667,4.018721617,0.107974537,NA,NA,NA,NA,NA,NA,NA,NA,NA,NA,NA,10,25,1.373,1.4,10.8
NLA12_KY-116,2012,1.9434932492499999,NA,0.40525643066666667,0.013073746333333334,NA,NA,NA,0.016813705666666665,0.892535001,0.102391229,NA,NA,NA,NA,NA,NA,NA,NA,NA,NA,NA,13,26,0.415,1.9,2.593333333
NLA12_KY-117,2012,5.13757528975,NA,2.8874959122,47.167914025,NA,2.9995576765,NA,0.8505152378181818,3.20700954,NA,NA,NA,NA,NA,NA,NA,NA,NA,NA,NA,NA,13,75,0.775,1.2,22.56
NLA12_KY-120,2012,11.383551456,NA,0.971583134,4.624332615,NA,35.81844157,NA,6.508069115,10.74814865,NA,NA,NA,NA,NA,NA,NA,NA,NA,NA,NA,NA,17,158,1.254,0.2,78.33333333
NLA12_KY-122,2012,15.246568321749999,0.05567384,19.64570288525,2.94006610425,NA,1.327996726,NA,1.3111959131875,4.0362068330000005,NA,NA,NA,NA,NA,NA,NA,NA,NA,NA,NA,NA,6,95,1.03,0.65,48.54545455
NLA12_LA-101,2012,0.45184012116666666,0.005616581,0.22755973337500002,0.6430603345,NA,0.51917068225,NA,0.2364914965625,3.6946995748333333,0.22629288133333333,NA,NA,NA,NA,NA,NA,NA,NA,NA,NA,NA,20,381,1.3655,0.8625,96.76666664999999
NLA12_LA-102,2012,0.829859694,NA,1.4730442832500001,0.35605371122222224,NA,0.293002991,NA,0.2126341038235294,3.830564848,0.23904648,NA,NA,NA,NA,NA,NA,NA,NA,NA,NA,NA,17,112,0.538,0.55,11.664
NLA12_LA-103,2012,30.726975931625,0.007485296,2.0862672091666665,6.6291781884,NA,0.9632598504,NA,0.0346004345,5.407566202,NA,NA,NA,NA,NA,NA,NA,NA,NA,NA,NA,NA,20,215,0.708,0.25,7.82
NLA12_LA-104,2012,0.8043099898,NA,0.8343012187142858,1.5561655567142858,NA,0.06986017625,NA,0.16148699235714284,0.877524314,0.158885585,NA,NA,NA,NA,NA,NA,NA,NA,NA,NA,NA,67,66,0.691,1.05,16.16
NLA12_LA-105,2012,0.08033536349999999,0.0227729655,0.3961179458571429,0.3014884325,NA,0.6478606064,NA,0.8219712624285714,4.098752430999999,0.365189331,NA,NA,NA,NA,NA,NA,NA,NA,NA,0.006996096,NA,22,68,0.358,1.15,12.096
NLA12_LA-106,2012,0.09321010566666667,9.96695e-4,0.21248609033333332,0.13144784774999999,NA,0.14942123016666667,NA,0.7326139304814815,0.138252142,NA,NA,NA,NA,NA,NA,NA,NA,NA,NA,NA,NA,36,109,1.694,0.65,44
NLA12_LA-109,2012,NA,NA,0.069928202,0.105282844,NA,NA,NA,0.02675828066666667,NA,0.013299345,NA,NA,NA,NA,NA,NA,NA,NA,NA,NA,NA,12,397,1.38,0.25,51.6
NLA12_LA-134,2012,2.6688500076,NA,1.4640077040000001,0.891668688,NA,0.2359768168,NA,1.05438412475,2.8582361,0.081383542,NA,NA,NA,NA,NA,NA,0.018135789,0.014983411,NA,NA,NA,32.5,153,0.7475,0.75,11.72
NLA12_LA-141,2012,NA,NA,0.474147042,0.011618643,NA,NA,NA,0.001720194,NA,NA,NA,NA,NA,NA,NA,NA,NA,NA,NA,NA,NA,36,3085,9.5,0.15,426
NLA12_LA-152,2012,NA,NA,7.05963704175,1.1913208665,NA,1.066727954,NA,3.3866251349375003,5.08489462,NA,NA,NA,NA,NA,NA,NA,NA,NA,NA,NA,NA,20,45,0.708,0.55,47.1
NLA12_LA-154,2012,NA,NA,35.4600287258,43.08426619066667,NA,NA,NA,3.5325676172608698,3.7273638510000002,NA,NA,NA,NA,NA,NA,NA,NA,NA,NA,NA,NA,75,1054,6.544,0.15,250
NLA12_LA-155,2012,12.084863017666667,NA,6.46787098,7.985717556571428,NA,3.2933205933333336,NA,0.28392703,1.451926741,NA,NA,NA,NA,NA,NA,NA,NA,NA,NA,NA,NA,25,23,0.353,2.6,5.266666667
NLA12_LA-161,2012,NA,0.011048825,0.058560477,0.03548795525,NA,0.027268374333333335,NA,0.34176040873333335,0.11932047650000001,0.073355871,NA,NA,NA,NA,NA,NA,NA,NA,NA,NA,NA,16,55,0.615,1.25,13.648
NLA12_LA-172,2012,NA,0.024095436,0.49906356350000003,0.725074177,NA,0.1996796295,NA,4.712651163857143,2.744239446,0.138496779,NA,NA,NA,NA,NA,NA,NA,NA,NA,NA,NA,20,427,1.948,0.45,74
NLA12_MA-101,2012,2.503658955,0.013345006,39.9089143575,3.5545400053,NA,0.5672796689999999,NA,1.7158917917727272,11.80566894975,NA,NA,NA,NA,NA,NA,NA,NA,NA,NA,NA,NA,18,34,0.2145,1.4,11.894
NLA12_MA-102,2012,34.02358821128571,NA,0.639064178,5.09541809325,NA,0.02504990425,NA,0.166857224,4.097180624,NA,NA,NA,NA,NA,NA,NA,NA,NA,NA,NA,NA,18,14,0.388,NA,2.154666667
NLA12_MA-103,2012,0.15319647250000001,0.455902444,16.61075862425,4.7845554886363635,NA,0.208172368,NA,2.163161235043478,6.792888833,NA,NA,NA,NA,NA,NA,NA,NA,NA,NA,NA,NA,32,15,0.395,1.85,4.68
NLA12_MA-104,2012,25.606632470333334,NA,4.5048258545,57.828847791875,NA,0.030141782500000002,NA,0.567106878625,3.410852063,1.502901722,NA,NA,NA,NA,NA,NA,NA,NA,NA,NA,NA,12,25,0.739,0.85,33.76
NLA12_MA-105,2012,11.326500450000001,0.14800437949999998,4.454927370625,32.726389733,NA,0.56630150475,NA,0.8772057674333332,1.179748655,NA,NA,NA,NA,NA,NA,NA,NA,NA,NA,NA,NA,40,22.5,0.33899999999999997,1.45,7.09
NLA12_MA-106,2012,4.64128935,0.019276643,9.54896034575,7.180483535666666,NA,0.056277985,NA,0.41236808585714285,9.946066388,NA,NA,NA,NA,NA,NA,NA,NA,NA,NA,NA,NA,12,13,0.278,3.25,5.273846154
NLA12_MA-108,2012,1.925328007,NA,6.835835195,14.359409343166666,NA,NA,NA,2.7042326369999996,9.514660461,NA,NA,NA,NA,NA,NA,NA,NA,NA,NA,NA,NA,23,48,0.474,1.05,18.18666667
NLA12_MA-109,2012,9.6781814728,7.58997e-4,0.8293232776666667,20.736903731,NA,0.08469979000000001,NA,0.0018509524,0.515933298,0.005263477,NA,NA,NA,NA,NA,NA,NA,NA,NA,NA,NA,20,7,0.261,5.95,1.472
NLA12_MA-110,2012,5.684678605666667,0.055165508,1.818586898,14.4812928302,NA,0.3277222006666667,NA,5.0234253229285715,2.211255592,0.644376818,NA,NA,NA,NA,NA,NA,NA,NA,NA,NA,NA,10,13,0.238,2.95,5.08
NLA12_MA-111,2012,NA,NA,21.5582880895,0.03498265457142857,NA,NA,NA,0.5339135118,15.59435953,NA,NA,NA,NA,NA,NA,NA,NA,NA,NA,NA,NA,20,29,0.224,3.25,5.533333333
NLA12_MD-101,2012,1.2422295482222223,0.08405247514285714,0.8573446036923077,31.575279664090907,NA,0.055303492375,NA,0.054255541,0.6515774232,NA,NA,NA,NA,NA,NA,NA,NA,NA,NA,NA,NA,11,5,0.2245,4.675000000000001,1.722
NLA12_MD-102,2012,4.026173782,0.1179419745,1.2373138584999999,0.8654460528,NA,2.7796799953333333,NA,2.1576632827222224,7.3000172779999994,0.053972482,NA,NA,NA,NA,NA,NA,NA,NA,NA,NA,NA,14,81,0.89,0.45,42.56
NLA12_MD-103,2012,2.4353772371666667,0.02507504,0.7251997241428572,0.9090447460000001,NA,8.51025e-4,NA,0.31579165081818183,1.3034185974999999,NA,NA,NA,NA,NA,NA,NA,NA,NA,NA,NA,NA,10,5,0.271,1.55,0.842666667
NLA12_MD-104,2012,6.910425958,6.300799551333333,2.4861709257999998,3.384536428,NA,1.5243342737777776,NA,10.413780521294118,13.641197032333334,NA,NA,NA,NA,NA,NA,NA,NA,NA,NA,NA,NA,14,165,2.343,0.35,118.8
NLA12_MD-105,2012,11.414208830666666,0.2027988325,0.829247866,0.13473035060000002,NA,0.7128622471428572,NA,1.2554614305,5.755070716333333,NA,NA,NA,NA,NA,NA,NA,NA,NA,NA,NA,NA,33.5,84,0.741,0.875,32.72
NLA12_MD-108,2012,60.48346152,0.001546386,28.57930700975,80.870260343,NA,0.006924383,NA,1.1304061645,3.533645698,NA,NA,NA,NA,NA,NA,NA,NA,NA,NA,NA,NA,28,42,0.57,0.75,26
NLA12_MD-115,2012,16.927535717999998,NA,0.7617799395,0.2390402728,NA,3.679652129,NA,18.17303607475,9.666982429,0.021566496,NA,NA,NA,NA,NA,NA,NA,NA,NA,NA,NA,15,87,1.548,0.35,105.6
NLA12_MD-118,2012,NA,NA,1.0361173216666666,9.7993415646,NA,0.090332625,NA,1.3907654337142856,1.506075409,NA,NA,NA,NA,NA,NA,NA,NA,NA,NA,NA,NA,19,50,5.8,NA,3.686153846
NLA12_ME-101,2012,0.9346235974545455,0.029331294,1.5791945206153846,0.7905777574761904,NA,0.10024234428571428,NA,1.5838390243902438,0.6624289275999999,0.133324002,NA,NA,NA,NA,NA,NA,NA,NA,NA,NA,NA,20,5,0.25,3.1399999999999997,2.1605
NLA12_ME-102,2012,5.5895756648,0.03880976,3.6024596715,7.516964576666666,NA,0.09183640733333333,NA,0.3622353918095238,0.4663377845,NA,NA,NA,NA,NA,NA,NA,NA,NA,NA,NA,NA,48,8,0.3,3.005,2.736
NLA12_ME-103,2012,2.0435642521,0.008865728,1.9292059501111112,3.7689647280666665,NA,0.9092949499999999,NA,0.15498571846666667,1.686809008,NA,NA,NA,NA,NA,NA,NA,NA,NA,NA,NA,NA,31,6,0.3,4.16,3.044
NLA12_ME-104,2012,2.7127990775,0.0127982275,0.8427293087142858,0.5011176874166666,NA,0.034985362,NA,0.12181556180952381,2.7966961365,NA,NA,NA,NA,NA,NA,NA,NA,NA,NA,NA,NA,27,12,0.6,2.175,3.272
NLA12_ME-105,2012,29.47884501225,0.063937746,3.9599321111428574,0.3092050484,NA,0.08907444049999999,NA,0.1379202217647059,2.9389586835,NA,NA,NA,NA,NA,NA,NA,NA,NA,NA,NA,NA,30,13,0.6,2.07,6.528
NLA12_ME-106,2012,7.085347734666667,0.0414528725,3.025970577,1.33362195425,NA,0.009501391000000001,NA,0.5753517655833333,0.3636216765,NA,NA,NA,NA,NA,NA,NA,NA,NA,NA,NA,NA,25,6,0.3,3.685,4.565
NLA12_ME-107,2012,6.74384257925,0.001105184,0.35974827633333334,1.3660694077272728,NA,1.5393385920000002,NA,0.15991288666666667,1.2930495419999999,NA,NA,NA,NA,NA,NA,NA,NA,NA,NA,NA,NA,14,4,0.2,4.075,1.508571429
NLA12_ME-108,2012,0.8886404358,0.8233237935000001,0.673200677,0.234656916,NA,1.320344235,NA,0.6807295498636363,0.4331908805,NA,NA,NA,NA,NA,NA,NA,NA,NA,NA,NA,NA,9,9,0.3,3.25,5.662857143
NLA12_ME-109,2012,0.072522697,0.107844232,0.6860619033333333,0.0685556282,NA,0.21074151925,NA,2.2335631940000003,1.039992178,NA,NA,NA,NA,NA,NA,NA,NA,NA,NA,NA,NA,16,15,0.4,2.875,6.56
NLA12_ME-110,2012,NA,0.1431598755,0.997829591,0.5910603004,NA,1.151673863,NA,0.9221906998695653,1.2787978225,NA,NA,NA,NA,NA,NA,NA,NA,NA,NA,NA,NA,6,6,0.2,6.95,2.02
NLA12_ME-113,2012,48.840252388,0.100415416,14.2795931545,5.926935675,NA,0.321849785,NA,4.5086458715,7.499687045,NA,NA,NA,NA,NA,NA,NA,NA,NA,NA,NA,NA,110,22,0.1,1.475,12.816
NLA12_ME-114,2012,19.3397363945,0.006196801,12.33729367825,8.007492737333333,NA,0.153027833,NA,0.8107780238461538,2.24950719,NA,NA,NA,NA,NA,NA,NA,NA,NA,NA,NA,NA,20,6,0.3,4.05,1.92
NLA12_ME-115,2012,28.914689867333333,0.004712168,12.407112348250001,24.0271309735,NA,0.390231851,NA,0.6296909568571428,1.300682582,NA,NA,NA,NA,NA,NA,NA,NA,NA,NA,NA,NA,38,9,0.4,3.335,1.872
NLA12_ME-116,2012,41.767514722,NA,5.9765202330000005,16.723955766,NA,NA,NA,3.15834073575,3.326944151,NA,NA,NA,NA,NA,NA,NA,NA,NA,NA,NA,NA,47,13,0.4,1.995,3.461
NLA12_ME-118,2012,24.128032540666666,0.096391938,2.128235764,19.71149699075,NA,0.531271178,NA,0.973636648625,3.759756277,NA,NA,NA,NA,NA,NA,NA,NA,NA,NA,NA,NA,16,11,0.3,4.83,2.092
NLA12_ME-120,2012,10.9739695195,0.06492118699999999,2.230432065,0.22116570216666667,NA,1.168507677,NA,0.477757001125,5.364333439,NA,NA,NA,NA,NA,NA,NA,NA,NA,NA,NA,NA,55,10,0.4,2.615,2.72
NLA12_ME-121,2012,4.9253474850000005,0.040407311,8.60759258125,9.9255628095,NA,NA,NA,2.2035917995454546,6.608631043,NA,NA,NA,NA,NA,NA,NA,NA,NA,NA,NA,NA,15,11,0.3,3.5,15.893
NLA12_ME-122,2012,0.10868141475000001,0.180142071,0.6600199383333334,0.0100343748,NA,0.084885081,NA,0.10774953742857143,3.273072556,NA,NA,NA,NA,NA,NA,NA,NA,NA,NA,NA,NA,50,11,0.5,2.825,1.68
NLA12_ME-126,2012,10.9017790575,0.002931939,4.702480185857143,2.0327335525555554,NA,0.07468396,NA,0.29206447505,5.2313826205,NA,NA,NA,NA,NA,NA,NA,NA,NA,NA,NA,NA,20,4.5,0.25,4.675,1.5539999999999998
NLA12_ME-129,2012,56.130251673749996,0.068949209,40.734606643,7.713157908666666,NA,7.843346623,NA,0.43050855120000003,8.210034504,NA,NA,NA,NA,NA,NA,NA,NA,NA,NA,NA,NA,27,13,0.4,2.755,3.925333333
NLA12_ME-130,2012,NA,NA,9.24294037725,15.736938358,NA,0.138835469,NA,0.173791146,4.212279979,NA,NA,NA,NA,NA,NA,NA,NA,NA,NA,NA,NA,19,7,0.3,4.125,2.443
NLA12_ME-134,2012,28.544379443333334,NA,5.58717000825,25.365823693333333,NA,0.0632205325,0.253533001,0.1399528329,6.438085623,NA,NA,NA,NA,NA,NA,NA,NA,NA,NA,NA,NA,22,10,0.3,2.68,2.448
NLA12_ME-135,2012,17.47168313375,0.020321224,1.7256770656,0.7647956007142858,NA,0.258748017,NA,0.35772521599999996,7.952112643,NA,NA,NA,NA,NA,NA,NA,NA,NA,NA,NA,NA,22,9,0.3,3.4,2.256
NLA12_ME-137,2012,4.032450234,0.13772053,24.171490830333333,18.3257048442,NA,0.059910203,NA,0.4054990876666667,1.962576373,NA,NA,NA,NA,NA,NA,NA,NA,NA,NA,NA,NA,75,16,0.4,1.735,4.874
NLA12_ME-R02,2012,8.1674818696,NA,0.8371731520000001,5.407664146666667,NA,0.030130577,NA,1.4275733414,13.38426176,NA,NA,NA,NA,NA,NA,NA,NA,NA,NA,NA,NA,11,13,0.205,NA,2.104
NLA12_ME-R03,2012,11.9764081425,0.2098318455,7.2410421970000005,8.524598505,NA,0.3452485405,NA,0.25994012391666665,2.490910578,NA,NA,NA,NA,NA,NA,NA,NA,NA,NA,NA,NA,36,12,0.239,3.925,3.208
NLA12_ME-R06,2012,2.5547031552,0.055510259,0.8575640648,10.058531207166666,NA,3.456787264,NA,0.38637485575,7.284042193,NA,NA,NA,NA,NA,NA,NA,NA,NA,NA,NA,NA,10,9,0.18,8.23,1.012
NLA12_ME-R07,2012,2.072335214333333,0.026961513,1.658964468,0.63102507575,NA,0.130144366,NA,1.8643623461818182,1.643064814,NA,NA,NA,NA,NA,NA,NA,NA,NA,NA,NA,NA,20,9,0.22,5.775,1.708
NLA12_ME-R08,2012,2.15903565175,NA,8.454884647333333,19.915255097200003,NA,0.003296108,NA,2.070621762857143,0.707477239,NA,NA,NA,NA,NA,NA,NA,NA,NA,NA,NA,NA,19,10,0.23,5.9,1.588
NLA12_ME-R10,2012,2.43633762225,0.002193297,1.0586103104,1.2199468375,NA,0.016997354,NA,0.1568457792857143,0.429358031,NA,NA,NA,NA,NA,NA,NA,NA,NA,NA,NA,NA,5,10,0.153,7.075,0.932
NLA12_ME-R11,2012,NA,0.509029443,NA,0.20308075866666667,NA,0.295482073,NA,4.478007914875,2.943213446,0.01026976,NA,NA,NA,NA,NA,NA,NA,NA,NA,NA,NA,36,17,0.329,2.825,4.208
NLA12_ME-R15,2012,1.1885376805,0.405642366,1.4135377423333333,1.4036121753333333,NA,4.122322614,NA,0.5050739911428571,0.876306106,NA,NA,NA,NA,NA,NA,NA,NA,NA,NA,NA,NA,30,12,0.145,5.475,1.38
NLA12_MI-101,2012,17.373314782545453,0.074778079,10.0120003338125,23.21579408512,NA,1.4358733339090908,NA,0.8308384931351351,5.9207358095,NA,NA,NA,NA,NA,NA,NA,NA,NA,NA,NA,NA,19,16,0.6965,2.75,4.032
NLA12_MI-102,2012,0.14124475166666667,NA,0.33439031533333335,6.938955748250001,NA,0.033195470750000004,NA,0.9495164980588235,0.35606258333333335,NA,NA,NA,NA,NA,NA,NA,NA,0.2618194045,NA,NA,NA,12,46,0.588,1.525,33.44
NLA12_MI-103,2012,5.8524587605,NA,1.4365366951111112,5.906532126714286,NA,0.05330319733333333,NA,0.267405616,1.8452672835,0.017237532,NA,NA,NA,NA,NA,NA,NA,0.002529783,NA,NA,NA,26,29,0.581,3.3,2.56
NLA12_MI-104,2012,0.573177859,0.002805267,9.73914035425,15.045672267125001,NA,1.8555870328,NA,1.581300028,4.8904883645,0.832725204,NA,NA,NA,NA,NA,NA,NA,NA,NA,NA,NA,7,18,0.619,2.075,5.176
NLA12_MI-105,2012,0.4049617708,0.00732825,1.535336433375,5.842661468230769,NA,0.089494138,0.118930343,8.88943951564,1.396275693,NA,NA,NA,NA,NA,NA,NA,NA,8.176807768,NA,NA,NA,30,44,0.546,2.45,12
NLA12_MI-106,2012,0.7376870376666667,0.097226436,6.7343959082,0.2515231654285714,NA,NA,NA,0.8020817393499999,2.024747276,NA,NA,NA,NA,NA,NA,NA,NA,NA,NA,NA,NA,19,36,0.511,3.075,3.466666667
NLA12_MI-107,2012,1.8847543892857141,0.024219385,2.614995657,0.18948496611111112,NA,0.009984595,NA,0.6042511438461539,2.1966509485,NA,NA,NA,NA,NA,NA,NA,NA,NA,NA,NA,NA,12,31,0.318,3.025,3.015384615
NLA12_MI-108,2012,29.7111015056,0.002111621,9.409911393571429,10.087800643888889,NA,5.193408343333333,NA,0.2995230167272727,0.6156255955000001,NA,NA,NA,NA,NA,NA,NA,NA,NA,NA,NA,NA,12,14,0.558,2.875,4.48
NLA12_MI-109,2012,3.5019079250000003,0.039689903,47.36254374271429,32.55806838828571,NA,0.841919777,NA,1.2209025855,10.1368662315,NA,NA,NA,NA,NA,NA,NA,NA,NA,NA,NA,NA,15,44,0.569,1.325,19.34883721
NLA12_MI-110,2012,2.4957690386666664,NA,2.6395810177777776,4.491619003499999,NA,0.61460992975,NA,0.28025229214285713,1.163202885,0.447050803,NA,NA,NA,NA,NA,NA,NA,0.0938843875,NA,NA,NA,24,10,0.551,5.075,1.501714286
NLA12_MI-111,2012,0.2514331095,NA,24.831515286875,114.11143313725,NA,10.447071974,NA,1.184009992142857,18.419891715,NA,NA,NA,NA,NA,NA,NA,NA,NA,NA,NA,NA,19,36,0.958,1.25,21.04
NLA12_MI-112,2012,NA,0.0240249835,1.7208156062,0.03950625866666667,NA,5.5469e-4,NA,4.999546578869565,0.166172129,NA,NA,NA,NA,NA,NA,NA,NA,NA,NA,NA,NA,12,38,0.79,1.025,17.04
NLA12_MI-113,2012,5.752935978,0.31565697,6.536560127625,3.5249598685294115,NA,0.23993799899999999,NA,0.8570706510714285,2.6581483649999997,0.138064718,NA,NA,NA,NA,NA,NA,NA,NA,NA,NA,NA,5,75,0.436,4.075,2.917333333
NLA12_MI-114,2012,9.7826868424,NA,218.3060864756,59.87895187977778,NA,8.449086207,NA,1.75695648725,7.2540958085,NA,NA,NA,NA,NA,NA,NA,NA,NA,NA,NA,NA,18,51,0.659,2.3,11.2
NLA12_MI-115,2012,NA,NA,9.3841146628,1.778992967111111,NA,0.4080786661111111,NA,0.25016310616666665,6.5658750295,NA,NA,NA,NA,NA,NA,NA,NA,NA,NA,NA,NA,11,15,0.588,1.75,3.5
NLA12_MI-116,2012,28.091823876285712,0.004141101,5.990094712625,22.5328041054,NA,NA,NA,0.22969795545454547,7.497967061,2.5905738375,NA,NA,NA,NA,NA,NA,NA,NA,NA,NA,NA,85,36,0.514,1.125,3.568
NLA12_MI-117,2012,9.824775201428572,0.12185148,6.288071762571429,13.018731920363637,NA,7.525634222,NA,0.057801555399999996,1.3830715580000001,1.015766113,NA,NA,NA,NA,NA,NA,NA,NA,NA,NA,NA,7,18,0.489,3.415,3.144
NLA12_MI-118,2012,0.7117634125000001,NA,0.9934997202,10.67272968825,NA,0.16461732950000002,NA,0.30843151447058825,0.7840014565,NA,NA,NA,NA,NA,NA,NA,NA,NA,NA,NA,NA,15,8,0.389,4.85,2.974117647
NLA12_MI-120,2012,NA,0.041967744,12.917555135666667,192.627264064,NA,1.5813589765,NA,1.2667745704285713,2.2915340275,NA,NA,NA,NA,NA,NA,NA,NA,NA,NA,NA,NA,18,49,0.781,1.65,22.48
NLA12_MI-122,2012,6.538766023,0.006384898,NA,10.788569404,NA,NA,NA,0.0940208652,0.723508516,NA,NA,NA,NA,NA,NA,NA,NA,0.00520529,NA,NA,NA,12,21,0.218,8.8,1.045
NLA12_MI-123,2012,1.8195479263333332,NA,1.95013366775,32.3412242502,NA,0.06615154499999999,NA,3.7457160954444446,6.446692681,NA,NA,NA,NA,NA,NA,NA,NA,NA,NA,NA,NA,22,22,0.501,2.95,6.186666667
NLA12_MI-124,2012,81.72218225666666,0.03888459,20.624874718250002,45.691041051,NA,1.4612293416666668,NA,1.0707997121250001,9.340621383,NA,NA,NA,NA,NA,NA,NA,NA,NA,NA,NA,NA,12,38,0.616,2.5,3
NLA12_MI-125,2012,18.325415246000002,0.017394526,130.828759914,34.176339244333334,NA,0.048916058,NA,1.4557770487272728,8.753880226,NA,NA,NA,NA,NA,NA,NA,NA,NA,NA,NA,NA,70,21,0.513,1.725,5.84
NLA12_MI-126,2012,1.7008928246666666,0.005374816,4.08363602625,1.431521803,NA,0.120664644,NA,1.0464176511818182,2.109510784,NA,NA,NA,NA,NA,NA,NA,NA,NA,NA,NA,NA,23,39,0.669,4.1,4.106666667
NLA12_MI-128,2012,8.766693806666668,0.050803059,0.125296856,10.440547195499999,NA,9.067833649,NA,0.034893606,0.525065711,0.089305804,NA,NA,NA,NA,NA,NA,NA,NA,NA,NA,NA,10,10,0.395,3.675,3.032
NLA12_MI-129,2012,0.02466533,0.020910245,1.961789095,0.16236177576923078,NA,0.2546489595,NA,1.3850075096249999,8.042807707,0.036694766,NA,NA,NA,NA,NA,NA,NA,0.854262759,NA,NA,NA,12,21,0.488,3.125,2.373333333
NLA12_MI-130,2012,7.175864814666666,NA,0.6772112975,8.4630785055,NA,NA,NA,0.369249051125,7.599789358,NA,NA,NA,NA,NA,NA,NA,NA,NA,NA,NA,NA,23,34,0.589,2.75,1.266666667
NLA12_MI-132,2012,2.881833883,NA,NA,0.5465325666666667,NA,2.865258454,NA,2.41467144475,3.626095627,NA,NA,NA,NA,NA,NA,NA,NA,NA,NA,NA,NA,20,15,1.246,2.125,7.26
NLA12_MI-133,2012,5.53834926325,NA,0.45780693966666663,10.020985086,NA,0.198993452,NA,0.239815076125,2.085013815,NA,NA,NA,NA,NA,NA,NA,NA,NA,NA,NA,NA,12,25,0.21,5.95,1.4016
NLA12_MI-135,2012,1.2350447366666666,NA,8.8593580274,27.58725576025,NA,0.0123205435,NA,0.03486908,0.232969076,NA,NA,NA,NA,NA,NA,NA,NA,0.050043742,NA,NA,NA,30,22,0.568,2.85,4.581
NLA12_MI-136,2012,9.118415431,NA,2.330856787,0.08611212166666667,NA,12.222085338666666,NA,2.234929576888889,6.013710917,NA,NA,NA,NA,NA,NA,NA,NA,NA,NA,NA,NA,36,17,0.721,2.25,6.224
NLA12_MI-137,2012,NA,NA,21.631966274666667,112.98081021666665,NA,0.15461802,NA,2.4620542249999997,22.48087156,NA,NA,NA,NA,NA,NA,NA,NA,NA,NA,NA,NA,20,19,0.708,3.075,5.4625
NLA12_MI-138,2012,7.293240243666666,0.105091918,31.178167286666667,1.6524136683333333,NA,0.5058252515,NA,4.0393876368,11.14247991,NA,NA,NA,NA,NA,NA,NA,NA,NA,NA,NA,NA,5,34,1.13,2.975,4.113333333
NLA12_MI-139,2012,2.4996217876666664,0.010160612,12.2693225941,28.827613247555554,NA,0.9128011695,NA,0.4615567293125,2.6608753515,0.693787125,NA,NA,NA,NA,NA,NA,NA,NA,NA,NA,NA,51.5,33,1.5175,2.065,8.32
NLA12_MI-141,2012,2.505271036,0.066567334,0.5516481235,2.0917454523333334,NA,0.097555293,NA,0.061765315875,0.587031202,NA,NA,NA,NA,NA,NA,NA,NA,NA,NA,NA,NA,28,19,0.359,3.925,2.313333333
NLA12_MI-142,2012,32.202323025,NA,3.4188021853333335,25.53797187,NA,1.5196286313333334,NA,4.322629365714286,8.594053116,NA,NA,NA,NA,NA,NA,NA,NA,NA,NA,NA,NA,35,75,1.204,1.425,6.21
NLA12_MI-144,2012,2.516306351,0.275787594,0.025352392,0.3749565272,NA,0.1735343205,NA,4.558751626142857,10.55634932,0.023117517,NA,NA,NA,NA,NA,NA,NA,NA,NA,NA,NA,9,26,0.643,NA,3.514666667
NLA12_MI-145,2012,46.677590563,0.655359764,28.3496730995,11.505754814857143,NA,0.165374524,NA,1.7986094393333334,6.514393845,0.380800127,NA,NA,NA,NA,NA,NA,NA,NA,NA,NA,NA,18,29,0.779,3.015,5.824
NLA12_MI-148,2012,0.49791026833333335,NA,0.5158705006666666,0.9189425196666666,NA,NA,NA,0.355990847,2.091117774,NA,NA,NA,NA,NA,NA,NA,NA,NA,NA,NA,NA,12,8,0.379,6.05,1.530666667
NLA12_MI-150,2012,0.412291834,2.67154664,2.3190516304999997,5.704957530000001,NA,2.0410313984,NA,11.97045143525,27.32208255,NA,NA,NA,NA,NA,NA,NA,NA,NA,NA,NA,NA,42,23,0.72,1.575,7.428571429
NLA12_MI-151,2012,14.424624220333333,NA,2.031563802,8.751282501857144,NA,0.0620444955,NA,0.010442736333333334,7.16329e-4,NA,NA,NA,NA,NA,NA,NA,NA,NA,NA,NA,NA,10,10,0.398,2.925,3.423
NLA12_MI-152,2012,20.91848981,0.002220909,4.2250721395,221.2119877,NA,0.265112762,NA,0.15584983533333333,1.488695915,0.518140127,NA,NA,NA,NA,NA,NA,NA,NA,NA,NA,NA,110,30,1.236,1.625,23.3
NLA12_MI-155,2012,3.147020168,0.010602378,15.72145646475,26.4575429172,NA,1.452952772,NA,0.5436100111428571,1.812948674,NA,NA,NA,NA,NA,NA,NA,NA,NA,NA,NA,NA,21,25,1.085,1.45,6.8
NLA12_MI-161,2012,21.571920079999998,NA,9.573396501,38.4347171068,NA,0.6896521046666667,NA,0.3494495995,4.37932599,NA,NA,NA,NA,NA,NA,NA,NA,NA,NA,NA,NA,22,30,0.61,1.225,15.392
NLA12_MI-162,2012,2.1932204125,NA,0.4786995495,2.2145107399999997,NA,0.004015858,NA,0.3260202692,2.22795548,NA,NA,NA,NA,NA,NA,NA,NA,NA,NA,NA,NA,15,5,0.246,4.575,2.341333333
NLA12_MI-164,2012,0.147383902,0.414155512,NA,0.11861576366666667,NA,0.703869345,NA,19.303299479444444,9.266776754,NA,NA,NA,NA,NA,NA,NA,NA,NA,NA,NA,NA,37,47,1.168,0.525,25.65333333
NLA12_MI-165,2012,0.238053558,NA,0.059538454000000005,0.1897688084,NA,7.355674698,NA,2.4644578643846153,1.261510975,0.016895693,NA,NA,NA,NA,NA,NA,NA,NA,NA,NA,NA,18,17,0.565,1.825,16.48
NLA12_MI-167,2012,103.88762786666666,NA,1.5224883627499999,29.6548295858,NA,0.058903326,NA,0.524977081125,2.908387883,NA,NA,NA,NA,NA,NA,NA,NA,NA,NA,NA,NA,40,26,0.72,2.425,12.64
NLA12_MI-168,2012,24.161119709333335,NA,5.001988939666667,2.6636984740000003,NA,0.11258017433333332,NA,1.5148336368333333,2.017901431,0.700563696,NA,NA,NA,NA,NA,NA,NA,NA,NA,NA,NA,12,23,3.663,0.825,13.41538462
NLA12_MI-169,2012,2.972191229,0.918136867,0.9990930323333334,2.681124108,NA,3.5774557629999997,NA,12.652349770818182,3.908917421,0.047393935,NA,NA,NA,NA,NA,NA,NA,NA,NA,NA,NA,125,41,0.773,0.975,21.12
NLA12_MI-172,2012,5.492081679666667,NA,9.159932087333333,6.599081003333334,NA,0.009378752,NA,0.23316151342857144,3.042580881,0.28582503800000003,NA,NA,NA,NA,NA,NA,NA,NA,NA,NA,NA,12,16,0.566,4.875,2.712
NLA12_MI-177,2012,6.943414833,NA,2.172785056,2.6294993305,NA,NA,NA,0.5436988825,1.737918705,NA,NA,NA,NA,NA,NA,NA,NA,NA,NA,NA,NA,10,23,0.388,NA,1.670857143
NLA12_MI-178,2012,46.06593631,NA,NA,2.47075782075,NA,48.23239133,NA,14.0740358994,12.05293924,NA,NA,NA,NA,NA,NA,NA,NA,NA,NA,NA,NA,28,60,0.508,NA,2.864
NLA12_MI-R08,2012,23.680531416500003,0.009424336,17.132676902,32.75169499042857,NA,0.8113732085,NA,0.45694253557142855,1.923039757,NA,NA,NA,NA,NA,NA,NA,NA,NA,NA,NA,NA,16,23,0.496,1.635,6.848
NLA12_MI-R09,2012,7.013495038666667,0.004411908,6.316744631,7.4616439062857145,NA,NA,NA,0.0726961915,2.299627518,NA,NA,NA,NA,NA,NA,NA,NA,NA,NA,NA,NA,9,10,0.135,6.2,1.143225806
NLA12_MN-101,2012,8.23246088125,0.003388516,4.8931282848125,25.083589004,NA,0.669226884875,NA,0.30865628115555555,3.3677883625000002,0.118651775,NA,NA,NA,NA,NA,NA,NA,NA,NA,NA,NA,42,32,0.6545000000000001,2.05,17.874666665
NLA12_MN-102,2012,1.5614367405,0.0462738335,1.22757526525,1.4964865569285715,NA,0.6250475827777778,NA,1.6312206605925927,6.715448945,NA,NA,NA,NA,NA,NA,NA,NA,NA,NA,NA,NA,35,44,0.503,2.45,5.68
NLA12_MN-103,2012,30.519610635666666,0.005499078,15.551228261,3.3223397976999998,NA,0.281652396,NA,1.133599491235294,8.695287149,NA,NA,NA,NA,NA,NA,NA,NA,NA,NA,NA,NA,62,36,0.688,2,13.984
NLA12_MN-104,2012,8.853115233,NA,3.12671285,1.5641576826666665,NA,4.47453189125,NA,1.2694203109166666,5.238530742,NA,NA,NA,NA,NA,NA,NA,NA,NA,NA,NA,NA,18,38,0.659,2.9,1.786666667
NLA12_MN-105,2012,7.1186176895,0.005146311,2.004592623,2.223658708,NA,3.1716840567499998,NA,0.6037404652380952,5.410310168500001,0.054164497,NA,NA,NA,NA,NA,NA,NA,NA,NA,NA,NA,165,26,0.395,1.15,5.536
NLA12_MN-106,2012,3.1625601878571428,0.021717167500000002,1.0880040046,0.41590907686666667,NA,0.851298436,NA,0.27536658010526316,1.011010451,0.024179396,NA,NA,NA,NA,NA,NA,NA,0.172793825,NA,NA,NA,10,48,0.633,2.9,2.92
NLA12_MN-107,2012,20.161940386714285,NA,11.864293746249999,264.19895636325,NA,0.18003814566666668,NA,14.969386514142858,5.9405857675,NA,NA,NA,NA,NA,NA,NA,NA,NA,NA,NA,NA,32,98,4.063,1.8,41.76
NLA12_MN-108,2012,2.425936122875,0.108484599,3.7222741022222223,4.0565051208,NA,0.03587643133333333,NA,0.384641436,2.870995276,NA,NA,NA,NA,NA,NA,NA,NA,NA,NA,NA,NA,11,21,0.395,4,3.52
NLA12_MN-109,2012,0.9970080473333334,NA,0.324456024,0.2170293351,NA,1.2323431025,NA,4.83958045525,2.1847532029999996,NA,NA,NA,NA,NA,NA,NA,NA,NA,NA,NA,NA,43,25,1.055,1.45,4.149333333
NLA12_MN-110,2012,6.1803552792500005,0.002627816,2.549417824625,4.9874207111999995,NA,0.033582534,NA,4.023342582285714,1.056581555,0.319199882,NA,NA,NA,NA,NA,NA,NA,NA,NA,NA,NA,32,40,0.791,1.8,12.16
NLA12_MN-111,2012,7.161011632875,0.081680671,6.070418227333334,16.15603513525,NA,0.036924991000000004,NA,2.5460945395625,5.9468879205,NA,NA,NA,NA,NA,NA,NA,NA,NA,NA,NA,NA,14,20,0.679,4.8,2.688
NLA12_MN-112,2012,32.59576587075,0.034259671,36.06957298911111,18.58563451857143,NA,1.9122321083333333,NA,2.1822499257857144,31.412046720000003,NA,NA,NA,NA,NA,NA,NA,NA,NA,NA,NA,NA,38,159,2.894,0.4,92.8
NLA12_MN-113,2012,22.308476892166667,NA,30.0845447395,3.49780122925,NA,0.6426445226666667,NA,6.744810826125001,13.487518615,NA,NA,NA,NA,NA,NA,NA,NA,NA,NA,NA,NA,25,236,3.844,0.3,203.4
NLA12_MN-114,2012,29.88150014,0.051765048,22.72426285657143,5.198312501,NA,2.8024722824999997,NA,1.1414095418333334,8.160989924499999,NA,NA,NA,NA,NA,NA,NA,NA,NA,NA,NA,NA,32,159,3.006,0.3,115.7333333
NLA12_MN-115,2012,7.793538572666667,NA,2.2360700427999998,7.827143415999999,NA,1.016170949,NA,0.4036597252857143,1.3702635955,NA,NA,NA,NA,NA,NA,NA,NA,NA,NA,NA,NA,15,56,0.544,4.3,3.464
NLA12_MN-116,2012,25.48842648877778,NA,21.097460641375,59.16607062772727,NA,0.019404771666666668,NA,0.0112495344,3.3783851065,NA,NA,NA,NA,NA,NA,NA,NA,NA,NA,NA,NA,15,30,1.026,0.7,26.24
NLA12_MN-118,2012,71.99862831166666,NA,174.2232822975,7.779793504,NA,NA,NA,23.09427750025,15.689913082666665,NA,NA,NA,NA,NA,NA,NA,NA,NA,NA,NA,NA,29,524,4.9,0.175,122.4
NLA12_MN-119,2012,68.100613161875,NA,29.52457536025,287.1512916094,NA,0.0375252975,NA,0.1529198338,3.5039956820000002,NA,NA,NA,NA,NA,NA,NA,NA,NA,NA,NA,NA,25,152,1.364,1.6,38.28
NLA12_MN-120,2012,6.7221518292,NA,1.6651628686666669,0.8562507393846154,NA,0.10091648533333333,NA,2.5028223716190476,2.690182284,NA,NA,NA,NA,NA,NA,NA,NA,NA,NA,NA,NA,17,46,0.734,2.5,25.76
NLA12_MN-121,2012,5.6125597354285715,0.010636854500000001,4.226337721571428,74.41827540955556,NA,0.12896034375,NA,0.6411132910588235,1.5853847196666666,1.379820079,NA,NA,NA,NA,NA,NA,NA,NA,NA,NA,NA,14,54,1.453,0.75,18.5
NLA12_MN-122,2012,1.1894181656666667,NA,2.057667347,10.093117941777777,NA,0.056975134499999996,NA,3.4606876444615384,23.871550217,NA,NA,NA,NA,NA,NA,NA,NA,NA,NA,NA,NA,23,38,0.791,4,3.424
NLA12_MN-123,2012,80.64648742416666,NA,64.70325073771428,164.2342827805,NA,0.211947129,NA,3.5889244850909092,8.8424223985,NA,NA,NA,NA,NA,NA,NA,NA,NA,NA,NA,NA,23,92,1.2705000000000002,1.5750000000000002,11.687999999999999
NLA12_MN-126,2012,5.593270932499999,NA,0.2128232175,0.5600882899999999,NA,11.550486989666666,NA,1.265949713,15.06587523,NA,NA,NA,NA,NA,NA,NA,NA,NA,NA,NA,NA,20,28,0.766,2.2,14.048
NLA12_MN-127,2012,15.035879475,0.360775346,8.3386724585,0.6824455656666666,NA,2.873790966,NA,9.197099925,20.94779729,NA,NA,NA,NA,NA,NA,NA,NA,NA,NA,NA,NA,25,110,1.994,0.425,40.8
NLA12_MN-130,2012,1.057034009,NA,0.045999611,0.1787947423333333,NA,2.262176087,NA,4.2427876075,0.3635708465,NA,NA,NA,NA,NA,NA,NA,NA,NA,NA,NA,NA,125,31,0.558,1.55,7.536
NLA12_MN-131,2012,3.189914799666667,NA,0.8497550443333334,0.15657927916666667,NA,NA,NA,0.7071262287142857,11.65474957,NA,NA,NA,NA,NA,NA,NA,NA,NA,NA,NA,NA,32,82,1.699,1.1,3
NLA12_MN-132,2012,35.78714782,NA,5.031968692333333,638.91696864475,NA,7.991909549000001,NA,5.479915713285714,7.999968922,NA,NA,NA,NA,NA,NA,NA,NA,NA,NA,NA,NA,25,38,0.976,3.35,5.245714286
NLA12_MN-135,2012,NA,0.04472879,48.80296302666667,247.17401608366666,NA,4.1156285325,NA,11.366642395923076,22.23762226,NA,NA,NA,NA,NA,NA,NA,NA,NA,NA,NA,NA,31,259,3.875,0.4,80
NLA12_MN-136,2012,0.056149911,0.012303862,0.5901654536666666,0.06858524128571429,NA,0.007630604,NA,0.11094815093333334,1.081507584,NA,NA,NA,NA,NA,NA,NA,NA,NA,NA,NA,NA,30,82,0.904,1.3,13.44
NLA12_MN-137,2012,23.386067013333335,4.103175806,4.288380744,0.5681873742857143,NA,139.658437,NA,125.745869808,31.55337094,NA,NA,NA,NA,NA,NA,NA,NA,NA,NA,NA,NA,28,272,4.638,0.25,107.2
NLA12_MN-138,2012,0.145060654,0.116666702,0.273176845,0.458726034,NA,3.338176612,NA,2.3331890121,2.58202762,NA,NA,NA,NA,NA,NA,NA,NA,NA,NA,NA,NA,150,28,0.383,0.95,4.64
NLA12_MN-141,2012,0.1257132525,NA,0.76253215575,0.1375901105,NA,0.710892625,NA,1.6201869784,1.2923381415,NA,NA,NA,NA,NA,NA,NA,NA,NA,NA,NA,NA,11,41,0.531,3.7,4.384
NLA12_MN-143,2012,9.586659082,2.75199179,41.17650441666667,21.938594931,NA,NA,NA,24.38111063311111,46.75870457,NA,NA,NA,NA,NA,NA,NA,NA,NA,NA,NA,NA,30,69,1.885,0.6,30.13333333
NLA12_MN-144,2012,151.85892536666668,NA,15.771868779250001,21.6930172012,NA,0.167801963,NA,0.43578809991666667,17.52435958,NA,NA,NA,NA,NA,NA,NA,NA,NA,NA,NA,NA,30,25,0.67,1.8,1.632
NLA12_MN-145,2012,77.67850035966666,0.056258856,29.486829761666666,33.375773448000004,NA,4.1471990100000005,NA,0.918953193,7.764548718,NA,NA,NA,NA,NA,NA,NA,NA,NA,NA,NA,NA,15,28,0.688,3.6,3.008
NLA12_MN-147,2012,NA,NA,15.821710762,0.41262960019999995,NA,4.199500463333333,NA,1.1627199105555557,26.67696742,NA,NA,NA,NA,NA,NA,NA,NA,NA,NA,NA,NA,38,45,0.744,2.875,10.22857143
NLA12_MN-150,2012,5.541952982,0.060116953,8.76620059925,0.6040869993333333,NA,0.453693458,NA,0.7588104355454546,4.965845255,NA,NA,NA,NA,NA,NA,NA,NA,NA,NA,NA,NA,100,17,0.764,1.25,6.08
NLA12_MN-152,2012,0.22731891,6.625742618,1.85716693425,0.15863811414285714,NA,6.789137577,NA,17.792457297666665,11.37963677,0.064222385,NA,NA,NA,NA,NA,NA,NA,NA,NA,NA,NA,16,132,1.756,0.45,59.6
NLA12_MN-153,2012,4.401887444,NA,2.392988872666667,39.35878791975,NA,0.117810557,NA,1.548221589142857,6.751118716,NA,NA,NA,NA,NA,NA,NA,NA,NA,NA,NA,NA,20,22,0.586,2.45,6.704
NLA12_MN-157,2012,14.705858559,NA,36.824814296,1.488578773,NA,0.59966148,NA,2.48017166325,15.77509774,NA,NA,NA,NA,NA,NA,NA,NA,NA,NA,NA,NA,28,86,2.049,0.45,50.4
NLA12_MN-158,2012,90.76853723666666,0.565322044,19.544295099,2.8171532032,NA,83.0136447685,NA,27.7581230157,92.96092225,NA,NA,NA,NA,NA,NA,NA,NA,NA,NA,NA,NA,33,425,4.363,0.2,97.6
NLA12_MN-160,2012,10.893089433333333,0.124889451,4.9777277233333335,0.2574245615,NA,3.4736254215,NA,1.6862657877777778,12.17189585,NA,NA,NA,NA,NA,NA,NA,NA,NA,NA,NA,NA,30,40,0.9,1.25,15.16
NLA12_MN-162,2012,0.036226586,NA,0.22721978920000002,0.0361266236,NA,0.052681914,NA,0.32446793553333336,0.376024955,NA,NA,NA,NA,NA,NA,NA,NA,NA,NA,NA,NA,85,23,0.874,1.25,7.536
NLA12_MN-163,2012,21.019302655,NA,29.640640349,120.96227448142857,NA,0.433168692,NA,8.441222147,8.972056155,NA,NA,NA,NA,NA,NA,NA,NA,NA,NA,NA,NA,34,107,1.268,0.5,68.16
NLA12_MN-167,2012,3.6628787679999997,NA,4.163023313,14.706300283666666,NA,3.8537937175,NA,3.0607634221666666,4.787604504,7.128310206,NA,NA,NA,NA,NA,NA,NA,NA,NA,NA,NA,23,172,1.58,0.3,48.8
NLA12_MN-170,2012,4.313989970333333,0.051167553,3.24022754875,14.481157384125,NA,0.3483960266666667,NA,0.2038462536153846,3.038218874,NA,NA,NA,NA,NA,NA,NA,NA,NA,NA,NA,NA,34,32,0.396,2.1,5.512
NLA12_MN-171,2012,0.36415570750000004,NA,15.8204851636,0.956967585,NA,0.213207233,NA,4.705297569454546,28.800092576,NA,NA,NA,NA,NA,NA,NA,NA,NA,NA,NA,NA,22,72,1.96,0.85,18.69333333
NLA12_MN-177,2012,83.38531311,NA,7.185917313000001,11.058574516,NA,4.445615566,NA,9.817280902272728,27.04310543,NA,NA,NA,NA,NA,NA,NA,NA,NA,NA,NA,NA,35,243,2.358,0.35,77.2
NLA12_MN-180,2012,9.93741950375,0.210625747,8.121705265,18.509733194,NA,1.8991897006666667,NA,0.131637296,5.28893522,0.596433244,NA,NA,NA,NA,NA,NA,NA,NA,NA,NA,NA,22,40,1.401,1.2,18.32
NLA12_MN-181,2012,2.9287024906666668,NA,0.143832013,0.0173947156,NA,NA,NA,3.502266248857143,1.778260579,NA,NA,NA,NA,NA,NA,NA,NA,NA,NA,NA,NA,22,49,0.941,1.7,2.592
NLA12_MN-R01,2012,0.17220479333333333,0.027784218,1.2317762153333334,0.125482466,NA,0.210222544,NA,0.9033057124545455,1.842308342,NA,NA,NA,NA,NA,NA,NA,NA,NA,NA,NA,NA,5,11,0.54,4.35,1.558
NLA12_MN-R12,2012,76.13079997666667,NA,2.5611511953333332,53.232568380000004,NA,3.3923730595,NA,0.4317932164,4.713891442,NA,NA,NA,NA,NA,NA,NA,NA,NA,NA,NA,NA,28,25,0.668,2.51,5.76
NLA12_MN-R13,2012,58.36296161866667,NA,30.384869442,103.081612111,NA,18.12228931,NA,1.5594971923333334,9.953389971,NA,NA,NA,NA,NA,NA,NA,NA,NA,NA,NA,NA,48,28,0.873,2.02,9.6
NLA12_MN-R14,2012,5.420242913333333,NA,24.59329001375,206.5971630135,NA,0.386853803,NA,0.34958509309090907,1.626008033,NA,NA,NA,NA,NA,NA,NA,NA,NA,NA,NA,NA,33,30,0.519,1.645,14.64
NLA12_MO-101,2012,19.468482013916667,0.11249237966666667,2.526965237857143,2.3415052145454545,NA,6.3281930869230765,NA,3.1267491682608695,8.8115961498,NA,NA,NA,NA,NA,NA,NA,NA,NA,NA,NA,NA,18,95.5,1.2685,0.4425,58
NLA12_MO-102,2012,4.699207744,0.068839068,9.267566082555556,1.5802071766,NA,NA,NA,0.31620962461111113,2.824719455,2.0251597009999998,NA,NA,NA,NA,NA,NA,NA,NA,NA,NA,NA,20,48,0.803,1.505,34.88
NLA12_MO-103,2012,16.969845192,NA,5.3589806395,4.636344562444444,NA,0.36034517925,NA,0.6959017043846154,4.028692882,0.1343111335,NA,NA,NA,NA,NA,NA,NA,NA,NA,0.010875596,NA,4,34,0.689,1.15,17.12
NLA12_MO-104,2012,1.0933075836,0.075842832,0.043100281,0.21058065766666667,NA,NA,NA,0.6036942105833333,1.093614425,0.067233046,NA,NA,NA,NA,NA,NA,NA,NA,NA,NA,NA,14,25,0.246,1.65,2.136
NLA12_MO-105,2012,2.063512635,0.03758485,1.91492577125,20.953400829857145,NA,0.11413180228571429,NA,0.2243012345625,1.3610830185,NA,NA,NA,NA,NA,NA,NA,NA,NA,NA,NA,NA,21,42,0.476,1.635,20
NLA12_MO-106,2012,9.295522269500001,NA,13.211559741181818,1.2232812138333333,NA,0.001253176,NA,0.2582881395,6.533845629666667,3.7789663890000003,NA,NA,NA,NA,NA,NA,NA,NA,NA,NA,NA,22,110,1.126,0.5,66.6
NLA12_MO-107,2012,0.038437788,3.30879e-4,NA,1.0414782702,NA,0.001586039,NA,1.0971850492727273,0.054337343,NA,NA,NA,NA,NA,NA,NA,NA,NA,NA,NA,NA,12,200,0.985,0.35,65.2
NLA12_MO-108,2012,17.931783709571427,NA,6.365443247,83.58363844575,NA,0.466223414,NA,0.7582958214347826,2.307007754,NA,NA,NA,NA,NA,NA,NA,NA,NA,NA,NA,NA,15.5,26.5,0.34950000000000003,2.4775,4.5600000000000005
NLA12_MO-109,2012,7.8302126815,NA,16.56207975475,19.396712273,NA,13.3641578685,NA,5.255127328555555,4.873235386,4.0141468,NA,NA,NA,NA,NA,NA,NA,NA,NA,NA,NA,16,67,1.068,0.765,29.4
NLA12_MO-110,2012,1.01014607,NA,8.736345003,12.083056136,NA,0.594070774,NA,0.7972631872222222,8.280118415,NA,NA,NA,NA,NA,NA,NA,NA,NA,NA,NA,NA,19,29,0.354,2.11,6.656
NLA12_MO-115,2012,1.0182031193333334,0.009366093,4.139053767666667,0.21549669275,NA,1.30662381975,NA,0.5224219965,1.192792742,1.073364766,NA,NA,NA,NA,NA,NA,NA,NA,NA,NA,NA,18,50,0.674,1.385,18.08
NLA12_MO-117,2012,4.437160297666667,0.391740718,9.416496131,28.6003219375,NA,0.368673899,NA,0.6944919282500001,2.04113588,NA,NA,NA,NA,NA,NA,NA,NA,NA,NA,NA,NA,14,10,0.245,2.5,1.192
NLA12_MO-119,2012,11.602127090666666,NA,0.326384903,4.631133713833334,NA,3.34479679,NA,38.9515920425,2.8554630134999996,0.421793436,NA,NA,NA,NA,NA,NA,NA,NA,NA,NA,NA,13,27,0.326,0.91,4.336
NLA12_MO-120,2012,6.922594302,NA,36.0328943275,3.78559729425,NA,2.815730256333333,NA,2.889169393111111,36.87616303,NA,NA,NA,NA,NA,NA,NA,NA,NA,NA,NA,NA,28,69,1.305,0.555,46
NLA12_MO-122,2012,0.020875204,NA,0.48887458433333336,NA,NA,NA,NA,0.37767139114285714,0.49959952950000003,NA,NA,NA,NA,NA,NA,NA,NA,NA,NA,NA,NA,22,235,2.289,0.51,86.4
NLA12_MO-123,2012,0.032966665,NA,0.407984236,0.03258296333333333,NA,NA,NA,1.9614254041666668,1.285080063,NA,NA,NA,NA,NA,NA,NA,NA,NA,NA,NA,NA,25,135,1.295,0.51,56.66666667
NLA12_MO-126,2012,NA,NA,NA,0.49102104550000003,NA,0.072478642,0.069651974,5.2732009085,0.7028573936666667,NA,NA,NA,NA,NA,NA,NA,NA,NA,NA,0.02563212,NA,30,392,2.233,0.185,117.6666667
NLA12_MO-R01,2012,0.422331008,NA,0.38848808333333334,2.149881495,NA,1.281618094,NA,0.44750900666666665,1.159040932,NA,NA,NA,NA,NA,NA,NA,NA,NA,NA,NA,NA,15,8,0.195,4.9,1.184
NLA12_MO-R02,2012,0.029484268,0.097871566,0.074566118,0.087728512,NA,0.339220735,NA,0.028881247333333332,0.72114024350000006,NA,NA,NA,NA,NA,NA,NA,NA,NA,NA,NA,NA,10,18,0.401,2.75,2.682666667
NLA12_MS-101,2012,0.108809811,0.034263513499999995,0.059598593,0.08577817816666666,NA,0.16779401485714285,NA,1.3433121820465117,0.1199865696,0.003245479,NA,NA,NA,NA,NA,NA,NA,NA,NA,NA,NA,11.5,138.5,1.0299999999999998,0.475,65.2
NLA12_MS-102,2012,0.521807543,0.0217387865,1.8523745061666668,1.853646579,NA,0.21914875883333332,NA,0.04660215682142857,1.1128934806666666,NA,NA,NA,NA,NA,NA,NA,NA,NA,NA,NA,NA,29,36,0.521,0.95,NA
NLA12_MS-103,2012,0.1036203915,NA,0.415565953,4.0752458526,NA,0.005208708666666667,0.001614608,0.06547706464516129,0.032727592,NA,NA,NA,NA,NA,NA,NA,NA,NA,NA,NA,NA,38,54,0.44,0.8,21.4
NLA12_MS-104,2012,0.24285362300000002,0.057838135,2.5253796872,0.077391915,NA,1.266091517,NA,15.622962035846152,7.2099464335,0.807365369,NA,NA,NA,NA,NA,NA,NA,NA,NA,NA,NA,34,129,1.316,0.55,34.08
NLA12_MS-105,2012,0.146967759,NA,0.5644343586,1.4507883584285715,NA,0.01878312611111111,NA,0.16965492471875,1.088519161,NA,NA,NA,NA,NA,NA,NA,NA,NA,NA,NA,NA,28,21,0.296,1.35,9.696
NLA12_MS-106,2012,5.589354327333333,NA,4.129619944666667,2.4268700943333332,NA,NA,NA,0.05042446858333333,0.305637021,NA,NA,NA,NA,NA,NA,NA,NA,NA,NA,NA,NA,12,33,0.439,0.95,25.76
NLA12_MS-107,2012,3.6979200224,NA,0.7887311459999999,0.5250518208,NA,0.0059606964999999994,NA,0.14513101576,1.1435006465,0.8231106083333333,NA,NA,NA,NA,NA,NA,NA,NA,NA,NA,NA,13,212,0.554,0.225,25.6
NLA12_MS-112,2012,0.85013464,0.092912742,0.16928482466666667,0.1001722345,NA,0.006696527,NA,0.5442289182,0.745068305,NA,NA,NA,NA,NA,NA,NA,NA,NA,NA,NA,NA,23,37,0.506,1.05,6.348
NLA12_MS-113,2012,3.682335128,0.014993154,7.09222587625,0.16554641116666666,NA,0.1017733282,NA,0.3964724234,3.682372086,NA,NA,NA,NA,NA,NA,NA,NA,NA,NA,NA,NA,8,20,0.27,2.75,3.552
NLA12_MS-116,2012,1.2009241585,NA,19.69944579942857,13.713790845222222,NA,0.729261913,NA,0.1511887143,3.401038379,NA,NA,NA,NA,NA,NA,NA,NA,NA,NA,NA,NA,7,21.5,0.4495,2.1,5.196
NLA12_MS-119,2012,13.311748712666667,NA,11.01762658675,2.2882079571666667,NA,1.570894241,NA,0.9984469429,8.180540665,0.068090141,NA,NA,NA,NA,NA,NA,NA,NA,NA,NA,NA,19,45,0.99,0.8,23.04
NLA12_MS-125,2012,NA,NA,NA,0.051102766333333334,NA,NA,NA,0.44916742425,1.160676555,NA,NA,NA,NA,NA,NA,NA,NA,NA,NA,NA,NA,43,1689,6.188,0.35,217.6
NLA12_MS-126,2012,NA,0.2584009565,1.1691693269999999,1.7912238315,NA,1.85817492525,NA,3.1509895883529415,4.206860774,0.586274265,NA,NA,NA,NA,NA,NA,NA,NA,NA,NA,NA,35,82,0.76,0.45,27.2
NLA12_MS-128,2012,17.97372041,0.010102559,7.693890750666667,11.1810831435,NA,0.4254217355,NA,0.08892267991666666,1.89153955,NA,NA,NA,NA,NA,NA,NA,NA,NA,NA,NA,NA,10,20,0.456,1.2,8.576
NLA12_MS-R03,2012,0.054754226,0.003596261,1.5311484953333334,0.0509177185,NA,0.250372903,NA,0.11351547475,0.5235008685,NA,NA,NA,NA,NA,NA,NA,NA,NA,NA,NA,NA,26,66,1.226,0.55,55.84
NLA12_MT-102,2012,9.9745598591875,0.001753373,5.501359483083333,25.3314471096,NA,0.021331407666666666,NA,0.05127710528125,0.7568011807499999,NA,NA,NA,NA,NA,NA,NA,NA,NA,NA,NA,NA,9,23.5,0.178,6.875,1.2630857144999998
NLA12_MT-103,2012,55.885822039625,0.018297989,5.369714607,40.17256375181818,NA,0.03479733,NA,0.823229101923077,3.4256722890000004,NA,NA,NA,NA,NA,NA,NA,NA,NA,NA,NA,NA,29,339,1.599,1.275,3.296
NLA12_MT-104,2012,27.7576619375,NA,10.012758689,353.16965063333333,NA,NA,NA,NA,3.335446965,NA,NA,NA,NA,NA,NA,NA,NA,NA,NA,NA,NA,6,29,0.216,3.66,0.637333333
NLA12_MT-105,2012,NA,0.00552593,26.22028114016667,46.758408195,NA,0.032232676,NA,0.6621944865,1.1211640054999998,NA,NA,NA,NA,NA,NA,NA,NA,NA,NA,NA,NA,12,20,0.083,7.585,1.014
NLA12_MT-106,2012,NA,0.005941858,10.0123981355,15.675570638166667,NA,0.027765623,NA,2.790755471882353,1.8409393920000001,NA,NA,NA,NA,NA,NA,NA,NA,NA,NA,NA,NA,10,11,0.166,6.05,0.464
NLA12_MT-107,2012,0.15581388200000001,0.075283171,17.696165219625,0.391254198,NA,5.291746139,NA,5.846106759375,18.4564378125,NA,NA,NA,NA,NA,NA,NA,NA,NA,NA,NA,NA,20,42,1.62,1.2,6.616
NLA12_MT-108,2012,91.040161818,NA,7.985097806833333,80.97578338,NA,NA,NA,0.02201444275,11.045009262,NA,NA,NA,NA,NA,NA,NA,NA,NA,NA,NA,NA,32,1344,2.068,0.625,8.56
NLA12_MT-109,2012,17.364607126833334,NA,9.698284317714286,171.29302402355555,NA,0.0114323325,NA,0.1407988134375,3.094355693,NA,NA,NA,NA,NA,NA,NA,NA,NA,NA,NA,NA,18,43,0.574,1.48,5.237333333
NLA12_MT-110,2012,NA,NA,0.30377947466666666,28.4462275478,NA,7.125855118,NA,0.2589676201428571,0.6141897975,NA,NA,NA,NA,NA,NA,NA,NA,NA,NA,NA,NA,22,23,0.166,4.64,1.252
NLA12_MT-111,2012,2.47673635875,6.47858e-4,10.011388046666667,253.417593494,NA,NA,NA,0.14327474552941177,0.175377904,NA,NA,NA,NA,NA,NA,NA,NA,NA,NA,NA,NA,10,16,0.069,6.225,1.134
NLA12_MT-113,2012,3.07795959125,NA,42.680281666,239.246080291,NA,0.046374616,NA,0.11766760650000001,1.611730289,NA,NA,NA,NA,NA,NA,NA,NA,NA,NA,NA,NA,8,17,0.098,NA,0.60020141
NLA12_MT-118,2012,204.65967356675,NA,1.1895558745,1505.9003986865,NA,2.776793743,NA,9.28741e-4,0.658044034,NA,NA,NA,NA,NA,NA,NA,NA,NA,NA,NA,NA,34,1378,1.453,0.7,13.28
NLA12_MT-119,2012,0.5347632250000001,NA,101.575662112,0.62400674,NA,NA,NA,0.00933746075,1.363395655,NA,NA,NA,NA,NA,NA,NA,NA,NA,NA,NA,NA,64,390,4.175,0.24,143.6
NLA12_MT-120,2012,NA,0.361028556,12.7355415585,16.367229651,NA,0.034687055,NA,19.136975742,NA,NA,NA,NA,NA,NA,NA,NA,NA,NA,NA,NA,NA,10,12,0.168,NA,1.03
NLA12_MT-124,2012,NA,NA,23.630159719666665,57.987044778,NA,0.003507539,1.208865574,0.70026278925,0.568668735,NA,NA,NA,NA,NA,NA,NA,NA,NA,NA,NA,NA,12,16,0.041,8.19,0.742
NLA12_MT-126,2012,323.49405840500003,NA,1.1949413425,589.584269408,NA,NA,NA,0.10720158499999999,8.313702589,NA,NA,NA,NA,NA,NA,NA,NA,NA,NA,NA,NA,38,355,3.195,NA,1.572
NLA12_MT-135,2012,1.8704159360000001,NA,10.20956804,8.592600138,NA,4.2137069065,NA,0.6901234588,11.47393834,NA,NA,NA,NA,NA,NA,NA,NA,NA,NA,NA,NA,38,343,3.344,0.325,231.12
NLA12_MT-136,2012,12.198989501666667,NA,8.616485963333334,12.112046236749999,NA,0.013890238,NA,0.16788889985714284,0.146312473,NA,NA,NA,NA,NA,NA,NA,NA,NA,NA,NA,NA,8,10,0.113,12.36,0.684
NLA12_MT-138,2012,NA,NA,89.39466193,18.994514807999998,NA,0.06913359,NA,0.033629938666666664,18.01362015,NA,NA,NA,NA,NA,NA,NA,NA,NA,NA,NA,NA,18,78,0.883,0.655,11.296
NLA12_MT-140,2012,30.646330052666666,NA,NA,11.85645485,NA,0.019349042,NA,1.77524e-4,NA,NA,NA,NA,NA,NA,NA,NA,NA,NA,NA,NA,NA,3,8,0.029,11.545,0.338
NLA12_MT-142,2012,23.636438871666666,NA,27.972628583333332,217.86372577316666,NA,NA,NA,1.7801894027142857,21.22717659,NA,NA,NA,NA,NA,NA,NA,NA,NA,NA,NA,NA,85,103,1.901,NA,2.224
NLA12_MT-143,2012,89.95442584,NA,0.410323011,203.27252547375002,NA,NA,NA,0.13640176433333334,6.783728023,NA,NA,NA,NA,NA,NA,NA,NA,NA,NA,NA,NA,20,29,1.314,3.4,0.63
NLA12_MT-144,2012,NA,NA,59.76848953275,376.9806341,NA,NA,NA,15.8705543645,3.393171585,NA,NA,NA,NA,NA,NA,NA,NA,NA,NA,NA,NA,13,91,0.601,0.675,5
NLA12_MT-152,2012,NA,NA,0.614143369,45.660986957249996,NA,3.367820967,NA,0.3412372775,NA,NA,NA,NA,NA,NA,NA,NA,NA,NA,NA,NA,NA,8,11,0.249,7.5,1.204
NLA12_MT-154,2012,0.493542017,NA,NA,NA,NA,91.76061897,NA,5355.158314,NA,NA,NA,NA,NA,NA,NA,NA,NA,NA,NA,NA,NA,34,3436,13.413,0.18,35.77142857
NLA12_MT-156,2012,7.954495934,NA,14.126601155666666,109.68472724466666,NA,0.175400459,NA,0.19333834388888888,1.832218067,NA,NA,NA,NA,NA,NA,NA,NA,NA,NA,NA,NA,9,28,0.16,4.04,1.346666667
NLA12_MT-160,2012,29.84066575825,NA,2.07311537475,226.9595968985,NA,NA,NA,0.1212143875,3.134150816,NA,NA,NA,NA,NA,NA,NA,NA,NA,NA,NA,NA,19,74,0.93,1.45,30.312
NLA12_MT-161,2012,9.426220858,NA,0.670550151,5.5324586175,NA,NA,NA,88.27095905062501,8.650886574,NA,NA,NA,NA,NA,NA,NA,NA,NA,NA,NA,NA,14,65,0.604,0.94,5.32
NLA12_MT-162,2012,596.910906,0.812977969,NA,24.301919305,NA,0.948122162,NA,0.5862981012,0.036042174,NA,NA,NA,NA,NA,NA,NA,NA,NA,NA,NA,NA,9,8,0.083,5.65,1.624
NLA12_MT-164,2012,87.05728087116667,NA,NA,11.5863877844,NA,0.13092561375,NA,0.0036919715714285716,0.03179020266666667,NA,NA,NA,NA,NA,NA,NA,NA,NA,NA,NA,NA,6.5,9.5,0.9225,5.875,1.499
NLA12_MT-177,2012,70.86404844333333,NA,1.524246029,30.3875001725,NA,0.217346539,NA,0.050112707,2.6957210000000003,NA,NA,NA,NA,NA,NA,NA,NA,NA,NA,NA,NA,20,46,1.353,0.64,2.197333333
NLA12_NC-101,2012,0.1687456285,0.03263568433333334,2.9301253195833334,0.33555866929411765,NA,0.1139541131111111,NA,0.66686553058,1.446082324,0.015734824,NA,NA,NA,NA,NA,NA,NA,NA,NA,NA,NA,14,46.5,0.6455,1.6,12.074
NLA12_NC-103,2012,1.02366089275,0.011838691,2.2666608964285713,0.27310382,NA,0.14640172640000002,NA,0.4961142837222222,1.652784086,NA,NA,NA,NA,NA,NA,NA,NA,NA,NA,NA,NA,12,11,0.114,1.85,3.12
NLA12_NC-104,2012,13.50876373125,NA,0.090236967,1.74149873025,NA,0.00180473,0.070763919,0.01659195566666667,1.9350346095,NA,NA,NA,NA,NA,NA,NA,NA,NA,NA,NA,NA,68,36,0.65,0.35,7.52
NLA12_NC-105,2012,1.4584993348333333,0.002871648,0.022570205,5.554974968571429,NA,NA,NA,0.19061674533333334,0.020479623,NA,NA,NA,NA,NA,NA,NA,NA,NA,NA,NA,NA,3,15,0.041,4.65,0.864
NLA12_NC-107,2012,31.537374917,0.19218565,1.0426605186,1.6946113205714286,NA,1.2319292543333333,NA,0.6291507955714286,6.229394241,NA,NA,NA,NA,NA,NA,NA,NA,NA,NA,NA,NA,20,26,0.658,2.45,31.2
NLA12_NC-108,2012,0.5380064005,0.01013005,2.91110426475,545.9212212,NA,0.070115134,NA,0.7332943492727273,1.495994196,NA,NA,NA,NA,NA,NA,NA,NA,NA,NA,NA,NA,1,26,0.094,3.125,2.034285714
NLA12_NC-109,2012,2.355132485,NA,0.8243779893333334,2.4249654604,NA,0.10516159833333333,NA,0.0578028129,0.021000939,NA,NA,NA,NA,NA,NA,NA,NA,NA,NA,NA,NA,10,12,0.115,3.5,2.05
NLA12_NC-114,2012,13.745184616666666,NA,1.9376572829999998,1.51744828575,NA,2.29834463625,NA,10.83178569088889,11.36615614,NA,NA,NA,NA,NA,NA,NA,NA,NA,NA,NA,NA,30,116,0.878,0.275,56.26666667
NLA12_NC-115,2012,1.183276034,NA,263.338748756,0.6953732994999999,NA,NA,NA,1.760461993,11.298809884,NA,NA,NA,NA,NA,NA,NA,NA,NA,NA,NA,NA,140,58,0.788,0.55,13.22666667
NLA12_NC-116,2012,11.431645024249999,NA,6.174628840125,15.847840787099999,NA,2.058099518,NA,29.76808611875,16.435334187333332,NA,NA,NA,NA,NA,NA,NA,NA,NA,NA,NA,NA,35,47.5,0.375,0.575,38.994285715000004
NLA12_NC-124,2012,2.086205262,NA,2.4970577709999997,NA,NA,0.807204637,NA,14.892941234,NA,NA,NA,NA,NA,NA,NA,NA,NA,NA,NA,NA,NA,28,140,1.623,0.45,92.016
NLA12_NC-127,2012,5.666761032,NA,18.860408657,1.53317436925,NA,0.016328202,NA,0.0211102416,9.734321516,NA,NA,NA,NA,NA,NA,NA,NA,NA,NA,NA,NA,22,19,0.294,2.35,7.725714286
NLA12_NC-134,2012,13.233079949999999,NA,7.843126271666667,4.760141673666666,NA,0.8032696855,NA,0.252826029625,4.506479517,NA,NA,NA,NA,NA,NA,NA,NA,NA,NA,NA,NA,22,45,0.756,0.85,25.44
NLA12_ND-101,2012,48.87742709325,NA,82.80117236507142,103.81823876633334,NA,1.2528624906666666,NA,9.505326889136363,7.085277641,NA,NA,NA,NA,NA,NA,NA,NA,NA,NA,NA,NA,10,479.5,1.7654999999999998,0.9875,27.695999999999998
NLA12_ND-102,2012,219.34471349571427,NA,13.213583401833333,94.306075961,NA,124.0729663,NA,NA,13.04743465,NA,NA,NA,NA,NA,NA,NA,NA,NA,NA,NA,NA,8,254,2.75,0.44,59.2
NLA12_ND-103,2012,4.051672681833333,NA,1.9371762398,0.42815915633333335,NA,1.089579632,NA,2.6100366255454546,1.3983078985000001,NA,NA,NA,NA,NA,NA,NA,NA,NA,NA,NA,NA,18,88,2.085,0.83,19.15
NLA12_ND-104,2012,34.60448690483334,NA,7.7543839465,1.26317599775,NA,0.7172009988333333,NA,1.7237251407777778,6.06977074675,NA,NA,NA,NA,NA,NA,NA,NA,NA,NA,NA,NA,15,274,2.408,0.55,41.4
NLA12_ND-105,2012,24.6874032046,NA,1.9361113903333333,39.23380034136364,NA,0.3644474295,NA,0.2407548,1.2863126905,NA,NA,NA,NA,NA,NA,NA,NA,NA,NA,NA,NA,22,328,1.721,2.01,23.92
NLA12_ND-106,2012,61.74001655983333,NA,3.94473647575,281.6362763302,NA,0.20703325839999998,NA,0.09215056385714286,2.8474055233333333,NA,NA,NA,NA,NA,NA,NA,NA,NA,NA,NA,NA,33,89,1.615,2.65,13.2
NLA12_ND-107,2012,13.699783313333333,0.1492810155,1.7580190869999999,1.962751872625,NA,21.287745657250003,NA,18.092908285666667,3.7455372890000005,NA,NA,NA,NA,NA,NA,NA,NA,NA,NA,NA,NA,28,99,3.125,0.55,19.48
NLA12_ND-108,2012,287.3028928714286,NA,277.33776471125,45.35257932571429,NA,0.017428994,NA,11.309576517583334,64.07292542,NA,NA,NA,NA,NA,NA,NA,NA,NA,NA,NA,NA,54,603,6.788,0.1,446.4
NLA12_ND-109,2012,25.981802983,NA,6.324197408714285,160.9976676531111,NA,0.027498737,NA,0.1329639081111111,1.866051116,NA,NA,NA,NA,NA,NA,NA,NA,NA,NA,NA,NA,34,176,2.83,1.9,13.46666667
NLA12_ND-110,2012,77.92854845166667,NA,3.6690903495,1082.5575294613334,NA,0.056996358,NA,0.25622362372727275,16.68324668525,NA,NA,NA,NA,NA,NA,NA,NA,NA,NA,NA,NA,40,203,1.956,0.75,6.8
NLA12_ND-112,2012,22.612383514875,NA,1.7127833774,466.66682168274997,NA,NA,NA,0.4316511655714286,5.8146774765,NA,NA,NA,NA,NA,NA,NA,NA,NA,NA,NA,NA,17,147,1.9,2.55,3.28
NLA12_ND-113,2012,NA,0.015075782,1.08408557,0.18402540433333334,NA,NA,NA,1.1292680547692309,2.2038388500000003,NA,NA,NA,NA,NA,NA,NA,NA,NA,NA,NA,NA,38,49,1.689,1.8,11.2
NLA12_ND-114,2012,28.0032451045,NA,8.595841953999999,31.941092771199997,NA,0.892225633,NA,66.2339620992,3.2852606855,NA,NA,NA,NA,NA,NA,NA,NA,NA,NA,NA,NA,23,153,1.564,0.8,17.28
NLA12_ND-115,2012,99.25123585666667,NA,46.20539390822222,59.72283438714285,NA,0.661227773,NA,40.819857819400006,12.8358034015,NA,NA,NA,NA,NA,NA,NA,NA,NA,NA,NA,NA,27.5,66,1.6585,1.5375,31.64
NLA12_ND-118,2012,131.45753756333335,NA,1.123671028,513.4724386795,NA,NA,NA,0.47711869733333334,7.366045691,NA,NA,NA,NA,NA,NA,NA,NA,NA,NA,NA,NA,25,230,2.715,1.75,1.76
NLA12_ND-119,2012,137.0788721775,NA,22.649322121,27.1597274864,NA,2.593541007,NA,0.012900812000000001,25.21524764,NA,NA,NA,NA,NA,NA,NA,NA,NA,NA,NA,NA,22,840,2.508,NA,11.64
NLA12_ND-126,2012,16.89491438375,NA,415.2292860655,37.71242624966666,NA,0.079091122,NA,0.6660041655000001,40.21309299,NA,NA,NA,NA,NA,NA,NA,NA,NA,NA,NA,NA,37,751,3.088,0.3,62.8
NLA12_ND-129,2012,2.4958436325,NA,1.0464778747499999,0.18005432475,NA,0.237123953,NA,0.18064130128571426,3.695943487,NA,NA,NA,NA,NA,NA,NA,NA,NA,NA,NA,NA,21,839,3.68,0.33,283.2
NLA12_ND-131,2012,18.5175007415,NA,1.9086927503333335,621.3850975,NA,NA,NA,0.0084618526,1.273075994,NA,NA,NA,NA,NA,NA,NA,NA,NA,NA,NA,NA,20,36,1.14,4.15,2.917333333
NLA12_ND-134,2012,70.0485260325,NA,49.65644549475,162.06300910925,NA,NA,NA,0.352813096,33.54913186,NA,NA,NA,NA,NA,NA,NA,NA,NA,NA,NA,NA,25,302,2.336,0.64,24.4
NLA12_ND-139,2012,14.8151618145,NA,17.113298051999998,824.4244260746666,NA,0.058862207,NA,2.4031533948333332,13.24854912,NA,NA,NA,NA,NA,NA,NA,NA,NA,NA,NA,NA,36,131,2.668,2.9,2.732
NLA12_ND-145,2012,NA,NA,167.89041522366668,100.65187009566668,NA,0.002932925,NA,0.08988252525,0.428128201,NA,NA,NA,NA,NA,NA,NA,NA,NA,NA,NA,NA,28,91,1.373,0.9,20.36923077
NLA12_ND-146,2012,1.9124865815,NA,0.37574820200000003,0.541509165,NA,42.25318439,NA,237.35261520414286,4.834174777,NA,NA,NA,NA,NA,NA,NA,NA,NA,NA,NA,NA,56,128,2.693,0.86,24.96
NLA12_ND-149,2012,58.06815898666667,NA,136.60059829225,4.60978902125,NA,0.054374683,NA,1.0524682185714287,12.54431591,NA,NA,NA,NA,NA,NA,NA,NA,NA,NA,NA,NA,48,1254,6.2,0.345,164
NLA12_ND-151,2012,142.1577665925,NA,12.910981438333334,81.36123375771429,NA,28.825914663,NA,1.929722507,15.80419714,NA,NA,NA,NA,NA,NA,NA,NA,NA,NA,NA,NA,19,272,3.125,0.35,48.96
NLA12_ND-155,2012,NA,NA,0.33103609133333334,0.007070722,NA,8.7811020855,NA,0.020792828666666666,NA,NA,NA,NA,NA,NA,NA,NA,NA,NA,NA,NA,NA,32,3590,5.119,1.7,0.708
NLA12_ND-156,2012,111.47733546666666,NA,12.321132289,11.1176734492,NA,5.404654951,NA,1.8742780462500002,7.154069723999999,NA,NA,NA,NA,NA,NA,NA,NA,NA,NA,NA,NA,35,432,3.59,0.31,78.56
NLA12_ND-160,2012,162.48554808766667,NA,2.8025912213333335,1068.866233621,NA,0.016035327,NA,0.030146521375,4.66549399,NA,NA,NA,NA,NA,NA,NA,NA,NA,NA,NA,NA,32,53,1.981,1.65,7.24
NLA12_ND-162,2012,11.9119865975,0.259285783,11.4238566268,0.8524586013333333,NA,15.32602756,NA,10.287454376642858,17.08067969,NA,NA,NA,NA,NA,NA,NA,NA,NA,NA,NA,NA,20,88,1.958,0.36,21.6
NLA12_ND-163,2012,NA,NA,21.742613784,4.8566942866666665,NA,137.5591844,NA,58.487292873125,11.49769989,NA,NA,NA,NA,NA,NA,NA,NA,NA,NA,NA,NA,48,138,1.953,0.775,27.2
NLA12_ND-164,2012,104.270697518,NA,30.795650636666664,29.04259115475,NA,8.379216674,NA,2.6620275651666665,25.46861559,NA,NA,NA,NA,NA,NA,NA,NA,NA,NA,NA,NA,32,333,3.373,0.325,39.4893617
NLA12_ND-167,2012,157.83149690333332,NA,6.1798392775,150.693438238,NA,0.168404573,NA,0.8871433376666666,7.045575061,NA,NA,NA,NA,NA,NA,NA,NA,NA,NA,NA,NA,37,322,3.775,0.725,42.576
NLA12_ND-172,2012,137.34664966333332,NA,29.427125732,19.019717283,NA,9.362172445499999,NA,6.7081921591428575,16.4414173585,NA,NA,NA,NA,NA,NA,NA,NA,NA,NA,NA,NA,30,317,2.713,0.525,82.24
NLA12_ND-173,2012,22.035377992666668,NA,7.482051008666667,661.9232025328,NA,0.803661894,NA,0.858701356875,4.456304786,NA,NA,NA,NA,NA,NA,NA,NA,NA,NA,NA,NA,19,81,1.831,1.55,3.004
NLA12_ND-178,2012,0.782465239,NA,1.1890380653333334,41.336172114,NA,0.17351479433333333,NA,4.808081195533333,2.151653505,NA,NA,NA,NA,NA,NA,NA,NA,NA,NA,NA,NA,19,51,0.95,3.9,2.868
NLA12_ND-186,2012,65.643468015,NA,23.590699356333335,16.487062976,NA,97.96657184266667,NA,11.532785510125,31.90774742,NA,NA,NA,NA,NA,NA,NA,NA,NA,NA,NA,NA,24,68,1.194,0.68,8.16
NLA12_ND-187,2012,4.262961497333333,0.032049426,1.8183465453333334,3.497831712,NA,0.003009468,NA,0.06981610636363636,0.602408296,NA,NA,NA,NA,NA,NA,NA,NA,NA,NA,NA,NA,20,43,1.054,1.65,7.04
NLA12_ND-190,2012,198.75994649,NA,77.32278379333333,14.84867801225,NA,NA,NA,6.7185778022500005,4.7141380625,NA,NA,NA,NA,NA,NA,NA,NA,NA,NA,NA,NA,68,359,4.781,0.25,229.7142857
NLA12_ND-193,2012,4.7394898715,NA,32.367380035,21.348987372333333,NA,8.06652818,NA,0.5089463525,6.593926404,NA,NA,NA,NA,NA,NA,NA,NA,NA,NA,NA,NA,28,279,3.333,0.4,81.12
NLA12_ND-194,2012,158.342657445,NA,29.994275399750002,15.988436123,NA,0.9630417084999999,NA,32.660406490375,33.04031525,NA,NA,NA,NA,NA,NA,NA,NA,NA,NA,NA,NA,45,599,5.738,0.11,460.8
NLA12_ND-196,2012,11.55125756975,0.141330511,3.4283181056666665,5.515502253,NA,13.13743137,NA,8.191908869777777,2.706572532,NA,NA,NA,NA,NA,NA,NA,NA,NA,NA,NA,NA,20,91,1.901,0.84,17.17333333
NLA12_ND-198,2012,0.188345236,NA,7.78120644,1.530024546,NA,2.241303645,NA,8.495571472222222,14.0204126,NA,NA,NA,NA,NA,NA,NA,NA,NA,NA,NA,NA,35,78,1.875,0.85,8.4
NLA12_ND-199,2012,130.39498807666666,NA,12.483506472,421.3184962,NA,0.361469588,NA,21.7550150028,16.88622736,NA,NA,NA,NA,NA,NA,NA,NA,NA,NA,NA,NA,29,61,2.515,NA,6.24
NLA12_ND-202,2012,1.5606844794999999,NA,0.42082082033333335,0.08802295942857143,NA,0.13390663433333333,NA,1.9969944934444444,0.699514387,NA,NA,NA,NA,NA,NA,NA,NA,NA,NA,NA,NA,36,67,4.213,0.7,39.2
NLA12_ND-R17,2012,26.968883193666667,NA,0.1424164015,329.8988206,NA,NA,NA,0.016554535166666665,0.501631832,NA,NA,NA,NA,NA,NA,NA,NA,NA,NA,NA,NA,21,70,2.395,2.15,27.867
NLA12_ND-R18,2012,14.572997617666665,0.276366777,8.870589479,9.091862519333333,NA,NA,NA,0.8225676075,1.935909579,NA,NA,NA,NA,NA,NA,NA,NA,NA,NA,NA,NA,8,98,1.236,1.05,20.4
NLA12_NE-101,2012,58.446157609875,NA,3.125685968857143,15.602991464588236,NA,0.0103520345,NA,0.060426641375,6.00988489975,NA,NA,NA,NA,NA,NA,NA,NA,NA,NA,NA,NA,10,243,0.958,0.55,22
NLA12_NE-102,2012,123.98647322666667,0.49096882649999996,85.86034540571428,190.2134125775,NA,3.5546110785,NA,1.7718388175625002,18.925314552333333,NA,NA,NA,NA,NA,NA,NA,NA,NA,NA,NA,NA,59,498,7.75,0.145,182.6666667
NLA12_NE-103,2012,104.996299785625,NA,2.08905711325,11.237018906714287,NA,NA,NA,0.04073103828571429,2.6848917685,NA,NA,NA,NA,NA,NA,NA,NA,NA,NA,NA,NA,12,310,1.058,0.24,32.26666667
NLA12_NE-104,2012,17.00942394,0.152237825,16.834447280285715,135.8136135498,NA,0.5260530525,NA,2.0350954177,13.841708605000001,NA,NA,NA,NA,NA,NA,NA,NA,NA,NA,NA,NA,15,237,2.304,0.33,157.86
NLA12_NE-105,2012,80.06890238383333,0.13053025199999999,3.8001802648,8.432307322363636,NA,11.412370223666667,NA,2.1009968237058825,7.712711597,NA,NA,NA,NA,NA,NA,NA,NA,NA,NA,NA,NA,33,450,3.663,0.41,48.467
NLA12_NE-106,2012,9.901357247285715,0.693351634,10.118653401142858,6.733939856307693,NA,4.41668534425,NA,9.131695567642858,12.0384375955,NA,NA,NA,NA,NA,NA,NA,NA,NA,NA,NA,NA,12,144,1.905,0.35,98.66666667
NLA12_NE-107,2012,0.946770816,0.362800187,3.074633737,2.9066944364375,NA,6.06776595,NA,2.6501634953,5.296432337000001,NA,NA,NA,NA,NA,NA,NA,NA,NA,NA,NA,NA,68,277,4.45,0.45,28
NLA12_NE-108,2012,45.978585841,NA,52.64485953,387.5348642309,NA,15.695087738333335,NA,6.639368898826087,28.155042427,NA,NA,NA,NA,NA,NA,NA,NA,NA,NA,NA,NA,31,673,6.225,0.1,269.3333333
NLA12_NE-109,2012,3.025060987125,NA,1.5603388073333333,32.152476883,NA,NA,NA,0.3836305726428571,1.0833459166666666,NA,NA,NA,NA,NA,NA,NA,NA,NA,NA,NA,NA,10,59,0.723,0.625,12.01333333
NLA12_NE-110,2012,79.38961416233333,NA,40.758859782875,93.72105652842856,NA,3.2929611260000002,NA,18.447667431666666,101.23620350499999,NA,NA,NA,NA,NA,NA,NA,NA,NA,NA,NA,NA,55,1399,4.163,0.15,257.6
NLA12_NE-111,2012,3.7733695652,NA,62.071276358666665,33.845027890285714,NA,0.038502659,NA,0.6296290332222222,10.435214312500001,NA,NA,NA,NA,NA,NA,NA,NA,NA,NA,NA,NA,15,140,0.838,0.7,7.428571429
NLA12_NE-112,2012,0.3472526925,NA,9.060840699333333,26.962600691000002,NA,0.663576988,NA,11.054997322333334,6.96235198475,NA,NA,NA,NA,NA,NA,NA,NA,NA,NA,NA,NA,30,128,1.905,1.4,5.28
NLA12_NE-113,2012,85.72332945000001,0.012038691,5.78985606575,70.59149464783333,NA,22.681442338333333,NA,0.3144945279,5.665469545500001,NA,NA,NA,NA,NA,NA,NA,NA,NA,NA,NA,NA,60,268,5.6,0.175,120.8
NLA12_NE-114,2012,26.315078774,NA,3.224453105333333,64.34346190000001,NA,0.1047447732,NA,0.1204814865,3.8155990529999997,0.3321428535,NA,NA,NA,NA,NA,NA,NA,NA,NA,NA,NA,12,241,0.33,0.325,5.82
NLA12_NE-121,2012,191.68406831,NA,696.67280611,705.6924530875,NA,11.02800973475,NA,53.87242229457143,161.3013795,NA,NA,NA,NA,NA,NA,NA,NA,NA,NA,NA,NA,68,374,8.475,0.15,218.6666667
NLA12_NE-125,2012,31.895308773333333,NA,575.17270735,342.766358335,NA,NA,NA,37.4086656684,11.56468008,NA,NA,NA,NA,NA,NA,NA,NA,NA,NA,NA,NA,68,455,9.088,0.15,212
NLA12_NE-127,2012,288.93181859333333,NA,NA,269.6985905,NA,6.933131992,NA,0.9241168252,45.17113368,NA,NA,NA,NA,NA,NA,NA,NA,NA,NA,NA,NA,48,566,17.4,0.425,19.73333333
NLA12_NE-129,2012,NA,0.046040278,139.35231649000002,8.530585009333333,NA,0.069872611,NA,3.5145073904210524,38.670970655000005,6.362111925,NA,NA,NA,NA,NA,NA,NA,NA,NA,NA,NA,20,242.5,2.2085,0.25,160.48
NLA12_NE-133,2012,1.2067302083333333,0.00511712,1.5469346653333333,2.4526881208333333,NA,NA,NA,1.6730027262,1.743783027,NA,NA,NA,NA,NA,NA,NA,NA,NA,NA,NA,NA,30,96,1.999,1.23,2.66
NLA12_NE-135,2012,0.169075935,NA,0.048465281,0.023127621,NA,1570.451576,NA,1824.981549,NA,NA,NA,NA,NA,NA,NA,NA,NA,NA,NA,NA,NA,260,3636,51.313,0.045,233.6
NLA12_NE-149,2012,NA,NA,108.06706637666667,0.4611492244,NA,NA,NA,13.254310376700001,16.16548446,NA,NA,NA,NA,NA,NA,NA,NA,NA,NA,NA,NA,33,421,4.5,0.15,248
NLA12_NE-154,2012,123.051908065,NA,81.5906384,NA,NA,445.3866898,NA,18.80717456875,28.738072120000002,NA,NA,NA,NA,NA,NA,NA,NA,NA,NA,NA,NA,28,873,3.513,0.425,114.9333333
NLA12_NE-156,2012,382.60386029,2.208010176,8.435676254,NA,NA,50.929877164,NA,0.7117322460000001,30.99361417,NA,NA,NA,NA,NA,NA,NA,NA,NA,NA,NA,NA,55,1156,12.875,0.09,424
NLA12_NE-157,2012,NA,NA,12.333125148333334,82.319387759,NA,NA,NA,7.36983250175,6.158226967,NA,NA,NA,NA,NA,NA,NA,NA,NA,NA,NA,NA,15,47,0.691,1.325,15.76
NLA12_NE-158,2012,42.660249927500004,NA,0.31734786000000004,14.2981973804,NA,96.355192479,NA,0.4317368985,5.954524149,NA,NA,NA,NA,NA,NA,NA,NA,NA,NA,NA,NA,26,697,2.396,0.09,5.48
NLA12_NE-160,2012,0.152590045,NA,0.5435803003333333,0.009319691666666668,NA,NA,NA,2.3115406746,4.970534965,0.797225577,NA,NA,NA,NA,NA,NA,NA,NA,NA,NA,NA,8,81,0.616,0.93,21.37142857
NLA12_NE-166,2012,17.2455368735,1.621832894,0.273119557,0.73109163225,NA,3.625097314,NA,10.0164774072,4.21136271,NA,NA,NA,NA,NA,NA,NA,NA,NA,NA,NA,NA,21,104,0.9,0.95,24.1
NLA12_NE-170,2012,11.173746006,NA,339.61942051,666.446267605,NA,68.5649079815,NA,6.08000287425,43.04128101,NA,NA,NA,NA,NA,NA,NA,NA,NA,NA,NA,NA,35,319,4.025,0.145,248.76
NLA12_NH-101,2012,3.0022429411428573,0.013400228,9.999859307187501,14.735669882793104,NA,0.11032905133333333,NA,0.5379834409666666,0.73607627825,NA,NA,NA,NA,NA,NA,NA,NA,NA,NA,NA,NA,23,21,0.1995,3.0999999999999996,2.62
NLA12_NH-102,2012,15.709721296,0.048677097,20.9258180455,2.9096258576,NA,NA,NA,0.07238208941666667,1.329277305,NA,NA,NA,NA,NA,NA,NA,NA,NA,NA,NA,NA,42,20,0.388,1.75,5.408
NLA12_NH-103,2012,0.5469189927142857,0.0473713375,0.8344128993333334,0.8899816043333334,NA,0.09015216300000001,NA,1.0084056895555555,0.8796202264999999,NA,NA,NA,NA,NA,NA,NA,NA,NA,NA,NA,NA,12,6,0.133,6.45,1.74
NLA12_NH-104,2012,3.2793161097,0.035835846750000004,1.275686171142857,0.9422188948333333,NA,0.4008927565,NA,0.1766876370625,0.782483351,NA,NA,NA,NA,NA,NA,NA,NA,NA,NA,NA,NA,46,18,0.225,2.75,3.948
NLA12_NH-105,2012,40.1825281085,NA,8.233106453571429,9.397469727466666,NA,0.02807215,NA,0.3965797213529412,8.7326167635,NA,NA,NA,NA,NA,NA,NA,NA,NA,NA,NA,NA,58,27,0.414,1.85,3.8
NLA12_NH-107,2012,136.79686761333335,0.350422888,15.8423850505,25.6631998174,NA,3.1259903725,NA,8.34933620888889,16.8694906,NA,NA,NA,NA,NA,NA,NA,NA,NA,NA,NA,NA,62,18,0.45,2.15,6.192
NLA12_NH-108,2012,NA,0.0424768175,0.022255413,0.0267381316,NA,0.136897655,NA,0.41839147577777774,1.249412871,NA,NA,NA,NA,NA,NA,NA,NA,NA,NA,NA,NA,37,27,0.266,1.765,3.368
NLA12_NH-109,2012,4.1260203465,0.007123472,0.079167217,2.321672148,NA,0.085313956,NA,0.0357724478,1.31389142,NA,NA,NA,NA,NA,NA,NA,NA,NA,NA,NA,NA,14,7,0.125,7.65,0.6112
NLA12_NH-111,2012,NA,0.51154178,0.3239124265,0.0959694054,NA,0.011881399,NA,0.6636719817,NA,NA,NA,NA,NA,NA,NA,NA,NA,NA,NA,NA,NA,22,13,0.239,2.85,3.48
NLA12_NH-112,2012,4.915522268,NA,2.2579272651999998,3.4303964098,NA,0.10319932600000001,NA,1.0315269909166667,6.496313424,NA,NA,NA,NA,NA,NA,NA,NA,NA,NA,NA,NA,23.5,13,0.1775,3.35,2.196
NLA12_NH-115,2012,25.288797084,NA,11.885292385000001,4.278867232,NA,NA,NA,0.08513341171428572,4.941039761,NA,NA,NA,NA,NA,NA,NA,NA,NA,NA,NA,NA,22,12,0.248,NA,1.984
NLA12_NH-R04,2012,7.917759359333334,0.037110643,5.946579858333333,30.278776202,NA,1.804427565,NA,0.29562331183333335,1.077557134,NA,NA,NA,NA,NA,NA,NA,NA,NA,NA,NA,NA,8,14,0.181,8.1075,0.604
NLA12_NJ-101,2012,2.1852141442499997,0.6485377125,0.9326931056666666,4.258224230823529,NA,1.0770702100833334,NA,3.7975284473823527,3.7666630836,NA,NA,NA,NA,NA,NA,NA,NA,NA,NA,NA,NA,13.5,49.5,0.6054999999999999,1,16.52952381
NLA12_NJ-102,2012,16.846819519,NA,14.670952459875,220.6767754937143,NA,0.12287654257142858,NA,0.33074554775,10.6707811655,NA,NA,NA,NA,NA,NA,NA,NA,NA,NA,NA,NA,27,158,0.828,0.95,27.9
NLA12_NJ-103,2012,6.031483114333333,0.071716761,6.389522246666667,33.907318936909085,NA,0.5140772221428571,NA,0.31117632735294115,1.619864747,NA,NA,NA,NA,NA,NA,NA,NA,NA,NA,NA,NA,16,57,0.965,0.75,35.76
NLA12_NJ-104,2012,0.1985120305,0.064534015,2.4425183550000003,0.2043608940769231,NA,0.08375538688888888,NA,0.4878373173846154,3.4608782650000003,NA,NA,NA,NA,NA,NA,NA,NA,NA,NA,NA,NA,55,39,0.399,0.85,21.64
NLA12_NJ-105,2012,0.6214328585,0.009628007,0.13722128175,0.028325625,NA,0.009387307,NA,1.2907394642499999,2.054018787,0.037340341,NA,NA,NA,NA,NA,NA,NA,NA,NA,NA,NA,30,12,0.426,1.4,3.216
NLA12_NJ-106,2012,14.05046877575,NA,53.2223913686,90.8982942752857,NA,0.7821864999999999,NA,3.5403956278888886,6.100413395,0.037337781,NA,NA,NA,NA,NA,NA,NA,NA,NA,NA,NA,34,87,1.003,1.375,105.84
NLA12_NJ-107,2012,21.675959486666667,NA,18.822672194,2.498350867,NA,3.515241056,NA,16.00772560016667,24.89870426,NA,NA,NA,NA,NA,NA,NA,NA,NA,NA,NA,NA,16,49,0.465,1.15,15.728
NLA12_NJ-108,2012,NA,NA,39.2000624175,31.62139049475,NA,0.05148986,NA,1.0313485183333333,7.536650431,NA,NA,NA,NA,NA,NA,NA,NA,NA,NA,NA,NA,63,24,0.763,1.05,3.744
NLA12_NJ-118,2012,151.48602002666667,NA,2.4771066299999998,125.54159626250001,NA,0.055322835,NA,6.7607899155,9.940474758,NA,NA,NA,NA,NA,NA,NA,NA,NA,NA,NA,NA,22,38,0.688,1.4,7.9
NLA12_NJ-119,2012,16.516840965,0.082850957,0.050401563,1.58759842275,NA,2.216391666,NA,0.6365656138571428,3.001131927,NA,NA,NA,NA,NA,NA,NA,NA,NA,NA,NA,NA,15,17,0.336,2.4,4.927
NLA12_NJ-131,2012,NA,0.3348513375,6.01176315775,1.3725477014,NA,0.2285763925,NA,1.9768404275,3.029057888,NA,NA,NA,NA,NA,NA,NA,NA,NA,NA,NA,NA,34,8,0.304,0.7749999999999999,2.6735238095
NLA12_NJ-R01,2012,30.428853443333335,NA,7.6881141023333335,4.37304118225,NA,NA,NA,0.8675017048333333,13.62291646,NA,NA,NA,NA,NA,NA,NA,NA,NA,NA,NA,NA,35,25,0.466,0.75,11.472
NLA12_NM-104,2012,0.4729145004,0.002702728,6.66595042025,36.32130658730435,NA,0.01646458166666667,NA,1.3902787355454544,1.158767804,NA,NA,NA,NA,NA,NA,NA,NA,NA,NA,NA,NA,19,33,0.262,2.25,13.26
NLA12_NM-105,2012,2.1134950878,NA,20.767452325166666,86.36505437699999,NA,NA,NA,2.6808171366,7.047951229,NA,NA,NA,NA,NA,NA,NA,NA,NA,NA,NA,NA,1,77,1.348,0.3,8.586666667
NLA12_NM-117,2012,7.6669900202,0.006437746,0.8277983794,51.188363987428566,NA,2.6173556605,NA,9.99727700335,1.6060492595,NA,NA,NA,NA,NA,NA,NA,NA,NA,NA,NA,NA,10.5,26.5,1.2385000000000002,2.4,7.7291666665
NLA12_NM-129,2012,17.049616384333333,NA,2.501121111,41.4544881165,NA,NA,NA,0.016783989000000003,2.521005947,NA,NA,NA,NA,NA,NA,NA,NA,NA,NA,NA,NA,12,24,0.505,1.2,1.58
NLA12_NM-132,2012,100.17070751950001,NA,10.772324495,139.0852731,NA,NA,NA,0.078032047,14.13880106,NA,NA,NA,NA,NA,NA,NA,NA,NA,NA,NA,NA,6,231,1.231,0.1,23.521
NLA12_NM-133,2012,59.201799317500004,NA,0.061328963,42.30813456966667,NA,NA,NA,0.181207168,5.331424765333333,NA,NA,NA,NA,NA,NA,NA,NA,NA,NA,NA,NA,16,52,1.503,1.37,NA
NLA12_NM-134,2012,3.8040743733333335,0.006479089,10.807543983666667,66.7646994282,NA,NA,NA,0.09035949177777779,1.627259603,NA,NA,NA,NA,NA,NA,NA,NA,NA,NA,NA,NA,5,17,0.129,3.2,1.83
NLA12_NM-138,2012,43.19427053133333,NA,1.4384595525,126.386915328,NA,0.4474072415,NA,19.49242897142857,0.4685587665,NA,NA,NA,NA,NA,NA,NA,NA,NA,NA,NA,NA,8,152,0.305,2.5,1.915
NLA12_NM-150,2012,61.955392975,NA,458.21660014,500.4310135425,NA,1.0608043623333334,NA,63.579171018000004,43.5955674325,NA,NA,NA,NA,NA,NA,NA,NA,NA,NA,NA,NA,16,159,0.939,0.24,34.4
NLA12_NM-152,2012,121.25098162,NA,6.101723734666667,344.680291194,NA,NA,NA,0.16036455733333335,3.008410708,NA,NA,NA,NA,NA,NA,NA,NA,NA,NA,NA,NA,23,256,1.511,0.2,12.88
NLA12_NM-160,2012,81.70529214999999,NA,0.8867508386666666,81.700042907,NA,NA,NA,0.00675845575,3.905807307,NA,NA,NA,NA,NA,NA,NA,NA,NA,NA,NA,NA,17,214,0.611,0.11,3.28
NLA12_NM-161,2012,NA,0.0093629,19.524559562333334,6.277916115666667,NA,0.002762558,NA,0.8362753871428571,2.490450441,NA,NA,NA,NA,NA,NA,NA,NA,NA,NA,NA,NA,19,16,0.214,2.5,1.715
NLA12_NM-162,2012,157.25294547775,NA,0.853728211,115.71624698266666,NA,NA,NA,0.03592010675,3.125754621,NA,NA,NA,NA,NA,NA,NA,NA,NA,NA,NA,NA,23,56,0.626,5.8,1.93
NLA12_NV-101,2012,92.18716194322222,NA,3.995102132,70.85967548292308,NA,8.756228354333334,NA,2.5848096294285714,0.7066370230000001,NA,NA,NA,NA,NA,NA,NA,NA,NA,NA,NA,NA,23,501,1.055,0.22,10.094769229999999
NLA12_NV-102,2012,NA,NA,35.66024973933333,12.568493419200001,NA,0.00119387,NA,0.04017021547826087,0.521302886,NA,NA,NA,NA,NA,NA,NA,NA,NA,NA,NA,NA,25,138,0.645,1.225,4.714666667
NLA12_NV-103,2012,0.027299777,NA,2.5734011768333334,4.785611146,NA,5.3878579855,NA,0.19945730285714286,2.124037832,NA,NA,NA,NA,NA,NA,NA,NA,NA,NA,NA,NA,15,27,0.463,2,0.334
NLA12_NV-104,2012,15.909008379,NA,0.9241793074285715,34.349727904874996,NA,0.85055828675,NA,0.0250877765,2.5457591575,NA,NA,NA,NA,NA,NA,NA,NA,NA,NA,NA,NA,18,125,0.573,0.675,3.101538462
NLA12_NV-105,2012,36.321848246,NA,9.720294642666667,15.3923257684,NA,1.275251191,NA,3.308482344142857,2.0335479835,NA,NA,NA,NA,NA,NA,NA,NA,NA,NA,NA,NA,10,246,0.389,0.63,4.305882353
NLA12_NV-106,2012,0.18889178674999998,NA,0.031048142666666667,0.10064151185714286,NA,7.27237e-4,NA,0.017026205833333335,0.0081395125,NA,NA,NA,NA,NA,NA,NA,NA,NA,NA,NA,NA,13,173,0.588,0.42,3.84
NLA12_NV-109,2012,102.930283571,NA,0.20674692349999998,1.0924102085,NA,1.917749577,NA,0.0114956894,0.075926791,NA,NA,NA,NA,NA,NA,NA,NA,NA,NA,NA,NA,4,83,0.606,3.85,0.329142857
NLA12_NV-119,2012,139.069943782,NA,5.985069258333334,39.21780633146154,NA,0.023350299999999997,0.064122871,0.4411692612857143,9.182858544,NA,NA,NA,NA,NA,NA,NA,NA,NA,NA,NA,NA,21.5,137,0.619,1.4,19.226
NLA12_NV-127,2012,1.440426322,NA,0.3891256325,52.48804119066667,NA,0.007730173,NA,0.6116934204,2.9665094505000003,NA,NA,NA,NA,NA,NA,NA,NA,NA,NA,NA,NA,20,43,0.573,2.2,1.815
NLA12_NV-137,2012,57.647210146999996,NA,4.1143294070000005,79.968758275,NA,0.713282454,NA,0.010009994,0.528508405,NA,NA,NA,NA,NA,NA,NA,NA,NA,NA,NA,NA,15,230,0.351,0.31,4.288
NLA12_NV-141,2012,32.647080253333336,NA,5.435141261,314.9018139315,NA,NA,NA,0.6220036065,3.2342029745,NA,NA,NA,NA,NA,NA,NA,NA,NA,NA,NA,NA,23,137,1.103,NA,5.141333333
NLA12_NV-144,2012,0.119645622,NA,0.142330045,7.4703539348,NA,0.004867146,NA,0.060625727153846155,0.0639948265,NA,NA,NA,NA,NA,NA,NA,NA,NA,NA,NA,NA,12,20,0.206,NA,11.64444444
NLA12_NV-167,2012,155.18967039666666,NA,0.7492062585,89.2575620386,NA,NA,NA,2.1311733087499998,0.09888555,NA,NA,NA,NA,NA,NA,NA,NA,NA,NA,NA,NA,29,150,0.845,NA,0.410133333
NLA12_NV-177,2012,33.158020941000004,NA,NA,178.648892702,NA,0.6369901880000001,NA,11.056057353,0.542304625,NA,NA,NA,NA,NA,NA,NA,NA,NA,NA,NA,NA,20,88,0.415,3.3,1.771428571
NLA12_NV-193,2012,0.403192797,NA,2.1297099763333334,4.13832253275,NA,3.714586728,NA,0.5557127447,5.033483097,NA,NA,NA,NA,NA,NA,NA,NA,NA,NA,NA,NA,4,21,0.445,2.225,2.064
NLA12_NV-R01,2012,8.058820015,NA,0.07161566650000001,7.879677337,NA,NA,NA,0.6984481062857143,0.506947325,NA,NA,NA,NA,NA,NA,NA,NA,NA,NA,NA,NA,12,12,0.075,4.5,1.908
NLA12_NY-0101,2012,0.5474317568571428,0.0294436775,1.7821284350000002,1.5555736242105263,NA,0.101649265,NA,0.33859882041666667,0.062526745,NA,NA,NA,NA,NA,NA,NA,NA,0.013688878000000002,NA,NA,NA,10.5,9,0.242,8.15,1.2513636365
NLA12_NY-0102,2012,NA,NA,NA,0.030381166,NA,0.005160888,NA,0.0438815262,0.009755349,NA,NA,NA,NA,NA,NA,NA,NA,NA,NA,NA,NA,36,16,0.396,2.25,1.171428571
NLA12_NY-0103,2012,0.8760567158,0.055333203000000004,0.013971557,0.2367391954,NA,0.374289618,NA,0.2553215987894737,0.20612071,NA,NA,NA,NA,NA,NA,NA,NA,NA,NA,NA,NA,10,4,0.111,NA,1.28
NLA12_NY-0104,2012,1.734742445,0.080914451,10.227164135285713,3.8904518365714287,NA,0.3711866735,NA,2.804809953576923,3.2081244535,NA,NA,NA,NA,NA,NA,NA,NA,0.199266051,NA,NA,NA,15,54,0.47650000000000003,0.675,7.1259999999999994
NLA12_NY-0106,2012,57.708113761,0.043464837,12.365460667,61.0331368916,NA,0.180337876,NA,0.5276073025,0.805850583,NA,NA,NA,NA,NA,NA,NA,NA,NA,NA,NA,NA,18,14,0.248,4.35,1.844
NLA12_NY-0108,2012,4.7079152749999995,NA,0.7282123996666667,0.5352204211428572,NA,0.806976428,NA,30.6527992342,12.0534526,NA,NA,NA,NA,NA,NA,NA,NA,NA,NA,NA,NA,30,124,0.694,1.1,41.6
NLA12_NY-0109,2012,NA,0.008677386,20.362186448666666,26.658978065666666,NA,0.009193804666666666,NA,0.045496348461538466,0.088343873,NA,NA,NA,NA,NA,NA,NA,NA,NA,NA,NA,NA,135,26,0.485,0.785,12.64
NLA12_NY-0110,2012,0.399853031,NA,13.914732297499999,25.28889376375,NA,0.401319936,NA,0.7849348292857142,1.153805234,NA,NA,NA,NA,NA,NA,NA,NA,NA,NA,NA,NA,18,11,0.321,3.35,2.202666667
NLA12_NY-0111,2012,6.814260543666666,NA,1.9442456559999999,91.16165262066667,NA,NA,NA,1.0081683805714285,2.83461201,NA,NA,NA,NA,NA,NA,NA,NA,NA,NA,NA,NA,20,12,0.426,3.85,1.691
NLA12_NY-0112,2012,NA,NA,22.5687521875,1.0337348915,NA,0.390072105,0.048838125,3.0075880156249997,16.0899805,NA,NA,NA,NA,NA,NA,NA,NA,NA,NA,NA,NA,30,33,0.486,1.95,5.137777778
NLA12_NY-R02,2012,NA,0.003927398,3.6315091033333333,8.643741515666667,NA,0.045988945,NA,0.039107427111111114,0.625981259,0.044709597,NA,NA,NA,NA,NA,NA,NA,NA,NA,NA,NA,12,12,0.224,7.6,1.05
NLA12_NY-R03,2012,5.446797341,0.009778672,1.59990487575,10.661476181600001,NA,0.816263313,NA,0.84906686525,1.436481845,NA,NA,NA,NA,NA,NA,NA,NA,NA,NA,NA,NA,17,9,0.251,3.475,2.664
NLA12_NY-R04,2012,4.7469875915,NA,0.395880695,0.17735816324999998,NA,77.73435604,NA,7.700557864833334,3.96855225,NA,NA,NA,NA,NA,NA,NA,NA,NA,NA,NA,NA,30,136,1.271,0.65,71.2
NLA12_NY-R06,2012,55.16971082,NA,18.16568478225,13.95880754011111,NA,0.7421114176666667,NA,1.0914287389090909,4.602510774,NA,NA,NA,NA,NA,NA,NA,NA,NA,NA,NA,NA,29,23,0.34,1.975,16.48
NLA12_NY-R07,2012,0.5091289410000001,0.150315409,25.729031785,0.039724611,NA,NA,NA,0.3087659116,1.6149338796666668,NA,NA,NA,NA,NA,NA,NA,NA,NA,NA,NA,NA,34,176,1.808,0.45,92
NLA12_NY-R08,2012,3.7191026933333333,NA,4.31607249075,7.625172664857143,NA,0.381312924,NA,0.216806061125,3.226465082,NA,NA,NA,NA,NA,NA,NA,NA,NA,NA,NA,NA,2,17,0.289,2.05,2.38
NLA12_NY-R11,2012,NA,NA,NA,NA,NA,0.24562333,NA,0.1679675512,0.034113413,NA,NA,NA,NA,NA,NA,NA,NA,NA,NA,NA,NA,5,9,0.14,4.85,1.38
NLA12_OH-101,2012,7.150983375722222,0.044519962999999996,2.3568241024666667,2.03715424975,NA,0.12073585737499999,NA,5.3204491353125,4.635026301,NA,NA,NA,NA,NA,NA,NA,NA,NA,NA,NA,NA,30,157,1.2705000000000002,0.395,68.58
NLA12_OH-102,2012,35.3034803025,NA,17.806784793666665,4.38952050575,NA,2.272795617,NA,73.24951156466666,18.07710579,NA,NA,NA,NA,NA,NA,NA,NA,NA,NA,NA,NA,32,572,2.129,0.25,81.6
NLA12_OH-103,2012,4.5825062873333335,0.0983732475,8.574845599833333,1.9557999050909092,NA,0.324343415,NA,1.7010852174705882,4.2186843075,NA,NA,NA,NA,NA,NA,NA,NA,NA,NA,NA,NA,9,17,0.353,2.03,3.76
NLA12_OH-104,2012,18.747789142000002,NA,13.47279827775,2.454222198125,NA,NA,NA,5.439499965,11.5908627165,NA,NA,NA,NA,NA,NA,NA,NA,NA,NA,NA,NA,36,88,1.226,0.5,53.92
NLA12_OH-105,2012,89.08844475783333,NA,81.31494165000001,0.6183705978,NA,NA,NA,0.3317017982727273,29.218857669,NA,NA,NA,NA,NA,NA,NA,NA,NA,NA,NA,NA,16,138,1.36,0.23,111.2
NLA12_OH-106,2012,2.962835428,0.003701975,7.549317012375,5.5350206371,NA,0.12758843433333333,NA,1.6151415529166666,2.200868070333333,NA,NA,NA,NA,NA,NA,NA,NA,NA,NA,NA,NA,22,21,0.448,1.45,9.066666667
NLA12_OH-107,2012,6.57367904,0.8278281015,11.100063026,0.034470942399999996,NA,0.43740163266666665,NA,0.5426213472631579,2.458814459666667,NA,NA,NA,NA,NA,NA,NA,NA,NA,NA,NA,NA,15,128,1.949,0.41,105.984
NLA12_OH-112,2012,18.1885862065,NA,7.1318505335,1.5088050675,NA,0.018346044,NA,10.550495312166667,2.580852065,0.870149603,NA,NA,NA,NA,NA,NA,NA,NA,NA,NA,NA,18,26,0.52,1.665,8.587
NLA12_OH-113,2012,2.741110179,NA,0.262756796,0.0085189315,NA,10.32663791,NA,26.867721236125,8.93238061,0.014666866,NA,NA,NA,NA,NA,NA,NA,NA,NA,NA,NA,28,164,1.778,0.725,88.8
NLA12_OH-115,2012,2.169209787333333,0.002018336,2.39734624025,3.0708340855,NA,0.040095526,NA,0.25802771555555554,2.660248858,0.073424786,NA,NA,NA,NA,NA,NA,NA,NA,NA,NA,NA,5,9,0.234,3.785,3.188
NLA12_OH-118,2012,0.199283912,0.173507527,0.069136799,0.03124598325,NA,0.040667399,NA,0.7553444845,0.42774099433333335,0.029289152,NA,NA,NA,NA,NA,NA,NA,0.0730365225,NA,NA,NA,7.5,9.5,0.1735,0.875,5.8100000000000005
NLA12_OH-122,2012,4.937136036666667,1.132116572,14.301669528249999,0.278843369,NA,NA,NA,5.703429715,14.2013741,NA,NA,NA,NA,NA,NA,NA,NA,NA,NA,NA,NA,27,109,1.475,0.735,64.32
NLA12_OH-127,2012,4.558253611666666,NA,14.364964669,2.5824895694,NA,0.5092924196666666,NA,0.5917665065,2.942863874,0.275053158,NA,NA,NA,NA,NA,NA,NA,NA,NA,NA,NA,11,8,0.208,2.63,1.712
NLA12_OH-134,2012,22.416993309333332,NA,2.9622107085000002,3.335534877,NA,6.3638468565,NA,47.5860258888,25.36146077,NA,NA,NA,NA,NA,NA,NA,NA,NA,NA,NA,NA,24,289,1.395,0.495,77.44
NLA12_OH-136,2012,31.817898352999997,NA,116.55852373333333,26.204407264333334,NA,41.27766775,NA,29.86616029175,37.33805152,NA,NA,NA,NA,NA,NA,NA,NA,NA,NA,NA,NA,25,185,2.745,0.34,204.48
NLA12_OH-137,2012,0.60469142325,0.135697855,0.8112336723333333,0.016093233666666668,NA,0.181692365,NA,2.0975326138,2.255299213,NA,NA,NA,NA,NA,NA,NA,NA,NA,NA,NA,NA,20,41,0.845,0.725,36.25714286
NLA12_OH-R02,2012,8.9167186075,NA,19.175497778,16.811710577,NA,1.068495494,NA,1.5850296455000001,5.088686939,NA,NA,NA,NA,NA,NA,NA,NA,NA,NA,NA,NA,28,10,0.445,3.5,4.4
NLA12_OH-R03,2012,46.87936967833333,NA,26.191066164250003,113.77029936328572,NA,0.81266633,NA,1.6257858556666667,3.778920584,NA,NA,NA,NA,NA,NA,NA,NA,NA,NA,NA,NA,32,22,0.46,2.825,5.344
NLA12_OK-101,2012,0.1234793665,NA,0.1750171675,0.23211338827272726,NA,0.04596424033333333,NA,0.69121647184375,1.03782848325,0.08196691,NA,NA,NA,NA,NA,NA,NA,NA,NA,NA,NA,18.5,67,1.1949999999999998,0.8674999999999999,15.3
NLA12_OK-102,2012,2.4441586146666667,NA,9.32794375525,3.5801038094999997,NA,NA,0.054842995,0.043034663875,14.553309081999998,1.139158033,NA,NA,NA,NA,NA,NA,NA,NA,NA,NA,NA,1,128,2.12,0.47,40.5
NLA12_OK-103,2012,8.420990432333333,NA,5.264487155666666,13.025341820333333,NA,0.19194519224999998,NA,1.6918313776111111,2.9291453776666665,0.908992073,NA,NA,NA,NA,NA,NA,NA,0.457496039,NA,NA,NA,40,105,1.31,0.95,19.4
NLA12_OK-104,2012,0.225666936,0.023112212,0.11700830533333333,0.14645863838461537,NA,0.007783485,NA,0.5564200697419355,0.44287093266666666,0.03675498,NA,NA,NA,NA,NA,NA,NA,NA,NA,NA,NA,23,5,0.56,1.3,4.28
NLA12_OK-105,2012,1.4813877674,NA,7.434060809166667,10.8539659485,NA,0.0625892758,NA,5.3810172589444445,5.1664761605,0.529808634,NA,NA,NA,NA,NA,NA,NA,NA,NA,NA,NA,56,344,1.11,0.275,33.9
NLA12_OK-106,2012,66.0752774305,NA,14.982816539666667,6.6360042706,NA,2.0258198755,NA,4.851530874625,11.2075540285,NA,NA,NA,NA,NA,NA,NA,NA,NA,NA,NA,NA,42,71,0.97,0.425,26.8
NLA12_OK-107,2012,NA,0.072309739,0.06514286933333334,0.062805204125,NA,0.135305285,NA,2.5615252625454543,0.335053715,0.023139526,NA,NA,NA,NA,NA,NA,NA,NA,NA,NA,NA,12,5,0.62,1.625,10.3
NLA12_OK-108,2012,28.506614214800003,0.038703879,1.1539038666666666,0.7266119636666667,NA,0.8532604438,NA,0.36762958271428575,3.626638614,0.42306853666666666,NA,NA,NA,NA,NA,NA,NA,NA,NA,NA,NA,22,5,0.56,1.23,4.56
NLA12_OK-109,2012,17.155504338,0.003090742,10.3030172665,2.053089042,NA,0.16742613879999999,NA,1.3346428060833333,5.607940693,0.232626846,NA,NA,NA,NA,NA,NA,NA,NA,NA,NA,NA,47,30,0.69,0.475,6.77
NLA12_OK-117,2012,12.804392368666667,NA,223.708924355,45.47595385945454,NA,1.3815081938333333,NA,1.262281705368421,40.726000545,NA,NA,NA,NA,NA,NA,NA,NA,NA,NA,NA,NA,56,490,3.28,0.275,109
NLA12_OK-118,2012,56.798648039166665,NA,8.2601306865,575.15350789075,NA,NA,NA,0.52660440625,5.688240546,NA,NA,NA,NA,NA,NA,NA,NA,NA,NA,NA,NA,73,190,1.71,0.605,0.65
NLA12_OK-119,2012,4.986953363285714,NA,4.127515955571429,2.5721258891666667,NA,0.090707394,0.007051754,0.09547828854545455,1.441029897,1.002675767,NA,NA,NA,NA,NA,NA,NA,NA,NA,NA,NA,27,17,1.18,0.49,38.8
NLA12_OK-120,2012,19.254254547,NA,3.9854484406666666,1.470749043375,NA,0.702785246,NA,0.5689248912727273,8.592118299,0.418940371,NA,NA,NA,NA,NA,NA,NA,NA,NA,NA,NA,40,30,0.65,0.915,11.4
NLA12_OK-121,2012,43.41449836125,NA,3.497810111857143,7.52693567475,NA,0.7090779084,NA,1.162912125611111,7.523968812333334,NA,NA,NA,NA,NA,NA,NA,NA,NA,NA,NA,NA,214,119,1.09,0.195,8.68
NLA12_OK-122,2012,71.93107395785715,NA,3.334717072166667,1.6269711848571429,NA,0.13302557225,NA,0.44313616418181817,16.34697883,0.186135319,NA,NA,NA,NA,NA,NA,NA,NA,NA,NA,NA,95,67,1.05,0.135,15.6
NLA12_OK-132,2012,4.5039040615,NA,3.470056888375,3.722141123,NA,0.2632513034,NA,0.242376955,6.118615407,NA,NA,NA,NA,NA,NA,NA,NA,NA,NA,NA,NA,23,5,0.87,1.59,3.76
NLA12_OK-133,2012,NA,NA,1.266620247,0.0583459085,NA,0.27743962440000003,NA,4.549047036916667,1.5413271506666666,0.3184307345,NA,NA,NA,NA,NA,NA,NA,NA,NA,NA,NA,40,142,2.19,0.29,71.1
NLA12_OK-134,2012,6.132457342,NA,1.306486337,10.649815212833333,NA,1.41410749325,NA,1.1254180220909091,12.58186135,0.918771092,NA,NA,NA,NA,NA,NA,NA,NA,NA,NA,NA,172,87,0.95,0.2,13.4
NLA12_OK-135,2012,26.3506769725,NA,2.7445444203333333,9.671397484333333,NA,0.18789730675,NA,0.013851979333333334,2.859878317,NA,NA,NA,NA,NA,NA,NA,NA,NA,NA,NA,NA,724,150,1.63,0.175,6.41
NLA12_OK-285,2012,39.434147785,NA,30.0835980688,12.598286470571427,NA,1.772235488,NA,0.7320866054,3.5526131674999997,NA,NA,NA,NA,NA,NA,NA,NA,NA,NA,NA,NA,18,32,1.29,0.76,21.7
NLA12_OK-286,2012,NA,NA,154.45743122775,129.6197781935,NA,NA,NA,160.5349358,75.38984448,NA,NA,NA,NA,NA,NA,NA,NA,NA,NA,NA,NA,115,2150,6.94,0.135,191
NLA12_OK-288,2012,31.8447077115,NA,10.898267852333333,29.396722194666665,NA,14.4995488965,NA,0.6188457401999999,5.493928718,NA,NA,NA,NA,NA,NA,NA,NA,NA,NA,NA,NA,27,7,0.81,3.95,3.06
NLA12_OK-291,2012,0.271210747,NA,0.1104314955,0.2697822065,NA,NA,NA,3.9176312082857145,3.18185463,0.008218435,NA,NA,NA,NA,NA,NA,NA,NA,NA,NA,NA,34,188,1.65,0.375,50.3
NLA12_OK-292,2012,0.234251021,NA,0.243975298,10.865346457,NA,4.027923144,NA,10.417727236875,1.9511833395,0.279410169,NA,NA,NA,NA,NA,NA,NA,NA,NA,NA,NA,44,209,2.85,0.185,91.1
NLA12_OK-293,2012,7.854515485,NA,196.20656941666667,461.59361957149997,NA,13.8824399475,NA,25.392666958000003,26.81893989,NA,NA,NA,NA,NA,NA,NA,NA,NA,NA,NA,NA,53,834,2.8,28,74.2
NLA12_OK-296,2012,7.06580150375,NA,0.060304114666666665,0.1980378705,NA,9.372690866333334,NA,16.5313098744375,23.56848253,NA,NA,NA,NA,NA,NA,NA,NA,NA,NA,NA,NA,60,327,3.14,0.355,93.6
NLA12_OK-299,2012,11.727637682333333,0.0055895285000000005,7.102780191,104.38371530642858,NA,0.10459766533333333,NA,0.7152601167727273,2.7415630393333332,NA,NA,NA,NA,NA,NA,NA,NA,NA,NA,NA,NA,16,8.5,0.59,1.775,3.83
NLA12_OK-302,2012,0.27985055799999997,NA,0.379501844,0.02183441588888889,NA,0.094426861,NA,1.5860382133,6.368550631,NA,NA,NA,NA,NA,NA,NA,NA,NA,NA,NA,NA,27,24,0.85,2.19,4.42
NLA12_OK-306,2012,8.425082871333334,NA,3.4168835545,10.117234181333334,NA,0.09882211525000001,NA,0.2412171159,6.441245873,NA,NA,NA,NA,NA,NA,NA,NA,NA,NA,NA,NA,20,5,0.57,1.3,2.32
NLA12_OK-311,2012,35.32350099925,0.137656045,1.1161571755,6.6575146185,NA,0.19443186675000002,NA,0.15091293172727274,2.075066961,0.462208308,NA,NA,NA,NA,NA,NA,NA,NA,NA,NA,NA,23,19,0.79,1.245,13.8
NLA12_OK-R01,2012,3.114856815,0.01404435,72.31811212825,7.197623876428572,NA,0.566114839,NA,2.921550504555556,2.8083069825,0.754459563,NA,NA,NA,NA,NA,NA,NA,NA,NA,NA,NA,7,28,0.594,0.85,11.77142857
NLA12_OK-R09,2012,41.74653524466667,NA,4.716176571666667,1.0080444096,NA,0.0680931425,NA,0.11535535400000001,8.521865126,NA,NA,NA,NA,NA,NA,NA,NA,NA,NA,NA,NA,5,46,0.838,0.29,17.44
NLA12_OR-101,2012,51.279427492875,NA,2.1496964552,147.41940977657143,NA,2.0047432675,NA,0.07177330875,3.076074099,NA,NA,NA,NA,NA,NA,NA,NA,NA,NA,NA,NA,26,332,0.839,0.3,6.492957746
NLA12_OR-102,2012,61.647230645875,NA,3.1509061308333335,43.41660017238461,NA,1.18468195,NA,0.044096374333333334,1.0842854445,NA,NA,NA,NA,NA,NA,NA,NA,NA,NA,NA,NA,30,452,1.199,0.0195,11.28
NLA12_OR-103,2012,0.049509947,NA,0.092263088,3.7852152277058826,NA,0.0017992743333333334,NA,0.09847726239285715,0.0054851052,NA,NA,NA,NA,NA,NA,NA,NA,NA,NA,NA,NA,12.5,65.5,0.089,NA,0.5251666665
NLA12_OR-104,2012,3.14626261775,0.015578618,3.8093531489999997,23.059050939375,NA,0.09287743975,NA,0.631409156875,2.575712781,NA,NA,NA,NA,NA,NA,NA,NA,NA,NA,NA,NA,18,32,0.186,1.35,2.821333333
NLA12_OR-105,2012,2.5234033225,0.003578784,10.5659567085,54.74207353042857,NA,0.0032291365,NA,0.2374346585,0.638163444,NA,NA,NA,NA,NA,NA,NA,NA,NA,NA,NA,NA,12,48,0.288,2.9,3.744
NLA12_OR-106,2012,0.021380813,1.32548e-4,7.90852e-4,0.1005770535,NA,9.30252e-4,2.76502e-4,0.0088570715,0.0019726886666666665,NA,NA,NA,NA,NA,NA,NA,NA,NA,NA,NA,NA,10,62,0.016,16.4,0.997894737
NLA12_OR-107,2012,3.100814576,0.020256510999999998,3.7490104263333333,6.4902228157,NA,3.894570156,NA,0.24126162854545455,0.9093433129999999,NA,NA,NA,NA,NA,NA,NA,NA,NA,NA,NA,NA,12,18,0.173,4.4,1.013333333
NLA12_OR-109,2012,1.6073227685,3.43e-5,NA,0.006043018,NA,1.7e-5,NA,0.0020757446666666668,7.749975e-4,NA,NA,NA,NA,NA,NA,NA,NA,NA,NA,NA,NA,7,9,0.029,27.95,0.1216
NLA12_OR-110,2012,6.2296635786,0.046836140500000005,3.763029506,21.7584381839,NA,0.3895148296666667,NA,1.7873385474999999,2.1879259415,NA,NA,NA,NA,NA,NA,NA,NA,NA,NA,NA,NA,23,21,0.195,2.05,3.71967655
NLA12_OR-111,2012,96.155843789,NA,20.059081477714287,623.4795022689,NA,0.945726564,NA,1.5471884230000001,1.8924605079999999,NA,NA,NA,NA,NA,NA,NA,NA,NA,NA,NA,NA,48,306,2.424,0.3,14.9
NLA12_OR-112,2012,12.331470394125,NA,1.2413717847999999,158.84296986742856,NA,0.9345021477500001,NA,0.001319846,0.533209697,NA,NA,NA,NA,NA,NA,NA,NA,NA,NA,NA,NA,20,125,0.348,1.6,8.114285714
NLA12_OR-113,2012,3.0982083246666665,0.003987197,13.619205455874999,170.56569728419998,NA,0.003593819,NA,0.43925792923076923,1.0123361105,NA,NA,NA,NA,NA,NA,NA,NA,NA,NA,NA,NA,3,25,0.213,2.5,1.624
NLA12_OR-121,2012,3.83541153325,NA,3.0723249916666666,54.39350629857143,NA,0.059361423,NA,0.1350071851764706,0.36709021649999996,NA,NA,NA,NA,NA,NA,NA,NA,NA,NA,NA,NA,26.5,39.5,0.223,5.9,0.8294153845
NLA12_OR-123,2012,0.3751563,NA,0.13070430825,0.6539825828,NA,NA,NA,0.018983704733333332,0.023921925,NA,NA,NA,NA,NA,NA,NA,NA,NA,NA,NA,NA,0,37,0.191,3,11.872
NLA12_OR-126,2012,1.555274726,0.024551403,7.103373764666666,31.207425754333332,NA,0.025876576,NA,1.0434851558571427,0.7682979,NA,NA,NA,NA,NA,NA,NA,NA,NA,NA,NA,NA,12,26,0.13,4.6,1.468
NLA12_OR-128,2012,NA,0.004440342,11.5119451845,39.0156541905,NA,0.110013156,NA,1.7342604907142858,1.120676994,NA,NA,NA,NA,NA,NA,NA,NA,NA,NA,NA,NA,0,23,0.17,6.75,5.323076923
NLA12_OR-129,2012,5.734575940666667,NA,0.512927801,2.837193939,NA,NA,NA,0.027430732833333332,0.818250225,NA,NA,NA,NA,NA,NA,NA,NA,NA,NA,NA,NA,22,20,0.171,3.85,2.832
NLA12_OR-131,2012,18.521430954,0.079830652,3.437637123,110.534888329,NA,NA,NA,0.5014671538571428,3.5336584175,NA,NA,NA,NA,NA,NA,NA,NA,NA,NA,NA,NA,23,197,0.625,1.5,20.22857143
NLA12_OR-133,2012,0.8343917133333334,0.003690621,0.014666866,0.62388369,NA,0.440448957,NA,0.305645556,0.7754802605,NA,NA,NA,NA,NA,NA,NA,NA,NA,NA,NA,NA,15,20,0.16,2.1,1.424
NLA12_OR-144,2012,18.311770136666667,NA,2.7612105540000003,0.048587325,NA,NA,NA,4.626964284333334,5.392425977,NA,NA,NA,NA,NA,NA,NA,NA,NA,NA,NA,NA,15,17,0.296,NA,1.194666667
NLA12_OR-145,2012,5.65321112,0.027225324,1.4002123916666667,4.34040307,NA,3.794865586,NA,0.797868023,6.940269959,NA,NA,NA,NA,NA,NA,NA,NA,NA,NA,NA,NA,38,12,0.181,1.55,2.711111111
NLA12_OR-154,2012,22.4971306815,NA,4.302044043,1719.329728,NA,NA,NA,3.813011059,0.727243584,NA,NA,NA,NA,NA,NA,NA,NA,NA,NA,NA,NA,20,288,0.578,3.45,2.392
NLA12_OR-155,2012,3.2904839355,0.011071863,26.571656145,553.8331763150001,NA,0.04785112699999999,NA,0.2215775311818182,1.282947277,NA,NA,NA,NA,NA,NA,NA,NA,NA,NA,NA,NA,5,51,0.411,2.05,15.776
NLA12_OR-158,2012,NA,NA,2.6804065695,0.13782451475,NA,NA,NA,71.14833569155556,2.815265886,NA,NA,NA,NA,NA,NA,NA,NA,NA,NA,NA,NA,15,187,3.125,0.675,45.6
NLA12_OR-160,2012,10.009385646,NA,0.017487316,61.87490665,NA,NA,NA,0.010529473666666666,0.9217700595,NA,NA,NA,NA,NA,NA,NA,NA,NA,NA,NA,NA,8,30,0.245,NA,0.692
NLA12_OR-163,2012,22.36587964,NA,15.994328328,140.1986444,NA,1.981543741,NA,1.7976468135,0.06696949233333334,NA,NA,NA,NA,NA,NA,NA,NA,NA,NA,NA,NA,18,9,0.208,NA,3.411428571
NLA12_OR-167,2012,8.486425956666666,0.003970214,2.0185152106666666,0.332372981,NA,0.22784754,NA,0.6268531265,2.100161581,NA,NA,NA,NA,NA,NA,NA,NA,NA,NA,NA,NA,38,117,0.48,1.175,20.68571429
NLA12_OR-169,2012,0.40032707966666664,NA,0.3468466473333333,7.92458874125,NA,0.528681012,NA,1.5992647056666667,0.812512809,NA,NA,NA,NA,NA,NA,NA,NA,NA,NA,NA,NA,5,25,0.034,4.05,0.428
NLA12_OR-173,2012,35.571589142,NA,NA,4.018677748,NA,2.400044755,NA,0.1711849118,NA,NA,NA,NA,NA,NA,NA,NA,NA,NA,NA,NA,NA,5,4,0.083,NA,0.725333333
NLA12_PA-101,2012,0.464441787,0.0282505912,4.135066523076923,7.89222675165,NA,0.18334727127272726,NA,1.0580373824307692,0.7411958120000001,NA,NA,NA,NA,NA,NA,NA,NA,NA,NA,NA,NA,10,17.5,0.85,3.3375,4.305
NLA12_PA-102,2012,10.14865136,NA,453.6085642716667,314.8287078652,NA,NA,NA,22.75573657442857,12.4435125915,NA,NA,NA,NA,NA,NA,NA,NA,NA,NA,NA,NA,20,83,2.08,0.85,42.29
NLA12_PA-103,2012,NA,0.03271232,2.347206802,0.8841409607777778,NA,1.073721551375,NA,3.7547525712592593,1.4733270926666666,NA,NA,NA,NA,NA,NA,NA,NA,NA,NA,NA,NA,15,35,0.85,1.15,28.93
NLA12_PA-105,2012,0.013549627,0.00822002,0.40423209449999997,4.9176281820000005,NA,0.116774253,NA,0.80856734816,1.283308407,0.007976614,NA,NA,NA,NA,NA,NA,NA,NA,NA,NA,NA,15,11,0.25,2.605,0
NLA12_PA-106,2012,0.019548859000000002,NA,3.158268235625,1.7524300084444444,NA,0.05863627485714286,NA,0.2766178492857143,2.0194889545,NA,NA,NA,NA,NA,NA,NA,NA,NA,NA,NA,NA,5,7,0.56,4.15,4
NLA12_PA-107,2012,0.083468732,NA,0.31780705600000003,0.08522675954545454,NA,0.1273865785,NA,0.021832436466666667,2.26461279875,0.012861604,NA,NA,NA,NA,NA,NA,NA,NA,NA,NA,NA,40,41,0.96,0.885,5.79
NLA12_PA-108,2012,16.1516875145,0.026566984000000002,53.1894353885,48.73200408873333,NA,0.1048179905,NA,8.24963649909091,11.207990185,NA,NA,NA,NA,NA,NA,NA,NA,NA,NA,NA,NA,7.5,26.5,0.525,2.525,17.285
NLA12_PA-109,2012,4.907560171666667,0.394208241,6.491028076999999,0.3258320862,NA,NA,NA,1.9303292415833333,0.9106269395000001,NA,NA,NA,NA,NA,NA,NA,NA,NA,NA,NA,NA,20,10,0.27,NA,11.19
NLA12_PA-110,2012,NA,0.991482756,0.008582806,0.4481590285,NA,0.12053029274999999,NA,1.47023854425,4.493201175,NA,NA,NA,NA,NA,NA,NA,NA,NA,NA,NA,NA,20,77,0.8,0.85,24.92
NLA12_PA-111,2012,4.3490837125,0.182482735,13.437552205,11.450716695799999,NA,0.494382688,NA,0.94985064325,6.123631029,NA,NA,NA,NA,NA,NA,NA,NA,NA,NA,NA,NA,10,36,0.74,1.1,19.22
NLA12_PA-113,2012,9.98488928875,0.03117407,10.309312894,16.790438226,NA,0.0356209225,NA,0.3158456888888889,5.844208832,NA,NA,NA,NA,NA,NA,NA,NA,NA,NA,NA,NA,10,13,0.31,3.3,5.65
NLA12_PA-114,2012,0.05856067,0.00952152,0.154510104,4.5344603452,NA,0.00588928025,NA,0.06914359407142857,0.726036981,NA,NA,NA,NA,NA,NA,NA,NA,NA,NA,NA,NA,5,5,0.27,5.35,2.35
NLA12_PA-115,2012,32.316676173333335,NA,3.68018615525,20.454084490666666,NA,1.534703515,NA,2.036623402888889,14.49078525,NA,NA,NA,NA,NA,NA,NA,NA,NA,NA,NA,NA,5,17,0.39,3.75,11.39
NLA12_PA-117,2012,0.132607459,NA,0.1258772175,0.045690815,NA,0.35351513749999997,NA,0.7098542632727273,8.232653216500001,NA,NA,NA,NA,NA,NA,NA,NA,NA,NA,NA,NA,20,52,0.78,1.15,52.69
NLA12_PA-118,2012,35.37623257866667,0.073737897,5.18117379,2.5068356323333334,NA,0.22191522125,NA,1.3533208614615384,5.178525727,NA,NA,NA,NA,NA,NA,NA,NA,NA,NA,NA,NA,10,14,0.3,1.865,5.19
NLA12_PA-119,2012,2.0741678766666665,0.029128896,2.57080144175,0.16917434983333335,NA,0.0599956675,NA,0.18597256746153845,1.933435253,0.050580579,NA,NA,NA,NA,NA,NA,NA,NA,NA,NA,NA,5,5,0.7,6.9,1.8
NLA12_PA-R10,2012,0.019839919,NA,0.10235048000000001,3.4966514265,NA,NA,NA,0.008629073888888889,0.028826854500000002,NA,NA,NA,NA,NA,NA,NA,NA,NA,NA,NA,NA,5,10,0.121,5.75,0.396
NLA12_PA-R11,2012,4.2318087385,0.006223651,0.21984426099999999,0.12334064233333333,NA,0.6084346425,NA,0.432314303,0.777420786,NA,NA,NA,NA,NA,NA,NA,NA,NA,NA,NA,NA,2,22,0.141,2.4,4.2
NLA12_RI-102,2012,0.2559271675,NA,0.8671413214615384,1.05529905084375,NA,0.148578456,NA,0.045608570517241376,2.5456460404,NA,NA,NA,NA,NA,NA,NA,NA,NA,NA,NA,NA,28.5,21.5,0.323,1.05,5.359999999999999
NLA12_RI-103,2012,5.8224506819999995,NA,2.2123832628,21.262737045666668,NA,8.139886802500001,NA,0.016439635333333334,1.466836646,NA,NA,NA,NA,NA,NA,NA,NA,NA,NA,NA,NA,36,20,0.283,1.9,3.064
NLA12_RI-104,2012,1.597042898125,0.0315425825,NA,0.4596049087,NA,1.3150428745,NA,2.9825394906875,1.881288533,NA,NA,NA,NA,NA,NA,NA,NA,NA,NA,NA,NA,53,20,0.303,1.15,6.528
NLA12_RI-108,2012,2.2157156895,0.068495109,0.072344209,0.34019543280000003,NA,1.599793524,NA,0.005244235333333333,0.58885435,NA,NA,NA,NA,NA,NA,NA,NA,NA,NA,NA,NA,30,16,0.291,2.145,2.616
NLA12_RI-110,2012,NA,NA,7.590355619,0.660247733,NA,1.490027967,NA,2.00908227,1.689820723,NA,NA,NA,NA,NA,NA,NA,NA,NA,NA,NA,NA,300,36,0.679,0.625,24.32
NLA12_RI-111,2012,21.407003996500002,NA,0.173089154,0.47211991491666666,NA,8.43549560225,NA,15.8210275285,2.214799791,NA,NA,NA,NA,NA,NA,NA,NA,NA,NA,NA,NA,15,30.5,0.486,1.95,6.535897435500001
NLA12_RI-112,2012,0.17792489250000001,0.131233893,0.3313753024,0.7621128044285714,NA,0.529628169,NA,0.2623141754166667,3.356727323,NA,NA,NA,NA,NA,NA,NA,NA,NA,NA,NA,NA,32,47,0.583,1.15,9.5
NLA12_RI-113,2012,38.74675586,NA,11.1611268898,69.764778171,NA,NA,NA,2.612893991375,10.73713142,NA,NA,NA,NA,NA,NA,NA,NA,NA,NA,NA,NA,55,29,0.601,1.3,10.88
NLA12_SC-102,2012,NA,NA,5.266599172857143,0.032450676166666664,NA,1.1482925647142856,NA,0.3902361803478261,1.1238802338333334,NA,NA,NA,NA,NA,NA,NA,NA,NA,NA,NA,NA,73,44,0.779,0.45,36.24
NLA12_SC-103,2012,0.4050720933333333,0.11916532566666667,0.34255278833333336,3.8063287933529413,NA,0.0702817817,NA,0.14764693008108107,0.15892952471428573,NA,NA,NA,NA,NA,NA,NA,NA,NA,NA,NA,NA,10.5,18,0.069,5.9,1.290470588
NLA12_SC-104,2012,20.418466785,NA,287.4769297075714,2.1919478036,NA,2.198635949,NA,3.8341695755714285,13.3635244315,NA,NA,NA,NA,NA,NA,NA,NA,NA,NA,NA,NA,61.5,66.5,1.034,0.55,20.08
NLA12_SC-105,2012,124.59807507333332,NA,4.009488375,231.080830015,NA,0.001410042,NA,0.23236298075,0.0886678535,NA,NA,NA,NA,NA,NA,NA,NA,NA,NA,NA,NA,22,61,0.838,0.85,29.33333333
NLA12_SC-106,2012,1.7073872176666667,NA,0.92518868525,0.033213164999999996,NA,9.307356447,NA,10.786281928800001,3.34228414,0.035380995,NA,NA,NA,NA,NA,NA,NA,NA,NA,NA,NA,10,37,0.238,1.35,4.697142857
NLA12_SC-108,2012,NA,NA,0.24994552450000002,3.4458334374285715,NA,0.32992776,NA,0.9353851188571428,1.2464682889999998,NA,NA,NA,NA,NA,NA,NA,NA,NA,NA,NA,NA,28,32,0.498,1.05,11.49333333
NLA12_SC-112,2012,4.7863620164,0.112645807,0.7077387265,1.1094036026,NA,57.753257253,NA,0.24554001965,7.768370396,NA,NA,NA,NA,NA,NA,NA,NA,NA,NA,NA,NA,9,17,0.2815,NA,4.622857143
NLA12_SC-118,2012,0.070931915,NA,0.5271772373333333,0.46541756425,NA,0.15303059600000002,NA,0.6662277885454545,0.9651573425,0.032281395,NA,NA,NA,NA,NA,NA,NA,NA,NA,NA,NA,26,51,0.349,0.95,12.8
NLA12_SC-127,2012,1.773788665,NA,0.324610866,8.16452743,NA,20.048436703,NA,0.7867195883333333,7.742854489,NA,NA,NA,NA,NA,NA,NA,NA,NA,NA,NA,NA,15,25,0.63,1.35,10.88
NLA12_SD-101,2012,5.999648264526316,NA,3.8911750805,35.610834877866665,NA,0.070485792,NA,0.20394251315,1.30418231,NA,NA,NA,NA,NA,NA,NA,NA,NA,NA,NA,NA,15,28,0.3115,2.4,2.54
NLA12_SD-102,2012,31.435407900125,NA,3.5094036523333334,110.68320500989999,NA,0.020855318,NA,0.0292743715,2.0008417735,NA,NA,NA,NA,NA,NA,NA,NA,NA,NA,NA,NA,35,709,1.931,1.05,10.8
NLA12_SD-103,2012,46.193896878833336,NA,60.869422666249996,17.2499526415,NA,1.7343837005,NA,2.2643264605,33.976731786,NA,NA,NA,NA,NA,NA,NA,NA,NA,NA,NA,NA,22,67,1.891,1.2,13.7
NLA12_SD-104,2012,15.0243961225,NA,1.7629294413749999,252.49811276260002,NA,0.197516261,NA,0.007033032,1.3309378006666668,NA,NA,NA,NA,NA,NA,NA,NA,NA,NA,NA,NA,6,119,1.329,4,3.112
NLA12_SD-105,2012,0.6243851516,NA,7.852860854249999,13.2172751345,NA,0.01719733825,NA,0.11110260183333333,0.51174247,NA,NA,NA,NA,NA,NA,NA,NA,NA,NA,NA,NA,15,100,1.895,1.775,42.84
NLA12_SD-106,2012,2.4170990173333333,0.001796514,6.361519209375,104.20535935299999,NA,0.026755915999999998,NA,0.11869240478947368,0.0779243235,NA,NA,NA,NA,NA,NA,NA,NA,NA,NA,NA,NA,14,42,0.688,1.3,5.904
NLA12_SD-107,2012,1.8802537968333333,0.012114941499999999,6.4331305514285715,1.174213090222222,NA,0.09972709966666667,NA,5.6882445084999995,3.6446161705,NA,NA,NA,NA,NA,NA,NA,NA,NA,NA,NA,NA,15,39,0.804,2.325,11.04
NLA12_SD-108,2012,38.843817569833334,NA,3.7049828674999996,126.56481187,NA,1.0390130625,NA,8.867372584555556,8.74709781,NA,NA,NA,NA,NA,NA,NA,NA,NA,NA,NA,NA,6,57,1.023,0.75,9.955555556
NLA12_SD-109,2012,60.02444681833333,NA,14.725255558375,5.5257044149230765,NA,0.6103690736666667,NA,0.8460203565454545,5.150853965,NA,NA,NA,NA,NA,NA,NA,NA,NA,NA,NA,NA,28,501,2.259,0.415,43.1
NLA12_SD-110,2012,29.829273228599998,NA,32.160452866875,89.62515822508334,NA,4.1949369425,NA,0.8895542925000001,5.41496609,NA,NA,NA,NA,NA,NA,NA,NA,NA,NA,NA,NA,18,167,1.735,1.325,16.52
NLA12_SD-111,2012,15.486652221,0.018636996,5.279991889714286,4.583330623555556,NA,0.937600927,NA,1.09865193095,3.4141101595000003,NA,NA,NA,NA,NA,NA,NA,NA,NA,NA,NA,NA,20,162,3.881,4,90.72
NLA12_SD-114,2012,15.786715611,NA,1.5285672097499998,0.47556760725,NA,2.5825957356666667,0.499674316,15.810062470875,7.897034040333334,NA,NA,NA,NA,NA,NA,NA,NA,NA,NA,NA,NA,11,144,3.031,0.5,53.6
NLA12_SD-115,2012,47.01270905,NA,41.31381690716667,5.2002574623,NA,30.16549963,NA,8.717689740578948,12.9796282845,0.899195119,NA,NA,NA,NA,NA,NA,NA,NA,NA,NA,NA,34.5,240.5,3.67,0.20750000000000002,121.38461538499999
NLA12_SD-122,2012,168.94848273666668,0.185566544,44.3476370425,4.372576734,NA,0.209406727,NA,3.1246189576666668,26.45963422,NA,NA,NA,NA,NA,NA,NA,NA,NA,NA,NA,NA,22,147,2.421,0.325,31.04
NLA12_SD-124,2012,NA,NA,66.48483566575,431.2729182704,NA,1.278188346,NA,44.74728051866666,8.787834982,NA,NA,NA,NA,NA,NA,NA,NA,NA,NA,NA,NA,38,236,2.693,0.45,62.8
NLA12_SD-126,2012,37.76926986233333,NA,20.259739886749998,1.7313096155,NA,0.2604410875,NA,0.9737086086666666,8.350598486,NA,NA,NA,NA,NA,NA,NA,NA,NA,NA,NA,NA,28,316,3.55,2.75,93.71428571
NLA12_SD-130,2012,9.844500598666666,NA,10.551058832,12.720362721111112,NA,0.08718948,NA,2.966181075357143,3.047784427,NA,NA,NA,NA,NA,NA,NA,NA,NA,NA,NA,NA,47,126,1.951,0.45,23.36
NLA12_SD-131,2012,23.7096896745,NA,36.27911727033333,0.133929596,NA,4.103189124,NA,51.24019480385714,28.58851613,NA,NA,NA,NA,NA,NA,NA,NA,NA,NA,NA,NA,28,336,3.863,0.22,148.32
NLA12_SD-132,2012,325.1153760633333,NA,110.48544853,156.64904796025002,NA,0.636495976,NA,5.781328017,43.95271512,NA,NA,NA,NA,NA,NA,NA,NA,NA,NA,NA,NA,26,366,1.993,0.83,33.6
NLA12_SD-133,2012,49.161834635,NA,32.802484628500004,6.1702696181666665,NA,7.922687353,NA,23.052235717428573,36.62277109,NA,NA,NA,NA,NA,NA,NA,NA,NA,NA,NA,NA,36,304,1.841,0.6,72.92571429
NLA12_SD-134,2012,33.586688902,NA,1.8252635793333334,18.72868261,NA,0.875641023,NA,2.7794226812500002,8.420695039,NA,NA,NA,NA,NA,NA,NA,NA,NA,NA,NA,NA,38,928,2.731,NA,57.23076923
NLA12_SD-137,2012,NA,NA,4.4145110716666665,42.16785422466666,NA,NA,NA,35.2229608978,3.166111004,NA,NA,NA,NA,NA,NA,NA,NA,NA,NA,NA,NA,32,475,1.888,2.2,0.576
NLA12_SD-138,2012,20.422979776666665,NA,3.185305815,31.752740424166667,NA,0.15408953350000001,NA,4.591359042100001,11.76150633,NA,NA,NA,NA,NA,NA,NA,NA,NA,NA,NA,NA,12,49,0.779,3.075,2.52
NLA12_SD-140,2012,53.10696187666667,NA,28.257742367749998,80.31531819060001,NA,1.0448307576666667,NA,15.465837634636362,11.26630339,NA,NA,NA,NA,NA,NA,NA,NA,NA,NA,NA,NA,24,68,0.851,0.475,8.112
NLA12_SD-141,2012,152.28531514333332,NA,38.95185084933333,83.51446073525,NA,0.750507499,NA,1.66227148375,6.177727716,NA,NA,NA,NA,NA,NA,NA,NA,NA,NA,NA,NA,25,39,2.535,2.05,6.2
NLA12_SD-143,2012,79.69497241699999,NA,15.606064506666668,92.47127230433334,NA,0.026991886,NA,0.3116860186,6.492733362,NA,NA,NA,NA,NA,NA,NA,NA,NA,NA,NA,NA,38,32,54,1.05,7.413333333
NLA12_SD-146,2012,NA,NA,2.8326092973333337,1.6863920523333333,NA,NA,NA,0.6573302562142858,1.976467924,NA,NA,NA,NA,NA,NA,NA,NA,NA,NA,NA,NA,44,25,1.744,1,7.936
NLA12_SD-147,2012,NA,NA,32.07440043933333,185.521172773,NA,0.060053432000000004,NA,0.10076387133333334,2.294138059,NA,NA,NA,NA,NA,NA,NA,NA,NA,NA,NA,NA,45,554,2.563,0.425,57
NLA12_SD-150,2012,1.811783736,NA,0.743941983,1.1200368165,NA,37.89752974,NA,10.4293827618,3.590168825,NA,NA,NA,NA,NA,NA,NA,NA,NA,NA,NA,NA,20,99,3.094,1,13
NLA12_SD-154,2012,80.893919795,NA,15.225585302,240.38506232000003,NA,0.006744705,NA,0.80770669725,7.039642094,NA,NA,NA,NA,NA,NA,NA,NA,NA,NA,NA,NA,28,753,2.9,1.05,35.56923077
NLA12_SD-157,2012,55.20892222333333,NA,45.92806255666667,13.281495088,NA,6.771256175,NA,115.36112036075001,15.65170546,NA,NA,NA,NA,NA,NA,NA,NA,NA,NA,NA,NA,28,84,2.42,1.15,32.508
NLA12_SD-158,2012,19.98686254175,0.005190747,4.15069953325,25.9036052748,NA,0.008467409,NA,0.03201950557142857,2.6429159775,NA,NA,NA,NA,NA,NA,NA,NA,NA,NA,NA,NA,25,610,1.784,0.475,17.28
NLA12_SD-162,2012,6.477046404666667,NA,103.57275680333333,146.0748523902,NA,NA,NA,10.855048592857143,1.169771669,NA,NA,NA,NA,NA,NA,NA,NA,NA,NA,NA,NA,32,815,2.353,0.325,85.44
NLA12_SD-165,2012,7.832613945,NA,1.4311488326666666,0.8751567236666666,NA,1.041345551,NA,0.8276130427777778,2.3137199105,NA,NA,NA,NA,NA,NA,NA,NA,NA,NA,NA,NA,45,357,1.369,2.55,1.912
NLA12_SD-166,2012,16.360716206666666,NA,10.415806569199999,12.9643987576,NA,1.269637748,NA,0.99233728,15.3593029465,NA,NA,NA,NA,NA,NA,NA,NA,NA,NA,NA,NA,1,71,1.105,NA,6.376
NLA12_SD-168,2012,49.28051816875,NA,15.0263562446,138.82250175675,NA,NA,NA,0.12576139860000002,7.084659435,NA,NA,NA,NA,NA,NA,NA,NA,NA,NA,NA,NA,27,293,1.758,2.15,16.88
NLA12_SD-170,2012,1.8215240315,0.314976859,0.034464537,0.29197565,NA,NA,NA,3.5264512888333335,2.098382827,NA,NA,NA,NA,NA,NA,NA,NA,NA,NA,NA,NA,39,137,3.4,0.525,25.46666667
NLA12_SD-172,2012,13.38676851,NA,0.07436894399999999,1.0203631963333335,NA,4.6529489835,NA,9.55140316575,2.866397457,NA,NA,NA,NA,NA,NA,NA,NA,NA,NA,NA,NA,24,70,1.555,1.15,3.688
NLA12_SD-182,2012,3.024312912666667,NA,3.739802638,51.9046764114,NA,0.072813884,NA,0.8065667326666667,7.092968543,NA,NA,NA,NA,NA,NA,NA,NA,NA,NA,NA,NA,12,35,0.913,4.75,1.92
NLA12_SD-183,2012,6.2285099593333335,NA,1.9407651256666667,5.622284604666667,NA,NA,NA,0.4277806135,1.86728317,NA,NA,NA,NA,NA,NA,NA,NA,NA,NA,NA,NA,20,41,0.344,0.65,4.672
NLA12_SD-189,2012,63.48326686433334,NA,11.153997089666667,23.331277581400002,NA,3.1542980359999997,NA,2.2815718603333335,1.380783683,NA,NA,NA,NA,NA,NA,NA,NA,NA,NA,NA,NA,20,147,2.4,0.725,38.736
NLA12_SD-198,2012,56.965531241250005,NA,NA,667.890573769,NA,NA,NA,0.04511524075,1.5577316799999998,NA,NA,NA,NA,NA,NA,NA,NA,NA,NA,NA,NA,25,419,2.133,0.625,1.914
NLA12_SD-212,2012,5.70472309525,NA,10.026368935,15.016270135,NA,6.121145545,NA,1.2411655274444444,4.520518507,NA,NA,NA,NA,NA,NA,NA,NA,NA,NA,NA,NA,36,346,1.223,2.15,0.334
NLA12_TN-101,2012,11.329543372,0.0023940105,18.405352533333332,16.492097116066667,NA,3.352146429333333,NA,0.5267065351142857,2.00982440275,NA,NA,NA,NA,NA,NA,NA,NA,NA,NA,NA,NA,13.5,219.5,1.671,0.29,55.28
NLA12_TN-103,2012,NA,NA,0.1813248076,0.20700163300000002,NA,NA,NA,0.206974776,0.5631651315,NA,NA,NA,NA,NA,NA,NA,NA,NA,NA,NA,NA,25,359,3,0.405,30.72
NLA12_TN-104,2012,0.076429906,0.07209035700000001,0.12751284,0.4687068727142857,NA,0.00483177775,NA,0.2836610983913043,0.1410398695,NA,NA,NA,NA,NA,NA,NA,NA,NA,NA,NA,NA,10,13,0.26,3.125,5.112
NLA12_TN-106,2012,NA,2.174065075,1.7803770423333334,0.4220663103333333,NA,1.440074677,NA,0.534780543,3.27999286,NA,NA,NA,NA,NA,NA,NA,NA,NA,NA,NA,NA,18,43,0.476,0.725,28
NLA12_TN-108,2012,11.968485985666666,0.037278994,2.0517111731999997,1.6340307363333333,NA,0.428783611,NA,1.057788324,7.921427349666667,NA,NA,NA,NA,NA,NA,NA,NA,NA,NA,NA,NA,9.5,646,1.5565,0.2375,60.266666665
NLA12_TN-113,2012,9.543889235,NA,11.753093006,16.001090347399998,NA,3.981583556,NA,1.4919332785714285,3.164257621,NA,NA,NA,NA,NA,NA,NA,NA,NA,NA,NA,NA,15,120,1.099,0.6,109.584
NLA12_TN-114,2012,41.854889156,NA,9.193356332666667,68.02502369412501,NA,1.111438854,NA,4.223991352705882,6.6878731975,NA,NA,NA,NA,NA,NA,NA,NA,NA,NA,NA,NA,24,46,1.267,0.8,21.136000000000003
NLA12_TN-119,2012,4.095859246,5.8538e-4,0.9643235466666666,76.44612098875001,NA,0.004184971,NA,0.0319128711,0.1131480415,NA,NA,NA,NA,NA,NA,NA,NA,NA,NA,NA,NA,25,51,0.841,0.65,23.04
NLA12_TN-122,2012,26.760528308666665,0.047356294,0.796182787,15.388748701166666,NA,0.29348986666666665,NA,0.5024004428,4.060476212,0.184159291,NA,NA,NA,NA,NA,NA,NA,NA,NA,NA,NA,19,48,0.51,0.675,19.04
NLA12_TN-R01,2012,2.4018692333333336,0.010996146,0.8365405826666666,1.2816049924000001,NA,0.0098463696,NA,0.02817558969230769,0.762018972,NA,NA,NA,NA,NA,NA,NA,NA,NA,NA,NA,NA,5,21,0.131,5,3.384
NLA12_TX-101,2012,18.782618343272727,NA,175.7238771249,56.03437115742857,NA,0.3048138155,NA,6.186001566882353,9.168812591,NA,NA,NA,NA,NA,NA,NA,NA,NA,NA,NA,NA,28,256.5,1.3885,0.1425,62.67999999999999
NLA12_TX-103,2012,1.1661805022,NA,25.336027000875,0.2823833905,NA,0.0043072315,NA,7.6849111505,3.4127087565,NA,NA,NA,NA,NA,NA,NA,NA,NA,NA,NA,NA,10,49,0.97,0.75,14.5
NLA12_TX-104,2012,4.6176289791250005,NA,2.5734784435,0.5262300958181818,NA,0.20316110483333333,NA,0.16185224853846153,10.990087014,NA,NA,NA,NA,NA,NA,NA,NA,NA,NA,NA,NA,25,111,0.896,0.565,11.632
NLA12_TX-105,2012,0.6024508996,0.0081168135,1.2995824447142856,2.719476966,NA,0.07720710075000001,NA,0.06495649181818182,2.3297537736666665,NA,NA,NA,NA,NA,NA,NA,NA,NA,NA,NA,NA,18,35,0.59,0.69,37.28
NLA12_TX-107,2012,9.778487402,NA,1.230866282,4.251708386555555,NA,0.024536022,NA,1.5752566898,19.54205019,NA,NA,NA,NA,NA,NA,NA,NA,NA,NA,NA,NA,15,43,0.83,3.15,3.744
NLA12_TX-109,2012,2.3382644891428574,NA,0.6263700345,0.0831566725,NA,0.5419935668333333,NA,1.3501205929444444,6.2218734195000005,NA,NA,NA,NA,NA,NA,NA,NA,NA,NA,NA,NA,38,35,0.805,1.35,11.2
NLA12_TX-110,2012,0.39021434914285713,0.0195287595,0.6568857946000001,0.19625361309090908,NA,0.025462480625,NA,2.4297107584999997,1.25574739,0.77524213025,NA,NA,NA,NA,NA,NA,NA,NA,NA,0.45622265,NA,11,26,0.61,0.775,14.85714286
NLA12_TX-111,2012,NA,NA,8.044672576666667,NA,NA,0.0070221699999999995,NA,2.2425814324,0.6831158979999999,NA,NA,NA,NA,NA,NA,NA,NA,NA,NA,NA,NA,5,28,1.589,0.95,12.704
NLA12_TX-112,2012,185.87310099057143,0.001294102,14.952578867800002,2.0524251165555554,NA,1.3589839468571427,NA,2.224869828,40.517154680666664,NA,NA,NA,NA,NA,NA,NA,NA,NA,NA,NA,NA,6,23,0.419,0.85,3.592
NLA12_TX-113,2012,NA,0.00861559,0.102622986,0.05367405075,NA,0.38093510799999997,NA,0.2325455374,0.43762512449999996,0.018814845,NA,NA,NA,NA,NA,NA,NA,NA,NA,NA,NA,22,60,0.869,0.55,40.64
NLA12_TX-114,2012,NA,0.0082195,4.6329209874999995,3.4125527236666664,NA,0.571239622,NA,2.286097609904762,1.9515329865,0.044219288,NA,NA,NA,NA,NA,NA,NA,NA,NA,NA,NA,18,95,0.601,0.35,57
NLA12_TX-116,2012,0.8454636815,0.15403647999999998,0.9669966543333334,0.01346214125,NA,0.17053984283333334,NA,0.2849579968888889,2.4295978563333334,NA,NA,NA,NA,NA,NA,NA,NA,NA,NA,NA,NA,30,34,0.633,1.9,4.72
NLA12_TX-117,2012,21.00319455357143,NA,12.5548764893,5.1869320603333335,NA,10.917370207333333,NA,5.489532686944444,18.384072027,NA,NA,NA,NA,NA,NA,NA,NA,NA,NA,NA,NA,46.5,414.5,2.7904999999999998,0.3075,116.80000000000001
NLA12_TX-118,2012,NA,NA,0.011417004,0.0797053675,NA,2.6363959059999997,NA,0.7113999624444445,1.6637695694999999,NA,NA,NA,NA,NA,NA,NA,NA,NA,NA,NA,NA,20,86,1.199,0.245,25.4
NLA12_TX-121,2012,0.040799428,0.110772696,0.648198175,0.27186503666666667,NA,5.914249991,NA,1.0896613608888888,11.8632642,NA,NA,NA,NA,NA,NA,NA,NA,NA,NA,NA,NA,12,204,1.264,0.78,40.8
NLA12_TX-124,2012,0.11815131200000001,0.012230699,NA,0.013914477,NA,0.038488381,NA,0.45156767884615384,0.4739306965,0.08481799,NA,NA,NA,NA,NA,NA,NA,NA,NA,NA,NA,10,25,0.596,0.93,12.08
NLA12_TX-128,2012,4.080461635,0.008025339,1.551537566,0.8476163578,NA,0.1783704965,NA,0.2895388262222222,3.2395334845,NA,NA,NA,NA,NA,NA,NA,NA,NA,NA,NA,NA,17,56,0.529,1.73,5.52
NLA12_TX-129,2012,18.084490441333333,NA,1.806680214,2.8335235379999997,NA,0.027111376,NA,0.036240693500000004,31.40459196,NA,NA,NA,NA,NA,NA,NA,NA,NA,NA,NA,NA,42,59,1.044,1.475,12.288
NLA12_TX-135,2012,NA,NA,12.493400344666666,NA,NA,30.198097088,NA,7.3028018305,1.022984363,NA,NA,NA,NA,NA,NA,NA,NA,NA,NA,NA,NA,40,114,2.894,0.385,30.24
NLA12_TX-136,2012,0.054282031,NA,7.451246102000001,0.13435360175,NA,4.767381867,NA,25.6379158955,14.51875042,NA,NA,NA,NA,NA,NA,NA,NA,NA,NA,NA,NA,25,113,1.669,0.35,29.86666667
NLA12_TX-137,2012,NA,0.047419655,0.246726866,0.08439283959999999,NA,0.08934098725,NA,0.165854960625,0.132719812,0.04037064,NA,NA,NA,NA,NA,NA,NA,NA,NA,NA,NA,15,30,0.59,2.325,2.436
NLA12_TX-141,2012,NA,0.002423135,0.98809155325,NA,NA,0.12490742199999999,NA,0.1394212402727273,1.307522799,NA,NA,NA,NA,NA,NA,NA,NA,NA,NA,NA,NA,26,30,0.445,5.6,7.064
NLA12_TX-144,2012,0.132579,NA,0.811112486,1.9325082605,NA,0.101774818,NA,1.2118309778,2.416281717,NA,NA,NA,NA,NA,NA,NA,NA,NA,NA,NA,NA,11,30,0.47,1.2,6.848
NLA12_TX-148,2012,2.4835406140000003,NA,3.16243045375,2.27330859475,NA,0.99591561025,NA,6.015057467142857,9.1423884275,0.182414005,NA,NA,NA,NA,NA,NA,NA,NA,NA,NA,NA,10,64,0.595,0.19,5.64
NLA12_TX-152,2012,2.0840023655,NA,332.75598290666665,2.615604112,NA,NA,0.353215838,2.6546560694,1.878490441,NA,NA,NA,NA,NA,NA,NA,NA,NA,NA,NA,NA,15,486,5.913,0.1,373.3333333
NLA12_TX-157,2012,0.073638199,NA,0.9587129050000001,0.0036130353333333337,NA,0.06600937949999999,NA,1.59158149725,1.569116925,NA,NA,NA,NA,NA,NA,NA,NA,NA,NA,NA,NA,58,58,0.579,0.55,24.48
NLA12_TX-158,2012,NA,NA,0.112959105,0.0172870075,NA,0.004858888,NA,1.4212127875,0.799666516,NA,NA,NA,NA,NA,NA,NA,NA,NA,NA,NA,NA,22,88,0.806,0.475,26.6
NLA12_TX-159,2012,83.62467981666667,186.0619956,13.3366558505,357.34835305,NA,4.423525691,NA,3.573442785,15.58477353,NA,NA,NA,NA,NA,NA,NA,NA,NA,NA,NA,NA,32,100,1.368,0.975,20
NLA12_TX-160,2012,0.7047784180000001,0.0626722,3.111693184,1.2117939018571429,NA,0.237669237,NA,4.997637594333333,8.266923099,0.12186513,NA,NA,NA,NA,NA,NA,NA,NA,NA,NA,NA,19,79,0.899,0.45,60.48
NLA12_TX-161,2012,NA,NA,0.012649801,0.031350369833333336,NA,0.0348070895,NA,0.7588455422222222,0.224220433,0.013299345,NA,NA,NA,NA,NA,NA,NA,NA,NA,NA,NA,20,171,0.743,0.4,14.176
NLA12_TX-165,2012,0.013206266,0.06761995,0.2883419566666667,0.180603085,NA,0.261415841,NA,1.6949590616923078,0.39367532,0.166063588,NA,NA,NA,NA,NA,NA,NA,NA,NA,NA,NA,9,26,0.436,1.35,7.9
NLA12_TX-169,2012,NA,NA,0.380877792,51.52315708,NA,NA,NA,0.9050919398333334,0.004372227,NA,NA,NA,NA,NA,NA,NA,NA,NA,NA,NA,NA,5,54,4.065,NA,1.245333333
NLA12_TX-170,2012,NA,1.130636041,0.016230407,0.0297563365,NA,0.061403897,NA,1.65189396,0.48612362449999996,NA,NA,NA,NA,NA,NA,NA,NA,NA,NA,NA,NA,30,84,1.223,0.65,51.2
NLA12_TX-176,2012,34.53361291,NA,6.6115817695,2.2212842134285715,NA,119.5007352,NA,5.4775136174285715,11.11918483,NA,NA,NA,NA,NA,NA,NA,NA,NA,NA,NA,NA,45,130,1.356,0.35,21.216
NLA12_TX-182,2012,11.834071326333333,0.02131116,8.579677636666666,7.504904455333333,NA,0.4898085416666667,NA,1.1072268603333333,17.2333373,NA,NA,NA,NA,NA,NA,NA,NA,NA,NA,NA,NA,18,39,0.609,1.95,5.546666667
NLA12_TX-187,2012,26.4559097805,NA,0.4123549895,1.30053164925,NA,13.966464539333334,NA,14.429030059142857,4.142020175,NA,NA,NA,NA,NA,NA,NA,NA,NA,NA,NA,NA,33,167,1.07,0.25,40.09411765
NLA12_TX-190,2012,3.0314299956666666,NA,0.6492283476666667,5.881582559333333,NA,0.05468911525,NA,0.33040768814285715,0.273378874,NA,NA,NA,NA,NA,NA,NA,NA,NA,NA,NA,NA,10,30,0.349,0.55,2.902857143
NLA12_TX-195,2012,NA,NA,NA,0.18596044966666667,NA,0.109142903,NA,2.5210508315454545,0.237190014,0.0798757,NA,NA,NA,NA,NA,NA,NA,NA,NA,0.008725067,NA,23,89,0.655,0.35,42.66666667
NLA12_TX-196,2012,NA,NA,0.0142223995,0.0243710315,NA,0.02713616775,NA,0.40127706813333336,0.7325737489999999,0.019498421,NA,NA,NA,NA,NA,NA,NA,NA,NA,NA,NA,4,88,0.898,0.365,27.2
NLA12_TX-199,2012,475.53170219666663,NA,122.81698788000001,204.01334571383333,NA,7.1646278709999995,NA,21.4499307084,54.42439296,NA,NA,NA,NA,NA,NA,NA,NA,NA,NA,NA,NA,45,525,4.65,0.15,148
NLA12_TX-201,2012,36.52989684533333,NA,13.624777823,4.96356931625,NA,13.272904629500001,NA,0.4664161575,14.677956033000001,NA,NA,NA,NA,NA,NA,NA,NA,NA,NA,NA,NA,20,43,0.754,1.32,15.504
NLA12_TX-202,2012,14.345478296333333,0.025184031,5.3558587525,61.64490639083333,NA,0.42735161483333334,NA,1.0866252801,6.514899140000001,NA,NA,NA,NA,NA,NA,NA,NA,NA,NA,NA,NA,16,116,1.713,0.56,25.28
NLA12_TX-205,2012,27.74924298666667,NA,1.045524933,5.757703132666667,NA,0.22325537333333334,NA,0.5345073141,5.599611465000001,NA,NA,NA,NA,NA,NA,NA,NA,NA,NA,NA,NA,19,17,1.013,1.46,7.466666667
NLA12_TX-218,2012,0.077801607,NA,0.781106997,0.062343319499999994,NA,1.1931065585,NA,0.7070334095,6.372469613,0.111615361,NA,NA,NA,NA,NA,NA,NA,NA,NA,NA,NA,22,122,1.753,0.55,98
NLA12_TX-232,2012,13.345335827,NA,5.9241466205,2.95765320725,NA,NA,NA,0.4681284941666667,4.493936826,NA,NA,NA,NA,NA,NA,NA,NA,NA,NA,NA,NA,24,35,0.979,1.325,11.968
NLA12_TX-234,2012,5.4832713855,0.04026132,46.158917257,16.8557973978,NA,0.099833167,NA,7.176415947875,32.73942956,NA,NA,NA,NA,NA,NA,NA,NA,NA,NA,NA,NA,15,54,0.883,1.4,9.163636364
NLA12_TX-235,2012,25.846854415,NA,23.2677773724,92.56378522466667,NA,6.041350129666666,NA,4.079680103285714,109.8335654,NA,NA,NA,NA,NA,NA,NA,NA,NA,NA,NA,NA,38,88,1.433,0.8,44.48
NLA12_TX-R02,2012,NA,0.800772034,0.016955434,0.15732724833333334,NA,0.04573347875,NA,0.7248678141,0.193258453,NA,NA,NA,NA,NA,NA,NA,NA,NA,NA,NA,NA,14,41,0.365,2.01,8.44
NLA12_TX-R08,2012,0.039864317,0.025218206,0.6313838506666667,7.238341038,NA,2.755815482,NA,4.9652140395,9.156310209,0.665125578,NA,NA,NA,NA,NA,NA,NA,NA,NA,NA,NA,25,113,0.92,0.4,40
NLA12_TX-R09,2012,0.134306998,0.01229689,0.3978265875,0.2232898688,NA,0.3158291765,NA,3.6434320685999997,2.192380256,NA,NA,NA,NA,NA,NA,NA,NA,NA,NA,NA,NA,20,27,0.456,0.875,7.968
NLA12_UT-101,2012,NA,0.098824053,13.53620551875,2.2350004412857145,NA,0.0262471438,NA,0.5321741461052631,10.614011277,NA,NA,NA,NA,NA,NA,NA,NA,NA,NA,NA,NA,6.5,16.5,0.2685,1.9,3.3043333335
NLA12_UT-102,2012,0.312692651,NA,5.218948773166667,94.01433624488888,NA,0.003707397,NA,0.22020907247826088,1.221753214,NA,NA,NA,NA,NA,NA,NA,NA,NA,NA,NA,NA,10,21,0.186,4.85,1.668
NLA12_UT-103,2012,1.0680296120000001,NA,22.703918515166666,5.4541889188,NA,NA,NA,5.71176983375,2.132960106,NA,NA,NA,NA,NA,NA,NA,NA,NA,NA,NA,NA,9,23,0.189,2.3,6.353333333
NLA12_UT-104,2012,6.8268837076,0.0019442355,1.0961144653333332,18.786416774124998,NA,0.03788941133333334,NA,0.1568411815,1.070681109,NA,NA,NA,NA,NA,NA,NA,NA,NA,NA,NA,NA,3,65,0.259,0.875,2
NLA12_UT-105,2012,NA,NA,54.96137541833333,527.3748681345714,NA,NA,NA,1.6029549673333334,5.854165484999999,NA,NA,NA,NA,NA,NA,NA,NA,NA,NA,NA,NA,15,23,0.291,5.55,2.568
NLA12_UT-108,2012,NA,NA,8.569963538333333,946.7261603211666,NA,0.146934847,NA,13.062953368583333,2.4474047705000004,NA,NA,NA,NA,NA,NA,NA,NA,NA,NA,NA,NA,24,80,0.44,2.25,6
NLA12_UT-109,2012,4.672356984,0.051857157,16.208850730333335,187.86620260475001,NA,NA,NA,2.5102356265238095,1.8748681525,NA,NA,NA,NA,NA,NA,NA,NA,NA,NA,NA,NA,31,96,1.855,1.35,33.6
NLA12_UT-110,2012,0.4029548365,0.280802332,1.83325563275,0.633361066,NA,0.022011195,NA,0.29277531147619046,1.5803776434999999,NA,NA,NA,NA,NA,NA,NA,NA,NA,NA,NA,NA,19.5,25,0.423,3.05,1.8936923075
NLA12_UT-112,2012,0.9735653836666667,NA,NA,4.506221888333333,NA,NA,NA,37.21992284425,0.898996765,NA,NA,NA,NA,NA,NA,NA,NA,NA,NA,NA,NA,17,60,0.606,0.95,10.11428571
NLA12_UT-118,2012,NA,NA,12.938389301333334,38.187663621249996,NA,0.003646149,NA,0.029958003,0.62245099,NA,NA,NA,NA,NA,NA,NA,NA,NA,NA,NA,NA,18,23,0.199,5.25,1.36
NLA12_UT-122,2012,NA,NA,18.956275722666668,94.64712553,NA,0.001964757,NA,0.389753297,5.737340802,NA,NA,NA,NA,NA,NA,NA,NA,NA,NA,NA,NA,12,10,0.159,5.36,5.08
NLA12_UT-125,2012,6.381571686,NA,NA,90.6533087614,NA,0.00952995,NA,0.05216539628571428,7.918258906,NA,NA,NA,NA,NA,NA,NA,NA,NA,NA,NA,NA,15,20,0.208,5.775,0.664
NLA12_UT-126,2012,157.710551368,NA,1.23584616,14.00339114625,NA,0.001665962,NA,0.0074478422499999995,2.471220762,NA,NA,NA,NA,NA,NA,NA,NA,NA,NA,NA,NA,9,12,0.281,3.8,0.486857143
NLA12_UT-128,2012,15.124432564666668,NA,11.4136754975,58.57088060783333,NA,2.633403447,NA,13.7621858714,18.56562212,NA,NA,NA,NA,NA,NA,NA,NA,NA,NA,NA,NA,8,72,1.258,0.375,21.48
NLA12_UT-137,2012,52.11004144666666,NA,0.8958126289999999,83.11842663433333,NA,12.252294691000001,NA,2.225087213,8.835118164,NA,NA,NA,NA,NA,NA,NA,NA,NA,NA,NA,NA,25,147,1.253,2.01,15.04
NLA12_UT-141,2012,NA,NA,0.8612236196666666,0.12411881775,NA,0.21862967366666666,NA,0.4074788244285714,3.394183959,NA,NA,NA,NA,NA,NA,NA,NA,NA,NA,NA,NA,23,193,1.339,0.15,47.8
NLA12_UT-147,2012,31.836892128666666,NA,NA,19.766716224,NA,0.10391176,NA,0.4968490651666667,0.10014676,NA,NA,NA,NA,NA,NA,NA,NA,NA,NA,NA,NA,32,14,0.431,1.75,9.611428571
NLA12_UT-148,2012,NA,NA,575.6763908666667,897.4182567026667,NA,NA,NA,2.575967855,21.97651199,NA,NA,NA,NA,NA,NA,NA,NA,NA,NA,NA,NA,25,265,2.023,0.15,74.8
NLA12_UT-159,2012,4.7325396155,NA,0.048544904,13.1661289056,NA,0.592790032,NA,0.30811510225,0.012492097,NA,NA,NA,NA,NA,NA,NA,NA,NA,NA,NA,NA,18,11,0.22,3.3,1.509333333
NLA12_UT-160,2012,72.61014028,NA,0.062494193,165.9809349162,NA,NA,NA,0.02352203275,0.982055824,NA,NA,NA,NA,NA,NA,NA,NA,NA,NA,NA,NA,12,30,0.225,NA,0.704
NLA12_UT-165,2012,42.10387718725,NA,0.38103087999999996,176.6433376,NA,1.22061918,NA,4.5428780615,2.617079979,NA,NA,NA,NA,NA,NA,NA,NA,NA,NA,NA,NA,23,41,0.641,NA,1.46
NLA12_UT-167,2012,NA,NA,4.612135339,0.9828787035000001,NA,NA,NA,0.5924413132727273,1.3275240855000001,NA,NA,NA,NA,NA,NA,NA,NA,NA,NA,NA,NA,32,27,0.473,1,0.867175573
NLA12_UT-169,2012,NA,NA,39.57261370933333,14.564248064200001,NA,NA,NA,5.779676545666668,0.967871652,NA,NA,NA,NA,NA,NA,NA,NA,NA,NA,NA,NA,10,23,0.211,0.8,1.56
NLA12_UT-173,2012,0.24771324150000001,NA,4.07714409025,50.187914379750005,NA,1.04038583,NA,0.25942414277777776,1.816572039,NA,NA,NA,NA,NA,NA,NA,NA,NA,NA,NA,NA,8,36,0.163,2.41,2.392
NLA12_UT-186,2012,159.794383975,NA,1.189629293,191.64418881133335,NA,8.305570243333333,NA,NA,9.758936281,NA,NA,NA,NA,NA,NA,NA,NA,NA,NA,NA,NA,18,118,0.428,1.14,11.84
NLA12_UT-196,2012,12.817785315,NA,2.045215482666667,61.305614611500005,NA,0.577925875,NA,1.8463433762857144,1.95830399,NA,NA,NA,NA,NA,NA,NA,NA,NA,NA,NA,NA,20,17,0.266,3.85,1.34
NLA12_UT-203,2012,1.306194402,0.01428174,NA,60.213623977,NA,0.638214197,NA,0.3426430778,0.298199776,NA,NA,NA,NA,NA,NA,NA,NA,NA,NA,NA,NA,13,6,0.114,9.055,0.56
NLA12_UT-210,2012,NA,NA,56.284284189999994,246.37008959366668,NA,0.015156712,NA,1.5106842468571429,8.648608627,NA,NA,NA,NA,NA,NA,NA,NA,NA,NA,NA,NA,10,51,0.283,3.275,2.72
NLA12_UT-218,2012,2.2582094956666667,NA,0.535359464,3.2799651365,NA,NA,NA,0.71483499725,0.84704968,NA,NA,NA,NA,NA,NA,NA,NA,NA,NA,NA,NA,9,28,0.23,5.25,3.858823529
NLA12_UT-222,2012,25.695558252333335,NA,0.45359553166666666,41.80523502975,NA,NA,NA,1.9234592832857142,2.7114887755000003,NA,NA,NA,NA,NA,NA,NA,NA,NA,NA,NA,NA,32,83,1.466,1.35,14.25
NLA12_UT-229,2012,5.034057047,NA,1.446356224,63.097577593,NA,NA,NA,0.8600506510000001,0.213851045,NA,NA,NA,NA,NA,NA,NA,NA,NA,NA,NA,NA,25,37,0.424,3.75,3.516
NLA12_UT-260,2012,NA,NA,0.9860249609999999,0.156217083,NA,NA,NA,25.52915302975,1.282095067,NA,NA,NA,NA,NA,NA,NA,NA,NA,NA,NA,NA,5,21,0.285,3.05,3.564
NLA12_UT-264,2012,33.70003054233333,NA,3.2277783356666667,1477.645137301,NA,0.002797773,NA,0.03488625625,1.767385583,NA,NA,NA,NA,NA,NA,NA,NA,NA,NA,NA,NA,20,104,0.511,2.25,24.1
NLA12_UT-290,2012,0.017946712,NA,0.3754617416666667,0.2402575152,NA,NA,NA,0.38301339953846153,5.147558281,NA,NA,NA,NA,NA,NA,NA,NA,NA,NA,NA,NA,19,66,0.849,1.8,3.907692308
NLA12_UT-294,2012,NA,NA,18.984755035333336,104.3674210178,NA,NA,NA,0.018619504,0.566790376,NA,NA,NA,NA,NA,NA,NA,NA,NA,NA,NA,NA,0,24,0.14,6.225,0.92
NLA12_UT-324,2012,6.2017309266666665,NA,0.706864136,18.043779269,NA,0.1790184745,NA,14.0777565624,0.201464308,NA,NA,NA,NA,NA,NA,NA,NA,NA,NA,NA,NA,15,19,0.22,2.1,1.850666667
NLA12_UT-325,2012,33.27571816,NA,14.126995177666666,450.00686128275,NA,0.125780325,NA,1.45081653425,6.975101951,NA,NA,NA,NA,NA,NA,NA,NA,NA,NA,NA,NA,11,31,0.31,4.075,4.48
NLA12_UT-343,2012,44.69785588,NA,0.758302962,260.37599559433335,NA,1.327911102,NA,0.013660248,1.664464255,NA,NA,NA,NA,NA,NA,NA,NA,NA,NA,NA,NA,35,85,1.005,1.51,0.3148
NLA12_UT-359,2012,118.43583,0.463812687,11.198956069500001,19.497785306666668,NA,103.3879455,NA,55.8366833575,6.8026686555,NA,NA,NA,NA,NA,NA,NA,NA,NA,NA,NA,NA,32,542,3.25,0.225,173.2
NLA12_UT-374,2012,NA,0.00623734,32.725075276666665,34.006898151499996,NA,NA,NA,0.335920047125,1.179755107,NA,NA,NA,NA,NA,NA,NA,NA,NA,NA,NA,NA,9,25,0.211,1.45,1.676
NLA12_UT-392,2012,32.55040205666667,NA,1.3776207336666668,46.2984865454,NA,NA,NA,1.7789181898888888,2.58915691,NA,NA,NA,NA,NA,NA,NA,NA,NA,NA,NA,NA,18,55,0.645,1.175,4.2
NLA12_UT-397,2012,NA,NA,8.043962622,3.1311206736000003,NA,0.4676475775,NA,1.7735634294,3.009071989,NA,NA,NA,NA,NA,NA,NA,NA,NA,NA,NA,NA,22,16,0.271,1.7,1.116
NLA12_UT-400,2012,613.802326634,NA,9.9567279225,145.938714135,NA,NA,NA,6.38333e-4,0.386202502,NA,NA,NA,NA,NA,NA,NA,NA,NA,NA,NA,NA,19,1208,1.136,1.85,10.24
NLA12_UT-409,2012,0.050915603500000003,0.002817953,0.08266494,0.014848334833333334,NA,NA,0.005871956,0.10513228275,1.3617873715,NA,NA,NA,NA,NA,NA,NA,NA,NA,NA,NA,NA,18,237,1.648,0.205,39.68
NLA12_UT-412,2012,NA,0.131163837,44.2123012355,102.98101887,NA,0.355509825,NA,7.412712457428571,2.641424355,NA,NA,NA,NA,NA,NA,NA,NA,NA,NA,NA,NA,22,54,0.299,1.55,9.28
NLA12_UT-424,2012,0.6657795705,0.043854596,0.144703795,0.311463691,NA,NA,NA,3.603319087,0.080891231,NA,NA,NA,NA,NA,NA,NA,NA,NA,NA,NA,NA,15,43,0.534,1.15,5.702857143
NLA12_VA-101,2012,4.198559752375,NA,3.7035227805,4.8865668634285715,NA,2.6220224178181817,NA,1.6740806322972972,7.1278867862,NA,NA,NA,NA,NA,NA,NA,NA,NA,NA,NA,NA,20,152.5,0.7829999999999999,0.685,72.976
NLA12_VA-102,2012,0.119506167,NA,1.7383617078333333,0.0123917585,NA,0.871284205,NA,0.0064128798,0.409769309,NA,NA,NA,NA,NA,NA,NA,NA,NA,NA,NA,NA,34,70,1.084,0.65,64
NLA12_VA-103,2012,4.7670405616,0.019484487,21.681916240625,14.123523205444444,NA,0.6403929426666667,NA,0.3333627462857143,2.465345306,NA,NA,NA,NA,NA,NA,NA,NA,NA,NA,NA,NA,15,24,0.368,1.28,9.248
NLA12_VA-104,2012,3.0818387815,NA,16.3677147185,4.703227248111111,NA,1.193806945,NA,2.1788762037,2.9888575555,NA,NA,NA,NA,NA,NA,NA,NA,NA,NA,NA,NA,10,19,0.179,1.2,7.376
NLA12_VA-105,2012,0.964777705,NA,11.936075893181817,17.43548100475,NA,0.235016644875,NA,0.17024344315,5.0330358735,NA,NA,NA,NA,NA,NA,NA,NA,NA,NA,NA,NA,48,80,0.538,0.885,11.504
NLA12_VA-106,2012,0.1129142895,0.031981208,1.1116372858571428,0.11769637625000001,NA,0.5031665478571429,NA,0.8556713109473684,1.607956099,NA,NA,NA,NA,NA,NA,NA,NA,NA,NA,NA,NA,48,64,0.731,0.575,49.12
NLA12_VA-108,2012,10.924804165833333,3.3807184225,2.3181148814285715,17.118171428625,NA,2.9240805327499997,NA,8.507970215,6.1868244235,NA,NA,NA,NA,NA,NA,NA,NA,NA,NA,NA,NA,13,61,0.271,1.655,11.456
NLA12_VA-109,2012,NA,NA,0.33041682414285717,0.2983589056666667,NA,3.676191824,NA,2.56485219615,8.446919245333333,NA,NA,NA,NA,NA,NA,NA,NA,NA,NA,NA,NA,12.5,60,0.563,1.3,7.572
NLA12_VA-110,2012,12.491560955333332,0.017086206,8.99311975725,16.2704394852,NA,0.7141839372000001,NA,0.1799809781,3.083852489,NA,NA,NA,NA,NA,NA,NA,NA,NA,NA,NA,NA,12,19,0.379,1.65,6.848
NLA12_VA-111,2012,0.9127259675,NA,3.6149534265,2.61228107125,NA,13.220908458750001,NA,6.078001928111111,25.7690339,0.072578251,NA,NA,NA,NA,NA,NA,NA,NA,NA,NA,NA,55,114,0.561,0.61,66.56
NLA12_VA-112,2012,14.884407189666666,NA,3.8477692235,2.07317305175,NA,0.0631274674,NA,0.09398218400000001,6.25567459,NA,NA,NA,NA,NA,NA,NA,NA,NA,NA,NA,NA,25,24,0.356,NA,6.417
NLA12_VA-114,2012,9.819352301999999,1.76642522,0.057499514,0.562549795,NA,3.885161175,NA,2.0870919694444443,1.938595892,NA,NA,NA,NA,NA,NA,NA,NA,NA,NA,NA,NA,23,35,0.371,0.88,25.4
NLA12_VA-116,2012,NA,0.093628997,10.849574685333334,1.3858197403333334,NA,0.378069187,NA,5.4214879822,9.206863531,NA,NA,NA,NA,NA,NA,NA,NA,NA,NA,NA,NA,18,37,0.184,1.53,19
NLA12_VA-118,2012,43.16240897666667,NA,119.65684779749999,54.4654832246,NA,25.485090335,NA,9.524426321,21.58470577,NA,NA,NA,NA,NA,NA,NA,NA,NA,NA,NA,NA,22,426,3.081,0.12,93.6
NLA12_VA-119,2012,6.4583133875000005,0.125203067,1.932849445,0.191458637,NA,2.896866429,NA,4.506801619166667,2.408545915,NA,NA,NA,NA,NA,NA,NA,NA,NA,NA,NA,NA,22,124,1.555,0.29,70
NLA12_VA-121,2012,6.393956197666667,NA,27.7132300625,182.05466711900002,NA,0.29780720833333335,NA,8.034247002571428,17.77888378,NA,NA,NA,NA,NA,NA,NA,NA,NA,NA,NA,NA,30,96,0.803,0.53,45.6
NLA12_VA-123,2012,3.6362813559999996,NA,12.217016132666666,5.496234780333333,NA,1.40338542,NA,19.454142556,8.597515098,NA,NA,NA,NA,NA,NA,NA,NA,NA,NA,NA,NA,38,112,2.005,0.265,111.6
NLA12_VA-125,2012,0.467165274,0.096480111,7.073887000499999,214.6823718,NA,0.04486608466666667,NA,0.4767755298333333,3.009313055,NA,NA,NA,NA,NA,NA,NA,NA,NA,NA,NA,NA,12,27,0.49,3.675,5.808
NLA12_VA-126,2012,13.6162581595,NA,125.986254605,23.06539468875,NA,2.7483152545,NA,1.7319473141666668,2.780433395,NA,NA,NA,NA,NA,NA,NA,NA,NA,NA,NA,NA,30,40,0.55,0.7,16.32
NLA12_VA-127,2012,4.8472331345,NA,0.48125051199999996,0.17478722375,NA,0.8305734255,NA,1.5943790589230769,11.01974654,NA,NA,NA,NA,NA,NA,NA,NA,NA,NA,NA,NA,17,81,0.815,0.64,35.4
NLA12_VA-130,2012,2.646199627,0.023485789,57.033082352499996,14.034366844666668,NA,0.13716914566666666,NA,3.980597947866667,19.51652324,NA,NA,NA,NA,NA,NA,NA,NA,NA,NA,NA,NA,23,61,0.448,1.095,36.6
NLA12_VA-R01,2012,NA,NA,7.3511223598,4.484111964,NA,0.0060971875,NA,0.22090321636363636,0.32870468150000004,NA,NA,NA,NA,NA,NA,NA,NA,NA,NA,NA,NA,10,9,0.176,5.175,1.68
NLA12_VA-R05,2012,NA,NA,0.762661533,0.013067948250000001,NA,3.192356332666667,NA,0.7735837868,0.218545544,NA,NA,NA,NA,NA,NA,NA,NA,NA,NA,NA,NA,18,12,0.353,2.525,4.52
NLA12_VA-R06,2012,26.520618710333334,0.010047858,29.8071856984,66.5500420602,NA,0.042122026,NA,0.08432965228571429,3.987955323,NA,NA,NA,NA,NA,NA,NA,NA,NA,NA,NA,NA,10,15,0.298,3.45,1.765
NLA12_VA-R14,2012,5.696643005,NA,6.0242097050000005,28.07139570616667,NA,2.2812700262,NA,0.1741049381818182,3.354257451,NA,NA,NA,NA,NA,NA,NA,NA,NA,NA,NA,NA,10,13,0.159,3.25,2.752
NLA12_VA-R17,2012,0.385028572,NA,0.23513099399999998,3.7605135346666665,NA,0.847434262,NA,1.3581427592857143,0.12931426,NA,NA,NA,NA,NA,NA,NA,NA,NA,NA,NA,NA,23,9,0.191,4.015,3.664
NLA12_VA-R18,2012,NA,NA,86.50035004,847.571674025,NA,NA,NA,2.738197585625,11.01233318,NA,NA,NA,NA,NA,NA,NA,NA,NA,NA,NA,NA,32,103,1.16,0.375,70.8
NLA12_VT-101,2012,3.3050841937777777,0.014714051499999999,4.419804947916667,10.323534958263158,NA,0.24624194824999998,NA,0.57431506603125,2.2756839573333334,NA,NA,NA,NA,NA,NA,NA,NA,NA,NA,NA,NA,30,16,0.2685,5.15,0.8414999999999999
NLA12_VT-102,2012,3.4471073976666666,NA,2.0269983935,78.207072868,NA,0.111633362,NA,0.4733728778235294,1.785449761,NA,NA,NA,NA,NA,NA,NA,NA,NA,NA,NA,NA,27,14,0.25,5.15,3.76
NLA12_VT-103,2012,0.6346555035,0.003269451,5.858780145777778,11.661151560466665,NA,0.078571246,NA,2.6441957492142856,2.900821666,NA,NA,NA,NA,NA,NA,NA,NA,0.19709907200000001,NA,NA,NA,20,20,0.343,3.05,3.394285714
NLA12_VT-104,2012,12.1493798152,0.019269736,10.404494615,18.534141873615386,NA,0.013728953,NA,0.42357000788,1.2034791655000001,NA,NA,NA,NA,NA,NA,NA,NA,NA,NA,NA,NA,10,9,0.296,5.3,3.168
NLA12_VT-106,2012,0.207537636,0.077845881,10.133451861600001,2.813140204,NA,0.030708862,NA,5.7550739507857145,15.73353365,NA,NA,NA,NA,NA,NA,NA,NA,NA,NA,NA,NA,45,20,0.315,1.8,5.28
NLA12_VT-109,2012,0.018023947,NA,6.3710295215,0.093876796,NA,0.316545964,NA,9.9016557909,34.05095514,NA,NA,NA,NA,NA,NA,NA,NA,NA,NA,NA,NA,40,19,0.429,NA,7.76
NLA12_VT-110,2012,26.027873656,0.032028015,21.53823284125,116.9418509185,NA,0.033733211,NA,0.602455239875,9.201035045,NA,NA,NA,NA,NA,NA,NA,NA,NA,NA,NA,NA,20,9,0.231,4.6,9.2475
NLA12_VT-112,2012,24.2028073302,0.004162262,58.76422809625,49.74022949414286,NA,1.190452137,NA,1.8471590514705882,26.14784762,NA,NA,NA,NA,NA,NA,NA,NA,NA,NA,NA,NA,17.5,17.5,0.48350000000000004,1.8250000000000002,10.096
NLA12_VT-114,2012,1.3805917965,0.321798811,0.155945183,5.455264704999999,NA,0.055123262,NA,0.22404044166666667,0.386792492,NA,NA,NA,NA,NA,NA,NA,NA,NA,NA,NA,NA,15,10,0.136,6.15,1.851428571
NLA12_VT-115,2012,NA,0.014184825,14.880775804142857,10.062781087,NA,NA,NA,1.1061826932,23.70918401,NA,NA,NA,NA,NA,NA,NA,NA,NA,NA,NA,NA,42,31,0.429,2,0.328
NLA12_VT-R01,2012,26.51613450775,0.001360501,14.228136440999998,61.7470124324,NA,0.0021010315,NA,0.028953453400000002,1.625064021,NA,NA,NA,NA,NA,NA,NA,NA,NA,NA,NA,NA,15,12,0.308,NA,0.858666667
NLA12_VT-R02,2012,0.6203936903333334,0.003786563,0.19112239033333334,3.6417631316666665,NA,0.089068812,NA,0.3472693001,0.817831776,NA,NA,NA,NA,NA,NA,NA,NA,NA,NA,NA,NA,10,5,0.216,9.32,0.912
NLA12_WA-101,2012,17.043509415583333,NA,0.33972319,21.1274153423,NA,0.43150407640000005,NA,0.7652193171904762,1.6095095835714286,NA,NA,NA,NA,NA,NA,NA,NA,NA,NA,NA,NA,121,26,0.38949999999999996,1.0325,9.316
NLA12_WA-102,2012,0.4674566335,NA,3.8981662034,0.2961146009090909,NA,NA,NA,0.31827493784615385,1.3478176124,NA,NA,NA,NA,NA,NA,NA,NA,NA,NA,NA,NA,48,180,1.573,0.96,5.12
NLA12_WA-103,2012,0.263437236,0.0149124815,4.669647133428572,36.3297937694,NA,0.137548001,NA,0.13228698557894736,1.2909536615,NA,NA,NA,NA,NA,NA,NA,NA,NA,NA,NA,NA,12,9,0.286,4.975,1.770666667
NLA12_WA-104,2012,2.344046517333333,0.0098388015,37.415016226,229.45418422518182,NA,0.6967705190000001,NA,0.93898375595,3.726252799,NA,NA,NA,NA,NA,NA,NA,NA,NA,NA,NA,NA,8,99,0.624,0.665,25.76
NLA12_WA-106,2012,5.0295329833333335,0.013940794500000001,0.693885705,73.9394725267,NA,0.18476274083333336,NA,0.29253155399999997,0.286249003,NA,NA,NA,NA,NA,NA,NA,NA,NA,NA,NA,NA,25,53,0.968,0.9,36.64
NLA12_WA-107,2012,0.9824931425,0.0167502325,30.457489712625,53.711949767916664,NA,NA,NA,0.261350822875,2.490837166,NA,NA,NA,NA,NA,NA,NA,NA,NA,NA,NA,NA,25,74,1.074,1,42.88
NLA12_WA-108,2012,2.0136495246666666,NA,4.4759949809999995,170.7851413835,NA,0.19104304349999998,NA,0.5923403762222222,1.123112452,NA,NA,NA,NA,NA,NA,NA,NA,NA,NA,NA,NA,20,38,0.259,3.59,3.701333333
NLA12_WA-109,2012,1.2494390964,0.108551911,1.2337847055,17.9565975303,NA,0.553836078,NA,0.34169398533333334,1.7711425243333334,NA,NA,NA,NA,NA,NA,NA,NA,NA,NA,NA,NA,18,15,0.256,2.475,3.674666667
NLA12_WA-110,2012,1.10086546975,0.0060591215,1.6463536348333334,9.126557930999999,NA,0.923214672,NA,0.04653889054545455,0.5599606825,NA,NA,NA,NA,NA,NA,NA,NA,NA,NA,NA,NA,15,19,0.154,5.7,1.872
NLA12_WA-111,2012,0.25614618,0.040663848,4.3336580793333335,117.7768950858,NA,0.0126284805,NA,0.5976825,0.06689294999999999,NA,NA,NA,NA,NA,NA,NA,NA,NA,NA,NA,NA,22,16,0.64,3.15,1.568
NLA12_WA-112,2012,32.44887296466667,0.001294236,0.16935426779999999,144.0881489985,NA,0.24310352100000002,NA,0.02527343546153846,0.334889367,NA,NA,NA,NA,NA,NA,NA,NA,NA,NA,NA,NA,50,93,0.523,2.355,45.33333333
NLA12_WA-114,2012,0.1828133905,0.002194103,0.25167447733333337,0.24508100416666667,NA,0.03240080766666667,NA,0.3394531466842105,0.47608759,NA,NA,NA,NA,NA,NA,NA,NA,NA,NA,NA,NA,20,92,0.591,2.415,5.162666667
NLA12_WA-115,2012,11.798808379333334,0.050128533,2.2335719173333333,15.351836295333333,NA,0.9638539709999999,NA,1.859879623875,6.735895349,NA,NA,NA,NA,NA,NA,NA,NA,NA,NA,NA,NA,8,50,0.444,5.705,1.608
NLA12_WA-116,2012,6.3224119532500005,0.080622246,0.3065699345,9.277647462666668,NA,NA,NA,0.098821338375,5.40025032,NA,NA,NA,NA,NA,NA,NA,NA,NA,NA,NA,NA,8,22,0.724,2.7,4.432
NLA12_WA-118,2012,NA,5.29084e-4,0.028164695,0.636260198,NA,NA,0.07181177,0.0048005909375,0.021476039000000002,NA,NA,NA,NA,NA,NA,NA,NA,NA,NA,NA,NA,8,28,0.585,3.75,1.7
NLA12_WA-120,2012,6.80476140975,0.061957673,0.662737578,40.3192599186,NA,0.016690467,NA,1.0716369995,2.069185123,NA,NA,NA,NA,NA,NA,NA,NA,NA,NA,NA,NA,14,50,0.239,6.375,1.4868
NLA12_WA-121,2012,0.5552275376666667,NA,1.9239066506666667,151.8909696,NA,0.667304954,NA,8.567517368199999,0.1618478445,NA,NA,NA,NA,NA,NA,NA,NA,NA,NA,NA,NA,12,9,0.348,4.2,4.986666667
NLA12_WA-124,2012,0.634135007,0.004237042,4.476526159333333,139.33925486966666,NA,0.00109392,NA,0.127640048,0.41351834049999997,NA,NA,NA,NA,NA,NA,NA,NA,NA,NA,NA,NA,14,25,0.746,3.16,41.84
NLA12_WA-125,2012,3.8255219223333334,NA,0.018144336,0.018252925,NA,NA,0.00793238,0.005900156,0.17227710166666665,NA,NA,NA,NA,NA,NA,NA,NA,NA,NA,NA,NA,5,72,0.228,3.375,3.98
NLA12_WA-126,2012,50.73222961333333,NA,0.840517763,148.7340883105,NA,3.211425781,NA,0.5174441224285714,0.961398953,NA,NA,NA,NA,NA,NA,NA,NA,NA,NA,NA,NA,18,40,0.171,4.475,6.331428571
NLA12_WA-129,2012,3.568064047,NA,NA,NA,NA,NA,NA,0.001265019,0.050096402000000005,NA,NA,NA,NA,NA,NA,NA,NA,NA,NA,NA,NA,12,85,0.035,NA,1.858285714
NLA12_WA-131,2012,42.542633042333335,NA,0.138471323,192.19320739366665,NA,4.377480214,NA,17.375423046666665,0.356191661,NA,NA,NA,NA,NA,NA,NA,NA,NA,NA,NA,NA,28,95,1.159,4.425,2.176
NLA12_WA-133,2012,74.15613524983334,0.049690988,39.0857040475,28.869682729,NA,0.2762749405,NA,3.0395354567333333,8.3646421535,NA,NA,NA,NA,NA,NA,NA,NA,NA,NA,NA,NA,32.5,57.5,0.8049999999999999,1.865,9.04
NLA12_WA-138,2012,0.128471773,0.156407208,1.1782259246666666,47.881576457,NA,0.116088226,NA,4.565818988363636,0.930965406,NA,NA,NA,NA,NA,NA,NA,NA,NA,NA,NA,NA,20,12,0.279,3.15,3.136
NLA12_WA-141,2012,4.5303906089999995,NA,5.796429349,129.17603531560002,NA,0.0020712645,NA,0.0567053807,1.9733731875,NA,NA,NA,NA,NA,NA,NA,NA,NA,NA,NA,NA,20,23,0.31,3.3,2.453333333
NLA12_WA-146,2012,NA,NA,0.3891444,39.856052293,NA,NA,NA,1.2321936356666667,0.034399839,NA,NA,NA,NA,NA,NA,NA,NA,NA,NA,NA,NA,15,34,0.141,NA,1.429333333
NLA12_WA-147,2012,NA,NA,13.733961939333334,126.1666400835,NA,NA,NA,0.07300298100000001,4.915859662,NA,NA,NA,NA,NA,NA,NA,NA,NA,NA,NA,NA,15,41,0.456,7.2,1.385806452
NLA12_WA-151,2012,0.2577169026666667,0.001507526,NA,0.282117896,NA,NA,NA,0.3031613182857143,0.36920469,NA,NA,NA,NA,NA,NA,NA,NA,NA,NA,NA,NA,15,15,0.014,6.48,0.652
NLA12_WA-154,2012,NA,NA,65.71740817033333,236.45072795,NA,NA,NA,13.362699205599998,24.744925255000002,NA,NA,NA,NA,NA,NA,NA,NA,NA,NA,NA,NA,25,53,0.534,1.42,10.432
NLA12_WA-157,2012,13.404994932333333,NA,0.381471975,31.45268067,NA,0.042441149,NA,2.7490020655555556,1.320600043,NA,NA,NA,NA,NA,NA,NA,NA,NA,NA,NA,NA,25,25,0.099,NA,1.744
NLA12_WA-159,2012,5.80164253,0.029289077,3.7081598303333334,148.38938586380002,NA,0.011496268,NA,0.31675921009999997,1.125088681,NA,NA,NA,NA,NA,NA,NA,NA,NA,NA,NA,NA,15,67,0.536,2.86,7.552
NLA12_WA-R08,2012,5.14981431,NA,7.3095792379999995,314.0449112085,NA,NA,NA,0.5733066078571428,2.0289825215,NA,NA,NA,NA,NA,NA,NA,NA,NA,NA,NA,NA,10,69,0.479,3.7,2.712
NLA12_WA-R09,2012,3.1887867442499997,4.83693e-4,0.1654007325,1.440912769,NA,NA,NA,0.0016882598,0.145688606,NA,NA,NA,NA,NA,NA,NA,NA,NA,NA,NA,NA,5,79,0.219,3.8,1.466666667
NLA12_WA-R10,2012,2.329470637,NA,0.22205111349999998,56.97724884,NA,NA,NA,0.5994046971428572,3.085724466,NA,NA,NA,NA,NA,NA,NA,NA,NA,NA,NA,NA,18,20,0.8,4.4,2.008
NLA12_WA-R11,2012,14.63613838,NA,0.204774354,20.977280129,NA,1.760768766,NA,0.7229175673333333,NA,NA,NA,NA,NA,NA,NA,NA,NA,NA,NA,NA,NA,15,8,0.073,NA,0.5344
NLA12_WI-101,2012,8.8239847097,NA,9.013898196545455,14.483013903882354,NA,8.1049141585,NA,0.0075099544285714285,0.94432134625,NA,NA,NA,NA,NA,NA,NA,NA,NA,NA,NA,NA,6.25,74.5,1.205,0.925,62.05
NLA12_WI-102,2012,0.34430194999999997,NA,0.3031892855,24.453989990875,NA,0.097725237,NA,0.17177329816666667,0.38237605350000003,NA,NA,NA,NA,NA,NA,NA,NA,0.37968496150000003,NA,NA,NA,5,10,0.8,7.35,1.27
NLA12_WI-103,2012,5.01679403375,0.060687159,10.8949299872,11.3496615635,NA,0.089080516,NA,0.42154747966666667,1.80975822,NA,NA,NA,NA,NA,NA,NA,NA,NA,NA,NA,NA,5,77,0.8,3.05,5.22
NLA12_WI-104,2012,1.6441469026666666,0.049413333,2.9998557733999998,5.563325709083333,NA,0.0085749465,NA,0.03480396646153846,0.1315214595,NA,NA,NA,NA,NA,NA,NA,NA,NA,NA,NA,NA,7.5,13,0.27,4.75,3.02
NLA12_WI-106,2012,0.7557137358333333,0.0854668735,0.42255817483333336,6.785588869,NA,0.01042872025,NA,0.21439597735714283,0.32121917133333333,NA,NA,NA,NA,NA,NA,NA,NA,NA,NA,NA,NA,110,24,0.68,1,7.43
NLA12_WI-107,2012,0.27695293633333334,0.118370608,1.26296040175,7.21713404625,NA,0.00644482,NA,0.012863616421052632,0.23149864266666667,NA,NA,NA,NA,NA,NA,NA,NA,NA,NA,NA,NA,5,27,0.82,1.2,20.4
NLA12_WI-108,2012,9.867730913833332,0.25605436400000003,10.36868007325,7.901257758222222,NA,0.3587427068,NA,0.1965642626,1.1668185119999999,NA,NA,NA,NA,NA,NA,NA,NA,NA,NA,NA,NA,10,56,0.97,1.05,72.4
NLA12_WI-109,2012,3.2128232404999997,NA,3.000126943125,21.75433751269231,NA,0.504394641,NA,0.3490362060384615,0.9350919186666666,NA,NA,NA,NA,NA,NA,NA,NA,NA,NA,NA,NA,45,49,0.76,1,22.1
NLA12_WI-110,2012,1.1147231419999999,0.0919773,1.148688392625,1.243368437,NA,0.057735659599999996,NA,0.024108146125,0.5652459133333334,NA,NA,NA,NA,NA,NA,NA,NA,NA,NA,NA,NA,2.5,15,0.65,6.2,2.58
NLA12_WI-111,2012,6.2545622042,0.046207533,4.13503964325,2.9171930915454545,NA,0.0063755245,NA,0.12823341438095237,0.5866193943333333,NA,NA,NA,NA,NA,NA,NA,NA,NA,NA,NA,NA,5,13,0.89,4.1,3.15
NLA12_WI-112,2012,1.4553658093333333,0.1474211365,2.8924465972857143,2.0380787125555555,NA,0.0077039555,NA,0.09396573063157895,0.5512297469999999,NA,NA,NA,NA,NA,NA,NA,NA,NA,NA,NA,NA,6.25,12.5,0.88,2.75,4.34
NLA12_WI-113,2012,3.2096078812499997,0.244826688,2.25357033025,6.7377848345,NA,0.233331462,NA,0.022083183,0.6708499585,NA,NA,NA,NA,NA,NA,NA,NA,NA,NA,NA,NA,2.5,12,1.67,4.8,2.48
NLA12_WI-115,2012,0.06966989533333334,NA,2.788798334,1.7685678615,NA,0.680153766,NA,1.4003855157,3.41107063,NA,NA,NA,NA,NA,NA,NA,NA,NA,NA,NA,NA,15,32,0.87,0.85,19.6
NLA12_WI-117,2012,0.064678637,NA,2.277344783,0.368620371,NA,NA,NA,3.251405522166667,0.991352308,NA,NA,NA,NA,NA,NA,NA,NA,NA,NA,NA,NA,10,18,0.72,2.8,4.53
NLA12_WI-120,2012,3.281823614,NA,10.77632359725,1.259172558,NA,3.040394002,NA,0.383050432,4.118088366,NA,NA,NA,NA,NA,NA,NA,NA,NA,NA,NA,NA,7.5,44,1.19,0.35,57.2
NLA12_WI-122,2012,4.6665932185,NA,14.3446166898,4.448030352833333,NA,0.01528814,NA,1.4081642498,3.7416978475000002,NA,NA,NA,NA,NA,NA,NA,NA,NA,NA,NA,NA,7.5,31,0.58,NA,6.12
NLA12_WI-127,2012,0.821714218,NA,4.626386462666667,1.048439798,NA,0.007831628,NA,0.03538554275,0.19943141,NA,NA,NA,NA,NA,NA,NA,NA,NA,NA,NA,NA,5,232,3.87,0.15,82.5
NLA12_WI-128,2012,0.7575799910000001,NA,NA,0.11408735974999999,NA,3.264287191,NA,0.832838288625,1.721181006,NA,NA,NA,NA,NA,NA,NA,NA,NA,NA,NA,NA,15,60,0.87,1.55,28.2
NLA12_WI-129,2012,0.056563715,0.405470033,0.031759396,0.07604451133333333,NA,0.602437866,NA,0.3860229377777778,1.547061717,NA,NA,NA,NA,NA,NA,NA,NA,NA,NA,NA,NA,7.5,25,0.87,1.9,14.5
NLA12_WI-131,2012,3.2544107870000003,0.1634333,2.3022897209999997,0.5017853322,NA,0.071591546,NA,0.07011716561538461,0.896072939,NA,NA,NA,NA,NA,NA,NA,NA,NA,NA,NA,NA,15,24,0.019,1.65,20.3
NLA12_WI-132,2012,NA,NA,15.30554616,22.35783465175,NA,0.17136167933333332,NA,2.4906039233,5.492922425,NA,NA,NA,NA,NA,NA,NA,NA,NA,NA,NA,NA,35,109,1.52,0.3,71.3
NLA12_WI-134,2012,NA,NA,0.258306286,0.027777138,NA,0.007886991,NA,0.0021142915,0.006857319,NA,NA,NA,NA,NA,NA,NA,NA,NA,NA,NA,NA,25,1730,10.3,0.105,582
NLA12_WI-135,2012,0.467422736,NA,7.0658842367500005,1.6869679551428571,NA,0.005526773,NA,0.03577063425,0.65792369,NA,NA,NA,NA,NA,NA,NA,NA,NA,NA,NA,NA,12.5,20,0.78,2.1,7.15
NLA12_WI-136,2012,0.402597291,0.020478296,3.7373280535,2.317291053,NA,0.0041184824999999994,NA,0.1483270468,1.192432591,NA,NA,NA,NA,NA,NA,NA,NA,NA,NA,NA,NA,10,21,0.74,2.1,6.22
NLA12_WI-138,2012,1.6906140496666666,0.038182497499999996,3.7729819667499997,1.4409663886000001,NA,0.0570644,NA,0.07841323866666666,0.824058483,NA,NA,NA,NA,NA,NA,NA,NA,NA,NA,NA,NA,12.5,17,0.53,2.9,10.7
NLA12_WI-140,2012,5.57417274275,NA,1.2156340975,0.16133210385714286,NA,0.011849819499999999,0.015380465,0.0080919635,2.141190275,NA,NA,NA,NA,NA,NA,NA,NA,NA,NA,NA,NA,12.5,75,1.15,1,13.3
NLA12_WI-142,2012,7.317021769999999,0.010339883,0.9394309935,2.11991606575,NA,0.04305948,NA,0.127842215,0.111351115,NA,NA,NA,NA,NA,NA,NA,NA,NA,NA,NA,NA,NA,36,1.18,0.45,14.7
NLA12_WI-144,2012,14.308596391333333,0.09916745,2.4120924186666666,4.24775973625,NA,NA,NA,0.3603642625,1.6880556355,NA,NA,NA,NA,NA,NA,NA,NA,NA,NA,NA,NA,35,28,0.9,NA,22.7
NLA12_WI-147,2012,2.9752119325,NA,0.299197342,26.507913940333335,NA,0.1962141835,NA,0.39801967299999996,0.292463288,NA,NA,NA,NA,NA,NA,NA,NA,NA,NA,NA,NA,55,39,1.16,0.95,10.3
NLA12_WI-151,2012,NA,0.012529243,5.9147213249999995,0.6960737987142857,NA,0.019543002666666667,NA,0.06459170833333333,1.594378078,NA,NA,NA,NA,NA,NA,NA,NA,NA,NA,NA,NA,25,21,0.54,2.4,8.11
NLA12_WI-152,2012,4.035245884,1.222897368,0.056287913,10.920191032714285,NA,0.0828203875,NA,0.47532407683333333,0.686202185,NA,NA,NA,NA,NA,NA,NA,NA,NA,NA,NA,NA,5,24,0.5,4.5,5.15
NLA12_WI-153,2012,8.526964644666666,0.061566079,14.3432744575,48.461720044500005,NA,0.5340014285,NA,5.7706764085,11.64866816,NA,NA,NA,NA,NA,NA,NA,NA,NA,NA,NA,NA,90,155,2.16,0.45,146
NLA12_WI-154,2012,NA,NA,3.3921473246666665,46.586293315999995,NA,0.005799785,NA,0.15995829566666667,1.577527745,NA,NA,NA,NA,NA,NA,NA,NA,NA,NA,NA,NA,150,35,0.89,1.05,21.3
NLA12_WI-155,2012,NA,NA,5.308376127333333,10.219504566,NA,0.114402663,NA,1.28690750975,7.410117906,NA,NA,NA,NA,NA,NA,NA,NA,NA,NA,NA,NA,7.5,20,0.29,1.1,18
NLA12_WI-157,2012,1.796698608,0.011338654,3.8036753126666665,14.426474623166666,NA,0.029242477,NA,2.645231515714286,0.725674937,NA,NA,NA,NA,NA,NA,NA,NA,NA,NA,NA,NA,7.5,35,0.73,1.95,25.5
NLA12_WI-161,2012,2.629434238,0.075522716,0.47687524466666664,6.130615903833333,NA,NA,NA,0.10851543663636364,1.035561339,NA,NA,NA,NA,NA,NA,NA,NA,NA,NA,NA,NA,7.5,24,2.03,3.35,9.19
NLA12_WI-163,2012,3.8326267009999997,0.6450921,2.026517933,2.4766072254,NA,0.2060085495,NA,0.9863886151666666,0.449808399,NA,NA,NA,NA,NA,NA,NA,NA,NA,NA,NA,NA,140,59,1.57,0.5,14.8
NLA12_WI-166,2012,NA,0.451410328,0.730459164,9.175899225,NA,0.002773705,NA,0.06884555953846154,1.536851951,NA,NA,NA,NA,NA,NA,NA,NA,NA,NA,NA,NA,12.5,70,1.35,1.8,11.8
NLA12_WI-168,2012,11.7150238605,0.043192894,0.9753255986666667,0.1482386262,NA,0.004137719,NA,0.2727028424,0.982313094,NA,NA,NA,NA,NA,NA,NA,NA,0.041132091,NA,NA,NA,5,17,0.52,3.7,3.2
NLA12_WI-170,2012,1.701904971,0.039111441,3.067538671,0.48577164483333335,NA,0.058925389,NA,0.1404140429090909,0.67762207,NA,NA,NA,NA,NA,NA,NA,NA,NA,NA,NA,NA,20,21,0.6,1.55,11.9
NLA12_WI-171,2012,0.6147233915,NA,1.2358883856,2.9035305276,NA,0.035078047,NA,0.228576134375,0.755735591,NA,NA,NA,NA,NA,NA,NA,NA,NA,NA,NA,NA,7.5,12,0.47,3.65,5.37
NLA12_WI-172,2012,NA,NA,1.7951065075,1.141650664,NA,0.36273775975,NA,1.766380760125,1.8364822594999999,NA,NA,NA,NA,NA,NA,NA,NA,NA,NA,NA,NA,15,132,3.84,0.55,85.3
NLA12_WI-173,2012,0.165531313,14.693512123000001,0.7182922745,0.1912609295,NA,0.072984169,NA,0.06223642471428571,0.388851852,NA,NA,NA,NA,NA,NA,NA,NA,NA,NA,NA,NA,10,86,0.9,0.65,77.8
NLA12_WI-174,2012,0.149486624,NA,7.1545352053333335,0.2659444815,NA,0.10074079333333333,NA,0.0461231271,2.888805461,NA,NA,NA,NA,NA,NA,NA,NA,NA,NA,NA,NA,50,27,0.68,1.25,13.9
NLA12_WI-176,2012,2.436196379,0.035389942,0.6330170363333334,0.3650119774,NA,0.011676885,NA,0.2792216150909091,0.437478028,NA,NA,NA,NA,NA,NA,NA,NA,NA,NA,NA,NA,7.5,10,0.41,5.8,2.81
NLA12_WI-179,2012,0.6261687385,1.0413694955000001,0.36381932975,0.2083941422,NA,NA,NA,0.43360768884615386,0.192481309,NA,NA,NA,NA,NA,NA,NA,NA,NA,NA,NA,NA,7.5,9,0.34,3.65,6.78
NLA12_WI-181,2012,2.189201714,0.003086752,0.723818561,13.373078786,NA,0.0332333895,NA,0.10264556585714286,0.423500732,NA,NA,NA,NA,NA,NA,NA,NA,NA,NA,NA,NA,5,24,1.1,1.5,17.7
NLA12_WI-183,2012,1.1876118662500001,0.151626564,1.2801970205,0.2033066605,NA,0.002739108,NA,0.14206375576923078,0.340382739,NA,NA,NA,NA,NA,NA,NA,NA,NA,NA,NA,NA,25,9,0.37,4.25,5.77
NLA12_WI-188,2012,4.3708100205000004,0.640746639,14.10016971825,15.626096627199999,NA,0.06603338,NA,0.636148348,0.548834909,NA,NA,NA,NA,NA,NA,NA,NA,NA,NA,NA,NA,12.5,217,2.66,0.275,89.7
NLA12_WI-R06,2012,0.30897123,NA,0.2935197525,22.957881069333332,NA,0.085866316,NA,1.2341204365,0.447227306,NA,NA,NA,NA,NA,NA,NA,NA,NA,NA,NA,NA,22,19,0.596,1.415,9.226666667
NLA12_WI-R08,2012,5.013919864,NA,1.7512217079999999,0.9119453245,NA,1.46860686,NA,10.174519278,24.25877403,NA,NA,NA,NA,NA,NA,NA,NA,NA,NA,NA,NA,25,24,0.37,1.83,3.08
NLA12_WI-R11,2012,37.808687752666664,NA,14.456301871666668,18.713495474,NA,0.240164141,NA,12.241710092222222,33.23616605,NA,NA,NA,NA,NA,NA,NA,NA,NA,NA,NA,NA,12,36,0.92,1.5,13.68
NLA12_WI-R12,2012,1.144423183,0.01627631,4.12340211775,31.526349180399997,NA,2.918914547,NA,0.2423416538888889,1.028066616,NA,NA,NA,NA,NA,NA,NA,NA,NA,NA,NA,NA,30,23,0.414,2.885,2.613333333
NLA12_WI-R13,2012,0.1984681995,0.099293744,0.471127369,0.39229643869999997,NA,1.4348631536666665,NA,4.973456571625,2.680644919,NA,NA,NA,NA,NA,NA,NA,NA,NA,NA,NA,NA,18,17,0.515,2.455,8.672
NLA12_WV-101,2012,NA,0.00964876,19.070654801545455,11.0302386411875,NA,0.013824085,NA,0.5988420845428571,1.871256383,NA,NA,NA,NA,NA,NA,NA,NA,NA,NA,NA,NA,8,8,0.199,4.11,3.382
NLA12_WV-102,2012,2.1126407856666667,0.005949745,9.196758322,12.9099607106,NA,NA,NA,0.42313934258333336,0.8930786125000001,NA,NA,NA,NA,NA,NA,NA,NA,NA,NA,NA,NA,14,16,0.128,1.925,2.232
NLA12_WV-105,2012,0.8851670309999999,0.025218206,8.8760902145,47.3633762,NA,NA,NA,0.10309343857142857,4.892066483333333,NA,NA,NA,NA,NA,NA,NA,NA,NA,NA,NA,NA,18,36,0.365,0.5,15.3
NLA12_WV-106,2012,1.257654502,0.019685638,8.245589652666666,0.9332011815000001,NA,NA,NA,0.1939698911111111,2.059551227,NA,NA,NA,NA,NA,NA,NA,NA,NA,NA,NA,NA,8,14,0.153,2.375,0.892
NLA12_WV-111,2012,16.3744959365,0.06768936,46.21371151566667,70.77029504416667,NA,0.079185985,NA,1.3320605984,8.961019643,NA,NA,NA,NA,NA,NA,NA,NA,NA,NA,NA,NA,9,11,0.245,2.715,2.229090909
NLA12_WV-112,2012,16.699252991250003,NA,2.1716759536,4.2903981374,NA,2.219226452,NA,0.37725566546666667,12.37035736,4.006436908,NA,NA,NA,NA,NA,NA,NA,NA,NA,NA,NA,16,89.5,0.837,0.39,44.22857143
NLA12_WV-113,2012,0.023739694,0.061323992,0.0354556365,0.047195527142857144,NA,0.131620005,NA,0.27096600275,0.516116839,NA,NA,NA,NA,NA,NA,NA,NA,NA,NA,NA,NA,29,26,0.193,1.25,8.48
NLA12_WV-115,2012,3.9813995983333332,0.021656771,24.88541602075,63.89180878275,NA,0.005833471,NA,0.23675468266666666,3.521776492,NA,NA,NA,NA,NA,NA,NA,NA,NA,NA,NA,NA,8,14,0.306,2.175,1.66
NLA12_WV-R01,2012,1.521637125,0.053618389,1.127255428,1.7338601891428571,NA,1.0026158375,NA,0.287011725,0.471942746,NA,NA,NA,NA,NA,NA,NA,NA,NA,NA,NA,NA,6,7,0.134,4.2,2.352
NLA12_WY-101,2012,1.323114642875,NA,5.716485783666667,8.08095817590909,NA,NA,NA,1.1259282918181819,1.186695131,NA,NA,NA,NA,NA,NA,NA,NA,NA,NA,NA,NA,13,25,0.1645,1.15,0.8067
NLA12_WY-102,2012,NA,NA,346.99332308333334,35.20160938471429,NA,0.040752893,NA,0.01245518425,5.5213571375,NA,NA,NA,NA,NA,NA,NA,NA,NA,NA,NA,NA,15,82,0.849,1.5,10.44
NLA12_WY-103,2012,3.147898754,0.001848918,2.0776048873333335,6.2637022636249995,NA,0.07835889466666666,NA,0.052223755545454546,0.2714691235,NA,NA,NA,NA,NA,NA,NA,NA,NA,NA,NA,NA,9,12,0.05,11.875,0.54
NLA12_WY-104,2012,3.7918377124285714,NA,4.767871184666666,42.2067949755,NA,0.001080365,NA,0.01016287675,0.8757175269999999,NA,NA,NA,NA,NA,NA,NA,NA,NA,NA,NA,NA,10,15,0.146,6.875,1.02
NLA12_WY-105,2012,14.99966189825,NA,13.349824940166666,440.635519208125,NA,2.2937709545,NA,2.6450090095,2.6016800225,NA,NA,NA,NA,NA,NA,NA,NA,NA,NA,NA,NA,15,52,0.254,2.5,1.756
NLA12_WY-107,2012,0.584414364,NA,0.238266834875,1.6743533267000001,NA,NA,NA,0.398196901375,0.673070724,NA,NA,NA,NA,NA,NA,NA,NA,NA,NA,NA,NA,30,1528,1.559,2.125,3.44
NLA12_WY-115,2012,14.10636581,NA,12.387077168,92.73511905133333,NA,NA,NA,31.907718329666665,6.748631011,NA,NA,NA,NA,NA,NA,NA,NA,NA,NA,NA,NA,16,51,0.468,2,2.168
NLA12_WY-116,2012,2.435891939666667,NA,5.160444068,126.77110494850001,NA,2.255664061,NA,4.397109747666667,4.144060011,NA,NA,NA,NA,NA,NA,NA,NA,NA,NA,NA,NA,30,31,0.306,3.125,NA
NLA12_WY-117,2012,0.014984432,0.049580853,0.029427845,0.5281526766666667,NA,NA,NA,0.09440929271428572,2.42153e-4,NA,NA,NA,NA,NA,NA,NA,NA,NA,NA,NA,NA,13,15,0.044,NA,14.08
NLA12_WY-120,2012,NA,NA,2.8835873823333333,147.40808255,NA,NA,NA,6.263678060199999,0.74866852800000006,NA,NA,NA,NA,NA,NA,NA,NA,NA,NA,NA,NA,12,18,0.088,3,2.356
NLA12_WY-124,2012,39.9532931975,0.0027893659999999997,2.797541102,47.41687825225,NA,0.3128223666666667,NA,0.07638616708333333,0.312548008,NA,NA,NA,NA,NA,NA,NA,NA,NA,NA,NA,NA,8.5,42,0.077,8.875,0.5633333335
NLA12_WY-125,2012,0.322655176,0.081458135,0.665994116,0.9670853196666667,NA,4.353763363,NA,1.7098134345,0.737178546,NA,NA,NA,NA,NA,NA,NA,NA,NA,NA,NA,NA,11,29,0.296,3.35,2.544
NLA12_WY-130,2012,163.14615168075002,NA,NA,168.05625635533332,NA,2.016096688,NA,41.4178174965,12.53413124,NA,NA,NA,NA,NA,NA,NA,NA,NA,NA,NA,NA,12,44,1.805,2.5,5.408
NLA12_WY-131,2012,0.20867526949999998,NA,1.590807178,25.426923654666666,NA,0.317316,NA,2.754327670375,0.728649603,NA,NA,NA,NA,NA,NA,NA,NA,NA,NA,NA,NA,15,36,0.196,2.95,2.36
NLA12_WY-133,2012,NA,NA,8.065781577000001,6.8934127704999995,NA,NA,NA,15.2381155108,11.77655597,NA,NA,NA,NA,NA,NA,NA,NA,NA,NA,NA,NA,11,14,0.059,4.95,1.032
NLA12_WY-135,2012,0.362874094,NA,30.95934540733333,87.960982162,NA,0.006843687,NA,1.26122644,1.740462221,NA,NA,NA,NA,NA,NA,NA,NA,NA,NA,NA,NA,22,64,0.48,2.625,3.272
NLA12_WY-137,2012,0.015006654,NA,4.4520122486,37.52346337975,NA,4.9081e-4,NA,0.0016174334,0.0133134885,NA,NA,NA,NA,NA,NA,NA,NA,NA,NA,NA,NA,15,33,0.318,NA,0.829333333
NLA12_WY-147,2012,11.722589249999999,NA,0.6537855906666666,15.736820608,NA,0.111417324,NA,0.217670963625,0.614533146,NA,NA,NA,NA,NA,NA,NA,NA,NA,NA,NA,NA,22,36,0.355,3.975,5.493333333
NLA12_WY-151,2012,0.095038028,NA,5.467902395,114.02131145033333,NA,0.499342006,NA,0.181960559,0.189874525,NA,NA,NA,NA,NA,NA,NA,NA,NA,NA,NA,NA,22,30,0.199,2.675,2.96
NLA12_WY-R01,2012,2.480866717,NA,0.8133830095,0.580343075,NA,NA,NA,0.0479968589,0.078318182,NA,NA,NA,NA,NA,NA,NA,NA,NA,NA,NA,NA,4,9,0.055,10,0.6656
NLA12_WY-R02,2012,12.978239509666667,NA,3.3300593336666666,11.263326337,NA,NA,NA,0.098876854875,0.105865873,NA,NA,NA,NA,NA,NA,NA,NA,NA,NA,NA,NA,12,12,0.141,4.9,1.860606061
NLA12_WY-R04,2012,22.4604898885,NA,0.027773426,58.6420840445,NA,1.253129852,NA,1.5375110537499999,0.409633716,NA,NA,NA,NA,NA,NA,NA,NA,NA,NA,NA,NA,32,34,0.869,1.5,34.4
NLA12_WY-R08,2012,48.270074955,NA,3.156947588333333,230.81966373900002,NA,8.92456e-4,NA,0.06273211883333334,0.061357269,NA,NA,NA,NA,NA,NA,NA,NA,NA,NA,NA,NA,12,7,0.145,5.95,2.432
