Hylak_id,year,season,Blue,Red,Green,Nir,dWL,sum_ref,rel_Blue,rel_Red,rel_Green,rel_Nir,Lake_area,Vol_total,Vol_res,Depth_avg,Shore_dev,Res_time,Elevation,Wshd_area,lake_area_ratio,SITE_ID,PTL,COLOR,mean_chla,trophic_status,Lake_name,Country,Pour_long,Pour_lat,HYBAS_ID_LVL1,HYBAS_ID_LVL2,HYBAS_ID_LVL3,Dmax_box_m,Dmax_cone_m,Dmax_prism_m,Dmax_ellip_m,Dmax_est_PA_m,Dmax_est_PAVEW_m,Dmax_use_m
65,2007,summer,507.5,420.7887360733955,543.3261237397248,390.5999898587826,509.5,1862.2148496719028,0.2725249452765424,0.2259614330470691,0.29176339337829443,0.2097502282980941,1092.54,29110,29110,26.6,14.3,349,486,612788.4,0.00178289928464703,NLA06608-0243,7,5,1.821,oligo,Oahe,United States of America,-100.39797,44.456316,7010000010,7020046750.000001,7030047060,26.644333388251233,79.93300016475371,53.28866677650247,39.966500082376854,96.00732696314952,54.43666666666666,62.5
69,2007,summer,344.6893303972159,417.65241008110183,426.7757183650195,266.71417877157927,573,1455.8316376149164,0.23676455538630767,0.28688235596070727,0.2931490890417827,0.18320399961120237,1418.77,5669.1,5669.1,4,2.56,534.9,3,14061.6,0.10089676850429538,NLA06608-3169,105,21,54.432,eu_mixo,Okeechobee,United States of America,-81.100806,26.941122,7010000010,7020038339.999999,7030042040.000001,3.9957850814437856,11.98735524433136,7.991570162887571,5.99367762216568,97.40137985570392,12.58520533333333,3.7
69,2012,summer,406,411,435,273,570,1525,0.2662295081967213,0.2695081967213115,0.28524590163934427,0.17901639344262296,1418.77,5669.1,5669.1,4,2.56,534.9,3,14061.6,0.10089676850429538,NLA12_FL-101,127,25,9.94,eu_mixo,Okeechobee,United States of America,-81.100806,26.941122,7010000010,7020038339.999999,7030042040.000001,3.9957850814437856,11.98735524433136,7.991570162887571,5.99367762216568,97.40137985570392,12.58520533333333,3.7
69,2017,summer,292,360.62321078446894,343.15967738033135,230,574,1225.7828881648002,0.2382151054801983,0.2941982746425687,0.27995143405378925,0.18763518582344388,1418.77,5669.1,5669.1,4,2.56,534.9,3,14061.6,0.10089676850429538,NLA17_FL-10001,156.794375,138,42.64,eu_mixo,Okeechobee,United States of America,-81.100806,26.941122,7010000010,7020038339.999999,7030042040.000001,3.9957850814437856,11.98735524433136,7.991570162887571,5.99367762216568,97.40137985570392,12.58520533333333,3.7
715,2007,summer,478.7164745929099,242.79246270061347,506.62735815029464,140.41869622252756,496,1368.5549916663456,0.34979703227710796,0.17740789678096208,0.3701914510087956,0.10260361993313434,163.81,7434.2,7434.2,45.4,7.49,269.8,721,23324,0.0070232378665752,NLA06608-0257,1,7,1.147,oligo,Lake Koocanusa,United States of America,-115.313542,48.411432,7010000010,7020014250,7030014930,45.38306574690189,136.1491972407057,90.76613149380378,68.07459862035284,113.57405568164596,55.27812440477599,55.27812440477599
723,2007,summer,339.1511260170075,306.66735344214135,491.5,289.1075653736684,526,1426.4260448328173,0.23776285300283995,0.2149900126634914,0.34456746059877624,0.2026796737348924,343.2,2837.35,0,8.3,6.52,4678,435,8623.3,0.03979914881773799,NLA06608-1278,303,10,29.088,eu_mixo,Devils Lake,United States of America,-98.603742,47.956952,7010000010,7020021430,7030022240.000001,8.267336829836829,24.802010489510486,16.534673659673658,12.401005244755243,105.50460379547975,38.05911832458399,38.05911832458399
723,2012,summer,293,251.5,342.5,240.5,523,1127.5,0.2598669623059867,0.22305986696230598,0.30376940133037694,0.2133037694013304,343.2,2837.35,0,8.3,6.52,4678,435,8623.3,0.03979914881773799,NLA12_ND-105,328,22,23.92,eu_mixo,Devils Lake,United States of America,-98.603742,47.956952,7010000010,7020021430,7030022240.000001,8.267336829836829,24.802010489510486,16.534673659673658,12.401005244755243,105.50460379547975,38.05911832458399,38.05911832458399
729,2007,summer,195,86,177,132,488,590,0.3305084745762712,0.14576271186440679,0.3,0.22372881355932203,125.54,277.5,277.5,2.2,6.14,19.4,645,9853.4,0.01274077983234213,NLA06608-1985,3,0,0.664,oligo,Coeur d'Alene Lake,United States of America,-116.951042,47.705243,7010000010,7020014250,7030014930,2.210450852317986,6.631352556953959,4.420901704635972,3.3156762784769795,110.15165436119425,19.82175009161467,19.82175009161467
762,2007,summer,302,266,426,249.42374678712298,542,1243.423746787123,0.24287778062815385,0.21392546240757923,0.3426024322767998,0.20059432468746705,645.53,4100,1356.8,6.4,3.16,346.8,226,15194.9,0.0424833332236474,NLA06608-1059,161,11,39.8,eu_mixo,Winnebago,United States of America,-88.45458999999998,44.185016,7010000010,7020024600,7030034520,6.351370191935309,19.054110575805925,12.702740383870617,9.527055287902963,97.40137985570392,10.62,6.4
765,2012,summer,293,161,322,103.5,495.5,879.5,0.3331438317225696,0.18305855599772597,0.36611711199545194,0.11768050028425242,106.11,1076.8,1076.8,10.1,3.4,527.7,2063,1963.2,0.05404951100244498,NLA12_WY-124,42,8.5,0.5633333335,eu_mixo,Jackson Lake,United States of America,-110.591126,43.857485,7010000010,7020014250,7030014930,10.147959664499103,30.44387899349731,20.295919328998206,15.221939496748655,90.75842676209251,51.58794838085602,51.58794838085602
765,2017,summer,389.4461718687199,259.7316749334036,416.32440525269135,180.41388051127473,494.5,1245.9161325660896,0.3125781597085643,0.20846641932347412,0.3341512276554517,0.14480419331250988,106.11,1076.8,1076.8,10.1,3.4,527.7,2063,1963.2,0.05404951100244498,NLA17_WY-10007,12.15625,10,0.95,oligo,Jackson Lake,United States of America,-110.591126,43.857485,7010000010,7020014250,7030014930,10.147959664499103,30.44387899349731,20.295919328998206,15.221939496748655,90.75842676209251,51.58794838085602,51.58794838085602
770,2007,summer,290.42085892240823,194.5875694002839,330.34515193034616,236.9496303408881,493,1052.3032105939262,0.2759859097631119,0.18491587542573165,0.31392582347429826,0.22517239133685843,206.85,2296.12,315,11.1,2.21,283.8,112,3547.4,0.05831031177763995,NLA06608-0341,23,7,5.28,oligo,Oneida Lake,United States of America,-76.20448899999998,43.270696,7010000010,7020024600,7030034520,11.100410925791635,33.3012327773749,22.20082185158327,16.65061638868745,90.37142383159734,55.54977599999998,55.54977599999998
786,2012,summer,573,319,550.5,256.5,493,1699,0.3372572101236021,0.1877575044143614,0.32401412595644496,0.15097115950559153,102.47,4890.7,4890.7,47.7,10.15,444.8,326,19018,0.00538805342307287,NLA12_CA-206,5.6,5,1.6,oligo,Shasta Lake,United States of America,-122.422031,40.720459,7010000010,7020000010,7030008720,47.728115546013456,143.18434663804038,95.45623109202691,71.59217331902019,110.15165436119425,65.70428535421331,65.70428535421331
791,2012,summer,464.5,149,389.5,81,489.5,1084,0.42850553505535055,0.13745387453874539,0.3593173431734317,0.07472324723247233,476.87,12800.44,0,26.8,1.63,2339.3,1165,7162.4,0.06657963811013069,NLA12_NV-109,83,4,0.329142857,eu_mixo,Pyramid Lake,United States of America,-119.58125,40.10625,7010000010,7020000010,7030073620.000001,26.842619581856688,80.52785874557007,53.685239163713376,40.263929372785036,91.46827063955263,105.09666666666665,105.09666666666665
791,2017,summer,472.6841017493755,163.04426648658873,396.19644179217335,130.28292261585557,488,1162.207732643993,0.40671223265227396,0.1402884027588314,0.3408998500559246,0.11209951453297014,476.87,12800.44,0,26.8,1.63,2339.3,1165,7162.4,0.06657963811013069,NLA17_NV-10005,67.92875,0,1.43,eu_mixo,Pyramid Lake,United States of America,-119.58125,40.10625,7010000010,7020000010,7030073620.000001,26.842619581856688,80.52785874557007,53.685239163713376,40.263929372785036,91.46827063955263,105.09666666666665,105.09666666666665
795,2007,summer,351,167.59864138233928,367.03878790744216,108.7411257900894,494.5,994.3785550798709,0.35298428169723234,0.16854611407913694,0.36911374046875006,0.1093558637548806,142,3440.32,0,24.2,1.29,3777.9,1206,9312,0.01524914089347079,NLA06608-2889,577,4,1.772,eu_mixo,Walker Lake,United States of America,-118.710417,38.697917,7010000010,7020000010,7030073620.000001,24.227605633802817,72.68281690140846,48.455211267605634,36.34140845070423,65.0340571054862,73.72260533333332,73.72260533333332
795,2017,summer,315.1876082377564,187.7676183113537,305.29161476430875,141.00422341141277,493.5,949.2510647248316,0.33203819300336823,0.19780606552786292,0.3216131391464981,0.14854260232227076,142,3440.32,0,24.2,1.29,3777.9,1206,9312,0.01524914089347079,NLA17_NV-10242,700.47,5,0.6,eu_mixo,Walker Lake,United States of America,-118.710417,38.697917,7010000010,7020000010,7030073620.000001,24.227605633802817,72.68281690140846,48.455211267605634,36.34140845070423,65.0340571054862,73.72260533333332,73.72260533333332
797,2007,summer,429.83912755225435,377.6072294173599,497.0640971049728,409,532,1713.510454074587,0.25085293558036503,0.22037054312650442,0.29008524338033376,0.23869127791279687,175.89,3302,3302,18.8,18.86,103.1,202,36189.4,0.00486026294992456,NLA06608-1640,90,23,23.2,eu_mixo,Osage,United States of America,-92.62708300000001,38.20625,7010000010,7020046750.000001,7030047060,18.773096821877317,56.319290465631944,37.546193643754634,28.159645232815972,112.18000278909156,87.91832802087998,87.91832802087998
809,2007,summer,416.5378634051342,240.7374247214518,397,165.20331895113318,493,1219.4786070777193,0.3415704555927381,0.1974101253800094,0.3255489663335263,0.13547045269372612,580.95,36700,36700,63.2,8.88,724,372,424018.4,0.00137010563692519,NLA06608-0925,1,0,1.018,oligo,Mead,United States of America,-114.735006,36.018191,7010000010,7020000010,7030008710,63.17239005077889,189.5171701523367,126.34478010155777,94.75858507616834,101.43870334734962,148.85,162
809,2017,summer,524,383.15107660709657,525.8757312133976,389.66654467885326,498,1822.6933524993474,0.2874866467699962,0.2102114851528399,0.2885157453898082,0.21378612268735575,580.95,36700,36700,63.2,8.88,724,372,424018.4,0.00137010563692519,NLA17_NV-10239,44.10625,2,1.55,eu_mixo,Mead,United States of America,-114.735006,36.018191,7010000010,7020000010,7030008710,63.17239005077889,189.5171701523367,126.34478010155777,94.75858507616834,101.43870334734962,148.85,162
817,2007,summer,497,378.09913460710465,551.5,396.691670377947,504.5,1823.2908049850516,0.2725840544147727,0.20737182109038527,0.3024750623938574,0.21756906210098464,155.68,1363,1363,8.8,7.68,8,126,84924.9,0.00183314905286906,NLA06608-1044,54,12,18.4,eu_mixo,Pickwick Lake,United States of America,-88.24742899999998,35.069376,7010000010,7020046750.000001,7030047060,8.755138746145938,26.265416238437822,17.510277492291877,13.132708119218911,113.57405568164596,28.825978666666675,28.825978666666675
821,2007,summer,503.29409550447787,398.9145427740922,561,340.92235522536885,518,1804.130993503939,0.27896760119784453,0.22111173978521934,0.3109530305836826,0.18896762843325351,118.58,3720.2,3720.2,31.4,3.29,409.8,77,3961.3,0.02993461742357307,NLA06608-2492,33,6,19.36,eu_mixo,Sardis Lake,United States of America,-89.792634,34.407344,7010000010,7020046750.000001,7030047060,31.37291280148423,94.11873840445269,62.74582560296846,47.05936920222634,90.75842676209251,43.55961866666667,43.55961866666667
821,2012,summer,315,285,411,221,524,1232,0.2556818181818182,0.23133116883116883,0.3336038961038961,0.1793831168831169,118.58,3720.2,3720.2,31.4,3.29,409.8,77,3961.3,0.02993461742357307,NLA12_MS-106,33,12,25.76,eu_mixo,Sardis Lake,United States of America,-89.792634,34.407344,7010000010,7020046750.000001,7030047060,31.37291280148423,94.11873840445269,62.74582560296846,47.05936920222634,90.75842676209251,43.55961866666667,43.55961866666667
821,2017,summer,333.11001248414124,258.02654373299896,379.75840345180313,233.76520161747655,519.5,1204.66016128642,0.2765178290020176,0.2141903185853347,0.31524110753880225,0.19405074487384544,118.58,3720.2,3720.2,31.4,3.29,409.8,77,3961.3,0.02993461742357307,NLA17_MS-10003,29.41625,5,10.69,oligo,Sardis Lake,United States of America,-89.792634,34.407344,7010000010,7020046750.000001,7030047060,31.37291280148423,94.11873840445269,62.74582560296846,47.05936920222634,90.75842676209251,43.55961866666667,43.55961866666667
828,2012,summer,359,231,370,154,497,1114,0.322262118491921,0.2073608617594255,0.33213644524236985,0.13824057450628366,223.33,1517.2,1517.2,6.8,4.41,31.3,23,38209.6,0.00584486621163267,NLA12_SC-118,51,26,12.8,eu_mixo,Lake Marion,United States of America,-80.16572999999998,33.452083,7010000010,7020038339.999999,7030042040.000001,6.793534231854207,20.380602695562622,13.587068463708414,10.190301347781311,113.57405568164596,43.92860800000001,43.92860800000001
828,2017,summer,321,248.60808447554479,340,196.63702742844276,511,1106.2451119039874,0.29017077367918803,0.22473146484476564,0.30734599081284714,0.17775177066319925,223.33,1517.2,1517.2,6.8,4.41,31.3,23,38209.6,0.00584486621163267,NLA17_SC-10002,43.361875,24.5,12.2,eu_mixo,Lake Marion,United States of America,-80.16572999999998,33.452083,7010000010,7020038339.999999,7030042040.000001,6.793534231854207,20.380602695562622,13.587068463708414,10.190301347781311,113.57405568164596,43.92860800000001,43.92860800000001
839,2007,summer,384.75,298.5,407,276,506.5,1366.25,0.2816102470265325,0.21848124428179322,0.29789569990850867,0.2020128087831656,380.2,7815.6,7815.6,20.6,6.97,1022.2,48,8970.7,0.04238242277637196,NLA06608-1047,3,5,9.6,oligo,Sam Rayburn Reservoir,United States of America,-94.106215,31.064744,7010000010,7020047840,7030047840.000001,20.556549184639664,61.669647553919,41.11309836927933,30.8348237769595,105.50460379547975,43.5802,25.48128
839,2012,summer,356.5,350,384,320,556,1410.5,0.25274725274725274,0.24813895781637718,0.27224388514711095,0.22686990428925913,380.2,7815.6,7815.6,20.6,6.97,1022.2,48,8970.7,0.04238242277637196,NLA12_TX-R02,41,14,8.44,eu_mixo,Sam Rayburn Reservoir,United States of America,-94.106215,31.064744,7010000010,7020047840,7030047840.000001,20.556549184639664,61.669647553919,41.11309836927933,30.8348237769595,105.50460379547975,43.5802,25.48128
843,2012,summer,742,975,939,561,573,3217,0.23064967360895244,0.3030774013055642,0.2918868511035126,0.17438607398197079,190.81,287.37,0,1.5,2.67,22.9,0,7049.4,0.02706755184838426,NLA12_LA-134,153,32.5,11.72,eu_mixo,Grand Lake,United States of America,-92.843342,29.8651,7010000010,7020046750.000001,7030047070,1.5060531418688747,4.518159425606624,3.0121062837377495,2.259079712803312,94.18082808254425,72.78436,72.78436
843,2017,summer,643.6333168848157,855.5,846.4002933944982,317.457452418828,570.5,2662.991062698142,0.2416956353705095,0.32125530272460157,0.31783820278274827,0.11921085912214072,190.81,287.37,0,1.5,2.67,22.9,0,7049.4,0.02706755184838426,NLA17_LA-10004,151.64375,46,6.630000000000001,eu_mixo,Grand Lake,United States of America,-92.843342,29.8651,7010000010,7020046750.000001,7030047070,1.5060531418688747,4.518159425606624,3.0121062837377495,2.259079712803312,94.18082808254425,72.78436,72.78436
852,2007,summer,284,463.57023505606,673.2460371959668,262,559,1682.816272252027,0.16876470989904163,0.27547287407417786,0.4000710287255519,0.15569138730122856,123.31,1332.32,0,10.8,1.43,3025.4,17,416.1,0.2963470319634703,NLA06608-2117,169,20,149.6,eu_mixo,Lake Apopka,United States of America,-81.672917,28.672085,7010000010,7020038339.999999,7030042040.000001,10.804638715432649,32.41391614629795,21.609277430865298,16.206958073148975,61.611655785034465,10.593141333333332,5.2
852,2012,summer,560.5,742,901.5,612.5,561.5,2816.5,0.1990058583348127,0.26344754127463166,0.3200781111308361,0.2174684892597195,123.31,1332.32,0,10.8,1.43,3025.4,17,416.1,0.2963470319634703,NLA12_FL-103,132,25,80.9,eu_mixo,Lake Apopka,United States of America,-81.672917,28.672085,7010000010,7020038339.999999,7030042040.000001,10.804638715432649,32.41391614629795,21.609277430865298,16.206958073148975,61.611655785034465,10.593141333333332,5.2
8272,2012,summer,372,362,512,574,550,1820,0.2043956043956044,0.1989010989010989,0.2813186813186813,0.3153846153846154,16.72,78.9,78.9,4.7,6.4,1117.7,541,1322.3,0.01264463434923996,NLA12_ND-194,599,45,460.8,eu_mixo,,United States of America,-102.105286,48.69903,7010000010,7020021430,7030022240.000001,4.718899521531101,14.156698564593302,9.437799043062203,7.078349282296651,39.96979718143279,23.591092454837334,23.591092454837334
8279,2012,summer,332,106,313,111,491,862,0.3851508120649652,0.12296983758700696,0.36310904872389793,0.12877030162412992,17.56,352.1,352.1,20.1,2.7,162.4,214,551.7,0.03182889251404748,NLA12_WA-151,15,15,0.652,oligo,,United States of America,-121.688244,48.647945,7010000010,7020014250,7030014940,20.051252847380415,60.15375854214123,40.10250569476083,30.076879271070617,23.26532641813402,20.955304109333333,20.955304109333333
8279,2017,summer,424,168.36451913779544,358.9092362173003,175,489,1126.2737553550958,0.37646264772130794,0.14948809588900777,0.31866962584433306,0.15537963054535117,17.56,352.1,352.1,20.1,2.7,162.4,214,551.7,0.03182889251404748,NLA17_WA-10038,5.57875,10,0.42,oligo,,United States of America,-121.688244,48.647945,7010000010,7020014250,7030014940,20.051252847380415,60.15375854214123,40.10250569476083,30.076879271070617,23.26532641813402,20.955304109333333,20.955304109333333
8297,2007,summer,493,360.4829672540276,528.637473124116,241.74603564752817,511,1623.8664760256715,0.3035963900225293,0.22199052235888928,0.3255424512598651,0.1488706363587165,14.01,97.7,97.7,7,2.76,20559.8,672,103,0.13601941747572815,NLA06608-0240,14,7,2.104,oligo,Nelson,United States of America,-107.523165,48.531051,7010000010,7020046750.000001,7030047060,6.973590292648109,20.920770877944328,13.947180585296218,10.460385438972164,21.764708358159833,28.43195150067867,28.43195150067867
8297,2012,summer,431,334,489,253,511,1507,0.2859986728599867,0.2216323822163238,0.32448573324485736,0.1678832116788321,14.01,97.7,97.7,7,2.76,20559.8,672,103,0.13601941747572815,NLA12_MT-109,43,18,5.237333333,eu_mixo,Nelson,United States of America,-107.523165,48.531051,7010000010,7020046750.000001,7030047060,6.973590292648109,20.920770877944328,13.947180585296218,10.460385438972164,21.764708358159833,28.43195150067867,28.43195150067867
8297,2017,summer,490.7557649803076,394,523.4661124140464,303.0935789745785,526,1711.3154563689327,0.28677107026286824,0.23023224533715647,0.30588522441370114,0.17711145998627403,14.01,97.7,97.7,7,2.76,20559.8,672,103,0.13601941747572815,NLA17_MT-10003,19.82625,15,2.18,oligo,Nelson,United States of America,-107.523165,48.531051,7010000010,7020046750.000001,7030047060,6.973590292648109,20.920770877944328,13.947180585296218,10.460385438972164,21.764708358159833,28.43195150067867,28.43195150067867
8298,2007,summer,477,163,411.83586767749114,147,485,1198.835867677491,0.3978859932878833,0.13596523460361631,0.3435298182021716,0.12261895390632883,27.08,1289.13,0,47.6,1.81,3043.1,958,444,0.06099099099099098,NLA06608-1153,3,6,0.254,oligo,,United States of America,-113.992095,48.529006,7010000010,7020014250,7030014930,47.60450516986707,142.8135155096012,95.20901033973414,71.4067577548006,21.21891377960879,32.882516140792,32.882516140792
8326,2007,summer,274.4038479160847,122.1179771007905,237.304331789184,157.572486751449,488,791.3986435575082,0.34673277513160755,0.15430652818893364,0.2998543574985796,0.19910633918087925,13.06,455.33,0,34.9,1.85,1200.2,913,318.5,0.04100470957613815,NLA06608-2881,1,0,0.886,oligo,,United States of America,-114.352083,48.418941,7010000010,7020014250,7030014930,34.864471669218986,104.59341500765697,69.72894333843797,52.296707503828486,17.970404231110194,24.852447956395867,24.852447956395867
8326,2012,summer,330.5,191,361,233,494,1115.5,0.2962796952039444,0.17122366651725685,0.32362169430748544,0.20887494397131331,13.06,455.33,0,34.9,1.85,1200.2,913,318.5,0.04100470957613815,NLA12_MT-111,16,10,1.134,oligo,,United States of America,-114.352083,48.418941,7010000010,7020014250,7030014930,34.864471669218986,104.59341500765697,69.72894333843797,52.296707503828486,17.970404231110194,24.852447956395867,24.852447956395867
8326,2017,summer,358.5776217599746,171.35412975598933,327.61735476890794,193.38578112578062,488.5,1050.9348874106524,0.3411987041780073,0.16304923531293217,0.31173896565191445,0.18401309485714618,13.06,455.33,0,34.9,1.85,1200.2,913,318.5,0.04100470957613815,NLA17_MT-10005,6.47,0,0.54,oligo,,United States of America,-114.352083,48.418941,7010000010,7020014250,7030014930,34.864471669218986,104.59341500765697,69.72894333843797,52.296707503828486,17.970404231110194,24.852447956395867,24.852447956395867
8373,2007,summer,339.6512946782475,111.94555508190184,296,153.7862433757245,488,901.3830931358739,0.37681125513084,0.12419309385141446,0.3283842377941974,0.17061141322354806,10.96,34,34,3.1,2.06,292.4,1204,101,0.10851485148514851,NLA06608-0129,2.75,2.25,0.51425,oligo,,United States of America,-114.619235,48.181979,7010000010,7020014250,7030014930,3.102189781021898,9.306569343065693,6.204379562043796,4.653284671532846,17.970404231110194,8.8354188349916,8.8354188349916
8382,2007,summer,221,160,192,181,483,754,0.29310344827586204,0.21220159151193635,0.2546419098143236,0.24005305039787797,29.06,1039.31,0,35.8,2.38,874.3,10,222.1,0.13084196307969384,NLA06608-0849,5,28,4.696,dys,,United States of America,-124.667466,48.150849,7010000010,7020014250,7030014940,35.764280798348246,107.29284239504473,71.52856159669649,53.646421197522365,23.26532641813402,84.48270133333332,84.48270133333332
8476,2007,summer,166.58716535126757,70.21652982285812,157.57821499203737,98.11294075990318,498,492.4948509260662,0.338251587885689,0.14257312475617961,0.31995911164499297,0.19921617571313857,18.74,471.77,0,25.2,1.92,611.5,5,232.8,0.08049828178694157,NLA06608-0209,5,5.333333333333333,3.5653333333333332,oligo,,United States of America,-122.105202,47.65112,7010000010,7020014250,7030014940,25.174493062966917,75.52347918890075,50.348986125933834,37.761739594450376,20.790154681050172,97.45247999999998,97.45247999999998
8501,2007,summer,361.8412430068667,237,474,274.4057405070567,512,1347.2469835139234,0.26857825434732335,0.17591429255373106,0.3518285851074621,0.20367886799148346,76.82,668.16,0,8.7,3.67,578.9,393,2800.8,0.0274278777492145,NLA06608-0403,20,3,5.36,oligo,Cass Lake,United States of America,-94.485706,47.452274,7010000010,7020046750.000001,7030047060,8.697734964852904,26.093204894558717,17.395469929705808,13.046602447279358,86.9490225111456,41.84368576998666,41.76
8506,2007,summer,392.6221928080612,267.02608143602737,368.7039786964216,253.28371413893774,491,1281.6359670794477,0.30634454938304867,0.2083478369013926,0.28768229681990964,0.19762531689564924,12.96,595.5,595.5,45.9,2.37,530.2,214,235.7,0.0549851506151888,NLA06608-1873,1,4,0.464,oligo,Upper Cushman,United States of America,-123.224023,47.422917,7010000010,7020014250,7030014940,45.949074074074076,137.84722222222223,91.89814814814815,68.92361111111111,19.289536621075982,20.18154111868533,20.18154111868533
8535,2007,summer,253,129,240,149.94591627357485,493,771.9459162735749,0.3277431678391543,0.1671101527717427,0.3109026098078934,0.19424406958120957,16.67,539,539,32.3,1.77,333.4,675,526,0.03169201520912548,NLA06608-1057,1,3,0.149,oligo,Cle Elum Lake,United States of America,-121.072917,47.249008,7010000010,7020014250,7030014930,32.333533293341326,97.000599880024,64.66706658668265,48.500299940012,19.87969067744533,27.91982383208,27.91982383208
8545,2007,summer,282.4087799279709,225.33530999525337,412.83154007784503,261.9091168425125,517,1182.484746843582,0.2388265731814363,0.19056085974617695,0.349122084813204,0.2214904822591827,27.31,434.41,0,15.9,2.87,1024.4,176,231.9,0.1177662785683484,NLA06608-0401,10,5,16.16,oligo,,United States of America,-68.264583,47.16875,7010000010,7020024600,7030034529.999997,15.906627608934459,47.71988282680337,31.813255217868917,23.859941413401685,23.26532641813402,19.051984095759202,19.051984095759202
8545,2012,summer,213.5,149.5,251,187.5,506,801.5,0.2663755458515284,0.18652526512788523,0.31316281971303805,0.23393636930754835,27.31,434.41,0,15.9,2.87,1024.4,176,231.9,0.1177662785683484,NLA12_ME-108,9,9,5.662857143,oligo,,United States of America,-68.264583,47.16875,7010000010,7020024600,7030034529.999997,15.906627608934459,47.71988282680337,31.813255217868917,23.859941413401685,23.26532641813402,19.051984095759202,19.051984095759202
8545,2017,summer,286.86198518598974,194.8847564527124,269.93476612106826,228.55249169068892,494,980.2339994504594,0.29264643477660524,0.19881452445229308,0.27537788555834586,0.2331611552127558,27.31,434.41,0,15.9,2.87,1024.4,176,231.9,0.1177662785683484,NLA17_ME-10025,13.31375,17,8.48,oligo,,United States of America,-68.264583,47.16875,7010000010,7020024600,7030034529.999997,15.906627608934459,47.71988282680337,31.813255217868917,23.859941413401685,23.26532641813402,19.051984095759202,19.051984095759202
8556,2007,summer,310,252.04427612305233,443.71989194006574,195.7692649679705,535,1201.5334330310886,0.2580036405794952,0.20976884137732596,0.3692946694131522,0.16293284863002655,23.34,61.7,61.7,2.6,5.25,29.4,315,6496.4,0.00359275906655994,NLA06608-0529,42,3,26.08,eu_mixo,Moses Lake,United States of America,-119.33013,47.085252,7010000010,7020014250,7030014930,2.6435304198800345,7.930591259640104,5.287060839760069,3.965295629820052,45.11120671210169,21.007265046117595,21.007265046117595
8556,2012,summer,357,304.5,539,207.5,540,1408,0.25355113636363635,0.21626420454545456,0.3828125,0.1473721590909091,23.34,61.7,61.7,2.6,5.25,29.4,315,6496.4,0.00359275906655994,NLA12_WA-104,99,8,25.76,eu_mixo,Moses Lake,United States of America,-119.33013,47.085252,7010000010,7020014250,7030014930,2.6435304198800345,7.930591259640104,5.287060839760069,3.965295629820052,45.11120671210169,21.007265046117595,21.007265046117595
8578,2007,summer,293.42723112676117,210.97699141829452,312.49778616795027,220.65430451672555,507,1037.5563132297314,0.2828060774970117,0.20334028016422553,0.3011863377277319,0.21266730461103098,19.12,377.4,377.4,19.7,5.93,24.9,1090,43863.2,4.359007094785606e-4,NLA06608-2874,76,5,3.94,eu_mixo,,United States of America,-112.00209,46.9895,7010000010,7020046750.000001,7030047060,19.73849372384937,59.215481171548106,39.47698744769874,29.607740585774053,39.96979718143279,25.616882374820005,25.616882374820005
8626,2007,summer,634,581.6739211704278,853.9835792033807,406.5,539,2476.1575003738085,0.2560418712881912,0.23490990418929994,0.3448825767643862,0.16416564775812262,18.39,47.47,0,2.6,1.96,1394.6,564,525.8,0.03497527577025485,NLA06608-1091,90,4,12.667,eu_mixo,,United States of America,-99.544314,46.68553,7010000010,7020046750.000001,7030047060,2.5812941816204455,7.743882544861337,5.162588363240891,3.8719412724306683,20.790154681050172,23.17056276079067,23.17056276079067
8626,2012,summer,444.5,418.5,601,290.5,542.5,1754.5,0.25334853234539756,0.23852949558278713,0.34254773439726416,0.16557423767455115,18.39,47.47,0,2.6,1.96,1394.6,564,525.8,0.03497527577025485,NLA12_ND-112,147,17,3.28,eu_mixo,,United States of America,-99.544314,46.68553,7010000010,7020046750.000001,7030047060,2.5812941816204455,7.743882544861337,5.162588363240891,3.8719412724306683,20.790154681050172,23.17056276079067,23.17056276079067
8633,2012,summer,599,626,846,536,551,2607,0.22976601457614115,0.24012274645186038,0.3245109321058688,0.20560030686612965,60.26,208.14,0,3.5,2.73,905.3,519,1897,0.03176594623089088,NLA12_ND-129,839,21,283.2,eu_mixo,,United States of America,-100.23119,46.66452,7010000010,7020046750.000001,7030047060,3.454032525721872,10.362097577165617,6.908065051443744,5.1810487885828085,54.51485751405379,16.27761943640133,16.27761943640133
8639,2007,summer,375,291,399,324,502,1389,0.26997840172786175,0.20950323974082075,0.28725701943844495,0.23326133909287258,34.64,210,210,6.1,2.05,5856.8,365,84.9,0.40800942285041225,NLA06608-0238,7,0,2.976,oligo,,United States of America,-94.176638,46.612864,7010000010,7020046750.000001,7030047060,6.062355658198614,18.187066974595844,12.124711316397228,9.093533487297922,22.793725197399745,37.89928117820268,36.188067913199994
8643,2012,summer,370,300.5,404,252.5,510,1327,0.2788244159758855,0.22645064054257724,0.3044461190655614,0.19027882441597588,10.41,530.4,530.4,50.9,3.13,537.8,624,4377.1,0.0023782869936716,NLA12_ND-131,36,20,2.917333333,eu_mixo,Lake Tschida,United States of America,-101.812192,46.596531,7010000010,7020046750.000001,7030047060,50.95100864553314,152.8530259365994,101.90201729106629,76.4265129682997,19.718295719634607,24.231458910173334,24.231458910173334
8643,2017,summer,433,431,563.8523103563032,361,554,1788.8523103563032,0.24205463888394183,0.24093660360041322,0.3152033888387327,0.20180536867691223,10.41,530.4,530.4,50.9,3.13,537.8,624,4377.1,0.0023782869936716,NLA17_ND-10021,52.41,22,13.44,eu_mixo,Lake Tschida,United States of America,-101.812192,46.596531,7010000010,7020046750.000001,7030047060,50.95100864553314,152.8530259365994,101.90201729106629,76.4265129682997,19.718295719634607,24.231458910173334,24.231458910173334
8645,2007,summer,299.7754258266185,242.85941245756442,308.59743481309823,282.58709765719874,502.5,1133.81937075448,0.2643943414259524,0.21419585757822954,0.2721751301600603,0.2492346708357577,52.64,340.4,340.4,6.5,2.2,434.2,391,392.3,0.13418302319653327,NLA06608-1358,9,15,6.14,oligo,,United States of America,-89.549424,46.586436,7010000010,7020024600,7030034520,6.466565349544072,19.39969604863222,12.933130699088144,9.69984802431611,61.83836814626602,18.435002060977332,18.435002060977332
8706,2007,summer,309.478190300203,233.54742794106596,345.2291877690055,227.36181393285406,498,1115.6166199431286,0.2774055036182407,0.20934380482156284,0.3094514563494083,0.2037992352107881,10.35,61.7,61.7,6,2.29,1093.6,1943,134.7,0.07683741648106905,NLA06608-0929,14,8,1.561,oligo,Georgetown Lake,United States of America,-113.278141,46.208565,7010000010,7020014250,7030014930,5.961352657004832,17.884057971014496,11.922705314009663,8.942028985507248,18.612106156169173,42.280281875321194,42.280281875321194
8748,2012,summer,260,173.5,264.5,214,499,912,0.2850877192982456,0.19024122807017543,0.29002192982456143,0.23464912280701755,25.1,23,23,0.9,3.65,125.5,412,408.9,0.06138420151626315,NLA12_MN-106,48,10,2.92,eu_mixo,,United States of America,-95.336458,45.981691,7010000010,7020046750.000001,7030047060,0.9163346613545816,2.7490039840637452,1.8326693227091633,1.3745019920318726,23.618062635464337,40.657366778156,55.3882706952
8748,2017,summer,380.0388299929058,301.79891285281656,402.06871444677654,404.30693952372974,500,1488.2133968162289,0.25536581702995825,0.20279276715184955,0.27016872399276337,0.2716726918254287,25.1,23,23,0.9,3.65,125.5,412,408.9,0.06138420151626315,NLA17_MN-10004,19.5825,25,2.98,dys,,United States of America,-95.336458,45.981691,7010000010,7020046750.000001,7030047060,0.9163346613545816,2.7490039840637452,1.8326693227091633,1.3745019920318726,23.618062635464337,40.657366778156,55.3882706952
8794,2007,summer,339,344.9354041808533,430.76197013361883,334.3940564570461,557,1449.0914307715184,0.2339396899335132,0.2380356386464893,0.29726348592391755,0.23076118549607982,19.12,82.8,82.8,4.3,6.25,71.7,463,985.8,0.01939541489145871,NLA06608-0846,39,22,31.84,eu_mixo,,United States of America,-89.84954899999998,45.707147,7010000010,7020046750.000001,7030047060,4.3305439330543924,12.991631799163176,8.661087866108785,6.495815899581588,39.96979718143279,23.682575379341337,23.682575379341337
8794,2012,summer,442,469,483,503,567,1897,0.23299947285187136,0.24723247232472326,0.25461254612546125,0.26515550869794413,19.12,82.8,82.8,4.3,6.25,71.7,463,985.8,0.01939541489145871,NLA12_WI-109,49,45,22.1,eu_mixo,,United States of America,-89.84954899999998,45.707147,7010000010,7020046750.000001,7030047060,4.3305439330543924,12.991631799163176,8.661087866108785,6.495815899581588,39.96979718143279,23.682575379341337,23.682575379341337
8796,2007,summer,290.71724995745774,359.75530488709506,384.00206774112473,423.2050436845917,567.5,1457.679666270269,0.19943836542723353,0.24679997478979215,0.26343378221338704,0.2903278775695874,15.31,18.14,0,1.2,2.46,7.1,390,13407.2,0.00114192374246673,NLA06608-1959,493,36,17.486,eu_mixo,,United States of America,-98.301042,45.703144,7010000010,7020046750.000001,7030047060,1.1848465055519268,3.55453951665578,2.3696930111038537,1.77726975832789,19.718295719634607,14.0526707466784,14.0526707466784
8851,2012,summer,283,196,261,207,488,947,0.2988384371700106,0.20696937697993664,0.27560718057022177,0.21858500527983105,11.08,1760.6,1760.6,158.9,5.39,178.9,1105,50708.2,2.1850509385069872e-4,NLA12_WY-102,82,15,10.44,eu_mixo,Bighorn Lake,United States of America,-107.957143,45.305859,7010000010,7020046750.000001,7030047060,158.89891696750902,476.69675090252707,317.79783393501805,238.34837545126354,22.117444575490143,27.540813496782672,27.540813496782672
8852,2007,summer,334,325.26847587057875,461,309,549,1429.2684758705786,0.23368597687467918,0.22757689080944374,0.32254262077612905,0.2161945115397481,44.63,252.9,252.9,5.7,4.14,520.1,293,1884,0.02368895966029724,NLA06608-0359,191,20,42.655,eu_mixo,Big Stone Lake,United States of America,-96.449351,45.303949,7010000010,7020046750.000001,7030047060,5.666591978489805,16.999775935469415,11.33318395697961,8.499887967734708,39.49819596069852,8.512092033393339,5.568
8852,2012,summer,255.25,260,478.5,235.5,543.5,1229.25,0.20764693919056335,0.21151108399430546,0.38926174496644295,0.19158023184868822,44.63,252.9,252.9,5.7,4.14,520.1,293,1884,0.02368895966029724,NLA12_MN-119,152,25,38.28,eu_mixo,Big Stone Lake,United States of America,-96.449351,45.303949,7010000010,7020046750.000001,7030047060,5.666591978489805,16.999775935469415,11.33318395697961,8.499887967734708,39.49819596069852,8.512092033393339,5.568
8859,2017,summer,359.1027825422334,316.2054582141128,493.39276657515694,309.57713179061466,544,1478.2781391221179,0.24291963267175704,0.2139011934532786,0.3337617959149152,0.20941737796004914,24.43,41.71,0,1.7,1.62,515.2,543,859.8,0.02841358455454757,NLA17_SD-10081,187.49375,25,8.4,eu_mixo,,United States of America,-97.338601,45.268754,7010000010,7020046750.000001,7030047060,1.7073270568972578,5.1219811706917735,3.4146541137945157,2.5609905853458867,20.112724216143363,19.3832091204316,19.3832091204316
8897,2007,summer,419,321,464.6690356781491,203.42140577670497,502,1408.090441454854,0.2975661134146218,0.22796831123172698,0.3299994247514727,0.14446615060217852,18.03,217.8,217.8,12.1,1.74,128,1688,5974,0.00301807833947104,NLA06608-1633,19,4,1.52,oligo,Clark Canyon,United States of America,-112.860426,44.997869,7010000010,7020046750.000001,7030047060,12.079866888519135,36.239600665557404,24.15973377703827,18.119800332778702,20.112724216143363,22.66253611031467,22.66253611031467
8908,2007,summer,474.1214875105727,496.0428182028523,574.7334281256959,419.42629043957595,564.5,1964.324024278697,0.2413662316657105,0.2525259641850585,0.2925858570287247,0.21352194712050623,18.82,71.29,0,3.8,1.43,5612.8,520,79.3,0.2373266078184111,NLA06608-1687,441,12,7.52,eu_mixo,,United States of America,-97.174743,44.94185,7010000010,7020046750.000001,7030047060,3.787991498405952,11.363974495217857,7.575982996811904,5.681987247608928,19.471022291084385,34.6460346814332,34.6460346814332
8916,2007,summer,246,129.24412055048444,232.366583031104,169.02033319665406,488,776.6310367782426,0.3167527285807434,0.16641637332270112,0.29919816750441486,0.21763273059214056,19.69,645.11,0,32.8,2.41,1250.3,1522,375.9,0.05238095238095239,NLA06608-0561,5,11,0.139,oligo,,United States of America,-116.114583,44.912142,7010000010,7020014250,7030014930,32.763331640426614,98.28999492127984,65.52666328085323,49.14499746063992,23.26532641813402,31.348908373455995,31.348908373455995
8919,2012,summer,535,125,396.25,166.5,486.5,1222.75,0.43753833571866696,0.10222858311183806,0.32406460846452667,0.13616847270496832,24.88,475.66,0,19.1,1.53,7112.8,179,80.3,0.30983810709838105,NLA12_MI-177,23,10,1.670857143,oligo,,United States of America,-85.943853,44.889201,7010000010,7020024600,7030034520,19.118167202572348,57.354501607717054,38.236334405144696,28.677250803858527,20.112724216143363,28.750788667833337,28.750788667833337
8922,2017,summer,507.2770841963994,559.8400958088577,717,443.4792444683294,562,2227.5964244735865,0.22772396230447192,0.2513202524739893,0.3218715886426499,0.19908419657888884,10.03,28.31,0,2.8,1.65,762,518,235.5,0.04259023354564755,NLA17_SD-10039,170.29125,10,73.2,eu_mixo,,United States of America,-97.135834,44.880858,7010000010,7020046750.000001,7030047060,2.822532402791625,8.467597208374874,5.64506480558325,4.233798604187437,16.441343974364596,10.797600221063066,10.797600221063066
8931,2007,summer,302.9931962974614,240.23362802870741,380.97127774248077,275.07261998897036,523.5,1199.2707220576199,0.2526478723482952,0.20031642865134933,0.3176691223553248,0.22936657664503068,17.88,17.4,17.4,1,2.8,26.2,58,319.3,0.05599749451926088,NLA06608-0150,16,12,8.224,oligo,,United States of America,-69.273958,44.840833,7010000010,7020038339.999999,7030038340,0.9731543624161074,2.919463087248322,1.9463087248322148,1.459731543624161,23.26532641813402,9.705297405808,9.705297405808
8931,2012,summer,238.5,197,263.5,252,521,951,0.250788643533123,0.20715036803364878,0.27707676130389064,0.26498422712933756,17.88,17.4,17.4,1,2.8,26.2,58,319.3,0.05599749451926088,NLA12_ME-109,15,16,6.56,oligo,,United States of America,-69.273958,44.840833,7010000010,7020038339.999999,7030038340,0.9731543624161074,2.919463087248322,1.9463087248322148,1.459731543624161,23.26532641813402,9.705297405808,9.705297405808
8962,2007,summer,350.7392614495088,250,392.9267138766908,201,516,1194.6659753261997,0.2935877213325177,0.20926351395563794,0.32890089949151136,0.1682478652203329,25.11,189.23,0,7.5,1.38,838.2,1975,242.3,0.10363186132893108,NLA06608-0650,23,8,6.896,oligo,,United States of America,-111.373942,44.609879,7010000010,7020014250,7030014930,7.536041417761847,22.608124253285542,15.072082835523695,11.304062126642771,19.471022291084385,48.170059219186676,48.170059219186676
8970,2007,summer,466,524.3458237948311,681,504,561,2175.345823794831,0.21421881289066755,0.2410402144152529,0.31305367291533176,0.23168729977874775,13.16,46.23,0,3.5,2.21,477.3,498,943.4,0.01394954420182319,NLA06608-1879,328,22,109.662,eu_mixo,,United States of America,-97.144654,44.560888,7010000010,7020046750.000001,7030047060,3.5129179331306988,10.538753799392097,7.0258358662613976,5.269376899696049,18.612106156169173,21.97367677874787,21.97367677874787
8979,2007,summer,469,359,490,350,497,1668,0.28117505995203834,0.21522781774580335,0.29376498800959233,0.20983213429256595,12.68,289.9,289.9,22.9,1.78,28435,1405,101.5,0.12492610837438424,NLA06608-0922,12,18,1.243,oligo,Lake Desmet,United States of America,-106.781869,44.51387,7010000010,7020046750.000001,7030047060,22.86277602523659,68.58832807570978,45.72555205047318,34.29416403785489,17.970404231110194,24.12608085056373,24.12608085056373
8979,2012,summer,276.25,170.5,274,156.5,492,877.25,0.3149045312054716,0.19435736677115986,0.31233969791963523,0.17839840410373325,12.68,289.9,289.9,22.9,1.78,28435,1405,101.5,0.12492610837438424,NLA12_WY-104,15,10,1.02,oligo,Lake Desmet,United States of America,-106.781869,44.51387,7010000010,7020046750.000001,7030047060,22.86277602523659,68.58832807570978,45.72555205047318,34.29416403785489,17.970404231110194,24.12608085056373,24.12608085056373
8979,2017,summer,429,309,402,301.37906194968946,492.5,1441.3790619496895,0.2976316302386901,0.21437802737472086,0.278899569594297,0.20909077279229196,12.68,289.9,289.9,22.9,1.78,28435,1405,101.5,0.12492610837438424,NLA17_WY-10002,5.65375,5,0.63,oligo,Lake Desmet,United States of America,-106.781869,44.51387,7010000010,7020046750.000001,7030047060,22.86277602523659,68.58832807570978,45.72555205047318,34.29416403785489,17.970404231110194,24.12608085056373,24.12608085056373
8991,2017,summer,364,267,454,207,515,1292,0.28173374613003094,0.206656346749226,0.35139318885448917,0.16021671826625386,29.04,157,157,5.4,4.33,127.8,1922,1286.2,0.02257813714818846,NLA17_ID-10084,71.9625,10,22,eu_mixo,Island Park,United States of America,-111.394991,44.420051,7010000010,7020014250,7030014930,5.40633608815427,16.219008264462808,10.81267217630854,8.109504132231404,26.246921172637695,44.56027561699201,44.56027561699201
9008,2007,summer,311.2390951501015,190.48950008113928,292.8472208529075,195.69413666039532,493.5,990.2699527445436,0.31429722197214915,0.1923611834865792,0.295724635531229,0.19761695901004261,11.58,108.96,0,9.4,1.36,305.3,2374,350.5,0.03303851640513552,NLA06608-2250,11,10,0.701,oligo,,United States of America,-110.633682,44.279064,7010000010,7020014250,7030014930,9.409326424870466,28.2279792746114,18.818652849740932,14.1139896373057,16.441343974364596,31.066464236789333,31.066464236789333
9012,2012,summer,342.5,358,410.5,388.5,558,1499.5,0.22840946982327442,0.2387462487495832,0.2737579193064355,0.2590863621207069,10.36,28.79,0,2.8,1.5,284.3,391,131.6,0.07872340425531915,NLA12_MI-161,30,22,15.392,dys,,United States of America,-85.461027,44.242974,7010000010,7020024600,7030034520,2.778957528957529,8.336872586872587,5.557915057915058,4.168436293436294,16.441343974364596,17.007544642948936,17.007544642948936
9012,2017,summer,321.1513014998297,256.98662858947324,311.5722347189384,309.4150768189276,502,1199.1252416271689,0.2678213170327723,0.2143117496557339,0.25983293813092145,0.2580339951805724,10.36,28.79,0,2.8,1.5,284.3,391,131.6,0.07872340425531915,NLA17_MI-10015,22.285,32,9.14,dys,,United States of America,-85.461027,44.242974,7010000010,7020024600,7030034520,2.778957528957529,8.336872586872587,5.557915057915058,4.168436293436294,16.441343974364596,17.007544642948936,17.007544642948936
9019,2007,summer,530.316915259306,665.5,793.6849513766247,260.89597711587135,561,2250.3978437518017,0.2356547384417931,0.295725487761087,0.3526865054462614,0.11593326835085867,26.69,149.3,149.3,5.6,2.14,74.4,111,686.5,0.03887836853605244,NLA06608-1190,3,4,6.176,oligo,Fern Ridge Lake,United States of America,-123.296875,44.117518,7010000010,7020014250,7030014930,5.593855376545523,16.78156612963657,11.187710753091046,8.390783064818285,23.26532641813402,14.997723336789335,14.997723336789335
9019,2012,summer,476,499.5,703,190,552.5,1868.5,0.25474979930425473,0.26732673267326734,0.37623762376237624,0.10168584426010169,26.69,149.3,149.3,5.6,2.14,74.4,111,686.5,0.03887836853605244,NLA12_OR-104,32,18,2.821333333,eu_mixo,Fern Ridge Lake,United States of America,-123.296875,44.117518,7010000010,7020014250,7030014930,5.593855376545523,16.78156612963657,11.187710753091046,8.390783064818285,23.26532641813402,14.997723336789335,14.997723336789335
9020,2007,summer,239.46630324486125,122.1179771007905,207.69485596292023,255,488,824.279136308572,0.29051603115575664,0.14815124115318523,0.2519715067556543,0.30936122093540386,15.62,345.62,0,22.1,3.96,184.4,495,795.7,0.0196305140128189,NLA06608-0229,4,9,3.6,oligo,,United States of America,-74.321875,44.088412,7010000010,7020024600,7030034520,22.126760563380287,66.38028169014086,44.253521126760575,33.19014084507043,21.764708358159833,22.432436984146662,22.432436984146662
9020,2012,summer,319,227,271.5,336,482,1153.5,0.2765496315561335,0.19679237104464672,0.235370611183355,0.29128738621586475,15.62,345.62,0,22.1,3.96,184.4,495,795.7,0.0196305140128189,NLA12_NY-0102,16,36,1.171428571,dys,,United States of America,-74.321875,44.088412,7010000010,7020024600,7030034520,22.126760563380287,66.38028169014086,44.253521126760575,33.19014084507043,21.764708358159833,22.432436984146662,22.432436984146662
9020,2017,summer,152.47032661736625,118.69047510126066,146.83034045106135,215.42793094197063,495,633.4190731116589,0.24071003398801796,0.18738064598875434,0.23180599808869054,0.34010332193453713,15.62,345.62,0,22.1,3.96,184.4,495,795.7,0.0196305140128189,NLA17_NY-10002,8.825,34,2.66,dys,,United States of America,-74.321875,44.088412,7010000010,7020024600,7030034520,22.126760563380287,66.38028169014086,44.253521126760575,33.19014084507043,21.764708358159833,22.432436984146662,22.432436984146662
9039,2007,summer,304.45919458943746,126.18955694886704,323.40276263926694,188.1213858810461,506,942.1729000586175,0.3231457777765583,0.1339346068444721,0.343252032211016,0.19966758316795366,31.34,49.3,49.3,1.6,2.45,270.6,242,257.9,0.12151996898022492,NLA06608-0291,13,0,3.624,oligo,,United States of America,-88.964915,43.843568,7010000010,7020024600,7030034520,1.5730695596681556,4.719208679004466,3.1461391193363113,2.359604339502233,23.26532641813402,49.45921904923334,67.05599976
9042,2007,summer,317,104,162,113,475,696,0.45545977011494254,0.14942528735632185,0.23275862068965517,0.16235632183908047,23.73,691.09,0,29.1,1.85,3722.1,1651,77.9,0.3046213093709884,NLA06608-0934,1,0,0.067,oligo,,United States of America,-122.050784,43.763547,7010000010,7020014250,7030014930,29.123050990307632,87.3691529709229,58.246101980615265,43.68457648546145,21.21891377960879,42.21908551866134,42.21908551866134
9042,2012,summer,460,280,330,341,471.5,1411,0.3260099220411056,0.19844082211197733,0.23387668320340185,0.24167257264351524,23.73,691.09,0,29.1,1.85,3722.1,1651,77.9,0.3046213093709884,NLA12_OR-109,9,7,0.1216,oligo,,United States of America,-122.050784,43.763547,7010000010,7020014250,7030014930,29.123050990307632,87.3691529709229,58.246101980615265,43.68457648546145,21.21891377960879,42.21908551866134,42.21908551866134
9042,2017,summer,409,195,263,187,474,1054,0.38804554079696396,0.18500948766603414,0.2495256166982922,0.1774193548387097,23.73,691.09,0,29.1,1.85,3722.1,1651,77.9,0.3046213093709884,NLA17_OR-10005,0.2375,8,0.26,oligo,,United States of America,-122.050784,43.763547,7010000010,7020014250,7030014930,29.123050990307632,87.3691529709229,58.246101980615265,43.68457648546145,21.21891377960879,42.21908551866134,42.21908551866134
9050,2017,summer,356.5,284.0841916457173,440,182.7950831086903,513,1263.3792747544076,0.282179712081553,0.22486057617253644,0.3482722954162225,0.14468741632968804,40.49,881.9,881.9,21.8,7.49,316.9,810,26949,0.00150246762403057,NLA17_OR-10060,40.66125,15,13.76,eu_mixo,Lake Owyhee,United States of America,-117.238522,43.639982,7010000010,7020014250,7030014930,21.780686589281302,65.3420597678439,43.561373178562604,32.67102988392195,78.22048645628327,32.83099646023733,36
9056,2007,summer,528,429.11667709873313,675.2611146519254,247.50391946580456,534,1879.8817112164631,0.28086873596867623,0.22826791416628742,0.35920404492629854,0.13165930493873781,27.75,208.5,208.5,7.5,1.85,4750.4,768,159.7,0.17376330619912336,NLA06608-0597,22,5,7.8,oligo,Lake Lowell,United States of America,-116.73125,43.584629,7010000010,7020014250,7030014930,7.513513513513513,22.540540540540537,15.027027027027026,11.270270270270268,21.21891377960879,29.10126152701868,29.10126152701868
9058,2012,summer,304.5,191,271.5,207,488.5,974,0.31262833675564683,0.19609856262833675,0.27874743326488705,0.21252566735112938,13.77,501.16,0,36.4,1.54,2232.7,1461,101.7,0.13539823008849558,NLA12_OR-128,23,0,5.323076923,oligo,,United States of America,-121.964604,43.552105,7010000010,7020014250,7030014930,36.39506172839506,109.1851851851852,72.79012345679013,54.5925925925926,17.970404231110194,26.684903713058528,26.684903713058528
9062,2007,summer,275.70242994176215,182,280,276.3451399053788,492,1014.047569847141,0.2718831326456627,0.1794787595886009,0.2761211685978476,0.2725169391678888,16.84,41,41,2.4,2.88,19.6,146,1116.1,0.01508825374070423,NLA06608-0930,4,5,1.304,oligo,Winnisquam Lake,United States of America,-71.531012,43.481311,7010000010,7020038339.999999,7030038340,2.4346793349168645,7.304038004750594,4.869358669833729,3.652019002375297,23.26532641813402,13.701491978604002,13.701491978604002
9062,2012,summer,175,81.5,172,165,490,593.5,0.2948609941027801,0.13732097725358045,0.2898062342038753,0.2780117944397641,16.84,41,41,2.4,2.88,19.6,146,1116.1,0.01508825374070423,NLA12_NH-103,6,12,1.74,oligo,Winnisquam Lake,United States of America,-71.531012,43.481311,7010000010,7020038339.999999,7030038340,2.4346793349168645,7.304038004750594,4.869358669833729,3.652019002375297,23.26532641813402,13.701491978604002,13.701491978604002
9062,2017,summer,292.77585688015455,164.61326602878665,257.25057668233524,253.3373340849064,489.5,967.9770336761828,0.30246157366797277,0.17005906163250428,0.26576103330194634,0.2617183313975766,16.84,41,41,2.4,2.88,19.6,146,1116.1,0.01508825374070423,NLA17_NH-10003,6.16,8,2.24,oligo,Winnisquam Lake,United States of America,-71.531012,43.481311,7010000010,7020038339.999999,7030038340,2.4346793349168645,7.304038004750594,4.869358669833729,3.652019002375297,23.26532641813402,13.701491978604002,13.701491978604002
9078,2007,summer,323.69586780402415,286.1301962275225,397.49234597832697,246.61455727792276,528.5,1253.9329672877964,0.25814447522196066,0.2281861979005225,0.31699648733064734,0.1966728395468695,16.49,81.76,0,5,1.9,15.6,175,6942.3,0.0023752934906299,NLA06608-0938,34,22,11.888,eu_mixo,,United States of America,-86.32595499999998,43.232242,7010000010,7020024600,7030034520,4.958156458459674,14.874469375379023,9.916312916919347,7.437234687689512,20.112724216143363,13.575313437118663,13.575313437118663
9078,2012,summer,309,275.5,344,253.5,521,1182,0.2614213197969543,0.23307952622673433,0.2910321489001692,0.21446700507614214,16.49,81.76,0,5,1.9,15.6,175,6942.3,0.0023752934906299,NLA12_MI-105,44,30,12,eu_mixo,,United States of America,-86.32595499999998,43.232242,7010000010,7020024600,7030034520,4.958156458459674,14.874469375379023,9.916312916919347,7.437234687689512,20.112724216143363,13.575313437118663,13.575313437118663
9091,2007,summer,390.93925397289837,401.5,675.5,351.07980210617313,547,1819.0190560790716,0.21491762423620508,0.22072336112049343,0.3713539985974927,0.19300501604580877,12.54,68.85,0,5.5,1.23,87.2,256,986.7,0.01270903010033444,NLA06608-0611,53,7,20.64,eu_mixo,,United States of America,-89.223839,42.964546,7010000010,7020046750.000001,7030047060,5.490430622009569,16.47129186602871,10.980861244019138,8.235645933014355,15.92053759901427,11.733278400117335,9.144000053
9091,2012,summer,380.5,367.5,623.5,303.5,547,1675,0.22716417910447761,0.21940298507462686,0.37223880597014924,0.18119402985074626,12.54,68.85,0,5.5,1.23,87.2,256,986.7,0.01270903010033444,NLA12_WI-101,74.5,6.25,62.05,eu_mixo,,United States of America,-89.223839,42.964546,7010000010,7020046750.000001,7030047060,5.490430622009569,16.47129186602871,10.980861244019138,8.235645933014355,15.92053759901427,11.733278400117335,9.144000053
9091,2017,summer,327.20125215631424,373.9376594486499,565.810008788131,315.30217173732433,554.5,1582.2510921304197,0.2067947709334519,0.2363326916369273,0.3575981154965088,0.19927442193311187,12.54,68.85,0,5.5,1.23,87.2,256,986.7,0.01270903010033444,NLA17_WI-10001,80.5,17.5,61.2,eu_mixo,,United States of America,-89.223839,42.964546,7010000010,7020046750.000001,7030047060,5.490430622009569,16.47129186602871,10.980861244019138,8.235645933014355,15.92053759901427,11.733278400117335,9.144000053
9094,2017,summer,416.7928989869025,242.70697238878114,398.6419857451133,326.72532250503514,491,1384.867179625832,0.30096236311955415,0.17525649821115444,0.287855753685216,0.23592538498407542,34.27,135.7,135.7,4,2.47,417,262,190.3,0.18008407777193905,NLA17_NY-10025,6.15875,5,0.31,oligo,,United States of America,-76.42713,42.943247,7010000010,7020024600,7030034520,3.9597315436241605,11.87919463087248,7.919463087248321,5.93959731543624,22.793725197399745,23.410561895103463,23.410561895103463
9095,2007,summer,258,132,197,144.22878517010707,486,731.2287851701071,0.3528307490520644,0.1805180576545446,0.26940952543897945,0.19724166785441147,19.61,38.1,38.1,1.9,2.21,258,2265,261.6,0.0749617737003058,NLA06608-0794,1.3333333333333333,7.666666666666667,0.672,oligo,Fremont Lake,United States of America,-109.835417,42.90693,7010000010,7020000010,7030008710,1.9428862825089241,5.828658847526773,3.8857725650178483,2.9143294237633866,21.21891377960879,17.034340170144667,17.034340170144667
9095,2012,summer,210.5,94,182.5,108,490.5,595,0.35378151260504204,0.15798319327731092,0.3067226890756303,0.1815126050420168,19.61,38.1,38.1,1.9,2.21,258,2265,261.6,0.0749617737003058,NLA12_WY-103,12,9,0.54,oligo,Fremont Lake,United States of America,-109.835417,42.90693,7010000010,7020000010,7030008710,1.9428862825089241,5.828658847526773,3.8857725650178483,2.9143294237633866,21.21891377960879,17.034340170144667,17.034340170144667
9095,2017,summer,232,119,193.0731564758025,112,488,656.0731564758025,0.3536191013304424,0.18138221145828726,0.29428601760347056,0.17071266960779977,19.61,38.1,38.1,1.9,2.21,258,2265,261.6,0.0749617737003058,NLA17_WY-10021,0.89875,0,0.58,oligo,Fremont Lake,United States of America,-109.835417,42.90693,7010000010,7020000010,7030008710,1.9428862825089241,5.828658847526773,3.8857725650178483,2.9143294237633866,21.21891377960879,17.034340170144667,17.034340170144667
9097,2007,summer,351.74797414216584,246,366,355.4244401838522,494,1319.172414326018,0.266642912118412,0.18648055199492974,0.2774466749192857,0.26942986096737254,41.98,1842.01,0,43.9,2.4,3562.2,209,437.5,0.0959542857142857,NLA06608-0021,9,5,3.122,oligo,,United States of America,-77.268804,42.872835,7010000010,7020024600,7030034520,43.87827536922344,131.63482610767034,87.75655073844688,65.81741305383517,22.793725197399745,19.526303609761335,19.526303609761335
9105,2007,summer,458.004143250726,436.26242442504645,640.579692102996,281.43499802475964,545,1816.281257803528,0.252165869841437,0.24019541166913155,0.35268749779297076,0.15495122069646067,30.52,117.4,117.4,3.8,2.91,5,1275,46102.1,6.620088889660124e-4,NLA06608-0277,117,5,12.928,eu_mixo,Lake Walcott,United States of America,-113.484084,42.667609,7010000010,7020014250,7030014930,3.8466579292267364,11.539973787680209,7.693315858453473,5.769986893840104,23.26532641813402,21.178894817529333,21.178894817529333
9105,2012,summer,434,381,598,153.5,540.5,1566.5,0.27705075007979574,0.24321736354931375,0.3817427385892116,0.0979891477816789,30.52,117.4,117.4,3.8,2.91,5,1275,46102.1,6.620088889660124e-4,NLA12_ID-109,41,13,18.88,eu_mixo,Lake Walcott,United States of America,-113.484084,42.667609,7010000010,7020014250,7030014930,3.8466579292267364,11.539973787680209,7.693315858453473,5.769986893840104,23.26532641813402,21.178894817529333,21.178894817529333
9105,2017,summer,504.776582203206,456,662.5094852267187,282.34356892708615,541,1905.6296363570107,0.26488703396121954,0.23929098881550484,0.347659100481475,0.14816287674180065,30.52,117.4,117.4,3.8,2.91,5,1275,46102.1,6.620088889660124e-4,NLA17_ID-10002,1.91625,25,29.44,dys,Lake Walcott,United States of America,-113.484084,42.667609,7010000010,7020014250,7030014930,3.8466579292267364,11.539973787680209,7.693315858453473,5.769986893840104,23.26532641813402,21.178894817529333,21.178894817529333
9106,2007,summer,337.13256995671946,197,314,294.61636653598447,495,1142.748936492704,0.29501893127237394,0.1723913221084479,0.2747760159495058,0.25781373066967234,46.32,203.5,203.5,4.4,3.77,401.3,219,454.4,0.10193661971830986,NLA06608-1045,6,4,1.256,oligo,,United States of America,-77.062084,42.656674,7010000010,7020024600,7030034520,4.393350604490501,13.180051813471504,8.786701208981002,6.590025906735752,39.49819596069852,19.704904250905866,19.704904250905866
9106,2012,summer,411,251,384,425,493,1471,0.2794017675050986,0.17063222297756628,0.2610469068660775,0.28891910265125764,46.32,203.5,203.5,4.4,3.77,401.3,219,454.4,0.10193661971830986,NLA12_NY-0101,9,10.5,1.2513636365,oligo,,United States of America,-77.062084,42.656674,7010000010,7020024600,7030034520,4.393350604490501,13.180051813471504,8.786701208981002,6.590025906735752,39.49819596069852,19.704904250905866,19.704904250905866
9106,2017,summer,314.714201547288,169.26032913258604,280.0268660380344,214.15474998589565,490,978.1561467038041,0.3217422929946447,0.17304019373896531,0.2862803316031602,0.21893718166322984,46.32,203.5,203.5,4.4,3.77,401.3,219,454.4,0.10193661971830986,NLA17_NY-10001,6.561249999999999,3.5,2.285,oligo,,United States of America,-77.062084,42.656674,7010000010,7020024600,7030034520,4.393350604490501,13.180051813471504,8.786701208981002,6.590025906735752,39.49819596069852,19.704904250905866,19.704904250905866
9107,2012,summer,537,585,682,515,562,2319,0.2315653298835705,0.2522639068564036,0.29409228115567054,0.22207848210435532,11.85,32.87,0,2.8,1.25,882.6,422,72.6,0.16322314049586778,NLA12_IA-120,171,8,14.1666666665,eu_mixo,,United States of America,-95.182292,42.615703,7010000010,7020046750.000001,7030047060,2.773839662447257,8.32151898734177,5.547679324894514,4.160759493670885,15.92053759901427,7.106341060609865,7.106341060609865
9114,2012,summer,701,777,886,801,564,3165,0.22148499210110584,0.24549763033175356,0.2799368088467615,0.25308056872037915,10.35,27.86,0,2.7,2.6,3192.3,880,52.8,0.1960227272727273,NLA12_NE-121,374,68,218.6666667,eu_mixo,,United States of America,-100.502828,42.542687,7010000010,7020046750.000001,7030047060,2.6917874396135266,8.075362318840579,5.383574879227053,4.0376811594202895,19.289536621075982,10.052107100491067,10.052107100491067
9114,2017,summer,466.8721024617894,494.1570666377248,636.2576684766966,442.07505055034994,558,2039.3618881265609,0.22893048319672027,0.24230965063865012,0.3119886039751328,0.2167712621894968,10.35,27.86,0,2.7,2.6,3192.3,880,52.8,0.1960227272727273,NLA17_NE-10008,428.63125,45,220,eu_mixo,,United States of America,-100.502828,42.542687,7010000010,7020046750.000001,7030047060,2.6917874396135266,8.075362318840579,5.383574879227053,4.0376811594202895,19.289536621075982,10.052107100491067,10.052107100491067
9132,2012,summer,324,248,328,174.5,500.5,1074.5,0.30153559795253604,0.2308050255932992,0.3052582596556538,0.16240111679851094,31.32,185.6,185.6,5.9,2.72,38,1979,10840,0.00288929889298893,NLA12_WY-147,36,22,5.493333333,eu_mixo,Fontenelle,United States of America,-110.065625,42.028371,7010000010,7020000010,7030008710,5.925925925925926,17.77777777777778,11.851851851851851,8.88888888888889,23.26532641813402,45.35699252466001,45.35699252466001
9146,2007,summer,453,614,606,504,564,2177,0.20808451998162608,0.28203950390445565,0.27836472209462565,0.2315112540192926,13.37,568.9,568.9,42.6,5.48,98.2,208,8039.1,0.00166312149369954,NLA06608-0860,227,10.5,8.92,eu_mixo,Coralville Lake,United States of America,-91.53112100000001,41.727526,7010000010,7020046750.000001,7030047060,42.55048616305161,127.65145848915482,85.10097232610322,63.82572924457741,22.117444575490143,18.168281599999997,18.168281599999997
9147,2017,summer,376.4691039685448,276.83364794667057,419,210,527,1282.3027519152154,0.29358831477688085,0.21588789974379977,0.3267559079743002,0.1637678775050192,10.04,117.5,117.5,11.7,2.53,1106.6,1891,517.2,0.0194122196442382,NLA17_NV-10090,112.57375,30,2.11,eu_mixo,Wild Horse Reservoir,United States of America,-115.83377,41.684728,7010000010,7020014250,7030014930,11.703187250996018,35.10956175298805,23.406374501992037,17.554780876494025,18.612106156169173,49.171564155907866,49.171564155907866
9155,2017,summer,275,218,351,262,516,1106,0.24864376130198915,0.19710669077757687,0.31735985533453887,0.23688969258589512,11.13,35.91,0,3.2,1.99,567,259,70.5,0.15787234042553192,NLA17_IN-10072,18.6625,13,8.72,oligo,,United States of America,-85.73125,41.409677,7010000010,7020024600,7030034520,3.226415094339622,9.679245283018867,6.452830188679244,4.8396226415094334,17.970404231110194,13.798009201271999,13.798009201271999
9156,2007,summer,727.5460248753784,815.7422647282689,957.6331462136332,306.0352535620524,552.5,2806.9566893793326,0.25919389053211633,0.2906144821595533,0.34116420457680185,0.10902742273152856,39.39,244.6,244.6,6.2,1.18,2983.2,1284,177.6,0.22179054054054056,NLA06608-1810,69,6,14.8,eu_mixo,Willard,United States of America,-112.130397,41.376955,7010000010,7020000010,7030073620.000001,6.20969789286621,18.62909367859863,12.41939578573242,9.314546839299314,19.641122995409088,29.366812447188003,29.366812447188003
9156,2012,summer,674,637,908,224,540,2443,0.2758902988129349,0.2607449856733524,0.3716741711011052,0.09169054441260745,39.39,244.6,244.6,6.2,1.18,2983.2,1284,177.6,0.22179054054054056,NLA12_UT-104,65,3,2,eu_mixo,Willard,United States of America,-112.130397,41.376955,7010000010,7020000010,7030073620.000001,6.20969789286621,18.62909367859863,12.41939578573242,9.314546839299314,19.641122995409088,29.366812447188003,29.366812447188003
9156,2017,summer,567,416.75881766503505,686,241.14393320790757,515,1910.9027508729428,0.2967183964442889,0.2180952523484779,0.3589926277967939,0.12619372341043922,39.39,244.6,244.6,6.2,1.18,2983.2,1284,177.6,0.22179054054054056,NLA17_UT-10004,21.75125,4,2.54,oligo,Willard,United States of America,-112.130397,41.376955,7010000010,7020000010,7030073620.000001,6.20969789286621,18.62909367859863,12.41939578573242,9.314546839299314,19.641122995409088,29.366812447188003,29.366812447188003
9182,2007,summer,552,491,718.2151933542987,601,532,2362.2151933542987,0.233678964369106,0.20785574548049102,0.30404308437896693,0.25442220577143604,49.75,185.5,185.5,3.7,1.82,849.3,264,233.5,0.21306209850107063,NLA06608-0847,395,16,189.36,eu_mixo,,United States of America,-84.572568,40.53125,7010000010,7020046750.000001,7030047060,3.728643216080402,11.185929648241206,7.457286432160804,5.592964824120603,55.178098622947786,23.582366607065865,23.582366607065865
9183,2007,summer,508.0842267067278,541.1317691187777,733.0065262436256,539.4780411383481,558.5,2321.7005632074793,0.2188414107996763,0.2330756074638637,0.3157196659464825,0.2323633157899775,17.55,86.2,86.2,4.9,3.13,276.1,302,296.8,0.05913072776280323,NLA06608-0271,99,12,30.04,eu_mixo,,United States of America,-83.896997,40.478568,7010000010,7020046750.000001,7030047060,4.911680911680911,14.735042735042734,9.823361823361822,7.367521367521367,23.26532641813402,19.20262995905973,19.20262995905973
9183,2012,summer,470,532,631,487,560,2120,0.22169811320754718,0.2509433962264151,0.2976415094339623,0.22971698113207548,17.55,86.2,86.2,4.9,3.13,276.1,302,296.8,0.05913072776280323,NLA12_OH-105,138,16,111.2,eu_mixo,,United States of America,-83.896997,40.478568,7010000010,7020046750.000001,7030047060,4.911680911680911,14.735042735042734,9.823361823361822,7.367521367521367,23.26532641813402,19.20262995905973,19.20262995905973
9184,2012,summer,1284,1689,1747,662,569,5382,0.23857302118171683,0.31382385730211815,0.32460052025269415,0.12300260126347083,40.54,24.9,24.9,0.6,4.11,14,1260,41524.3,9.762958075151176e-4,NLA12_NV-104,125,18,3.101538462,eu_mixo,Rye Patch Reservoir,United States of America,-118.310227,40.470148,7010000010,7020000010,7030073620.000001,0.6142081894425259,1.8426245683275775,1.2284163788850517,0.9213122841637887,39.49819596069852,33.41471958017467,33.41471958017467
9184,2017,summer,773,1025,1109,320,567,3227,0.23954136969321352,0.31763247598388594,0.34366284474744346,0.09916330957545708,40.54,24.9,24.9,0.6,4.11,14,1260,41524.3,9.762958075151176e-4,NLA17_NV-10017,157.17125,26,3.64,eu_mixo,Rye Patch Reservoir,United States of America,-118.310227,40.470148,7010000010,7020000010,7030073620.000001,0.6142081894425259,1.8426245683275775,1.2284163788850517,0.9213122841637887,39.49819596069852,33.41471958017467,33.41471958017467
9186,2007,summer,337.13571072053594,192.97601244409873,338.2828505983721,305.59701806963983,495.5,1173.9915918326465,0.28717046447858624,0.1643759749103958,0.28814759232670434,0.2603059682843137,30.78,1074.4,1074.4,34.9,7.57,363.4,243,2476.5,0.01242883101150817,NLA06608-0514,7,4,3.856,oligo,Raystown Lake,United States of America,-78.007947,40.434494,7010000010,7020038339.999999,7030038340,34.90578297595842,104.71734892787525,69.81156595191683,52.358674463937625,56.673680472003035,27.77188962933334,27.77188962933334
9186,2012,summer,338,214.5,337.5,315,496,1205,0.2804979253112033,0.17800829875518673,0.2800829875518672,0.26141078838174275,30.78,1074.4,1074.4,34.9,7.57,363.4,243,2476.5,0.01242883101150817,NLA12_PA-101,17.5,10,4.305,oligo,Raystown Lake,United States of America,-78.007947,40.434494,7010000010,7020038339.999999,7030038340,34.90578297595842,104.71734892787525,69.81156595191683,52.358674463937625,56.673680472003035,27.77188962933334,27.77188962933334
9186,2017,summer,308,224,297,320,495,1149,0.268059181897302,0.19495213228894692,0.2584856396866841,0.278503046127067,30.78,1074.4,1074.4,34.9,7.57,363.4,243,2476.5,0.01242883101150817,NLA17_PA-10001,9.5275,17,5.699999999999999,oligo,Raystown Lake,United States of America,-78.007947,40.434494,7010000010,7020038339.999999,7030038340,34.90578297595842,104.71734892787525,69.81156595191683,52.358674463937625,56.673680472003035,27.77188962933334,27.77188962933334
9189,2007,summer,543.3699180492787,391.11510065097366,579.7453924816015,312.4452957599308,508,1826.6757069417847,0.29746381143864176,0.21411304653839047,0.3173772937793154,0.1710458482436523,11.26,233.1,233.1,20.7,3.22,459.5,1742,2725.8,0.00413089735123633,NLA06608-2463,6,5,1.576,oligo,,United States of America,-110.444834,40.191264,7010000010,7020000010,7030008710,20.70159857904085,62.104795737122565,41.4031971580817,31.052397868561282,21.764708358159833,23.737797293029335,23.737797293029335
9189,2012,summer,427,261.5,477.5,217.5,502,1383.5,0.308637513552584,0.18901337188290568,0.34513913986266714,0.15720997470184314,11.26,233.1,233.1,20.7,3.22,459.5,1742,2725.8,0.00413089735123633,NLA12_UT-102,21,10,1.668,oligo,,United States of America,-110.444834,40.191264,7010000010,7020000010,7030008710,20.70159857904085,62.104795737122565,41.4031971580817,31.052397868561282,21.764708358159833,23.737797293029335,23.737797293029335
9194,2007,summer,286,204.82844754565488,308.5337015161579,173,503,972.3621490618127,0.2941290961150104,0.21065037110225276,0.3173032823355453,0.17791725044719162,61.13,1390.9,1390.9,22.8,4.37,7615.1,2318,547.4,0.1116733649981732,NLA06608-0637,21,15,7.408,oligo,Strawberry,United States of America,-111.028275,40.137146,7010000010,7020000010,7030008710,22.753149026664488,68.25944707999346,45.506298053328976,34.12972353999673,65.09016747189827,40.415841724189335,40.415841724189335
9197,2007,summer,466.45178520323634,494.97073578130096,616.8975621808053,341.8886947634448,556,1920.2087779287874,0.24291722367104765,0.25776922877896424,0.3212658796645098,0.17804766788547824,50.01,1018.5,1018.5,20.4,2.44,533.6,595,53628.2,9.325317650042328e-4,NLA06608-2332,318,17,14.288,eu_mixo,Harlan County Lake,United States of America,-99.21467,40.072869,7010000010,7020046750.000001,7030047060,20.365926814637074,61.09778044391122,40.73185362927415,30.54889022195561,38.93529886111585,27.964399788179993,27.964399788179993
9197,2012,summer,533,607,736,399,555,2275,0.2342857142857143,0.26681318681318683,0.32351648351648354,0.1753846153846154,50.01,1018.5,1018.5,20.4,2.44,533.6,595,53628.2,9.325317650042328e-4,NLA12_NE-101,243,10,22,eu_mixo,Harlan County Lake,United States of America,-99.21467,40.072869,7010000010,7020046750.000001,7030047060,20.365926814637074,61.09778044391122,40.73185362927415,30.54889022195561,38.93529886111585,27.964399788179993,27.964399788179993
9197,2017,summer,446.81466434655084,373.708428069991,632.4065868302981,283.18451951896066,538.5,1736.1141987658007,0.25736478894314113,0.21525567173844865,0.3642655461719479,0.16311399314646227,50.01,1018.5,1018.5,20.4,2.44,533.6,595,53628.2,9.325317650042328e-4,NLA17_NE-10001,223.77749999999995,14,82.19,eu_mixo,Harlan County Lake,United States of America,-99.21467,40.072869,7010000010,7020046750.000001,7030047060,20.365926814637074,61.09778044391122,40.73185362927415,30.54889022195561,38.93529886111585,27.964399788179993,27.964399788179993
9213,2012,summer,578,608,747,416,551,2349,0.24606215410813112,0.25883354618986804,0.31800766283524906,0.1770966368667518,36.6,252.6,252.6,6.9,2.09,170,445,13156.1,0.00278197946199861,NLA12_KS-122,60,20,20,eu_mixo,Waconda Lake,United States of America,-98.318864,39.473081,7010000010,7020046750.000001,7030047060,6.9016393442622945,20.704918032786882,13.803278688524589,10.352459016393441,22.793725197399745,22.274673330601335,22.274673330601335
9219,2007,summer,336.62900927055773,339.7568443504148,500.628411266847,325.4699787750005,535,1502.48424366282,0.2240482791685783,0.22613005479654222,0.3332004401233478,0.21662122591153166,24.66,304.1,304.1,12.3,6.01,877.9,263,528.8,0.0466338880484115,NLA06608-0076,30,10,23.093333333333337,oligo,Smithville Lake,United States of America,-94.554967,39.398007,7010000010,7020046750.000001,7030047060,12.331711273317115,36.99513381995134,24.66342254663423,18.49756690997567,45.859483676476465,21.035870788547996,21.035870788547996
9219,2012,summer,502.5,484.5,615,480,542.5,2082,0.2413544668587896,0.23270893371757925,0.2953890489913545,0.23054755043227665,24.66,304.1,304.1,12.3,6.01,877.9,263,528.8,0.0466338880484115,NLA12_MO-103,34,4,17.12,eu_mixo,Smithville Lake,United States of America,-94.554967,39.398007,7010000010,7020046750.000001,7030047060,12.331711273317115,36.99513381995134,24.66342254663423,18.49756690997567,45.859483676476465,21.035870788547996,21.035870788547996
9219,2017,summer,384.6057168302169,339.2562494846951,481.1493687487293,363.63784026617384,543.5,1568.649175329815,0.24518274887649877,0.21627286382461205,0.30672847461100766,0.23181591268788157,24.66,304.1,304.1,12.3,6.01,877.9,263,528.8,0.0466338880484115,NLA17_MO-10002,38.24125,2,26.08,eu_mixo,Smithville Lake,United States of America,-94.554967,39.398007,7010000010,7020046750.000001,7030047060,12.331711273317115,36.99513381995134,24.66342254663423,18.49756690997567,45.859483676476465,21.035870788547996,21.035870788547996
9221,2012,summer,854,1216,1419,408,565,3897,0.2191429304593277,0.31203489863997946,0.3641262509622787,0.10469591993841416,37.49,446.7,446.7,11.9,3.12,370.6,1531,13310.8,0.00281650990173393,NLA12_UT-392,55,18,4.2,eu_mixo,,United States of America,-112.0302,39.372709,7010000010,7020000010,7030073620.000001,11.915177380634836,35.745532141904505,23.83035476126967,17.872766070952252,23.146461414730062,18.747860357861335,18.747860357861335
9229,2007,summer,403.3403980124104,303,498,426.2151388118135,520,1630.555536824224,0.24736379037906453,0.18582623722841266,0.3054173799991733,0.2613925923933495,40.19,544,544,13.5,5.66,497,164,1116.7,0.03598997044864332,NLA06608-0212,8,3,4.36,oligo,Monroe Lake,United States of America,-86.50046,39.007857,7010000010,7020046750.000001,7030047060,13.535705399353075,40.607116198059224,27.07141079870615,20.303558099029612,49.60993437799136,22.87485360389334,22.87485360389334
9229,2012,summer,372.5,307.5,496,281,529.5,1457,0.255662319835278,0.21105010295126972,0.3404255319148936,0.1928620452985587,40.19,544,544,13.5,5.66,497,164,1116.7,0.03598997044864332,NLA12_IN-115,27,15,14.13,oligo,Monroe Lake,United States of America,-86.50046,39.007857,7010000010,7020046750.000001,7030047060,13.535705399353075,40.607116198059224,27.07141079870615,20.303558099029612,49.60993437799136,22.87485360389334,22.87485360389334
9229,2017,summer,302,316,447,227,550,1292,0.23374613003095976,0.24458204334365324,0.3459752321981424,0.17569659442724458,40.19,544,544,13.5,5.66,497,164,1116.7,0.03598997044864332,NLA17_IN-10009,23.41875,3,8,oligo,Monroe Lake,United States of America,-86.50046,39.007857,7010000010,7020046750.000001,7030047060,13.535705399353075,40.607116198059224,27.07141079870615,20.303558099029612,49.60993437799136,22.87485360389334,22.87485360389334
9231,2007,summer,426.7026020953473,365,509.6274441940182,267,524,1568.3300462893656,0.272074492932732,0.2327316248665783,0.3249491045585625,0.17024477764212714,34.33,907.8,907.8,26.4,4.28,2136.4,464,5003.7,0.00686092291704138,NLA06608-R759,17,0,4.784,oligo,Wilson Lake,United States of America,-98.49375,38.963636,7010000010,7020046750.000001,7030047060,26.443344013981942,79.33003204194581,52.886688027963885,39.66501602097291,44.639605491367426,31.531416636698665,31.531416636698665
9231,2017,summer,427.1529290766218,390.7633728973998,541.0697943081382,394.44224129934184,543,1753.4283375815016,0.2436101435806567,0.22285676837889967,0.3085782194295058,0.22495486861093783,34.33,907.8,907.8,26.4,4.28,2136.4,464,5003.7,0.00686092291704138,NLA17_KS-HP003,35.5175,8,4.69,eu_mixo,Wilson Lake,United States of America,-98.49375,38.963636,7010000010,7020046750.000001,7030047060,26.443344013981942,79.33003204194581,52.886688027963885,39.66501602097291,44.639605491367426,31.531416636698665,31.531416636698665
9235,2012,summer,267.5,134.5,267,113.5,497.5,782.5,0.34185303514376997,0.1718849840255591,0.3412140575079872,0.1450479233226837,33.68,1102.7,1102.7,32.7,4.3,136.2,130,4821.9,0.00698479852340363,NLA12_CA-180,4.1,10,3.4,oligo,Folsom Lake,United States of America,-121.156241,38.710426,7010000010,7020000010,7030008720,32.74049881235155,98.22149643705464,65.4809976247031,49.11074821852732,44.639605491367426,23.65411839199999,23.65411839199999
9235,2017,summer,358.08034698779386,188,337.24600238785854,139.81788449529563,495,1023.144233870948,0.34998032059765244,0.18374730930039426,0.3296172633568263,0.13665510674512704,33.68,1102.7,1102.7,32.7,4.3,136.2,130,4821.9,0.00698479852340363,NLA17_CA-10008,10.5175,0,2.05,oligo,Folsom Lake,United States of America,-121.156241,38.710426,7010000010,7020000010,7030008720,32.74049881235155,98.22149643705464,65.4809976247031,49.11074821852732,44.639605491367426,23.65411839199999,23.65411839199999
9241,2017,summer,294,154.52131568911844,257.0061646075777,172,490,877.5274802966961,0.33503224297955575,0.17608715300502506,0.29287534621785605,0.19600525779756323,10.16,291.85,0,28.7,1.8,105559.9,2698,60.9,0.16683087027914614,NLA17_UT-10082,10.30875,3,1.5,oligo,,United States of America,-111.678633,38.576465,7010000010,7020000010,7030008710,28.725393700787407,86.17618110236222,57.450787401574814,43.08809055118111,17.970404231110194,34.40685978473986,34.40685978473986
9242,2007,summer,508.5,572.8120744082212,695.5,333.92817924587985,558,2110.7402536541013,0.2409107416792226,0.2713797083352972,0.3295052523852494,0.1582042976002307,23.94,447.8,447.8,18.7,4.56,763.1,314,872.8,0.02742896425297892,NLA06608-R736,26,10,11.04,oligo,Melvern Lake,United States of America,-95.715718,38.51407,7010000010,7020046750.000001,7030047060,18.705096073517126,56.115288220551385,37.41019214703425,28.057644110275692,26.246921172637695,26.787747012146664,26.787747012146664
9251,2007,summer,474,400,622,231.19614142322826,536,1727.1961414232283,0.2744332207744622,0.231589215843428,0.36012123063653056,0.1338563327455793,10.65,17.23,0,1.6,1.22,199467.8,1196,28,0.3803571428571429,NLA06608-0864,11,10,9.223,oligo,,United States of America,-102.739138,38.321902,7010000010,7020046750.000001,7030047060,1.6178403755868545,4.8535211267605645,3.235680751173709,2.4267605633802822,15.92053759901427,10.180096861013064,10.180096861013064
9251,2012,summer,523,657,863,291,561,2334,0.2240788346186804,0.2814910025706941,0.369751499571551,0.12467866323907455,10.65,17.23,0,1.6,1.22,199467.8,1196,28,0.3803571428571429,NLA12_CO-101,100,16.5,38.5335,eu_mixo,,United States of America,-102.739138,38.321902,7010000010,7020046750.000001,7030047060,1.6178403755868545,4.8535211267605645,3.235680751173709,2.4267605633802822,15.92053759901427,10.180096861013064,10.180096861013064
9267,2012,summer,345.5,207.5,399,157.5,501,1109.5,0.3114015322217215,0.18702118071203244,0.35962145110410093,0.14195583596214512,43.21,2985,2985,69.1,6.12,832,328,2368.6,0.0182428438740184,NLA12_CA-119,4.1,5,8,oligo,New Melones,United States of America,-120.522863,37.948664,7010000010,7020000010,7030008720,69.08123119648229,207.24369358944688,138.16246239296458,103.62184679472344,49.60993437799136,65.81429333333332,65.81429333333332
9267,2017,summer,332.83676969754407,243.5093111629623,367.62999368319186,203.20091770452643,500.5,1147.1769922482247,0.29013549953198964,0.21226830106288608,0.32046492927191184,0.17713127013321242,43.21,2985,2985,69.1,6.12,832,328,2368.6,0.0182428438740184,NLA17_CA-10009,11.8775,10,3,oligo,New Melones,United States of America,-120.522863,37.948664,7010000010,7020000010,7030008720,69.08123119648229,207.24369358944688,138.16246239296458,103.62184679472344,49.60993437799136,65.81429333333332,65.81429333333332
9268,2007,summer,380.5,327,460,382.5,526.5,1550,0.24548387096774194,0.21096774193548387,0.2967741935483871,0.2467741935483871,30.58,801.8,801.8,26.2,7.12,460.3,258,1640.2,0.01864406779661016,NLA06608-2152,29,13,23.832,oligo,Pomme de Terre Lake,United States of America,-93.32170300000001,37.897187,7010000010,7020046750.000001,7030047060,26.219751471550026,78.65925441465008,52.43950294310005,39.32962720732504,50.08153559872562,28.50031472533334,28.50031472533334
9268,2012,summer,333.5,270,405,260,525,1268.5,0.262908947575877,0.21284982262514782,0.3192747339377217,0.20496649586125346,30.58,801.8,801.8,26.2,7.12,460.3,258,1640.2,0.01864406779661016,NLA12_MO-102,48,20,34.88,eu_mixo,Pomme de Terre Lake,United States of America,-93.32170300000001,37.897187,7010000010,7020046750.000001,7030047060,26.219751471550026,78.65925441465008,52.43950294310005,39.32962720732504,50.08153559872562,28.50031472533334,28.50031472533334
9268,2017,summer,319.6485174462084,262.8969452267677,355.10283342802717,284.786602020543,518,1222.4348981215462,0.2614851047997698,0.2150600785618507,0.29048813476586416,0.23296668187251537,30.58,801.8,801.8,26.2,7.12,460.3,258,1640.2,0.01864406779661016,NLA17_MO-10004,24.685,12,12.93,oligo,Pomme de Terre Lake,United States of America,-93.32170300000001,37.897187,7010000010,7020046750.000001,7030047060,26.219751471550026,78.65925441465008,52.43950294310005,39.32962720732504,50.08153559872562,28.50031472533334,28.50031472533334
9275,2007,summer,483.3230196860917,496.0308090901992,620.1706478226736,398.055949245441,550,1997.5804258444057,0.24195422293537153,0.24831581380785706,0.31046091551508803,0.19926904774168333,16.02,226.3,226.3,14.1,2.25,352.9,2064,999.5,0.0160280140070035,NLA06608-1461,47,9,18.216,eu_mixo,Lake Crowley,United States of America,-118.707834,37.587829,7010000010,7020000010,7030073620.000001,14.126092384519353,42.37827715355805,28.252184769038706,21.189138576779026,21.21891377960879,47.40569887376668,47.40569887376668
9276,2007,summer,361.8412430068667,283,421.7946336876957,242,500,1308.6358766945625,0.2765026157779113,0.2162557247894042,0.3223162693300844,0.18492539010260006,19.35,1480.2,1480.2,76.5,6.16,463.1,256,2687.1,0.00720107178742882,NLA06608-1717,3,3,0.878,oligo,Lake McClure,United States of America,-120.271021,37.586276,7010000010,7020000010,7030008720,76.49612403100775,229.4883720930233,152.9922480620155,114.74418604651164,39.96979718143279,30.230848000000012,30.230848000000012
9276,2012,summer,358,239,365,210,497.5,1172,0.3054607508532423,0.20392491467576793,0.31143344709897613,0.17918088737201365,19.35,1480.2,1480.2,76.5,6.16,463.1,256,2687.1,0.00720107178742882,NLA12_CA-R03,16,17,5.04,oligo,Lake McClure,United States of America,-120.271021,37.586276,7010000010,7020000010,7030008720,76.49612403100775,229.4883720930233,152.9922480620155,114.74418604651164,39.96979718143279,30.230848000000012,30.230848000000012
9282,2012,summer,616,433,814,534.5,521,2397.5,0.2569343065693431,0.18060479666319082,0.3395203336809176,0.2229405630865485,17.98,751.7,751.7,41.8,10.55,355.9,157,1809,0.00993919292426755,NLA12_KY-114,25,10,10.8,oligo,Nolin Lake,United States of America,-86.24652899999998,37.278458,7010000010,7020046750.000001,7030047060,41.80756395995551,125.42269187986652,83.61512791991102,62.71134593993326,59.2123073701774,19.2952128,19.2952128
9293,2012,summer,737.25,1095,1009.5,1128.5,575,3970.25,0.18569359612115105,0.27580127196020404,0.25426610414961276,0.2842390277690322,10.83,67.61,0,6.2,2.29,52.1,225,1869.2,0.00579392253370425,NLA12_OK-134,87,172,13.4,eu_mixo,,United States of America,-96.082598,36.9327,7010000010,7020046750.000001,7030047060,6.242843951985226,18.72853185595568,12.485687903970453,9.36426592797784,18.612106156169173,12.589824884563999,12.589824884563999
9294,2012,summer,318.25,321,441.25,306.5,544.5,1387,0.22945205479452055,0.23143475126171592,0.31813266041816873,0.2209805335255948,23.81,1399.5,1399.5,58.8,6.85,373.6,109,3345.4,0.00711723560710228,NLA12_MO-106,110,22,66.6,eu_mixo,Wappapello Lake,United States of America,-90.282381,36.931986,7010000010,7020046750.000001,7030047060,58.77782444351113,176.3334733305334,117.55564888702226,88.1667366652667,47.53512687182881,26.681224120613333,26.681224120613333
9296,2007,summer,515.9391514492216,627.7422663484058,683.3259849573134,451.7484035866733,566,2278.755806341614,0.22641265466593655,0.2754758823220303,0.2998680170361678,0.19824344597586538,16.71,416.9,416.9,24.9,2.85,430.8,217,1319.6,0.0126629281600485,NLA06608-1960,108,13,14.848,eu_mixo,Copan Lake,United States of America,-95.972917,36.886385,7010000010,7020046750.000001,7030047060,24.94913225613405,74.84739676840215,49.8982645122681,37.423698384201074,23.26532641813402,18.92979209466667,18.92979209466667
9300,2007,summer,446.04637113320325,540.1094672085643,589.7803934073344,273,563,1848.9362317491018,0.24124486473567638,0.29211903468277994,0.3189836313875463,0.14765246919399747,58.74,1637,1637,27.9,4.2,162.6,308,119049.5,4.934082041503744e-4,NLA06608-4320,177,20,2.504,eu_mixo,Kaw Lake,United States of America,-96.927032,36.702154,7010000010,7020046750.000001,7030047060,27.868573374191353,83.60572012257404,55.737146748382706,41.80286006128702,63.82717194784816,34.31995692061333,34.31995692061333
9301,2017,summer,599.1235187026323,599.4483243733388,868.1839829975734,172.5,546,2239.2558260735445,0.2675547437351873,0.26769979445557596,0.38771094079049606,0.07703452101874068,23.09,493.4,493.4,21.4,2.57,1063.8,2190,1741,0.01326249282021826,NLA17_NM-10049,43.8075,13,5.37,eu_mixo,Heron,United States of America,-106.70481,36.666231,7010000010,7020047840,7030049270.000001,21.368557817236898,64.1056734517107,42.737115634473795,32.05283672585535,23.26532641813402,51.18139330428935,51.18139330428935
9306,2007,summer,427.7196901581816,252.04427612305233,490,299.4327486636092,499,1469.196714944843,0.2911248615024566,0.17155243648398344,0.33351558373066176,0.20380711828289824,22.37,942.4,942.4,42.1,6.73,311.8,524,1817.4,0.01230879278089578,NLA06608-1348,5,5,1.31,oligo,South Holston Lake,United States of America,-82.085291,36.523027,7010000010,7020046750.000001,7030047060,42.12784979883773,126.38354939651316,84.25569959767546,63.19177469825658,46.2721313477787,37.736597547306665,37.736597547306665
9306,2012,summer,367,189.5,408.5,255,500,1220,0.3008196721311475,0.15532786885245903,0.3348360655737705,0.20901639344262296,22.37,942.4,942.4,42.1,6.73,311.8,524,1817.4,0.01230879278089578,NLA12_TN-104,13,10,5.112,oligo,South Holston Lake,United States of America,-82.085291,36.523027,7010000010,7020046750.000001,7030047060,42.12784979883773,126.38354939651316,84.25569959767546,63.19177469825658,46.2721313477787,37.736597547306665,37.736597547306665
9315,2007,summer,289.70494947583364,255.18076591664666,336.7098156215744,250.41363687833115,519.5,1132.009167892386,0.2559210275789695,0.2254228792084353,0.29744442463171256,0.2212116685808826,34.98,400,400,11.4,6.55,711.8,220,914.1,0.03826714801444043,NLA06608-0376,6,19,4.245,oligo,Skiatook Lake,United States of America,-96.090323,36.350468,7010000010,7020046750.000001,7030047060,11.435105774728418,34.30531732418525,22.870211549456837,17.152658662092627,49.60993437799136,28.984207329360007,28.984207329360007
9315,2012,summer,401,351.5,474,395,513.5,1621.5,0.24730188097440642,0.2167745914276904,0.2923219241443108,0.24360160345359236,34.98,400,400,11.4,6.55,711.8,220,914.1,0.03826714801444043,NLA12_OK-104,5,23,4.28,dys,Skiatook Lake,United States of America,-96.090323,36.350468,7010000010,7020046750.000001,7030047060,11.435105774728418,34.30531732418525,22.870211549456837,17.152658662092627,49.60993437799136,28.984207329360007,28.984207329360007
9315,2017,summer,449.5190268033419,419.80311465982925,508.02753113707547,460.7132279021769,540,1838.0629005024236,0.24456128605852853,0.22839431367940594,0.27639289765231057,0.25065150260975494,34.98,400,400,11.4,6.55,711.8,220,914.1,0.03826714801444043,NLA17_OK-10035,11.9575,12,8.97,oligo,Skiatook Lake,United States of America,-96.090323,36.350468,7010000010,7020046750.000001,7030047060,11.435105774728418,34.30531732418525,22.870211549456837,17.152658662092627,49.60993437799136,28.984207329360007,28.984207329360007
9328,2017,summer,352,315,397,305.9680770084797,539,1369.9680770084797,0.25694029365169013,0.22993236505762044,0.28978777437420733,0.22333956691648216,79.63,2063.1,2063.1,25.9,7.83,91.5,223,186864.5,4.261376558950469e-4,NLA17_OK-10002,154.89,10,20.16,eu_mixo,Keystone Lake,United States of America,-96.25625,36.152083,7010000010,7020046750.000001,7030047060,25.90857716940852,77.72573150822555,51.81715433881704,38.862865754112775,110.15165436119425,30.09908266666667,30.09908266666667
9331,2007,summer,437.89671272465466,408.2800870961513,570,266.71417877157927,549,1682.8909785923854,0.26020503900432285,0.24260637931379703,0.3387028674173315,0.15848571426454855,27.29,473.4,473.4,17.3,1.83,565,496,33531.9,8.138518843250755e-4,NLA06608-4056,75,8,8.08,eu_mixo,Canton Lake,United States of America,-98.602083,36.085762,7010000010,7020046750.000001,7030047060,17.347013558079883,52.041040674239646,34.694027116159766,26.020520337119823,21.21891377960879,23.071847154117332,23.071847154117332
9331,2012,summer,687,821,941,481,563,2930,0.23447098976109215,0.28020477815699657,0.321160409556314,0.16416382252559727,27.29,473.4,473.4,17.3,1.83,565,496,33531.9,8.138518843250755e-4,NLA12_OK-106,71,42,26.8,eu_mixo,Canton Lake,United States of America,-98.602083,36.085762,7010000010,7020046750.000001,7030047060,17.347013558079883,52.041040674239646,34.694027116159766,26.020520337119823,21.21891377960879,23.071847154117332,23.071847154117332
9331,2017,summer,451.25269822268797,461.5,665,260.18394412750143,551,1837.9366423501895,0.24552135684376272,0.2510967948328594,0.3618187834536327,0.14156306486974513,27.29,473.4,473.4,17.3,1.83,565,496,33531.9,8.138518843250755e-4,NLA17_OK-10007,47.00625,5,16.56,eu_mixo,Canton Lake,United States of America,-98.602083,36.085762,7010000010,7020046750.000001,7030047060,17.347013558079883,52.041040674239646,34.694027116159766,26.020520337119823,21.21891377960879,23.071847154117332,23.071847154117332
9336,2007,summer,348.7221710790017,239.71003126266527,415.81882954646204,303.28705297496805,504,1307.538084863097,0.2667013489825147,0.18332929192480354,0.31801661026951994,0.23195274882316186,13.22,157.3,157.3,11.9,6.6,28.7,286,3435.6,0.00384794504598905,NLA06608-1113,9,9,7.568,oligo,Lake Hickory,United States of America,-81.194332,35.821759,7010000010,7020038339.999999,7030042040.000001,11.898638426626324,35.695915279878975,23.797276853252647,17.847957639939487,24.409182196997044,19.269072775028,19.269072775028
9336,2012,summer,276.5,209.5,348,259.5,521.5,1093.5,0.2528577960676726,0.19158664837677183,0.31824417009602196,0.23731138545953362,13.22,157.3,157.3,11.9,6.6,28.7,286,3435.6,0.00384794504598905,NLA12_NC-101,46.5,14,12.074,eu_mixo,Lake Hickory,United States of America,-81.194332,35.821759,7010000010,7020038339.999999,7030042040.000001,11.898638426626324,35.695915279878975,23.797276853252647,17.847957639939487,24.409182196997044,19.269072775028,19.269072775028
9336,2017,summer,356.03403383506713,234.9652655821197,380.51680690360627,304.8184957794859,502,1276.334602100279,0.27895038906662367,0.184093783241065,0.29813248522561786,0.23882334246669348,13.22,157.3,157.3,11.9,6.6,28.7,286,3435.6,0.00384794504598905,NLA17_NC-10001,25.473125,11,12.36,oligo,Lake Hickory,United States of America,-81.194332,35.821759,7010000010,7020038339.999999,7030042040.000001,11.898638426626324,35.695915279878975,23.797276853252647,17.847957639939487,24.409182196997044,19.269072775028,19.269072775028
9343,2007,summer,803.2427281942589,1429.385499902341,1396.884891127737,526.7014717204229,571,4156.21459094476,0.1932630547865123,0.34391523070453967,0.33609546874003143,0.1267262457689166,34.96,3002.6,3002.6,85.9,3.52,3304.7,895,50925,6.864997545409917e-4,NLA06608-0560,27,6,12.96,oligo,Lake Meredith,United States of America,-101.553663,35.71307800000001,7010000010,7020046750.000001,7030047060,85.88672768878719,257.6601830663615,171.77345537757438,128.83009153318076,25.77531995190342,63.167698666666624,36.21024
9343,2017,summer,616,955.0970082666701,1041.5,390.5,565.5,3003.09700826667,0.20512157892479918,0.3180373479902781,0.3468086435879518,0.1300324294969709,34.96,3002.6,3002.6,85.9,3.52,3304.7,895,50925,6.864997545409917e-4,NLA17_TX-10004,23.31875,11,6.43,oligo,Lake Meredith,United States of America,-101.553663,35.71307800000001,7010000010,7020046750.000001,7030047060,85.88672768878719,257.6601830663615,171.77345537757438,128.83009153318076,25.77531995190342,63.167698666666624,36.21024
9348,2012,summer,323,263,398,245,517,1229,0.2628152969894223,0.21399511798209928,0.32384052074857606,0.19934906427990237,48.77,1518.2,1518.2,31.1,6,479.3,198,4134.3,0.01179643470478678,NLA12_OK-107,5,12,10.3,oligo,Tenkiller Lake,United States of America,-95.037008,35.595392,7010000010,7020046750.000001,7030047060,31.129792905474673,93.38937871642402,62.259585810949346,46.69468935821201,59.796698193592675,28.965613333333348,28.965613333333348
9354,2007,summer,548,440,662.5,323.21762644131195,520.5,1973.717626441312,0.27764863253922745,0.22292955897310232,0.3356609836810916,0.16376082480657866,31.46,874.7,874.7,27.8,5.15,2397.3,1279,18871.4,0.00166707292516718,NLA06608-1300,5,1,1.594,oligo,Conchas Lake,United States of America,-104.191262,35.40124,7010000010,7020046750.000001,7030047060,27.80356007628735,83.41068022886205,55.6071201525747,41.705340114431024,45.3878824557422,29.173662762345334,29.173662762345334
9355,2012,summer,531.5,453.5,691.5,220.5,537,1897,0.2801792303637322,0.23906167633104902,0.36452293094359517,0.11623616236162361,22.68,497.1,497.1,21.9,5.41,828.3,1153,28284.2,8.018611097361778e-4,NLA12_NM-129,24,12,1.58,oligo,,United States of America,-103.44804,35.351627,7010000010,7020046750.000001,7030047060,21.91798941798942,65.75396825396825,43.83597883597884,32.87698412698413,39.96979718143279,24.129067221249336,24.129067221249336
9362,2007,summer,334.5,305.5,420,296.5427196188245,542,1356.5427196188245,0.24658272471801793,0.2252048502282645,0.30961059605849783,0.21860182899521965,14.41,89.5,89.5,6.2,3.37,833.4,416,793.3,0.01816462876591453,NLA06608-1372,113,13,62.64,eu_mixo,Fort Cobb,United States of America,-98.45625500000001,35.164589,7010000010,7020046750.000001,7030047060,6.210964607911172,18.632893823733518,12.421929215822344,9.316446911866759,21.764708358159833,22.889775406346665,22.889775406346665
9362,2012,summer,459.25,425.5,544,389,543,1817.75,0.2526475037821483,0.23408059414110852,0.29927107688075916,0.21400082519598404,14.41,89.5,89.5,6.2,3.37,833.4,416,793.3,0.01816462876591453,NLA12_OK-102,128,1,40.5,eu_mixo,Fort Cobb,United States of America,-98.45625500000001,35.164589,7010000010,7020046750.000001,7030047060,6.210964607911172,18.632893823733518,12.421929215822344,9.316446911866759,21.764708358159833,22.889775406346665,22.889775406346665
9368,2007,summer,463.5,343,450,652,493,1908.5,0.24286088551218235,0.1797222949960702,0.23578726748755569,0.34162955200419176,39.05,310.3,310.3,7.9,8,2.6,194,56567.5,6.903257170636849e-4,NLA06608-0239,36,10,2.659,eu_mixo,Nickajack Lake,United States of America,-85.61824699999998,35.001899,7010000010,7020046750.000001,7030047060,7.946222791293215,23.838668373879646,15.89244558258643,11.919334186939823,78.22048645628327,20.869986787280006,20.869986787280006
9368,2017,summer,381,310,397,318,503,1406,0.2709815078236131,0.22048364153627312,0.28236130867709813,0.22617354196301565,39.05,310.3,310.3,7.9,8,2.6,194,56567.5,6.903257170636849e-4,NLA17_TN-10006,41.27,13,2.98,eu_mixo,Nickajack Lake,United States of America,-85.61824699999998,35.001899,7010000010,7020046750.000001,7030047060,7.946222791293215,23.838668373879646,15.89244558258643,11.919334186939823,78.22048645628327,20.869986787280006,20.869986787280006
9370,2017,summer,264,128,255,169,493,816,0.3235294117647059,0.1568627450980392,0.3125,0.20710784313725492,29.19,1588.5,1588.5,54.4,4.36,1622.7,342,385.3,0.07575914871528679,NLA17_SC-HP002,6.89125,5,2.53,oligo,Jocassee,United States of America,-82.919421,34.961163,7010000010,7020038339.999999,7030042040.000001,54.419321685508734,163.25796505652622,108.83864337101747,81.62898252826311,26.246921172637695,29.733420027756,29.733420027756
9371,2007,summer,679.3372854695199,1019.0067940007916,930.8953923286533,521.8972088641956,574,3151.1366806631604,0.2155848363031186,0.32337752921156704,0.29541574570251433,0.16562188878280001,23.71,527.3,527.3,22.2,3.49,227.4,148,2613.4,0.00907247264100405,NLA06608-3320,88,21,19.067,eu_mixo,Wister Lake,United States of America,-94.719351,34.939583,7010000010,7020046750.000001,7030047060,22.23956136651202,66.71868409953606,44.47912273302404,33.35934204976803,23.26532641813402,15.535935999800005,15.535935999800005
9378,2007,summer,772.6201845610163,1029.400968030312,1161.0411302208618,770.551878564928,565,3733.614161377118,0.20693626903215964,0.27571166262413804,0.31096976817567556,0.2063823001680268,39.42,1706.9,1706.9,43.3,3.59,293.1,64,2585.1,0.01524892654055936,NLA06608-0432,218,6,24.8,eu_mixo,Arkabutla Lake,United States of America,-90.122793,34.756146,7010000010,7020046750.000001,7030047060,43.30035514967022,129.90106544901064,86.60071029934043,64.95053272450532,25.77531995190342,22.657383466666673,22.657383466666673
9378,2012,summer,583,1045,976,988,573,3592,0.16230512249443207,0.29092427616926503,0.2717149220489978,0.2750556792873051,39.42,1706.9,1706.9,43.3,3.59,293.1,64,2585.1,0.01524892654055936,NLA12_MS-107,212,13,25.6,eu_mixo,Arkabutla Lake,United States of America,-90.122793,34.756146,7010000010,7020046750.000001,7030047060,43.30035514967022,129.90106544901064,86.60071029934043,64.95053272450532,25.77531995190342,22.657383466666673,22.657383466666673
9378,2017,summer,566.0060957708649,682.4745485019797,705.4906705296252,644.0879956384548,567,2598.0593104409245,0.21785726503480257,0.2626862850125446,0.27154525214048875,0.24791119781216414,39.42,1706.9,1706.9,43.3,3.59,293.1,64,2585.1,0.01524892654055936,NLA17_MS-10002,54.89375,15,16.32,eu_mixo,Arkabutla Lake,United States of America,-90.122793,34.756146,7010000010,7020046750.000001,7030047060,43.30035514967022,129.90106544901064,86.60071029934043,64.95053272450532,25.77531995190342,22.657383466666673,22.657383466666673
9387,2007,summer,454.7138981519663,334.93181438122696,502,380.1147752585874,502.5,1671.7604877917806,0.27199703634136935,0.20034677026230988,0.30028224956021604,0.22737394383610474,21.07,225.9,225.9,10.7,7.8,44.7,123,3763.7,0.00559821452294284,NLA06608-1204,10,6,5.04,oligo,Lake Hamilton,United States of America,-93.028,34.443306,7010000010,7020046750.000001,7030047060,10.721404841006171,32.164214523018515,21.442809682012342,16.082107261509258,50.08153559872562,21.070016910005332,21.070016910005332
9387,2012,summer,421,313,456,379,503,1569,0.26832377310388783,0.19949012109623965,0.29063097514340347,0.24155513065646908,21.07,225.9,225.9,10.7,7.8,44.7,123,3763.7,0.00559821452294284,NLA12_AR-103,15,5,4.944,oligo,Lake Hamilton,United States of America,-93.028,34.443306,7010000010,7020046750.000001,7030047060,10.721404841006171,32.164214523018515,21.442809682012342,16.082107261509258,50.08153559872562,21.070016910005332,21.070016910005332
9387,2017,summer,607.5756776126722,570.8245656703377,668.1289716379401,626.4199412879726,533,2472.9491562089224,0.2456887057654259,0.23082745726378884,0.27017497305209237,0.253308863918693,21.07,225.9,225.9,10.7,7.8,44.7,123,3763.7,0.00559821452294284,NLA17_AR-10002,13.915,4,6.67,oligo,Lake Hamilton,United States of America,-93.028,34.443306,7010000010,7020046750.000001,7030047060,10.721404841006171,32.164214523018515,21.442809682012342,16.082107261509258,50.08153559872562,21.070016910005332,21.070016910005332
9397,2007,summer,462.8816473600977,465.3173495209752,683.3342210508661,241.07261998897036,550,1852.6058379209094,0.2498543607525104,0.25116910461816233,0.36885030105364414,0.1301262335756831,11.18,50.04,0,4.5,1.87,63.5,341,11967,9.34235815158352e-4,NLA06608-0061,18.333333333333332,10,5.576,oligo,,United States of America,-113.597,34.236857,7010000010,7020000010,7030008710,4.475849731663685,13.427549194991057,8.95169946332737,6.7137745974955285,17.970404231110194,20.152561982981332,20.152561982981332
9403,2007,summer,405,344.9352368064609,525.6348005386155,409.69793709591505,514,1685.2679744409913,0.24031786406808078,0.20467678852134896,0.31189983344516486,0.2431055139654055,36.21,826.5,826.5,22.8,8.8,166.1,258,2901.3,0.01248061213938579,NLA06608-0591,5,3,5.808,oligo,Allatoona Lake,United States of America,-84.726313,34.164969,7010000010,7020038339.999999,7030042040.000001,22.825186412593208,68.4755592377796,45.650372825186416,34.2377796188898,78.22048645628327,21.784142429333333,21.784142429333333
9403,2012,summer,299,244,387.5,249.5,528.5,1180,0.2533898305084746,0.20677966101694914,0.3283898305084746,0.2114406779661017,36.21,826.5,826.5,22.8,8.8,166.1,258,2901.3,0.01248061213938579,NLA12_GA-104,15,10,5.024,oligo,Allatoona Lake,United States of America,-84.726313,34.164969,7010000010,7020038339.999999,7030042040.000001,22.825186412593208,68.4755592377796,45.650372825186416,34.2377796188898,78.22048645628327,21.784142429333333,21.784142429333333
9403,2017,summer,354.6187661392121,271.35296230363565,470.15113533563806,215.4161597753698,527,1311.5390235538555,0.2703836940957407,0.20689659814189518,0.35847285280286767,0.16424685495949654,36.21,826.5,826.5,22.8,8.8,166.1,258,2901.3,0.01248061213938579,NLA17_GA-10004,10.0975,9,7.41,oligo,Allatoona Lake,United States of America,-84.726313,34.164969,7010000010,7020038339.999999,7030042040.000001,22.825186412593208,68.4755592377796,45.650372825186416,34.2377796188898,78.22048645628327,21.784142429333333,21.784142429333333
9414,2012,summer,332,309.5,450,285,546,1376.5,0.2411914275335997,0.22484562295677443,0.32691609153650564,0.20704685797312022,21.36,564.7,564.7,26.4,3.03,1433.6,142,415,0.05146987951807229,NLA12_TX-165,26,9,7.9,oligo,Pat Mayse Lake,United States of America,-95.557174,33.85427,7010000010,7020046750.000001,7030047060,26.437265917603003,79.311797752809,52.87453183520601,39.6558988764045,23.26532641813402,18.606927992000006,15.97152
9418,2017,summer,392.77226184526415,507,694,225.9651164833278,559,1819.737378328592,0.21584008029005866,0.2786116315672285,0.3813737126383759,0.12417457550433687,43.16,844.9,844.9,19.6,4.21,1717.4,283,2342.9,0.01842161423876392,NLA17_TX-10022,99.7275,2,12.94,eu_mixo,,United States of America,-98.36038300000001,33.762939,7010000010,7020046750.000001,7030047060,19.575996292863763,58.72798887859128,39.15199258572753,29.36399443929564,39.49819596069852,14.782608029333337,13.44168
9428,2017,summer,232,216,325,208,541,981,0.23649337410805302,0.22018348623853212,0.3312945973496432,0.21202854230377166,55.76,801.8,801.8,14.4,10.65,24.8,141,20143.6,0.00276812486348021,NLA17_AL-10002,54.03875,7,31.04,eu_mixo,Logan Martin Lake,United States of America,-86.33435,33.424661,7010000010,7020038339.999999,7030042040.000001,14.379483500717358,43.138450502152075,28.758967001434716,21.569225251076038,87.02980379789682,18.394112000000003,18.394112000000003
9443,2012,summer,418.5,405.5,517.5,327,548,1668.5,0.2508240934971531,0.24303266406952354,0.3101588252921786,0.19598441714114473,65.48,2569.1,2569.1,39.2,4.26,1209.4,157,4296.1,0.0152417308721864,NLA12_TX-110,26,11,14.85714286,oligo,Lewisville Lake,United States of America,-96.969792,33.069896,7010000010,7020047840,7030047840.000001,39.23488087965791,117.70464263897372,78.46976175931582,58.85232131948686,83.01480138902083,21.91742133333334,21.06168
9446,2007,summer,531,472.9824768335925,685,328.3660008660805,525,2017.348477699673,0.26321679465388387,0.23445749807832975,0.33955462210529275,0.16277108516249372,68.48,1136.3,1136.3,16.6,3.52,939.2,151,1999.7,0.03424513677051558,NLA06608-0456,29,15,25.098,oligo,Lavon Lake,United States of America,-96.469792,33.033002,7010000010,7020047840,7030047840.000001,16.593165887850468,49.7794976635514,33.186331775700936,24.8897488317757,86.9490225111456,14.587727999999995,13.62456
9448,2017,summer,401.9252497798005,395.90726765767977,532.1373761517583,442.364976739138,549,1772.3348703283764,0.22677726230446066,0.22338175154468776,0.3002465194701972,0.24959446668065446,10.34,36.56,0,3.5,2.52,276.7,26,61.2,0.16895424836601303,NLA17_MS-10037,177.33,18,61.78,eu_mixo,,United States of America,-91.043395,33.018897,7010000010,7020046750.000001,7030047060,3.5357833655706,10.6073500967118,7.0715667311412,5.3036750483559,18.612106156169173,13.308247048425331,13.308247048425331
9456,2012,summer,657,590,823,363,541,2433,0.27003699136868065,0.2424989724619811,0.3382655158240855,0.14919852034525277,43.15,888.1,888.1,20.6,4.56,2706.4,360,2852.4,0.01512761183564717,NLA12_TX-124,25,10,12.08,oligo,Hubbard Creek Lake,United States of America,-98.962026,32.825436,7010000010,7020047840,7030047840.000001,20.581691772885286,61.74507531865585,41.16338354577057,30.872537659327925,45.3878824557422,23.094887008146657,13.8684
9462,2007,summer,368,253,324,257,490,1202,0.30615640599001664,0.21048252911813645,0.26955074875207985,0.21381031613976706,69.89,2465.4,2465.4,35.3,5.01,998.8,71,2286.2,0.03057037879450617,NLA06608-1560,42,30,27.467,eu_mixo,Lake of the Pines,United States of America,-94.506269,32.752105,7010000010,7020046750.000001,7030047060,35.27543282300759,105.82629846902275,70.55086564601518,52.91314923451137,95.44098589968861,17.48379733333334,15.27048
9462,2012,summer,317.5,265.5,369,262.5,520.5,1214.5,0.261424454508028,0.21860848085631948,0.3038287361053932,0.21613832853025935,69.89,2465.4,2465.4,35.3,5.01,998.8,71,2286.2,0.03057037879450617,NLA12_TX-113,60,22,40.64,eu_mixo,Lake of the Pines,United States of America,-94.506269,32.752105,7010000010,7020046750.000001,7030047060,35.27543282300759,105.82629846902275,70.55086564601518,52.91314923451137,95.44098589968861,17.48379733333334,15.27048
9462,2017,summer,277.8120564137224,211.79933314934772,307.6155239186903,197.8136387437051,503,995.0405522254655,0.27919671795524287,0.21285497628779682,0.30914873090417316,0.19879957485278715,69.89,2465.4,2465.4,35.3,5.01,998.8,71,2286.2,0.03057037879450617,NLA17_TX-10007,44.845,10,48.4,eu_mixo,Lake of the Pines,United States of America,-94.506269,32.752105,7010000010,7020046750.000001,7030047060,35.27543282300759,105.82629846902275,70.55086564601518,52.91314923451137,95.44098589968861,17.48379733333334,15.27048
9470,2017,summer,397.3361281853272,367.03086708802766,588.4490557554207,203.5,541,1556.3160510287755,0.25530555180143205,0.23583311811595614,0.37810382753968047,0.13075750254293136,39.22,444.1,444.1,11.3,3.11,131796.1,674,6239.6,0.00628565933713699,NLA17_TX-10020,18.5575,2,6.09,oligo,Lake J.B. Thomas,United States of America,-101.137062,32.585119,7010000010,7020047840,7030047840.000001,11.323304436511986,33.96991330953595,22.646608873023972,16.984956654767974,23.146461414730062,19.08830894319467,19.3548
9473,2007,summer,334.70696302618535,268.6514341041912,344.2140668059894,236.03890415362474,514.5,1183.6113680899907,0.28278451191822057,0.22697605087869133,0.2908167968692732,0.19942264033381485,26.22,265.2,265.2,10.1,2.93,375,52,667.4,0.03928678453700929,NLA06608-0328,76.66666666666667,22.666666666666668,106.512,eu_mixo,Cross Lake,United States of America,-93.803125,32.513774,7010000010,7020046750.000001,7030047060,10.11441647597254,30.34324942791762,20.22883295194508,15.17162471395881,23.26532641813402,14.41337012523333,14.41337012523333
9478,2007,summer,465.94424621624046,342.34813275834256,437.75588605956875,401.61203585537794,505,1647.66030088953,0.2827914503764453,0.20777834640642703,0.26568333643969905,0.24374686677742846,25.89,392.2,392.2,15.1,5.32,89.8,42,3772.5,0.00686282306163021,NLA06608-1608,64,63,31.52,eu_mixo,Lake Bistineau,United States of America,-93.417708,32.323998,7010000010,7020046750.000001,7030047060,15.14870606411742,45.44611819235226,30.29741212823484,22.72305909617613,39.96979718143279,19.790665442250667,19.790665442250667
9484,2012,summer,390,376.5,452.5,377,553,1596,0.24436090225563908,0.23590225563909775,0.28352130325814534,0.2362155388471178,47.09,324.66,0,6.9,2.76,192.1,109,1873.3,0.02513745796188544,NLA12_TX-105,35,18,37.28,eu_mixo,Palestine,United States of America,-95.473002,32.148017,7010000010,7020047840,7030047840.000001,6.894457421957952,20.68337226587386,13.788914843915904,10.34168613293693,23.146461414730062,10.789247466566666,10.789247466566666
9486,2007,summer,433,376,473,534,529.5,1816,0.23843612334801761,0.20704845814977973,0.2604625550660793,0.29405286343612336,12.95,113.5,113.5,8.8,2.51,430,83,288.1,0.04494967025338423,NLA06608-TX:22,11,12,109.833,oligo,Lake Murvaul,United States of America,-94.424401,32.038477,7010000010,7020047840,7030047840.000001,8.764478764478765,26.293436293436297,17.52895752895753,13.146718146718149,19.718295719634607,11.183618133333331,8.80872
9489,2017,summer,289.18939145491515,248,378,151,539,1066.189391454915,0.2712364180066444,0.23260407765038896,0.35453363448325415,0.14162586985971262,16.11,640.1,640.1,39.7,3.04,582.4,858,55173.7,2.9198694305439005e-4,NLA17_TX-10021,13.58625,0,12.93,oligo,,United States of America,-103.911505,31.906225,7010000010,7020047840,7030049270.000001,39.73308504034761,119.19925512104285,79.46617008069522,59.59962756052143,23.26532641813402,32.68147902226668,34.1376
9502,2007,summer,713,966.3343586086806,993,515,571,3187.3343586086808,0.22369789917843297,0.30317947535021084,0.3115456015205946,0.16157702395076154,11.63,68.28,0,5.9,3.25,380.5,31,117.5,0.09897872340425531,NLA06608-4686,84,15,16.8,eu_mixo,,United States of America,-92.712096,31.386704,7010000010,7020046750.000001,7030047060,5.871023215821152,17.613069647463455,11.742046431642304,8.806534823731727,21.764708358159833,22.217435486350666,22.217435486350666
9502,2012,summer,745,977,1013,511,569,3246,0.22951324707332102,0.30098582871226126,0.31207640172520024,0.1574245224892175,11.63,68.28,0,5.9,3.25,380.5,31,117.5,0.09897872340425531,NLA12_LA-102,112,17,11.664,eu_mixo,,United States of America,-92.712096,31.386704,7010000010,7020046750.000001,7030047060,5.871023215821152,17.613069647463455,11.742046431642304,8.806534823731727,21.764708358159833,22.217435486350666,22.217435486350666
9525,2007,summer,501,394,546.6620850651157,483,521,1924.6620850651157,0.26030543433448994,0.20471125973610588,0.28403016264884795,0.2509531432805562,28.87,185,185,6.4,4.45,34.6,23,4429.9,0.00651707713492403,NLA06608-2074,72,24,61.091,eu_mixo,Lake Talquin,United States of America,-84.64700999999998,30.390823,7010000010,7020038339.999999,7030042040.000001,6.408036023553862,19.224108070661586,12.816072047107724,9.612054035330793,26.246921172637695,21.25108021783467,21.25108021783467
9525,2012,summer,682,788,800,762,570,3032,0.224934036939314,0.2598944591029024,0.2638522427440633,0.25131926121372034,28.87,185,185,6.4,4.45,34.6,23,4429.9,0.00651707713492403,NLA12_FL-108,70,29,34.48888889,eu_mixo,Lake Talquin,United States of America,-84.64700999999998,30.390823,7010000010,7020038339.999999,7030042040.000001,6.408036023553862,19.224108070661586,12.816072047107724,9.612054035330793,26.246921172637695,21.25108021783467,21.25108021783467
9525,2017,summer,297.1834693448377,317.3443473786792,345.77166478232107,268.48851532247556,562.5,1228.7879968283137,0.24185088893439133,0.25825801374833784,0.28139244985694006,0.21849864746033063,28.87,185,185,6.4,4.45,34.6,23,4429.9,0.00651707713492403,NLA17_FL-10002,42.9725,40,36.6,eu_mixo,Lake Talquin,United States of America,-84.64700999999998,30.390823,7010000010,7020038339.999999,7030042040.000001,6.408036023553862,19.224108070661586,12.816072047107724,9.612054035330793,26.246921172637695,21.25108021783467,21.25108021783467
9561,2007,summer,264.4077333454398,212.0020416355878,293.67485042637855,139.46634045914087,505,909.5509658665469,0.29070139361957953,0.23308429059124722,0.32287893856128097,0.15333537722789242,69.05,400.72,0,5.8,2.22,383.6,5,1444.9,0.0477887743096408,NLA06608-1861,75,29,55.32,eu_mixo,Crescent Lake,United States of America,-81.556217,29.539478,7010000010,7020038339.999999,7030042040.000001,5.803330919623463,17.409992758870384,11.606661839246925,8.704996379435192,61.964392002364775,87.37749066656667,87.37749066656667
9591,2007,summer,298.44008489939677,390.59530521715817,581.7520296433407,278.25311952047423,555,1549.04053928037,0.19266124890317046,0.252153055593119,0.3755563620779107,0.17962933342579973,38.48,157.77,0,4.1,2.84,72.3,16,2131.9,0.01804962709320324,NLA06608-1733,45,17,167.04,eu_mixo,,United States of America,-81.83735799999998,28.98349,7010000010,7020038339.999999,7030042040.000001,4.100051975051977,12.300155925155927,8.200103950103953,6.150077962577964,22.793725197399745,16.175168723146662,16.175168723146662
9591,2012,summer,532.5,611.5,759.5,602,559,2505.5,0.2125324286569547,0.2440630612652165,0.3031331071642387,0.24027140291359012,38.48,157.77,0,4.1,2.84,72.3,16,2131.9,0.01804962709320324,NLA12_FL-105,81,25,88.8,eu_mixo,,United States of America,-81.83735799999998,28.98349,7010000010,7020038339.999999,7030042040.000001,4.100051975051977,12.300155925155927,8.200103950103953,6.150077962577964,22.793725197399745,16.175168723146662,16.175168723146662
9591,2017,summer,315.4040947938562,469.648969069184,722.1412390322573,232.77491269780435,559,1739.9692155931018,0.18126992820751986,0.2699179760540161,0.4150310434004441,0.13378105233801998,38.48,157.77,0,4.1,2.84,72.3,16,2131.9,0.01804962709320324,NLA17_FL-10005,32.67125,22,69.87,eu_mixo,,United States of America,-81.83735799999998,28.98349,7010000010,7020038339.999999,7030042040.000001,4.100051975051977,12.300155925155927,8.200103950103953,6.150077962577964,22.793725197399745,16.175168723146662,16.175168723146662
9593,2007,summer,401,464,738.8289658179195,266,557,1869.8289658179197,0.21445811746989943,0.24815103866841232,0.3951318432457449,0.14225900061594327,15.68,68.19,0,4.3,1.43,368.8,16,182,0.08615384615384615,NLA06608-1413,25,16,49.2,oligo,,United States of America,-81.767444,28.925622,7010000010,7020038339.999999,7030042040.000001,4.348852040816326,13.046556122448981,8.697704081632653,6.523278061224491,18.219680029526938,14.181720339761863,14.181720339761863
9596,2007,summer,344.6116398602006,315.59913460710465,378.817709157975,228.6616885065117,540,1267.690172131792,0.27184216414700896,0.2489560474199955,0.29882515261670123,0.18037663581629432,33.18,201.52,0,6.1,1.51,30.3,-3,7105.5,0.0046696221237069804,NLA06608-2629,66,29,27.16,eu_mixo,,United States of America,-81.318132,28.834533,7010000010,7020038339.999999,7030042040.000001,6.073538276069922,18.220614828209765,12.147076552139843,9.110307414104883,20.318553460315897,79.20647963534665,79.20647963534665
9596,2012,summer,465,477.5,493,485,564,1920.5,0.2421244467586566,0.24863316844571726,0.25670398333767247,0.25253840145795364,33.18,201.52,0,6.1,1.51,30.3,-3,7105.5,0.0046696221237069804,NLA12_FL-109,77,160,34.64,eu_mixo,,United States of America,-81.318132,28.834533,7010000010,7020038339.999999,7030042040.000001,6.073538276069922,18.220614828209765,12.147076552139843,9.110307414104883,20.318553460315897,79.20647963534665,79.20647963534665
9596,2017,summer,167,177,211,116,555,671,0.2488822652757079,0.2637853949329359,0.3144560357675112,0.17287630402384502,33.18,201.52,0,6.1,1.51,30.3,-3,7105.5,0.0046696221237069804,NLA17_FL-10006,85.9325,55,23.84,eu_mixo,,United States of America,-81.318132,28.834533,7010000010,7020038339.999999,7030042040.000001,6.073538276069922,18.220614828209765,12.147076552139843,9.110307414104883,20.318553460315897,79.20647963534665,79.20647963534665
9627,2007,summer,298.44008489939677,326.30281536664893,456.6860498400653,253.2642005025991,550,1334.69315060871,0.22360202025708154,0.24447777769581933,0.3421655753847135,0.18975462666238568,13.68,66.23,0,4.8,1.27,352.1,23,198.5,0.0689168765743073,NLA06608-1569,22,12,19.467,oligo,,United States of America,-81.477141,27.723235,7010000010,7020038339.999999,7030042040.000001,4.841374269005849,14.524122807017546,9.682748538011698,7.262061403508773,16.441343974364596,12.982127170360535,12.982127170360535
102538,2012,summer,343.5,93,235,127.5,482.5,799,0.42991239048811014,0.11639549436795996,0.29411764705882354,0.1595744680851064,6.89,175.56,0,25.5,2.04,1060.5,1231,137.5,0.05010909090909091,NLA12_MT-136,10,8,0.684,oligo,,United States of America,-114.343242,48.936089,7010000010,7020014250,7030014930,25.48040638606676,76.44121915820031,50.96081277213352,38.220609579100156,16.650973200298782,30.376893306773333,30.376893306773333
102538,2017,summer,281,102.03500619286254,193,168.31116203547492,484,744.3461682283374,0.37751252306279054,0.1370800449416192,0.25928796068013726,0.22611947131545304,6.89,175.56,0,25.5,2.04,1060.5,1231,137.5,0.05010909090909091,NLA17_MT-10011,1.0775,4,0.61,oligo,,United States of America,-114.343242,48.936089,7010000010,7020014250,7030014930,25.48040638606676,76.44121915820031,50.96081277213352,38.220609579100156,16.650973200298782,30.376893306773333,30.376893306773333
103652,2007,summer,303.4557304620914,304.59926026037425,443.71989194006574,300.39622485734395,549,1352.1711075198752,0.22442110231055282,0.22526680134370275,0.32815365560792653,0.222158440737818,5,10.42,0,2.1,1.62,97.2,449,722.8,0.00691754288876591,NLA06608-0334,142,26,5.88,eu_mixo,,United States of America,-100.764493,48.335316,7010000010,7020021430,7030022240.000001,2.084,6.252000000000001,4.168,3.1260000000000003,15.007442775893317,12.734647869880002,12.734647869880002
103652,2012,summer,392,393.5,514,522.5,525,1822,0.21514818880351264,0.2159714599341383,0.28210757409440174,0.2867727771679473,5,10.42,0,2.1,1.62,97.2,449,722.8,0.00691754288876591,NLA12_ND-106,89,33,13.2,eu_mixo,,United States of America,-100.764493,48.335316,7010000010,7020021430,7030022240.000001,2.084,6.252000000000001,4.168,3.1260000000000003,15.007442775893317,12.734647869880002,12.734647869880002
103652,2017,summer,355.01064341375553,367.8018160563961,559.534921392571,291.00085063662544,553,1573.3482314993482,0.22564022147559937,0.23377012710396175,0.3556332350272851,0.18495641639315372,5,10.42,0,2.1,1.62,97.2,449,722.8,0.00691754288876591,NLA17_ND-10007,167.28,25,13.92,eu_mixo,,United States of America,-100.764493,48.335316,7010000010,7020021430,7030022240.000001,2.084,6.252000000000001,4.168,3.1260000000000003,15.007442775893317,12.734647869880002,12.734647869880002
103759,2007,summer,230,275.71859620192674,289.71421449695526,406,568,1201.432810698882,0.1914380878829232,0.22949148195939423,0.24114058806869648,0.3379298420889862,4.41,35.92,0,8.1,1.42,179.3,615,217,0.02032258064516129,NLA06608-1217,64,24,21.6,eu_mixo,,United States of America,-117.322917,48.285417,7010000010,7020014250,7030014930,8.145124716553287,24.435374149659864,16.290249433106574,12.217687074829932,14.589003179286493,14.452229325726131,14.452229325726131
103823,2012,summer,273.5,289.5,393.75,215.5,555,1172.25,0.23331200682448283,0.24696097248880358,0.33589251439539347,0.18383450629132012,1.57,2.37,0,1.5,1.62,856.3,441,29,0.05413793103448276,NLA12_ND-102,254,8,59.2,eu_mixo,,United States of America,-98.885992,48.260758,7010000010,7020021430,7030022240.000001,1.5095541401273886,4.528662420382166,3.0191082802547773,2.264331210191083,13.716548576654093,14.454540301011194,14.454540301011194
103823,2017,summer,447.49919659100385,483.5,627.2329649873454,441.52907612305836,560.5,1999.7612377014077,0.22377631296892941,0.24177886383864058,0.31365392685994253,0.22079089633248747,1.57,2.37,0,1.5,1.62,856.3,441,29,0.05413793103448276,NLA17_ND-10003,197.45,23,120,eu_mixo,,United States of America,-98.885992,48.260758,7010000010,7020021430,7030022240.000001,1.5095541401273886,4.528662420382166,3.0191082802547773,2.264331210191083,13.716548576654093,14.454540301011194,14.454540301011194
103873,2007,summer,304.962657562947,217.27371397053298,319.5,277.30818326799226,494,1119.0445548014723,0.2725205678848506,0.1941600207411573,0.2855114201030914,0.24780799127090075,1.25,10.6,0,8.5,1.54,471.8,911,14.4,0.08680555555555555,NLA06608-1857,1,5,1.248,oligo,,United States of America,-114.122917,48.243421,7010000010,7020014250,7030014930,8.48,25.44,16.96,12.72,13.716548576654093,8.302668349835598,8.302668349835598
103873,2012,summer,233,120,160,162,484,675,0.3451851851851852,0.17777777777777778,0.23703703703703705,0.24,1.25,10.6,0,8.5,1.54,471.8,911,14.4,0.08680555555555555,NLA12_MT-102,23.5,9,1.2630857144999998,oligo,,United States of America,-114.122917,48.243421,7010000010,7020014250,7030014930,8.48,25.44,16.96,12.72,13.716548576654093,8.302668349835598,8.302668349835598
103873,2017,summer,261.22953177216755,170,271.9223220407189,217,495,920.1518538128864,0.28389828340800016,0.18475211379030665,0.2955189634340665,0.23583063936762672,1.25,10.6,0,8.5,1.54,471.8,911,14.4,0.08680555555555555,NLA17_MT-10004,11.7575,4,2.19,oligo,,United States of America,-114.122917,48.243421,7010000010,7020014250,7030014930,8.48,25.44,16.96,12.72,13.716548576654093,8.302668349835598,8.302668349835598
104121,2007,summer,193,120.08268929992937,193.89107697851068,193,497,699.97376627844,0.2757246189755449,0.17155312825275526,0.27699763379615494,0.2757246189755449,1.16,8.48,0,7.3,2.26,184.1,681,40.8,0.0284313725490196,NLA06608-2241,9,11,1.128,oligo,,United States of America,-117.334832,48.148114,7010000010,7020014250,7030014930,7.310344827586209,21.931034482758626,14.620689655172418,10.965517241379313,13.862882400047877,7.453167888165865,7.453167888165865
104121,2012,summer,195.5,123,174.5,202,488,695,0.28129496402877696,0.17697841726618704,0.25107913669064746,0.2906474820143885,1.16,8.48,0,7.3,2.26,184.1,681,40.8,0.0284313725490196,NLA12_WA-108,38,20,3.701333333,eu_mixo,,United States of America,-117.334832,48.148114,7010000010,7020014250,7030014930,7.310344827586209,21.931034482758626,14.620689655172418,10.965517241379313,13.862882400047877,7.453167888165865,7.453167888165865
104121,2017,summer,221.68608580387598,168,195.07819338255356,257.5,497,842.2642791864296,0.2632025259554041,0.19946233522128787,0.2316116190644888,0.3057235197588192,1.16,8.48,0,7.3,2.26,184.1,681,40.8,0.0284313725490196,NLA17_WA-10005,38.39875,25,1.33,eu_mixo,,United States of America,-117.334832,48.148114,7010000010,7020014250,7030014930,7.310344827586209,21.931034482758626,14.620689655172418,10.965517241379313,13.862882400047877,7.453167888165865,7.453167888165865
104148,2017,summer,298.99305644768026,144.91585788921253,245.0543775960353,201.92916253232298,489.5,890.892454465251,0.33561071816142807,0.1626636943245824,0.2750661725416977,0.22665941497229186,1.83,13.35,0,7.3,1.56,451.8,97,12.7,0.14409448818897638,NLA17_WA-10027,13.455,2,1.98,oligo,,United States of America,-122.29784900000001,48.135494,7010000010,7020014250,7030014940,7.2950819672131155,21.885245901639344,14.590163934426231,10.942622950819672,13.716548576654093,12.983685682919996,12.983685682919996
104407,2012,summer,421.5,339,458,259.5,517,1478,0.2851826792963464,0.2293640054127199,0.30987821380243574,0.17557510148849798,2.04,5.61,0,2.8,2.32,773.4,617,74.1,0.02753036437246963,NLA12_MT-161,65,14,5.32,eu_mixo,,United States of America,-106.445245,48.027998,7010000010,7020046750.000001,7030047060,2.7500000000000004,8.25,5.500000000000001,4.125,14.2813219966547,5.0438750038125315,5.0438750038125315
104407,2017,summer,486,377,553,357,507,1773,0.27411167512690354,0.212633953750705,0.3119007332205302,0.20135363790186125,2.04,5.61,0,2.8,2.32,773.4,617,74.1,0.02753036437246963,NLA17_MT-10036,25.74,3.5,5.779999999999999,oligo,,United States of America,-106.445245,48.027998,7010000010,7020046750.000001,7030047060,2.7500000000000004,8.25,5.500000000000001,4.125,14.2813219966547,5.0438750038125315,5.0438750038125315
104551,2007,summer,391.7221902139599,436.421576399486,605.3437544608469,482.7733030661743,553,1916.260824140467,0.20442007960459438,0.22774643769865804,0.31589841363707466,0.25193506905967294,1.72,3.8,0,2.2,2.12,720.4,440,58,0.0296551724137931,NLA06608-0254,175,16,49.6,eu_mixo,,United States of America,-99.109485,47.968131,7010000010,7020021430,7030022240.000001,2.2093023255813953,6.627906976744186,4.4186046511627906,3.313953488372093,13.862882400047877,16.489084981003995,16.489084981003995
104643,2007,summer,343.19089033813987,237.66256697475868,339.7705735133493,248.43499802475964,493,1169.0590288510075,0.29356164391069284,0.20329389800645212,0.29063594320578306,0.21250851487707198,5.84,83.9,0,14.4,1.29,976.9,1128,74.6,0.07828418230563003,NLA06608-1089,8,2,1.04,oligo,,United States of America,-114.38597600000001,47.911947,7010000010,7020014250,7030014930,14.366438356164386,43.099315068493155,28.73287671232877,21.549657534246577,14.8633358890862,27.86034095694134,27.86034095694134
104709,2007,summer,433.884737503273,348.92019418385826,557.8139393581463,323.4194527165715,526,1664.038323761849,0.26074203418729014,0.209682787470341,0.3352170027533444,0.19435817558902455,1.68,5.68,0,3.4,1.63,30,1255,411,0.00408759124087591,NLA06608-1008,4,4,0.52,oligo,,United States of America,-112.319792,47.878836,7010000010,7020046750.000001,7030047060,3.3809523809523814,10.142857142857142,6.761904761904763,5.071428571428571,13.716548576654093,4.991731967948533,4.991731967948533
104709,2012,summer,367,365,516.5,392.5,536,1641,0.22364411943936624,0.22242535039609995,0.31474710542352224,0.2391834247410116,1.68,5.68,0,3.4,1.63,30,1255,411,0.00408759124087591,NLA12_MT-113,17,8,0.60020141,oligo,,United States of America,-112.319792,47.878836,7010000010,7020046750.000001,7030047060,3.3809523809523814,10.142857142857142,6.761904761904763,5.071428571428571,13.716548576654093,4.991731967948533,4.991731967948533
104709,2017,summer,383,341,531,340,541,1595,0.24012539184952977,0.21379310344827587,0.3329153605015674,0.21316614420062696,1.68,5.68,0,3.4,1.63,30,1255,411,0.00408759124087591,NLA17_MT-10007,9.9925,5,0.73,oligo,,United States of America,-112.319792,47.878836,7010000010,7020046750.000001,7030047060,3.3809523809523814,10.142857142857142,6.761904761904763,5.071428571428571,13.716548576654093,4.991731967948533,4.991731967948533
104756,2007,summer,195.86515367726042,144.85387200749435,247.6775747496691,182.19413666039532,510,770.5907370948192,0.2541753284184101,0.1879776968947272,0.3214126031198231,0.23643437156703948,3.7,65.83,0,17.8,2.77,440.4,704,128.4,0.02881619937694704,NLA06608-1473,8,4,2.007,oligo,,United States of America,-116.864299,47.858006,7010000010,7020014250,7030014930,17.79189189189189,53.37567567567567,35.58378378378378,26.687837837837836,15.343058075727136,40.676165556862664,40.676165556862664
104756,2017,summer,220.64242882038326,151.32186263686702,217.1032376423776,173.04376544452586,505,762.1112945441538,0.2895147078910009,0.19855612129115352,0.2848707783188476,0.2270583924989979,3.7,65.83,0,17.8,2.77,440.4,704,128.4,0.02881619937694704,NLA17_ID-10017,15.98875,9,2.14,oligo,,United States of America,-116.864299,47.858006,7010000010,7020014250,7030014930,17.79189189189189,53.37567567567567,35.58378378378378,26.687837837837836,15.343058075727136,40.676165556862664,40.676165556862664
105090,2007,summer,418.5699177703579,272.6281307931444,407.85363185533487,265,494,1364.0516804188371,0.3068578146847299,0.19986642346969796,0.2990015977474562,0.19427416409811596,6.02,57.6,57.6,9.6,2.57,13888.9,1330,12.4,0.4854838709677418,NLA06608-2800,11,5,2.411,oligo,Pishkun,United States of America,-112.48791000000001,47.674729,7010000010,7020046750.000001,7030047060,9.568106312292361,28.70431893687708,19.136212624584722,14.35215946843854,17.235548036349485,21.507286632018666,21.507286632018666
105090,2012,summer,392.5,207,361.5,182,491.5,1143,0.34339457567804027,0.18110236220472442,0.31627296587926507,0.15923009623797024,6.02,57.6,57.6,9.6,2.57,13888.9,1330,12.4,0.4854838709677418,NLA12_MT-106,11,10,0.464,oligo,Pishkun,United States of America,-112.48791000000001,47.674729,7010000010,7020046750.000001,7030047060,9.568106312292361,28.70431893687708,19.136212624584722,14.35215946843854,17.235548036349485,21.507286632018666,21.507286632018666
105250,2007,summer,250.43193377573388,177.19728276467856,287,339.9560822766962,507,1054.5852988171087,0.23746958549169478,0.16802555749964895,0.27214488986516105,0.3223599671434952,1.42,5.55,0,3.9,2.98,95.1,412,79,0.01797468354430379,NLA06608-0958,18,14,8.56,oligo,,United States of America,-93.36145800000001,47.579875,7010000010,7020046750.000001,7030047060,3.9084507042253525,11.725352112676058,7.816901408450705,5.862676056338029,14.2813219966547,16.14700037733333,16.14700037733333
105250,2012,summer,176.5,138,215.5,268,513.5,798,0.2211779448621554,0.17293233082706766,0.2700501253132832,0.3358395989974937,1.42,5.55,0,3.9,2.98,95.1,412,79,0.01797468354430379,NLA12_MN-101,32,42,17.874666665,eu_mixo,,United States of America,-93.36145800000001,47.579875,7010000010,7020046750.000001,7030047060,3.9084507042253525,11.725352112676058,7.816901408450705,5.862676056338029,14.2813219966547,16.14700037733333,16.14700037733333
105250,2017,summer,279.8820658545378,223.39456987746726,315.5271054152811,412,530,1230.803741147286,0.2273978023447081,0.18150299873904463,0.25635858493667274,0.33474061397957466,1.42,5.55,0,3.9,2.98,95.1,412,79,0.01797468354430379,NLA17_MN-10001,17.348999999999997,34,5.27,dys,,United States of America,-93.36145800000001,47.579875,7010000010,7020046750.000001,7030047060,3.9084507042253525,11.725352112676058,7.816901408450705,5.862676056338029,14.2813219966547,16.14700037733333,16.14700037733333
105301,2007,summer,372.9567368281105,185.37793432472418,388.9479267769036,188.1213858810461,495,1135.4039838107844,0.3284793273107485,0.16327046317253147,0.3425634684418387,0.16568674107488127,5.47,49.1,49.1,9,1.81,470,1258,269.3,0.02031191979205347,NLA06608-0378,9,0,0.548,oligo,Willow Creek,United States of America,-112.428497,47.549113,7010000010,7020046750.000001,7030047060,8.976234003656309,26.928702010968927,17.952468007312618,13.464351005484463,15.185681404253561,22.189068984374668,22.189068984374668
105301,2012,summer,479,244,497,199,496,1419,0.33756166314305847,0.1719520789288231,0.350246652572234,0.14023960535588442,5.47,49.1,49.1,9,1.81,470,1258,269.3,0.02031191979205347,NLA12_MT-104,29,6,0.637333333,oligo,Willow Creek,United States of America,-112.428497,47.549113,7010000010,7020046750.000001,7030047060,8.976234003656309,26.928702010968927,17.952468007312618,13.464351005484463,15.185681404253561,22.189068984374668,22.189068984374668
105301,2017,summer,432,292.5845178902762,438.6336070142929,339.4646625660646,496,1502.6827874706337,0.2874858244215048,0.19470810495058927,0.29190033363769063,0.22590573699021532,5.47,49.1,49.1,9,1.81,470,1258,269.3,0.02031191979205347,NLA17_MT-10001,12.3175,11,0.99,oligo,Willow Creek,United States of America,-112.428497,47.549113,7010000010,7020046750.000001,7030047060,8.976234003656309,26.928702010968927,17.952468007312618,13.464351005484463,15.185681404253561,22.189068984374668,22.189068984374668
105368,2007,summer,226.52434247834407,157.78970107539263,248,217.7806564651483,500,850.0947000188851,0.26646953859765476,0.18561426282493854,0.2917322034762605,0.2561839951011461,2.1,35.22,0,16.7,1.86,6.6,645,3475.5,6.042296072507553e-4,NLA06608-1793,9,3,5.448,oligo,,United States of America,-116.560417,47.510986,7010000010,7020014250,7030014930,16.771428571428572,50.31428571428572,33.542857142857144,25.15714285714286,13.862882400047877,15.414858251982666,15.414858251982666
105368,2012,summer,269.5,176,255.25,232.5,502,933.25,0.28877578355210287,0.18858826680953655,0.2735065630859898,0.24912938655237074,2.1,35.22,0,16.7,1.86,6.6,645,3475.5,6.042296072507553e-4,NLA12_ID-108,22,12,1.152,oligo,,United States of America,-116.560417,47.510986,7010000010,7020014250,7030014930,16.771428571428572,50.31428571428572,33.542857142857144,25.15714285714286,13.862882400047877,15.414858251982666,15.414858251982666
105412,2007,summer,191.7744060990904,133.31804364005427,226.44278199296303,191.94479270928204,499,743.4800244413898,0.25794157179028343,0.17931624153617598,0.3045714404540993,0.25817074621944125,1.13,17.81,0,15.7,1.59,542.6,646,29.4,0.03843537414965986,NLA06608-0961,11,0,3.64,oligo,,United States of America,-116.687633,47.485154,7010000010,7020014250,7030014930,15.761061946902657,47.283185840707965,31.522123893805315,23.641592920353983,13.716548576654093,8.336401833933598,8.336401833933598
105413,2007,summer,435.86041483854115,291.1822210173238,478.64624909538594,286,502,1491.6888849512509,0.2921925739580645,0.1952030506862963,0.32087538757187184,0.1917289877837674,2.05,19.2,19.2,9.4,1.75,2777.8,1349,17.4,0.11781609195402298,NLA06608-0225,19.333333333333332,4,1.1386666666666667,oligo,,United States of America,-112.539583,47.485253,7010000010,7020046750.000001,7030047060,9.365853658536585,28.097560975609756,18.73170731707317,14.048780487804878,13.862882400047877,9.754382138641331,9.754382138641331
105435,2007,summer,313.49539695765793,247.93152217445092,395.91128066975324,212,513,1169.3381998018622,0.2680964301095936,0.21202721523718418,0.33857722319927475,0.18129913145394738,2.94,19.35,0,6.6,1.53,311.4,646,50.5,0.05821782178217821,NLA06608-0769,16,6,15.36,oligo,,United States of America,-116.618525,47.471139,7010000010,7020014250,7030014930,6.5816326530612255,19.744897959183675,13.163265306122451,9.872448979591837,13.862882400047877,5.569768058587466,5.569768058587466
105435,2012,summer,320.5,250.5,368,239,512,1178,0.2720713073005093,0.21264855687606113,0.31239388794567063,0.2028862478777589,2.94,19.35,0,6.6,1.53,311.4,646,50.5,0.05821782178217821,NLA12_ID-103,35,0,3.562666667,eu_mixo,,United States of America,-116.618525,47.471139,7010000010,7020014250,7030014930,6.5816326530612255,19.744897959183675,13.163265306122451,9.872448979591837,13.862882400047877,5.569768058587466,5.569768058587466
105435,2017,summer,269.99717871641593,184.0274346500092,250.53444593196411,205.16079276943017,498,909.7198520678194,0.2967915651205199,0.20229022619624004,0.27539736036593254,0.22552084831730757,2.94,19.35,0,6.6,1.53,311.4,646,50.5,0.05821782178217821,NLA17_ID-10004,27.06,12,5.11,oligo,,United States of America,-116.618525,47.471139,7010000010,7020014250,7030014930,6.5816326530612255,19.744897959183675,13.163265306122451,9.872448979591837,13.862882400047877,5.569768058587466,5.569768058587466
105667,2007,summer,514.5,580.5,764.5,406.5,558.5,2266,0.22705207413945278,0.25617828773168577,0.33737864077669905,0.1793909973521624,2.22,4.79,0,2.2,2.44,230,586,160.5,0.01383177570093458,NLA06608-1086,92,18,13.86,eu_mixo,,United States of America,-100.052084,47.347918,7010000010,7020046750.000001,7030047060,2.1576576576576576,6.472972972972973,4.315315315315315,3.2364864864864864,14.2813219966547,6.946996549730133,6.946996549730133
105721,2007,summer,494.0719599183229,567.7100984337088,738.3278850960401,441.29691487939226,556.5,2241.406858327464,0.22042939597632846,0.25328293090765935,0.3294037770755193,0.19688389604049295,1.26,2.9,0,2.3,1.84,4793.6,562,5.2,0.2423076923076923,NLA06608-0062,137.66666666666666,19.333333333333332,45.794666666666664,eu_mixo,,United States of America,-99.750743,47.321877,7010000010,7020046750.000001,7030047060,2.3015873015873014,6.904761904761904,4.603174603174603,3.452380952380952,13.716548576654093,8.497052574606132,8.497052574606132
105777,2017,summer,277.8120564137224,273.704775689184,354.974606663916,356,552,1262.4914387668223,0.22005064579692038,0.2167973320726306,0.28116991194066904,0.28198211018978003,1.26,3.98,0,3.2,2.36,349.3,397,24.9,0.05060240963855422,NLA17_MN-10187,18.1825,8,3.58,oligo,,United States of America,-94.562969,47.296892,7010000010,7020046750.000001,7030047060,3.1587301587301586,9.4761904761904745,6.317460317460317,4.738095238095237,13.862882400047877,12.703975285691998,12.703975285691998
105807,2012,summer,512.5,650.5,810,426.5,560,2399.5,0.21358616378412168,0.27109814544696814,0.3375703271514899,0.1777453636174203,1.44,1.9,0,1.3,1.52,184.7,583,71,0.02028169014084507,NLA12_ND-151,272,19,48.96,eu_mixo,,United States of America,-100.401042,47.277083,7010000010,7020046750.000001,7030047060,1.3194444444444444,3.9583333333333335,2.638888888888889,1.9791666666666667,13.716548576654093,4.870597837674132,4.870597837674132
105807,2017,summer,510.7761500722326,564.2753431642286,752.91628726702,329.47044107100936,556,2157.4382215744904,0.2367512288252083,0.26154878388704106,0.3489862558926691,0.15271373139508165,1.44,1.9,0,1.3,1.52,184.7,583,71,0.02028169014084507,NLA17_ND-10008,227.6625,18,16.47,eu_mixo,,United States of America,-100.401042,47.277083,7010000010,7020046750.000001,7030047060,1.3194444444444444,3.9583333333333335,2.638888888888889,1.9791666666666667,13.716548576654093,4.870597837674132,4.870597837674132
105888,2012,summer,413,417,588,287,550,1705,0.24222873900293254,0.24457478005865102,0.3448680351906158,0.1683284457478006,1.75,5.16,0,2.9,2.12,474.3,558,87.5,0.02,NLA12_ND-196,91,20,17.17333333,eu_mixo,,United States of America,-99.805208,47.240933,7010000010,7020046750.000001,7030047060,2.948571428571429,8.845714285714287,5.897142857142858,4.4228571428571435,13.862882400047877,4.563926090292933,4.563926090292933
105902,2007,summer,512.5,514.5,728,405.5,555,2160.5,0.23721360796112012,0.23813931960194398,0.33695903725989357,0.18768803517704236,3.02,8.6,0,2.8,2.02,1464,582,43.4,0.0695852534562212,NLA06608-1006,278,20,34.2,eu_mixo,,United States of America,-100.071875,47.235986,7010000010,7020046750.000001,7030047060,2.847682119205298,8.543046357615895,5.695364238410596,4.271523178807947,14.43438384608238,6.849318955252001,6.849318955252001
105947,2012,summer,430.5,507,726.5,487.5,555.5,2151.5,0.2000929584011155,0.23564954682779457,0.3376713920520567,0.22658610271903323,1.54,5.8,0,3.8,2.58,5598,561,58.4,0.02636986301369863,NLA12_ND-172,317,30,82.24,eu_mixo,,United States of America,-99.342708,47.213793,7010000010,7020046750.000001,7030047060,3.766233766233766,11.298701298701298,7.532467532467532,5.649350649350649,14.137215109847583,8.866262637518131,8.866262637518131
105980,2007,summer,322.5406447256699,263.36125367539165,410.8402406550632,320,516,1316.7421390561249,0.24495353733941821,0.20000974060431898,0.31201267770587504,0.24302404435038766,1.12,4.93,0,4.4,1.4,253.8,447,45.1,0.02483370288248337,NLA06608-MN:15-0010,9,9,2.867,oligo,,United States of America,-95.222714,47.196145,7010000010,7020046750.000001,7030047060,4.4017857142857135,13.20535714285714,8.803571428571427,6.60267857142857,13.716548576654093,27.55995879279201,33.8246962266
105980,2017,summer,378.5091812559851,262.7393480355989,493.52712218004115,341.4609346471888,518,1476.236586118814,0.2564014364737611,0.1779791603230544,0.33431438213950343,0.231305021063681,1.12,4.93,0,4.4,1.4,253.8,447,45.1,0.02483370288248337,NLA17_MN-10842,17.18,27,3.54,dys,,United States of America,-95.222714,47.196145,7010000010,7020046750.000001,7030047060,4.4017857142857135,13.20535714285714,8.803571428571427,6.60267857142857,13.716548576654093,27.55995879279201,33.8246962266
106002,2007,summer,368.15948179939005,411.62980062148364,529.8144207427324,649.1063460268641,557,1958.7100491904703,0.1879601740704549,0.2101535144477403,0.2704915007515805,0.33139481073022425,1.23,3.3,0,2.7,1.81,12728.8,564,13.6,0.09044117647058823,NLA06608-0126,572,41.666666666666664,318.12,eu_mixo,,United States of America,-99.318904,47.185507,7010000010,7020046750.000001,7030047060,2.682926829268293,8.048780487804878,5.365853658536586,4.024390243902439,13.716548576654093,6.7010435488608,6.7010435488608
106029,2012,summer,407,470,616,511,558,2004,0.2030938123752495,0.2345309381237525,0.3073852295409182,0.25499001996007986,1.31,2.67,0,2,2.47,30870.2,581,4.2,0.3119047619047619,NLA12_ND-156,432,35,78.56,eu_mixo,,United States of America,-99.250943,47.168696,7010000010,7020046750.000001,7030047060,2.0381679389312977,6.114503816793892,4.076335877862595,3.057251908396946,13.862882400047877,12.671385046181337,12.671385046181337
106148,2007,summer,246.4428683620744,116,246.1951383630603,168.06597975116892,496,776.7039864763036,0.31729316786452866,0.14934904676653032,0.31697421752652666,0.21638356784241436,4.1,29.81,0,7.3,1.98,167.2,69,66,0.06212121212121212,NLA06608-2513,5,5,3.541,oligo,,United States of America,-122.58863400000001,47.110152,7010000010,7020014250,7030014940,7.270731707317074,21.81219512195122,14.541463414634148,10.90609756097561,15.185681404253561,10.194677710633332,10.194677710633332
106148,2012,summer,229.5,98.5,183,152.5,488.5,663.5,0.3458929917106255,0.14845516201959308,0.27581009796533534,0.22984174830444612,4.1,29.81,0,7.3,1.98,167.2,69,66,0.06212121212121212,NLA12_WA-103,9,12,1.770666667,oligo,,United States of America,-122.58863400000001,47.110152,7010000010,7020014250,7030014940,7.270731707317074,21.81219512195122,14.541463414634148,10.90609756097561,15.185681404253561,10.194677710633332,10.194677710633332
106210,2017,summer,274,273.5,372,425,549,1344.5,0.20379323168464114,0.2034213462253626,0.2766827817032354,0.3161026403867609,1.05,2.47,0,2.4,1.18,774.1,392,6,0.17500000000000002,NLA17_MN-10025,21.8225,18,6.1,oligo,,United States of America,-94.131162,47.080421,7010000010,7020046750.000001,7030047060,2.3523809523809525,7.057142857142858,4.704761904761905,3.528571428571429,13.427846663276032,14.035326980152536,14.035326980152536
106221,2007,summer,519,562,764,417.4683406848785,557,2262.4683406848785,0.22939547513972813,0.24840126595091946,0.33768428325000444,0.18451897565934797,2.55,4.81,0,1.9,2.59,844.2,532,239.9,0.01062942892872029,NLA06608-1155,122,11,28.68,eu_mixo,,United States of America,-99.650782,47.072613,7010000010,7020046750.000001,7030047060,1.8862745098039218,5.658823529411765,3.7725490196078435,2.8294117647058825,14.459560625014944,8.877563212105066,8.877563212105066
106221,2012,summer,287,325,514,222,556,1348,0.2129080118694362,0.2410979228486647,0.38130563798219586,0.16468842729970326,2.55,4.81,0,1.9,2.59,844.2,532,239.9,0.01062942892872029,NLA12_ND-103,88,18,19.15,eu_mixo,,United States of America,-99.650782,47.072613,7010000010,7020046750.000001,7030047060,1.8862745098039218,5.658823529411765,3.7725490196078435,2.8294117647058825,14.459560625014944,8.877563212105066,8.877563212105066
106221,2017,summer,442.5475432017924,563.1376715821143,761.5218114174787,437.15346976186487,561,2204.3604959632503,0.20076005898863208,0.2554653254825442,0.3454615580400849,0.19831305748873881,2.55,4.81,0,1.9,2.59,844.2,532,239.9,0.01062942892872029,NLA17_ND-10002,125.16625,3,27.2,eu_mixo,,United States of America,-99.650782,47.072613,7010000010,7020046750.000001,7030047060,1.8862745098039218,5.658823529411765,3.7725490196078435,2.8294117647058825,14.459560625014944,8.877563212105066,8.877563212105066
106226,2007,summer,304.96096852996135,253.0726738281931,431,310.9988578890433,539,1300.0325002471977,0.2345794958756599,0.19466642086261074,0.33153017322108985,0.2392239100406395,2.25,13.41,0,6,1.97,1651.3,439,126.7,0.01775848460931333,NLA06608-0766,40,10,33.936,eu_mixo,,United States of America,-98.574204,47.070389,7010000010,7020046750.000001,7030047060,5.96,17.88,11.92,8.94,13.862882400047877,18.091996603244,18.091996603244
106230,2007,summer,247.44086058090463,145.54822347198072,242.24330575126356,217.30198148083184,494.5,852.5343712849807,0.290241506870802,0.1707241706309195,0.2841449141647425,0.254889408333536,2.49,58.07,0,23.3,2.43,72.5,1193,832.5,0.00299099099099099,NLA06608-1953,15,10,9.173,oligo,,United States of America,-113.388692,47.068846,7010000010,7020014250,7030014930,23.32128514056225,69.96385542168674,46.6425702811245,34.98192771084337,14.2813219966547,13.219042644263999,13.219042644263999
106267,2007,summer,492.5842267067278,602.7566875823095,811.8492376494887,453.951921439643,559,2361.142073378169,0.2086211720423796,0.2552818377082766,0.3438375211737884,0.1922594690755555,2.4,5.38,0,2.2,2.63,1777.7,528,172.7,0.01389693109438332,NLA06608-1219,99,17,38.867,eu_mixo,,United States of America,-99.444792,47.047039,7010000010,7020046750.000001,7030047060,2.241666666666667,6.7250000000000005,4.483333333333334,3.3625000000000003,14.459560625014944,9.484640671329066,9.484640671329066
106403,2007,summer,220,253,366,270.5594269240917,555,1109.5594269240917,0.19827689681289226,0.2280184313348261,0.3298606556069026,0.2438440162453791,6.99,30.08,0,4.3,1.23,2231.4,445,43.3,0.161431870669746,NLA06608-1134,24,20,9.43,oligo,,United States of America,-95.636594,46.984836,7010000010,7020021430,7030022240.000001,4.303290414878398,12.909871244635193,8.606580829756796,6.454935622317596,15.742298970654026,14.6184891151612,14.6184891151612
106403,2012,summer,309,313,406,313,557,1341,0.23042505592841164,0.23340790454884414,0.30275913497390006,0.23340790454884414,6.99,30.08,0,4.3,1.23,2231.4,445,43.3,0.161431870669746,NLA12_MN-120,46,17,25.76,eu_mixo,,United States of America,-95.636594,46.984836,7010000010,7020021430,7030022240.000001,4.303290414878398,12.909871244635193,8.606580829756796,6.454935622317596,15.742298970654026,14.6184891151612,14.6184891151612
106403,2017,summer,325.61821942022607,357.85048640563184,489.00041838091914,401.4507175616277,555,1573.9198417684047,0.20688361044764014,0.22736258665089498,0.31068953157836443,0.25506427132310044,6.99,30.08,0,4.3,1.23,2231.4,445,43.3,0.161431870669746,NLA17_MN-10012,46.85875,6,8.64,eu_mixo,,United States of America,-95.636594,46.984836,7010000010,7020021430,7030022240.000001,4.303290414878398,12.909871244635193,8.606580829756796,6.454935622317596,15.742298970654026,14.6184891151612,14.6184891151612
106443,2007,summer,209.62921871832708,107,213.61405114158134,283.62539776315793,499,813.8686676230664,0.2575713097919803,0.13147084321663036,0.2624674712757393,0.34849037571565006,1.05,14.5,0,13.7,1.69,467.6,344,18.5,0.05675675675675676,NLA06608-NELP-0955,1,10,0.824,oligo,,United States of America,-68.84041,46.96505,7010000010,7020024600,7030034529.999997,13.80952380952381,41.42857142857143,27.61904761904762,20.714285714285715,13.716548576654093,20.15299643371733,20.15299643371733
106443,2012,summer,175,96,167,231,492,669,0.2615844544095665,0.14349775784753363,0.24962630792227206,0.3452914798206278,1.05,14.5,0,13.7,1.69,467.6,344,18.5,0.05675675675675676,NLA12_ME-R10,10,5,0.932,oligo,,United States of America,-68.84041,46.96505,7010000010,7020024600,7030034529.999997,13.80952380952381,41.42857142857143,27.61904761904762,20.714285714285715,13.716548576654093,20.15299643371733,20.15299643371733
106455,2007,summer,220.55749509820927,140.4506310038547,229.40447831136694,300.39622485734395,496,890.8088292707748,0.24759239900974025,0.15766641100630877,0.2575238039559619,0.3372173860279892,1.11,13.15,0,11.9,1.65,749.8,347,10.4,0.10673076923076924,NLA06608-EMAP:ME012L,1,8,0.688,oligo,,United States of America,-68.878121,46.960581,7010000010,7020024600,7030034529.999997,11.846846846846846,35.54054054054054,23.693693693693692,17.77027027027027,13.716548576654093,18.87944678222133,18.87944678222133
106524,2007,summer,211.79409662524765,149.1347276117605,245.50504615090009,282.62951510708945,503.5,889.0633854949976,0.2382215937363437,0.16774363903056,0.276138968442854,0.3178957987902424,1.29,4.09,0,3.2,1.61,493.2,408,15.5,0.0832258064516129,NLA06608-MN:11-0102,9,7,2.467,oligo,,United States of America,-94.055728,46.927157,7010000010,7020046750.000001,7030047060,3.1705426356589146,9.511627906976743,6.341085271317829,4.755813953488372,13.716548576654093,9.385211509551999,9.385211509551999
106536,2007,summer,260.7431962974614,163.58753895602786,300.40790056410543,262.7220311136052,507,987.4606669312,0.26405426061960635,0.16566486588718538,0.30422264969571283,0.2660582237974954,1.73,8.27,0,4.8,2.78,436.9,447,50.2,0.03446215139442231,NLA06608-0366,14,12,7.568,oligo,,United States of America,-95.252025,46.920558,7010000010,7020046750.000001,7030047060,4.780346820809248,14.341040462427745,9.560693641618496,7.170520231213873,14.2813219966547,21.467967168492013,21.92342253228
106643,2007,summer,273.2432851428629,208.52213806152616,319.08928263033744,321.69088294995754,512,1122.545588784684,0.24341397612072732,0.1857582802381159,0.28425507687023843,0.2865726667709183,1.27,8.46,0,6.7,2.44,1554.3,438,18.5,0.06864864864864866,NLA06608-0110,12,4,1.771,oligo,,United States of America,-95.715526,46.858779,7010000010,7020021430,7030022240.000001,6.661417322834646,19.984251968503937,13.322834645669293,9.992125984251969,13.862882400047877,24.413837577104,25.67033926308
106643,2012,summer,284,188.5,340,281.5,504.5,1094,0.2595978062157221,0.1723034734917733,0.31078610603290674,0.2573126142595978,1.27,8.46,0,6.7,2.44,1554.3,438,18.5,0.06864864864864866,NLA12_MN-R01,11,5,1.558,oligo,,United States of America,-95.715526,46.858779,7010000010,7020021430,7030022240.000001,6.661417322834646,19.984251968503937,13.322834645669293,9.992125984251969,13.862882400047877,24.413837577104,25.67033926308
106732,2007,summer,312,253,453,217,534,1235,0.25263157894736843,0.2048582995951417,0.3668016194331984,0.1757085020242915,6.18,156.3,156.3,25.3,1.43,3265.4,400,115.5,0.0535064935064935,NLA06608-0494,4,3,24.64,oligo,,United States of America,-94.523038,46.806359,7010000010,7020046750.000001,7030047060,25.291262135922334,75.87378640776701,50.58252427184467,37.93689320388351,15.742298970654026,26.725725531560002,27.11670629736
106762,2007,summer,535.5,572.7473325678292,753,491,553,2352.2473325678293,0.227654631630689,0.24348941739157587,0.3201193979792882,0.20873655299844687,5.36,17.16,0,3.2,2.96,837.8,522,158.1,0.03390259329538267,NLA06608-0579,229,30,7.136,eu_mixo,,United States of America,-99.859532,46.78143,7010000010,7020046750.000001,7030047060,3.2014925373134333,9.604477611940299,6.402985074626867,4.802238805970149,17.235548036349485,10.416038761624003,10.416038761624003
106762,2012,summer,494,631,843,313,553,2281,0.21657167908811925,0.2766330556773345,0.36957474791758,0.13722051731696625,5.36,17.16,0,3.2,2.96,837.8,522,158.1,0.03390259329538267,NLA12_ND-114,153,23,17.28,eu_mixo,,United States of America,-99.859532,46.78143,7010000010,7020046750.000001,7030047060,3.2014925373134333,9.604477611940299,6.402985074626867,4.802238805970149,17.235548036349485,10.416038761624003,10.416038761624003
106808,2012,summer,315,281,359,290,522,1245,0.25301204819277107,0.22570281124497993,0.2883534136546185,0.23293172690763053,7.33,37.98,0,5.2,2.19,6106,562,90.3,0.08117386489479513,NLA12_ND-R17,70,21,27.867,eu_mixo,,United States of America,-99.497917,46.747917,7010000010,7020046750.000001,7030047060,5.181446111869032,15.544338335607094,10.362892223738063,7.772169167803547,17.970404231110194,9.926654339598269,9.926654339598269
106912,2007,summer,312.5,240.35501563133263,496.63113266225156,133.75363755099139,537,1183.2397858445756,0.2641053856864211,0.20313297313593243,0.419721461874074,0.11304017930357235,1.81,5.48,0,3,2.68,163.6,145,161.2,0.01122828784119106,NLA06608-1297,17,6,6.056,oligo,,United States of America,-119.66875,46.682723,7010000010,7020014250,7030014930,3.0276243093922655,9.082872928176796,6.055248618784531,4.541436464088398,14.2813219966547,13.937074034688134,13.937074034688134
107355,2012,summer,540,546,710.5,408.5,551.5,2205,0.24489795918367346,0.24761904761904763,0.32222222222222224,0.1852607709750567,1.56,3.05,0,2,2.32,3924.6,580,39.5,0.03949367088607595,NLA12_ND-173,81,19,3.004,eu_mixo,,United States of America,-99.29375,46.410733,7010000010,7020046750.000001,7030047060,1.9551282051282048,5.865384615384614,3.9102564102564097,2.932692307692307,13.862882400047877,10.3155174963104,10.3155174963104
107362,2007,summer,362.25,294.798643329741,454.75,316.2412252683838,521,1428.039868598125,0.2536693883453077,0.20643586346026763,0.31844349026923036,0.2214512579251942,2.46,8.66,0,3.5,1.84,234.6,400,112.2,0.02192513368983957,NLA06608-0878,18,7,6.112,oligo,,United States of America,-95.469549,46.406676,7010000010,7020046750.000001,7030047060,3.520325203252033,10.560975609756099,7.040650406504066,5.2804878048780495,13.862882400047877,17.60080336436266,18.44353669716
107604,2007,summer,427.7051897413626,528.2223307234492,598.665583168357,372.692101533563,558.5,1927.2852051667319,0.22192106730999434,0.27407584996106066,0.31062635751233597,0.193376725216609,3.37,19.47,0,5.8,2,4173.3,598,55.2,0.06105072463768116,NLA06608-0275,331,30,6.72,eu_mixo,,United States of America,-99.37708300000001,46.26875,7010000010,7020046750.000001,7030047060,5.777448071216616,17.332344213649847,11.554896142433233,8.666172106824924,14.43438384608238,6.2485617237414655,6.2485617237414655
107661,2007,summer,314.31098582596803,300.15140768332446,420.4245613719925,337.6795917657529,548.5,1372.5665466470377,0.22899507976045308,0.21867894741901348,0.30630541185709576,0.24602056096343783,1.43,3.13,0,2.2,1.37,861.9,353,9.5,0.15052631578947367,NLA06608-0990,40,12,20.32,eu_mixo,,United States of America,-94.350797,46.23409,7010000010,7020046750.000001,7030047060,2.188811188811189,6.566433566433566,4.377622377622378,3.283216783216783,13.716548576654093,8.757039763832,9.0460717842
107661,2012,summer,199,180,249.5,228,526.5,856.5,0.23234092235843548,0.21015761821366025,0.29130180969060127,0.266199649737303,1.43,3.13,0,2.2,1.37,861.9,353,9.5,0.15052631578947367,NLA12_MN-110,40,32,12.16,eu_mixo,,United States of America,-94.350797,46.23409,7010000010,7020046750.000001,7030047060,2.188811188811189,6.566433566433566,4.377622377622378,3.283216783216783,13.716548576654093,8.757039763832,9.0460717842
107881,2012,summer,468.5,337.5,433.5,414.5,489,1654,0.2832527206771463,0.20405078597339782,0.2620918984280532,0.25060459492140263,1.23,24.5,24.5,19.9,1.74,787.7,1843,83.9,0.01466030989272943,NLA12_MT-124,16,12,0.742,oligo,Flint Creek,United States of America,-113.380592,46.12965,7010000010,7020014250,7030014930,19.918699186991873,59.75609756097562,39.837398373983746,29.87804878048781,13.716548576654093,6.833122517794133,6.833122517794133
107881,2017,summer,285.05436126551353,271.0959877649451,317.00970752462155,395.8665524580386,487,1269.0266090131188,0.22462441625805715,0.21362514059162852,0.24980540618541466,0.31194503696489967,1.23,24.5,24.5,19.9,1.74,787.7,1843,83.9,0.01466030989272943,NLA17_MT-10014,6.36875,0,0.8,oligo,Flint Creek,United States of America,-113.380592,46.12965,7010000010,7020014250,7030014930,19.918699186991873,59.75609756097562,39.837398373983746,29.87804878048781,13.716548576654093,6.833122517794133,6.833122517794133
107928,2007,summer,466.45178520323634,468.7984213938384,615.8926326835659,309.0705071241048,525,1860.2133464047454,0.2507517678575701,0.25201325552248627,0.3310870948614084,0.16614788175853523,3.83,9.98,0,2.6,1.68,1144,600,70.2,0.05455840455840456,NLA06608-0339,376,14,7.44,eu_mixo,,United States of America,-99.419792,46.103415,7010000010,7020046750.000001,7030047060,2.605744125326371,7.8172323759791125,5.211488250652742,3.9086161879895562,14.711520707975346,6.467344689130665,6.467344689130665
107939,2007,summer,318.25,317,413.909414773231,332.4780411383481,548.5,1381.637455911579,0.23034262616311635,0.22943790257253066,0.29957888952868694,0.24064058173566608,2.44,7.38,0,3,1.19,1524.5,328,27.5,0.08872727272727272,NLA06608-1070,774,20,23.112,eu_mixo,,United States of America,-97.227083,46.094297,7010000010,7020021430,7030022240.000001,3.0245901639344264,9.073770491803279,6.049180327868853,4.536885245901639,13.716548576654093,10.044702666455997,10.044702666455997
107939,2012,summer,312.5,329,446.5,389,552.5,1477,0.2115775220040623,0.22274881516587677,0.3023019634394042,0.26337169939065674,2.44,7.38,0,3,1.19,1524.5,328,27.5,0.08872727272727272,NLA12_ND-101,479.5,10,27.696,eu_mixo,,United States of America,-97.227083,46.094297,7010000010,7020021430,7030022240.000001,3.0245901639344264,9.073770491803279,6.049180327868853,4.536885245901639,13.716548576654093,10.044702666455997,10.044702666455997
107939,2017,summer,413.60235804730297,433.47986223980286,499.3303909381951,432.32348810241456,559,1778.7360993277155,0.2325259819057063,0.24370105402574294,0.2807220200494723,0.24305094401907845,2.44,7.38,0,3,1.19,1524.5,328,27.5,0.08872727272727272,NLA17_ND-10001,566.18125,22.5,13.1,eu_mixo,,United States of America,-97.227083,46.094297,7010000010,7020021430,7030022240.000001,3.0245901639344264,9.073770491803279,6.049180327868853,4.536885245901639,13.716548576654093,10.044702666455997,10.044702666455997
107945,2007,summer,243.45313522647348,120.59274563628843,254.59702549920098,258.5484368365069,494,877.1913431984698,0.27753709280666117,0.13747598693413415,0.2902411514583277,0.29474576880087694,2.03,17.62,0,8.7,1.38,1999.9,466,8,0.25375,NLA06608-R5:OTTAWA,3,8,1.048,oligo,,United States of America,-88.75272099999998,46.092934,7010000010,7020024600,7030034520,8.679802955665025,26.03940886699508,17.35960591133005,13.01970443349754,13.716548576654093,11.399271811993733,11.399271811993733
107945,2012,summer,248,171,263,299,502,981,0.2528032619775739,0.1743119266055046,0.26809378185524974,0.30479102956167176,2.03,17.62,0,8.7,1.38,1999.9,466,8,0.25375,NLA12_MI-R09,10,9,1.143225806,oligo,,United States of America,-88.75272099999998,46.092934,7010000010,7020024600,7030034520,8.679802955665025,26.03940886699508,17.35960591133005,13.01970443349754,13.716548576654093,11.399271811993733,11.399271811993733
108044,2012,summer,249,213,264,324,511.5,1050,0.23714285714285716,0.20285714285714285,0.25142857142857145,0.30857142857142855,1.84,10.76,0,5.8,1.98,219.7,188,25.3,0.07272727272727272,NLA12_ME-135,9,22,2.256,dys,,United States of America,-68.055527,46.04498,7010000010,7020038339.999999,7030038340,5.8478260869565215,17.543478260869566,11.695652173913043,8.771739130434783,13.862882400047877,14.27575497481867,14.27575497481867
108044,2017,summer,223.3171523103105,169.1440851915955,226.93351270380262,339.90386694112954,499,959.2986171468382,0.23279211323633933,0.17632057647978963,0.23656190955299408,0.3543254007308769,1.84,10.76,0,5.8,1.98,219.7,188,25.3,0.07272727272727272,NLA17_ME-10029,7.635,25,2.12,dys,,United States of America,-68.055527,46.04498,7010000010,7020038339.999999,7030038340,5.8478260869565215,17.543478260869566,11.695652173913043,8.771739130434783,13.862882400047877,14.27575497481867,14.27575497481867
108078,2012,summer,513.5,619,718.5,591.25,562.5,2442.25,0.21025693520319377,0.2534548060190398,0.2941959258880131,0.2420923328897533,1.87,4.19,0,2.2,2.26,24249.2,593,3.3,0.5666666666666668,NLA12_ND-134,302,25,24.4,eu_mixo,,United States of America,-99.298223,46.025223,7010000010,7020046750.000001,7030047060,2.240641711229946,6.721925133689839,4.481283422459892,3.3609625668449197,14.137215109847583,13.058729529608001,13.058729529608001
108140,2007,summer,277.20386667271987,193.5,276,288.1616885065117,508.5,1034.8655551792317,0.2678646180514821,0.18698081024301472,0.26670131073422254,0.27845326097128054,4.29,31.94,0,7.5,2.92,281.7,497,75.4,0.05689655172413793,NLA06608-0142,7,9,1.364,oligo,,United States of America,-89.561458,45.98838,7010000010,7020046750.000001,7030047060,7.445221445221446,22.335664335664337,14.890442890442891,11.167832167832168,17.235548036349485,29.463165636325197,29.463165636325197
108140,2012,summer,289,259,329,300,531,1177,0.24553950722175022,0.22005097706032287,0.27952421410365336,0.2548853016142736,4.29,31.94,0,7.5,2.92,281.7,497,75.4,0.05689655172413793,NLA12_WI-104,13,7.5,3.02,oligo,,United States of America,-89.561458,45.98838,7010000010,7020046750.000001,7030047060,7.445221445221446,22.335664335664337,14.890442890442891,11.167832167832168,17.235548036349485,29.463165636325197,29.463165636325197
108153,2012,summer,233,245,370,255,549,1103,0.2112420670897552,0.22212148685403446,0.3354487760652765,0.23118766999093382,1.1,4.49,0,4.1,1.77,75.9,498,39.8,0.02763819095477387,NLA12_WI-131,24,15,20.3,oligo,,United States of America,-89.38691199999998,45.978202,7010000010,7020046750.000001,7030047060,4.081818181818181,12.245454545454544,8.163636363636362,6.122727272727272,13.716548576654093,9.7850081518964,9.7850081518964
108188,2012,summer,246,139,224,197,492,806,0.3052109181141439,0.17245657568238212,0.27791563275434245,0.24441687344913152,1.22,13.9,13.9,11.4,2.28,417.9,343,41.2,0.02961165048543689,NLA12_MI-148,8,12,1.530666667,oligo,,United States of America,-87.985015,45.948904,7010000010,7020024600,7030034520,11.393442622950822,34.18032786885246,22.786885245901644,17.09016393442623,13.862882400047877,15.282471748435201,15.282471748435201
108294,2007,summer,239.7382682300692,155.1661346557678,304.6333540206523,257.5878572818149,513.5,957.1256141883041,0.2504773299097012,0.16211679256683287,0.31827938726621413,0.26912649025725194,1.05,3.88,0,3.7,1.49,216.1,400,20.5,0.05121951219512195,NLA06608-0158,16,6,3.136,oligo,,United States of America,-91.241529,45.8872,7010000010,7020046750.000001,7030047060,3.6952380952380945,11.085714285714284,7.390476190476189,5.542857142857142,13.716548576654093,13.297578992792001,13.297578992792001
108331,2012,summer,325,239,456,312,529,1332,0.243993993993994,0.17942942942942944,0.34234234234234234,0.23423423423423423,1.21,4.78,0,4,2.39,2404.3,415,5.5,0.22,NLA12_MN-180,40,22,18.32,eu_mixo,,United States of America,-95.54871600000001,45.86456,7010000010,7020046750.000001,7030047060,3.9504132231404965,11.85123966942149,7.900826446280993,5.925619834710745,13.862882400047877,19.198759870411997,19.198759870411997
108341,2007,summer,346,316,432.75451744936316,346,534,1440.7545174493632,0.24015194525472694,0.21932952225576216,0.30036658723478393,0.24015194525472694,3.82,14.77,0,3.9,2.62,1818.3,394,25,0.1528,NLA06608-1454,125,15,2.82,eu_mixo,,United States of America,-95.72575,45.859153,7010000010,7020046750.000001,7030047060,3.8664921465968587,11.599476439790577,7.732984293193717,5.799738219895288,15.410565711685914,14.833322710472,14.833322710472
108374,2007,summer,380.03726820712353,349.0794571408292,507.6273414536098,343.82157360780644,542,1580.5656404093688,0.2404438376306177,0.22085729830898837,0.32116814922165055,0.21753071483874353,1.43,3.25,0,2.3,2.2,1017.4,581,235.7,0.00606703436571913,NLA06608-1811,27,8,7.573,oligo,,United States of America,-99.273015,45.839721,7010000010,7020046750.000001,7030047060,2.272727272727273,6.818181818181819,4.545454545454546,3.4090909090909096,13.862882400047877,5.983793641667465,5.983793641667465
108374,2012,summer,602,567,693,517,549,2379,0.2530474989491383,0.23833543505674654,0.29129886506935687,0.21731820092475831,1.43,3.25,0,2.3,2.2,1017.4,581,235.7,0.00606703436571913,NLA12_SD-105,100,15,42.84,eu_mixo,,United States of America,-99.273015,45.839721,7010000010,7020046750.000001,7030047060,2.272727272727273,6.818181818181819,4.545454545454546,3.4090909090909096,13.862882400047877,5.983793641667465,5.983793641667465
108420,2012,summer,267.5,209,297.5,303,508,1077,0.24837511606313833,0.19405756731662024,0.276230269266481,0.28133704735376047,1.93,10.46,0,5.4,2.51,590.8,482,15.3,0.1261437908496732,NLA12_WI-179,9,7.5,6.78,oligo,,United States of America,-89.698999,45.810721,7010000010,7020046750.000001,7030047060,5.419689119170985,16.259067357512954,10.83937823834197,8.129533678756477,14.2813219966547,16.257384388060533,16.257384388060533
108520,2012,summer,288,271,375,247,537,1181,0.24386113463166809,0.22946655376799321,0.31752751905165116,0.20914479254868756,1,3.83,0,3.8,1.75,1706.7,182,3.6,0.2777777777777778,NLA12_MI-138,34,5,4.113333333,eu_mixo,,United States of America,-84.407769,45.741294,7010000010,7020024600,7030034520,3.83,11.49,7.66,5.745,13.716548576654093,17.810857179641335,17.810857179641335
108599,2012,summer,344.5,277,443,235.5,529,1300,0.265,0.21307692307692308,0.34076923076923077,0.18115384615384617,7.13,27.41,0,3.8,2.77,1327.3,544,242.2,0.02943848059454996,NLA12_SD-138,49,12,2.52,eu_mixo,,United States of America,-97.446685,45.691259,7010000010,7020046750.000001,7030047060,3.844319775596073,11.532959326788218,7.688639551192146,5.766479663394109,18.612106156169173,13.0258031405224,13.0258031405224
108672,2007,summer,176.92345307315355,123.13574653201536,213.61348391750747,277.2911748830149,510,790.9638584056913,0.22368083091656027,0.15567809479969705,0.27006731299718056,0.35057376128656204,2.63,25.75,0,9.8,1.77,145.9,377,101.1,0.02601384767556874,NLA06608-0918,4,23,2.384,dys,,United States of America,-70.336688,45.632009,7010000010,7020038339.999999,7030038340,9.79087452471483,29.372623574144495,19.58174904942966,14.686311787072247,13.862882400047877,17.61529703356,17.61529703356
108672,2012,summer,188.5,137,179,222.5,492.5,727,0.2592847317744154,0.18844566712517194,0.24621733149931224,0.30605226960110044,2.63,25.75,0,9.8,1.77,145.9,377,101.1,0.02601384767556874,NLA12_ME-102,8,48,2.736,dys,,United States of America,-70.336688,45.632009,7010000010,7020038339.999999,7030038340,9.79087452471483,29.372623574144495,19.58174904942966,14.686311787072247,13.862882400047877,17.61529703356,17.61529703356
108672,2017,summer,328,267.9637690042585,303.65697301453696,367.04694709278033,501,1266.6676891115758,0.25894715940062774,0.21155017318883754,0.23972899571435188,0.28977367169618284,2.63,25.75,0,9.8,1.77,145.9,377,101.1,0.02601384767556874,NLA17_ME-10003,6.46,30,3.01,dys,,United States of America,-70.336688,45.632009,7010000010,7020038339.999999,7030038340,9.79087452471483,29.372623574144495,19.58174904942966,14.686311787072247,13.862882400047877,17.61529703356,17.61529703356
108700,2007,summer,220,234,385,192,539,1031,0.2133850630455868,0.22696411251212414,0.3734238603297769,0.18622696411251213,1.03,9.57,0,9.3,1.99,15.9,56,157.2,0.00655216284987277,NLA06608-0086,27.666666666666668,6,40.016,oligo,,United States of America,-122.415625,45.609757,7010000010,7020014250,7030014930,9.29126213592233,27.87378640776699,18.58252427184466,13.936893203883495,13.716548576654093,13.315586299784002,13.315586299784002
108700,2012,summer,327,308,451,308,548,1394,0.23457675753228122,0.22094691535150646,0.3235294117647059,0.22094691535150646,1.03,9.57,0,9.3,1.99,15.9,56,157.2,0.00655216284987277,NLA12_WA-107,74,25,42.88,eu_mixo,,United States of America,-122.415625,45.609757,7010000010,7020014250,7030014930,9.29126213592233,27.87378640776699,18.58252427184466,13.936893203883495,13.716548576654093,13.315586299784002,13.315586299784002
108791,2007,summer,271.4038409930664,286.02558723228674,400.8864662167088,376,554,1334.315894442062,0.203402988845121,0.2143612231733828,0.3004434466280098,0.28179234135348635,2.45,24.4,24.4,10,4.78,960.6,414,548.6,0.00446591323368574,NLA06608-1511,373,25,5.24,eu_mixo,,United States of America,-98.594866,45.534508,7010000010,7020046750.000001,7030047060,9.959183673469386,29.877551020408156,19.918367346938773,14.938775510204078,17.30419103159753,21.25456616212134,21.25456616212134
108791,2012,summer,363,313.5,456,445.5,536.5,1578,0.2300380228136882,0.19866920152091255,0.2889733840304182,0.282319391634981,2.45,24.4,24.4,10,4.78,960.6,414,548.6,0.00446591323368574,NLA12_SD-102,709,35,10.8,eu_mixo,,United States of America,-98.594866,45.534508,7010000010,7020046750.000001,7030047060,9.959183673469386,29.877551020408156,19.918367346938773,14.938775510204078,17.30419103159753,21.25456616212134,21.25456616212134
108794,2007,summer,334.7214953343655,386.23788407747145,496.15727869591797,335.13423981800236,557,1552.2508979257573,0.21563620660915533,0.2488243908208355,0.3196372953360332,0.215902107233976,1.58,1.29,0,0.8,1.7,184.2,345,22.7,0.0696035242290749,NLA06608-MN:75-0200,446,8,15.429,eu_mixo,,United States of America,-96.08373,45.53357,7010000010,7020046750.000001,7030047060,0.8164556962025317,2.4493670886075947,1.6329113924050633,1.2246835443037973,13.716548576654093,5.377189793241998,3.1315672303319997
108851,2007,summer,275.20944102214696,211.2203497352951,294.85215270621114,329.09701806963983,506,1110.378961533293,0.24785181506151513,0.1902236597167029,0.2655419121946057,0.2963826130271763,2.06,9.4,0,4.6,1.66,468.8,351,28.1,0.07330960854092526,NLA06608-0823,7,9,2.084,oligo,,United States of America,-92.416868,45.48301,7010000010,7020046750.000001,7030047060,4.5631067961165055,13.689320388349515,9.126213592233011,6.844660194174757,13.862882400047877,10.3255429924092,10.3255429924092
108873,2012,summer,308,489,644,303,562,1744,0.17660550458715596,0.28038990825688076,0.36926605504587157,0.17373853211009174,1.53,4.63,0,3,1.9,317.1,276,23.8,0.06428571428571428,NLA12_MN-163,107,34,68.16,eu_mixo,,United States of America,-93.344715,45.465116,7010000010,7020046750.000001,7030047060,3.0261437908496727,9.07843137254902,6.052287581699345,4.53921568627451,13.862882400047877,5.5588078404312,3.4799999999999995
108873,2017,summer,401,543.4963452543342,702,530.5,560.5,2176.9963452543343,0.1841987474504244,0.2496542295255156,0.3224626451625883,0.24368437786147165,1.53,4.63,0,3,1.9,317.1,276,23.8,0.06428571428571428,NLA17_MN-10021,124.0225,12,89.6,eu_mixo,,United States of America,-93.344715,45.465116,7010000010,7020046750.000001,7030047060,3.0261437908496727,9.07843137254902,6.052287581699345,4.53921568627451,13.862882400047877,5.5588078404312,3.4799999999999995
108884,2007,summer,466,355,525,250,507,1596,0.29197994987468673,0.2224310776942356,0.32894736842105265,0.15664160401002505,2.45,29.8,29.8,12.2,1.84,66,1291,537.6,0.00455729166666666,NLA06608-0570,12,19,3.488,oligo,,United States of America,-109.203451,45.450494,7010000010,7020046750.000001,7030047060,12.163265306122447,36.48979591836735,24.326530612244895,18.244897959183675,13.862882400047877,19.124889714982803,19.124889714982803
108892,2007,summer,288.4171691441847,264.3905719396905,404.86743145693964,319.67973250672895,552,1277.3549050475438,0.22579250919575064,0.20698286035849198,0.31695766764356714,0.2502669628021903,1.54,2.79,0,1.8,1.91,621.1,537,94.8,0.01624472573839662,NLA06608-0807,511,19,27.504,eu_mixo,,United States of America,-97.673099,45.44808,7010000010,7020046750.000001,7030047060,1.8116883116883116,5.4350649350649345,3.623376623376623,2.7175324675324672,13.862882400047877,4.946664662588666,4.946664662588666
108892,2012,summer,320.5,299.5,416,294,523,1330,0.24097744360902257,0.22518796992481202,0.31278195488721805,0.22105263157894736,1.54,2.79,0,1.8,1.91,621.1,537,94.8,0.01624472573839662,NLA12_SD-110,167,18,16.52,eu_mixo,,United States of America,-97.673099,45.44808,7010000010,7020046750.000001,7030047060,1.8116883116883116,5.4350649350649345,3.623376623376623,2.7175324675324672,13.862882400047877,4.946664662588666,4.946664662588666
108892,2017,summer,408,380,480.45462974441114,426.17543331162165,550,1694.630063056033,0.24076051103697993,0.22423773086777543,0.28351593673369463,0.25148582136154995,1.54,2.79,0,1.8,1.91,621.1,537,94.8,0.01624472573839662,NLA17_SD-10002,260.01625,20,6.93,eu_mixo,,United States of America,-97.673099,45.44808,7010000010,7020046750.000001,7030047060,1.8116883116883116,5.4350649350649345,3.623376623376623,2.7175324675324672,13.862882400047877,4.946664662588666,4.946664662588666
108901,2017,summer,371.34113579659174,305.36001765969627,394.70006009082067,348.0598921570813,528.5,1419.46110570419,0.261607122804799,0.21512390613070598,0.27806331466547035,0.24520565639902472,2.44,23.4,23.4,9.6,3.84,1641.4,429,790.8,0.00308548305513404,NLA17_SD-10112,1578.888,26,3.46,eu_mixo,Lake Parmley,United States of America,-98.732375,45.443722,7010000010,7020046750.000001,7030047060,9.59016393442623,28.770491803278688,19.18032786885246,14.385245901639344,16.509427257110872,15.438120844673337,15.438120844673337
108920,2007,summer,350.7392614495088,307.6975085784021,427.77207143426205,322.57455598854995,522,1408.7833974507228,0.24896606680927125,0.21841363912663864,0.3036464457263913,0.22897384833769888,7.94,31.95,0,4,1.95,5437.5,563,151.2,0.05251322751322752,NLA06608-0471,24,6,5.52,oligo,,United States of America,-97.296207,45.434762,7010000010,7020046750.000001,7030047060,4.023929471032746,12.071788413098234,8.047858942065492,6.035894206549117,17.970404231110194,11.396893458391334,11.396893458391334
108920,2012,summer,416.5,325.5,524.5,269,518,1535.5,0.27124715076522304,0.21198306740475414,0.3415825464018235,0.17518723542819928,7.94,31.95,0,4,1.95,5437.5,563,151.2,0.05251322751322752,NLA12_SD-106,42,14,5.904,eu_mixo,,United States of America,-97.296207,45.434762,7010000010,7020046750.000001,7030047060,4.023929471032746,12.071788413098234,8.047858942065492,6.035894206549117,17.970404231110194,11.396893458391334,11.396893458391334
108920,2017,summer,328.0842179966845,214.43674381686583,391.26377903868274,276.80652816253934,515.5,1210.5912690147725,0.2710115514575721,0.1771338925906702,0.32320056244673634,0.22865399350502136,7.94,31.95,0,4,1.95,5437.5,563,151.2,0.05251322751322752,NLA17_SD-10004,22.21375,0,5.26,oligo,,United States of America,-97.296207,45.434762,7010000010,7020046750.000001,7030047060,4.023929471032746,12.071788413098234,8.047858942065492,6.035894206549117,17.970404231110194,11.396893458391334,11.396893458391334
108928,2007,summer,348,217.12854802999692,483,306,509,1354.1285480299969,0.25699184948598475,0.16034559521389474,0.3566869635107202,0.22597559178940035,9.06,42.33,0,4.7,2.11,190.6,178,296.5,0.03055649241146712,NLA06608-1334,6.666666666666667,8.333333333333334,2.8613333333333335,oligo,,United States of America,-84.78939699999998,45.430467,7010000010,7020024600,7030034520,4.672185430463576,14.016556291390726,9.344370860927151,7.008278145695363,17.970404231110194,11.265156385918667,11.265156385918667
108928,2012,summer,269,176,398,236,510,1079,0.24930491195551435,0.16311399443929564,0.36886005560704355,0.21872103799814643,9.06,42.33,0,4.7,2.11,190.6,178,296.5,0.03055649241146712,NLA12_MI-107,31,12,3.015384615,eu_mixo,,United States of America,-84.78939699999998,45.430467,7010000010,7020024600,7030034520,4.672185430463576,14.016556291390726,9.344370860927151,7.008278145695363,17.970404231110194,11.265156385918667,11.265156385918667
108928,2017,summer,341.5,234.78319589931309,405.25,235.43505978736954,500,1216.9682556866826,0.2806153721793723,0.1929246673462613,0.33299964736659043,0.19346031310777595,9.06,42.33,0,4.7,2.11,190.6,178,296.5,0.03055649241146712,NLA17_MI-10010,12.13625,10,5.29,oligo,,United States of America,-84.78939699999998,45.430467,7010000010,7020024600,7030034520,4.672185430463576,14.016556291390726,9.344370860927151,7.008278145695363,17.970404231110194,11.265156385918667,11.265156385918667
109017,2007,summer,532.049283494494,585.4029362615805,745.9031779837668,417.4683406848785,560,2280.82373842472,0.23327067082437536,0.2566629443561897,0.32703236353499826,0.18303402128443663,7.05,16.67,0,2.4,2.92,505,328,103,0.06844660194174756,NLA06608-MN:06-0002,271,11,42.264,eu_mixo,,United States of America,-96.141059,45.375585,7010000010,7020046750.000001,7030047060,2.364539007092199,7.093617021276596,4.729078014184398,3.546808510638298,18.612106156169173,7.006002365177598,4.847674953119999
109059,2007,summer,280.5,206.5,264.5,316,496,1067.5,0.26276346604215456,0.19344262295081968,0.2477751756440281,0.29601873536299766,5.94,52.25,0,8.8,1.98,473.5,96,56.1,0.10588235294117648,NLA06608-EMAP:ME518L,7,10,2.056,oligo,,United States of America,-67.921875,45.345162,7010000010,7020038339.999999,7030038340,8.796296296296296,26.38888888888889,17.59259259259259,13.194444444444445,15.706487779603883,20.443566095121334,20.443566095121334
109059,2012,summer,168,88.75,145.5,184.25,491,586.5,0.2864450127877238,0.15132139812446718,0.24808184143222506,0.31415174765558396,5.94,52.25,0,8.8,1.98,473.5,96,56.1,0.10588235294117648,NLA12_ME-R08,10,19,1.588,oligo,,United States of America,-67.921875,45.345162,7010000010,7020038339.999999,7030038340,8.796296296296296,26.38888888888889,17.59259259259259,13.194444444444445,15.706487779603883,20.443566095121334,20.443566095121334
109071,2007,summer,252.9290891624524,191.69372705894682,273.1075165569003,424.55924153158065,501.5,1142.2895743098802,0.2214229166148704,0.16781535205270479,0.23908781336982746,0.37167391796259736,1.78,21.24,0,11.9,2.67,76.2,385,155.7,0.01143224149004495,NLA06608-1174,4,28,2.76,dys,,United States of America,-70.66158299999998,45.335053,7010000010,7020038339.999999,7030038340,11.93258426966292,35.79775280898876,23.86516853932584,17.89887640449438,14.2813219966547,21.024850345036,21.024850345036
109071,2012,summer,202.5,135,201.5,263.5,499,802.5,0.2523364485981308,0.16822429906542055,0.2510903426791277,0.3283489096573209,1.78,21.24,0,11.9,2.67,76.2,385,155.7,0.01143224149004495,NLA12_ME-103,6,31,3.044,dys,,United States of America,-70.66158299999998,45.335053,7010000010,7020038339.999999,7030038340,11.93258426966292,35.79775280898876,23.86516853932584,17.89887640449438,14.2813219966547,21.024850345036,21.024850345036
109100,2007,summer,289.4189581974953,266.44945952987683,419,236.9496303408881,543,1211.8180480682602,0.2388303744599723,0.21987579732338502,0.34576147852222633,0.19553234969441635,5.36,38.9,0,7.3,2.39,185.3,309,309.2,0.01733505821474773,NLA06608-0183,68,8,30.096,eu_mixo,,United States of America,-92.434123,45.319975,7010000010,7020046750.000001,7030047060,7.257462686567163,21.77238805970149,14.514925373134327,10.886194029850746,17.235548036349485,9.141565534921865,9.141565534921865
109100,2012,summer,301,298,511,333,546.5,1443,0.2085932085932086,0.20651420651420652,0.3541233541233541,0.23076923076923078,5.36,38.9,0,7.3,2.39,185.3,309,309.2,0.01733505821474773,NLA12_WI-108,56,10,72.4,eu_mixo,,United States of America,-92.434123,45.319975,7010000010,7020046750.000001,7030047060,7.257462686567163,21.77238805970149,14.514925373134327,10.886194029850746,17.235548036349485,9.141565534921865,9.141565534921865
109120,2012,summer,335,383.5,587,297,553.5,1602.5,0.20904836193447737,0.23931357254290173,0.36630265210608426,0.18533541341653667,3.62,13.56,0,3.7,1.71,229.8,361,113.3,0.03195057369814651,NLA12_MN-121,54,14,18.5,eu_mixo,,United States of America,-95.118369,45.303628,7010000010,7020046750.000001,7030047060,3.74585635359116,11.237569060773481,7.49171270718232,5.6187845303867405,14.43438384608238,12.950071141901338,10.57346168532
109121,2017,summer,292,233.18166404605512,369.75,258.2393798457417,525,1153.171043891797,0.25321482146702134,0.20220908709179725,0.3206376035528464,0.22393848788833495,2.78,13.08,0,4.7,1.19,1720.7,360,14.2,0.19577464788732393,NLA17_MN-10046,26.60875,7,7.64,oligo,,United States of America,-95.039276,45.303553,7010000010,7020046750.000001,7030047060,4.705035971223022,14.115107913669064,9.410071942446043,7.057553956834532,13.716548576654093,12.293759232640001,9.048
109174,2007,summer,452.16330514691396,466.7068957971385,573.7265700666054,493.45311653588055,556,1986.0498875465385,0.22766966126187935,0.23499253403633463,0.28887822690866893,0.24845957779311706,3.7,16.3,16.3,4.4,1.93,90.7,353,330.5,0.01119515885022692,NLA06608-0215,83,14,58.464,eu_mixo,,United States of America,-94.93958300000001,45.265449,7010000010,7020046750.000001,7030047060,4.405405405405405,13.216216216216218,8.81081081081081,6.608108108108109,14.43438384608238,12.136822269923993,13.918517165039999
109176,2017,summer,283.9135636051022,323.2447755194812,455.5378290394867,350.8749844272745,551.5,1413.5711525913446,0.20084844196532636,0.2286724477412489,0.32226027547633473,0.24821883481709003,1.53,4.41,0,2.9,2.02,822.3,310,10.4,0.14711538461538462,NLA17_MN-10026,51.88875,10,39.04,eu_mixo,,United States of America,-94.026518,45.261811,7010000010,7020046750.000001,7030047060,2.8823529411764706,8.647058823529411,5.764705882352941,4.323529411764706,13.862882400047877,9.4646340228876,10.44
109231,2007,summer,175.31084159642018,123.5,184.5,226,498.5,709.3108415964202,0.24715657976107402,0.1741126636694894,0.260111631149966,0.3186191254194705,1.68,7.64,0,4.5,1.36,104.9,100,34.8,0.04827586206896552,NLA06608-ELS:1E1-052,10,16,1.672,oligo,,United States of America,-68.218099,45.221091,7010000010,7020038339.999999,7030038340,4.5476190476190474,13.642857142857142,9.095238095238095,6.821428571428571,13.716548576654093,13.07268144679333,13.07268144679333
109282,2007,summer,413.88107644681094,464.49884633074606,548.5208283805127,467.7373866963671,559,1894.638137854437,0.21844861463387738,0.24516494049716686,0.28951218568928383,0.24687425917967182,7.47,28.03,0,3.8,2.5,9013.1,531,134.5,0.05553903345724907,NLA06608-1575,215,20,88.2,eu_mixo,,United States of America,-97.78125,45.189583,7010000010,7020046750.000001,7030047060,3.752342704149934,11.257028112449802,7.504685408299868,5.628514056224901,17.970404231110194,9.427665007580401,9.427665007580401
109303,2007,summer,241.45904920605318,142.48926629256343,236.3166912817162,190.98884111811816,506,811.2538478984509,0.2976368615465451,0.17564078945410388,0.29129808369340054,0.23542426530595056,1.9,14.7,14.7,7.7,2.06,216.7,1067,22.2,0.08558558558558559,NLA06608-0406,4,2,1.232,oligo,Clear Lake,United States of America,-121.690853,45.17581,7010000010,7020014250,7030014930,7.736842105263158,23.210526315789476,15.473684210526317,11.605263157894738,13.862882400047877,10.418492171470131,10.418492171470131
109312,2007,summer,158,112,140,197.5,486,607.5,0.26008230452674896,0.18436213991769548,0.23045267489711935,0.32510288065843623,7.42,32.74,0,4.4,3.08,108.5,94,144.1,0.05149201943095073,NLA06608-EMAP:ME263L,11,49,1.84,dys,,United States of America,-67.974046,45.167396,7010000010,7020038339.999999,7030038340,4.412398921832885,13.237196765498654,8.82479784366577,6.618598382749327,19.289536621075982,11.877322215578669,11.877322215578669
109327,2007,summer,265.40684228029363,155.74855517079828,315.4713261250166,246.54410568925027,508,983.1708292653589,0.26994987481332205,0.1584145405200601,0.32087132442766014,0.25076426023895765,1.8,7.44,0,4.1,1.24,705.8,211,13.6,0.1323529411764706,NLA06608-1434,5,8,2.312,oligo,,United States of America,-84.978125,45.157238,7010000010,7020024600,7030034520,4.133333333333334,12.4,8.266666666666667,6.2,13.716548576654093,12.13739028071333,12.13739028071333
109327,2012,summer,278.5,169,326.5,279.5,506,1053.5,0.26435690555291885,0.16041765543426673,0.3099193165638348,0.2653061224489796,1.8,7.44,0,4.1,1.24,705.8,211,13.6,0.1323529411764706,NLA12_MI-106,36,19,3.466666667,eu_mixo,,United States of America,-84.978125,45.157238,7010000010,7020024600,7030034520,4.133333333333334,12.4,8.266666666666667,6.2,13.716548576654093,12.13739028071333,12.13739028071333
109345,2007,summer,268.9047285967034,278.40490739773736,384.47311859397587,296.2529980221747,552,1228.0357526105913,0.21897141677272713,0.2267074934959318,0.3130797436285162,0.2412413461028249,7.16,24.59,0,3.4,2.65,7298.7,535,145.1,0.04934527911784976,NLA06608-0295,242,15,5.733,eu_mixo,,United States of America,-97.60813700000001,45.144611,7010000010,7020046750.000001,7030047060,3.434357541899441,10.303072625698325,6.868715083798882,5.151536312849163,18.379072617471138,10.144479292865334,10.144479292865334
109345,2012,summer,244,227.5,412,231.5,546,1115,0.21883408071748878,0.2040358744394619,0.3695067264573991,0.20762331838565024,7.16,24.59,0,3.4,2.65,7298.7,535,145.1,0.04934527911784976,NLA12_SD-104,119,6,3.112,eu_mixo,,United States of America,-97.60813700000001,45.144611,7010000010,7020046750.000001,7030047060,3.434357541899441,10.303072625698325,6.868715083798882,5.151536312849163,18.379072617471138,10.144479292865334,10.144479292865334
109353,2007,summer,235,143,222,256,492,856,0.27453271028037385,0.16705607476635514,0.25934579439252337,0.29906542056074764,4.39,40.37,0,9.2,1.52,1204.2,156,15.9,0.2761006289308176,NLA06608-NELP-0253,4,6,1.035,oligo,,United States of America,-68.110092,45.139607,7010000010,7020038339.999999,7030038340,9.195899772209568,27.587699316628704,18.391799544419136,13.793849658314352,14.8633358890862,15.874499305672,15.874499305672
109380,2012,summer,338,349.5,529.5,393.5,551.5,1610.5,0.2098727103384042,0.21701334989133808,0.3287798820242161,0.2443340577460416,2.1,11.06,0,5.3,1.41,234.4,293,86.1,0.02439024390243903,NLA12_MN-107,98,32,41.76,eu_mixo,,United States of America,-94.161979,45.116948,7010000010,7020046750.000001,7030047060,5.266666666666667,15.8,10.533333333333333,7.9,13.716548576654093,16.217585139038658,18.09336621072
109418,2007,summer,305.5,411,457,402,568,1575.5,0.19390669628689305,0.2608695652173913,0.2900666455093621,0.25515709298635353,1.32,3.38,0,2.6,1.87,9770.6,538,13.9,0.09496402877697842,NLA06608-0407,762,37,1.813,eu_mixo,,United States of America,-97.750454,45.082553,7010000010,7020046750.000001,7030047060,2.56060606060606,7.681818181818181,5.12121212121212,3.8409090909090904,13.716548576654093,7.016424994998532,7.016424994998532
109422,2007,summer,353.28036236836033,270.57426443472934,397.4053564943579,481.24981625161706,517.5,1502.5097995490646,0.23512682744191574,0.18008153059363372,0.2644943524585515,0.32029728950589903,1.4,9.5,0,6.8,1.53,539.2,477,8.6,0.1627906976744186,NLA06608-0662,12,8,2.968,oligo,,United States of America,-71.36349,45.081737,7010000010,7020038339.999999,7030038340,6.785714285714286,20.357142857142858,13.571428571428571,10.178571428571429,13.716548576654093,15.478738711589333,15.478738711589333
109441,2007,summer,199,140.4506310038547,179.11118347981443,155.66544459556076,492,674.22725907923,0.29515270603530297,0.20831348645805797,0.2656540225389592,0.2308797849676798,1.29,18.18,0,14.1,1.95,828.5,1942,16.7,0.07724550898203593,NLA06608-1329,9,7,0.108,oligo,,United States of America,-116.170208,45.071346,7010000010,7020014250,7030014930,14.093023255813955,42.27906976744186,28.18604651162791,21.13953488372093,13.862882400047877,9.5804994674706645,9.5804994674706645
109459,2012,summer,374.5,477.5,630,367.5,559,1849.5,0.20248715869153824,0.2581778859151122,0.340632603406326,0.19870235198702352,4.47,16.84,0,3.8,2.05,786,340,36.7,0.12179836512261578,NLA12_MN-167,172,23,48.8,eu_mixo,,United States of America,-94.790625,45.05639,7010000010,7020046750.000001,7030047060,3.7673378076062645,11.302013422818794,7.534675615212529,5.651006711409397,15.185681404253561,4.922754264214,3.8265765721199996
109459,2017,summer,344.20390940632166,369.45615798537347,513.6274749902666,229.5586837956923,553,1456.846226177654,0.23626646602875434,0.25359996912970034,0.35256121460250306,0.15757235023904229,4.47,16.84,0,3.8,2.05,786,340,36.7,0.12179836512261578,NLA17_MN-10161,139.51125,15,58.4,eu_mixo,,United States of America,-94.790625,45.05639,7010000010,7020046750.000001,7030047060,3.7673378076062645,11.302013422818794,7.534675615212529,5.651006711409397,15.185681404253561,4.922754264214,3.8265765721199996
109526,2007,summer,360.831413598186,357.37191479498284,497,405.81433344711206,555,1621.0176618402807,0.2225956089759982,0.22046145653297317,0.30659752308668525,0.2503454114043435,4.67,21.87,0,4.7,1.51,1463.1,322,26.6,0.1755639097744361,NLA06608-1175,69,12,32.112,eu_mixo,,United States of America,-94.316366,44.999441,7010000010,7020046750.000001,7030047060,4.683083511777302,14.049250535331906,9.366167023554604,7.024625267665953,15.007442775893317,10.408550634944003,3.9880172869199995
109526,2012,summer,375,389.5,576,478.5,552,1819,0.20615722924683894,0.21412864211105004,0.3166575041231446,0.26305662451896644,4.67,21.87,0,4.7,1.51,1463.1,322,26.6,0.1755639097744361,NLA12_MN-122,38,23,3.424,eu_mixo,,United States of America,-94.316366,44.999441,7010000010,7020046750.000001,7030047060,4.683083511777302,14.049250535331906,9.366167023554604,7.024625267665953,15.007442775893317,10.408550634944003,3.9880172869199995
109526,2017,summer,376.4691039685448,296.6074498702181,398.64372521833627,352.28186507576197,515,1424.002144132861,0.264373972693555,0.20829143487760385,0.2799460147309598,0.24738857769788136,4.67,21.87,0,4.7,1.51,1463.1,322,26.6,0.1755639097744361,NLA17_MN-10009,41.77,23,21,eu_mixo,,United States of America,-94.316366,44.999441,7010000010,7020046750.000001,7030047060,4.683083511777302,14.049250535331906,9.366167023554604,7.024625267665953,15.007442775893317,10.408550634944003,3.9880172869199995
109569,2012,summer,130,65.5,124,194,493,513.5,0.25316455696202533,0.12755598831548198,0.24148003894839337,0.3777994157740993,1.76,17,0,9.7,1.23,830.3,530,10.9,0.1614678899082569,NLA12_VT-114,10,15,1.851428571,oligo,,United States of America,-71.70717500000002,44.962851,7010000010,7020024600,7030034520,9.65909090909091,28.97727272727273,19.31818181818182,14.488636363636365,13.716548576654093,11.085642326324264,11.085642326324264
109569,2017,summer,234,193,233,300,497,960,0.24375,0.20104166666666667,0.24270833333333333,0.3125,1.76,17,0,9.7,1.23,830.3,530,10.9,0.1614678899082569,NLA17_VT-10003,3.748125,6.5,1.495,oligo,,United States of America,-71.70717500000002,44.962851,7010000010,7020024600,7030034520,9.65909090909091,28.97727272727273,19.31818181818182,14.488636363636365,13.716548576654093,11.085642326324264,11.085642326324264
109578,2007,summer,356.7932126794867,302.53417981766995,491.63305395167447,256.1452399779407,516,1407.1056864267719,0.25356532641519874,0.21500458901984143,0.3493931256863412,0.18203695887861865,2.41,31.15,0,12.9,1.45,361.6,1451,74.5,0.03234899328859061,NLA06608-3121,46,14,14.64,eu_mixo,,United States of America,-116.467044,44.95726,7010000010,7020014250,7030014930,12.925311203319502,38.77593360995851,25.850622406639005,19.387966804979254,13.862882400047877,19.214451842896004,19.214451842896004
109578,2012,summer,341,245,414,199,504,1199,0.28440366972477066,0.2043369474562135,0.34528773978315264,0.16597164303586323,2.41,31.15,0,12.9,1.45,361.6,1451,74.5,0.03234899328859061,NLA12_ID-101,59.5,12.5,6.303999999999999,eu_mixo,,United States of America,-116.467044,44.95726,7010000010,7020014250,7030014930,12.925311203319502,38.77593360995851,25.850622406639005,19.387966804979254,13.862882400047877,19.214451842896004,19.214451842896004
109578,2017,summer,271.59828657210426,180.58185784217054,327.38067688087733,191.9276757065045,500,971.4884970016566,0.2795692253797639,0.18588162227294247,0.33698873212733377,0.19756042021995987,2.41,31.15,0,12.9,1.45,361.6,1451,74.5,0.03234899328859061,NLA17_ID-10001,35.1825,3,1.775,eu_mixo,,United States of America,-116.467044,44.95726,7010000010,7020014250,7030014930,12.925311203319502,38.77593360995851,25.850622406639005,19.387966804979254,13.862882400047877,19.214451842896004,19.214451842896004
109614,2017,summer,404,416,438,501,564,1759,0.2296759522455941,0.23649801023308697,0.2490051165434906,0.2848209209778283,1.87,10.72,0,5.7,2.27,22,111,238.8,0.00783082077051926,NLA17_ME-10020,11.6925,40,1.71,dys,,United States of America,-70.044546,44.932236,7010000010,7020038339.999999,7030038340,5.732620320855615,17.197860962566846,11.46524064171123,8.598930481283423,14.137215109847583,13.125703358988,13.125703358988
109684,2007,summer,440.5717684828115,472.178461547593,633.0592540595019,417.1775703125195,552,1962.9870544024259,0.22443946713491225,0.24054079240544657,0.3224979261272909,0.21252181433235026,4.26,8.63,0,2,1.36,718.4,514,39.4,0.1081218274111675,NLA06608-0343,117,19,45.36,eu_mixo,,United States of America,-96.64778500000001,44.885524,7010000010,7020046750.000001,7030047060,2.025821596244132,6.077464788732396,4.051643192488264,3.038732394366198,14.589003179286493,9.314557927131998,9.314557927131998
109684,2012,summer,289,290,492,192,548,1263,0.2288202692003167,0.22961203483768805,0.38954869358669836,0.15201900237529692,4.26,8.63,0,2,1.36,718.4,514,39.4,0.1081218274111675,NLA12_SD-103,67,22,13.7,eu_mixo,,United States of America,-96.64778500000001,44.885524,7010000010,7020046750.000001,7030047060,2.025821596244132,6.077464788732396,4.051643192488264,3.038732394366198,14.589003179286493,9.314557927131998,9.314557927131998
109684,2017,summer,430,387.2365056556712,665.8241832273342,346.02031298725024,533,1829.0810018702555,0.23509073658319138,0.2117109659220765,0.36402115737166457,0.18917714012306763,4.26,8.63,0,2,1.36,718.4,514,39.4,0.1081218274111675,NLA17_SD-10005,59.22,25,3.76,eu_mixo,,United States of America,-96.64778500000001,44.885524,7010000010,7020046750.000001,7030047060,2.025821596244132,6.077464788732396,4.051643192488264,3.038732394366198,14.589003179286493,9.314557927131998,9.314557927131998
109690,2012,summer,574.5,695.5,803.5,404.5,560.5,2478,0.2318401937046005,0.2806698950766747,0.3242534301856336,0.1632364810330912,3.88,6.7,0,1.7,1.51,230.9,551,208.2,0.0186359269932757,NLA12_SD-189,147,20,38.736,eu_mixo,,United States of America,-99.759345,44.88353,7010000010,7020046750.000001,7030047060,1.7268041237113405,5.180412371134021,3.453608247422681,2.5902061855670104,14.29308111136852,4.984912894878534,4.984912894878534
109690,2017,summer,728,970,1021,513.0921688921478,567,3232.092168892148,0.2252411014162179,0.30011520381007056,0.315894456793899,0.15874923797981247,3.88,6.7,0,1.7,1.51,230.9,551,208.2,0.0186359269932757,NLA17_SD-10010,211.401875,21,18.085,eu_mixo,,United States of America,-99.759345,44.88353,7010000010,7020046750.000001,7030047060,1.7268041237113405,5.180412371134021,3.453608247422681,2.5902061855670104,14.29308111136852,4.984912894878534,4.984912894878534
109726,2007,summer,468.25369284173394,545.7223635872219,611.5651439371044,454.74280084124746,563,2080.284001207308,0.22509123397092873,0.2623307025725853,0.29398156385482854,0.21859649960165736,1.91,2.88,0,1.5,1.84,203.5,547,97.2,0.01965020576131687,NLA06608-2103,170,20,8.133,eu_mixo,,United States of America,-99.892998,44.846805,7010000010,7020046750.000001,7030047060,1.5078534031413613,4.523560209424083,3.0157068062827226,2.2617801047120416,13.862882400047877,4.729273533064666,4.729273533064666
109742,2012,summer,312.5,325.5,488.5,244,551,1370.5,0.22801897117840203,0.23750456037942358,0.3564392557460781,0.17803721269609632,1.02,1.7,0,1.7,1.36,240.5,530,271,0.00376383763837638,NLA12_SD-154,753,28,35.56923077,eu_mixo,,United States of America,-97.722917,44.83125,7010000010,7020046750.000001,7030047060,1.6666666666666665,4.999999999999999,3.333333333333333,2.4999999999999996,13.555005684857694,6.695129614625198,6.695129614625198
109812,2012,summer,140,96.5,151,234.5,506.5,622,0.22508038585209003,0.15514469453376206,0.2427652733118971,0.3770096463022508,1.22,4.66,0,3.8,4.28,23.3,24,93.4,0.01306209850107066,NLA12_ME-122,11,50,1.68,dys,,United States of America,-67.191355,44.787274,7010000010,7020038339.999999,7030038340,3.8196721311475414,11.459016393442623,7.639344262295083,5.729508196721311,14.98036700036527,13.892143169256666,13.892143169256666
109880,2017,summer,273.14451359116435,214.6776270672645,277.76919110903447,322.5,499.5,1088.0913317674633,0.25103086994312923,0.19729743340437106,0.2552811358747197,0.2963905607777801,1.26,7.67,0,6.1,1.63,507.2,423,6.4,0.196875,NLA17_ME-HP001,6.555,22,2.18,dys,,United States of America,-70.967708,44.745219,7010000010,7020038339.999999,7030038340,6.087301587301587,18.26190476190476,12.174603174603174,9.13095238095238,13.716548576654093,16.4728004637072,16.4728004637072
109922,2007,summer,335,324,442,379,545,1480,0.22635135135135134,0.21891891891891893,0.29864864864864865,0.2560810810810811,1.28,3.09,0,2.4,1.42,832,512,10.5,0.1219047619047619,NLA06608-2135,24,7,15.216,oligo,,United States of America,-96.466058,44.710342,7010000010,7020046750.000001,7030047060,2.4140625,7.2421875,4.828125,3.62109375,13.716548576654093,10.013629615337335,10.013629615337335
109952,2007,summer,493.8021165470856,553.7100984337088,656.115570625856,596.2560910067546,561.5,2299.883876613405,0.214707412651726,0.24075567643399928,0.2852820428446982,0.25925486806957654,1.97,4.78,0,2.4,1.91,718,313,14.2,0.1387323943661972,NLA06608-MN:87-0030,82,15,40.032,eu_mixo,,United States of America,-95.522917,44.685949,7010000010,7020046750.000001,7030047060,2.426395939086295,7.279187817258884,4.85279187817259,3.639593908629442,13.862882400047877,8.958446126994398,8.958446126994398
109970,2007,summer,319.76227854595567,275.550577610265,428.8789687452455,196.24760700527054,535.5,1220.4394319067367,0.2620058564040163,0.2257798055408308,0.35141356263390505,0.1608007754212479,5.33,90.7,90.7,17,1.98,255.8,1231,425.4,0.01252938410907381,NLA06608-0881,42,13,15.886,eu_mixo,Phillips Lake,United States of America,-117.999626,44.671057,7010000010,7020014250,7030014930,17.01688555347092,51.050656660412756,34.03377110694184,25.525328330206378,15.706487779603883,22.421177767989334,22.421177767989334
109970,2012,summer,424,322.5,489,270,512.5,1505.5,0.281634008635005,0.21421454666223846,0.3248090335436732,0.17934241115908336,5.33,90.7,90.7,17,1.98,255.8,1231,425.4,0.01252938410907381,NLA12_OR-105,48,12,3.744,eu_mixo,Phillips Lake,United States of America,-117.999626,44.671057,7010000010,7020014250,7030014930,17.01688555347092,51.050656660412756,34.03377110694184,25.525328330206378,15.706487779603883,22.421177767989334,22.421177767989334
109970,2017,summer,302,253,372.66594883589084,213.66944451379428,516,1141.335393349685,0.2646023261520573,0.22167016065056458,0.3265174733100672,0.18721003988731094,5.33,90.7,90.7,17,1.98,255.8,1231,425.4,0.01252938410907381,NLA17_OR-10006,50.1625,10,33.44,eu_mixo,Phillips Lake,United States of America,-117.999626,44.671057,7010000010,7020014250,7030014930,17.01688555347092,51.050656660412756,34.03377110694184,25.525328330206378,15.706487779603883,22.421177767989334,22.421177767989334
109981,2007,summer,274.4038479160847,137.3933057247631,230.3918011733534,260.94830422490895,495,903.1372590391102,0.30383404645273493,0.1521289309566768,0.25510164581015954,0.28893537678042874,2.85,35.35,0,12.4,1.48,1328.5,396,13,0.21923076923076923,NLA06608-9999,1,13,1.024,oligo,,United States of America,-71.64805,44.663463,7010000010,7020038339.999999,7030038340,12.403508771929824,37.21052631578947,24.807017543859647,18.605263157894736,13.862882400047877,17.465499185276,17.465499185276
110062,2012,summer,475,585,618,579,567,2257,0.2104563579973416,0.25919361984935757,0.2738147984049623,0.2565352237483385,2.78,5.8,0,2.1,1.13,127.6,501,707.5,0.00392932862190812,NLA12_SD-198,419,25,1.914,eu_mixo,,United States of America,-97.189962,44.590145,7010000010,7020046750.000001,7030047060,2.086330935251799,6.258992805755396,4.172661870503598,3.129496402877698,13.716548576654093,5.170339528017868,5.170339528017868
110074,2007,summer,286.5,207,308,403.8729311591303,502,1205.3729311591303,0.23768577557527462,0.17173108392349684,0.25552257897795666,0.33506056152327185,3.09,22.33,0,7.2,1.4,651.1,426,17.6,0.1755681818181818,NLA06608-0369,1,7,1.744,oligo,,United States of America,-72.299255,44.577429,7010000010,7020024600,7030034520,7.226537216828478,21.679611650485434,14.453074433656957,10.839805825242717,14.015944249475554,17.316234643293328,17.316234643293328
110081,2007,summer,388.421216701444,505.3417824429232,554.9274151554914,417.32058057963457,559.5,1866.0109948794934,0.20815590999587233,0.27081393616094857,0.2973870018334637,0.22364315200971527,6.79,30.77,0,4.5,1.49,4189.6,377,165.1,0.04112658994548758,NLA06608-1703,304,15,32.04,eu_mixo,,United States of America,-98.158883,44.571501,7010000010,7020046750.000001,7030047060,4.531664212076583,13.59499263622975,9.063328424153166,6.797496318114875,15.92053759901427,21.99813299812,21.99813299812
110143,2012,summer,184.5,156,205.5,284.5,494,830.5,0.22215532811559302,0.18783865141481035,0.24744130042143286,0.34256472004816374,1.39,9.48,0,6.8,2.73,123.9,106,33.4,0.04161676646706586,NLA12_ME-114,6,20,1.92,oligo,,United States of America,-69.992656,44.516153,7010000010,7020038339.999999,7030038340,6.8201438848920874,20.46043165467626,13.640287769784175,10.23021582733813,14.137215109847583,14.819815446374667,14.819815446374667
110288,2012,summer,199,158,208,258,502,823,0.24179829890643986,0.1919805589307412,0.25273390036452004,0.3134872417982989,1.34,4.7,0,3.5,1.3,125.3,67,15.3,0.08758169934640524,NLA12_ME-R11,17,36,4.208,dys,,United States of America,-69.106322,44.364519,7010000010,7020038339.999999,7030038340,3.507462686567164,10.522388059701493,7.014925373134328,5.2611940298507465,13.716548576654093,14.093684712074266,14.093684712074266
110302,2012,summer,343,337,433,295,515,1408,0.24360795454545456,0.2393465909090909,0.3075284090909091,0.20951704545454544,2.67,60.4,60.4,22.7,1.91,199.2,1027,703,0.00379800853485064,NLA12_OR-154,288,20,2.392,eu_mixo,Malheur 3,United States of America,-117.674399,44.354561,7010000010,7020014250,7030014930,22.621722846441948,67.86516853932585,45.243445692883896,33.932584269662925,14.137215109847583,15.077997126899998,15.077997126899998
110302,2017,summer,391.22680908725795,349.06072556743356,415.2610005218048,278.0664870499383,511.5,1433.6150222264348,0.27289530524008765,0.24348288777368893,0.28966005104835996,0.19396175593786336,2.67,60.4,60.4,22.7,1.91,199.2,1027,703,0.00379800853485064,NLA17_OR-10009,310.705,30,2.72,eu_mixo,Malheur 3,United States of America,-117.674399,44.354561,7010000010,7020014250,7030014930,22.621722846441948,67.86516853932585,45.243445692883896,33.932584269662925,14.137215109847583,15.077997126899998,15.077997126899998
110309,2007,summer,223.54041626606605,148,213.61348391750747,296.5427196188245,492,881.6966198023979,0.2535343918140062,0.16785819144137032,0.24227549376948004,0.3363319229751435,1.16,7.25,0,6.3,3.17,325.1,490,11.5,0.1008695652173913,NLA06608-ALSC:020149,5,12,3.269,oligo,,United States of America,-74.407292,44.348586,7010000010,7020024600,7030034520,6.25,18.750000000000004,12.5,9.375000000000002,14.2813219966547,18.100008579062663,18.100008579062663
110309,2017,summer,167.4481418141661,112,159.5,252.5,493.5,691.4481418141661,0.24217021015463155,0.16197888637916272,0.23067528908461118,0.3651756143815945,1.16,7.25,0,6.3,3.17,325.1,490,11.5,0.1008695652173913,NLA17_NY-HP003,9.9325,21,5.17,dys,,United States of America,-74.407292,44.348586,7010000010,7020024600,7030034520,6.25,18.750000000000004,12.5,9.375000000000002,14.2813219966547,18.100008579062663,18.100008579062663
110437,2007,summer,395,435,555,510,551,1895,0.20844327176781002,0.22955145118733508,0.2928759894459103,0.2691292875989446,4.76,33.69,0,7.1,2.37,117.7,302,427.2,0.01114232209737827,NLA06608-1303,817,20,7.648,eu_mixo,,United States of America,-93.489928,44.244575,7010000010,7020046750.000001,7030047060,7.077731092436975,21.233193277310924,14.15546218487395,10.616596638655462,15.706487779603883,7.1007655655453314,3.4799999999999995
110458,2012,summer,435,468,640,524,554,2067,0.2104499274310595,0.22641509433962265,0.3096274794388002,0.25350749879051765,3.06,10.74,0,3.5,2.03,77.8,477,466.6,0.00655807972567509,NLA12_SD-162,815,32,85.44,eu_mixo,,United States of America,-96.840625,44.22209,7010000010,7020046750.000001,7030047060,3.509803921568628,10.529411764705884,7.019607843137256,5.264705882352942,14.43438384608238,17.199318030430664,17.199318030430664
110470,2007,summer,343.7974689467366,241.52213806152616,361.0787752844252,362.68300043304026,517.5,1309.0813827257282,0.26262497770069293,0.18449742028920796,0.2758260716630148,0.27705153034708435,1.06,3.93,0,3.7,2.33,30.6,293,162.6,0.0065190651906519,NLA06608-0547,10,19,2.107,oligo,,United States of America,-89.85515599999998,44.211282,7010000010,7020046750.000001,7030047060,3.707547169811321,11.122641509433963,7.415094339622642,5.561320754716982,13.862882400047877,12.08087368357707,12.08087368357707
110485,2007,summer,310.7024195572347,460.7384859860225,509.86439536283615,543.3927363082557,566,1824.6980372143491,0.17027607484664387,0.2525012229910669,0.279423984113675,0.29779871804861424,1.78,3.65,0,2,1.88,173.6,298,35.4,0.05028248587570622,NLA06608-0279,239,20,126.267,eu_mixo,,United States of America,-93.894403,44.183227,7010000010,7020046750.000001,7030047060,2.050561797752809,6.151685393258426,4.101123595505618,3.075842696629213,13.862882400047877,8.765242253135865,8.765242253135865
110485,2012,summer,321.5,437,517,476.5,563.5,1752,0.18350456621004566,0.24942922374429224,0.2950913242009132,0.2719748858447489,1.78,3.65,0,2,1.88,173.6,298,35.4,0.05028248587570622,NLA12_MN-112,159,38,92.8,eu_mixo,,United States of America,-93.894403,44.183227,7010000010,7020046750.000001,7030047060,2.050561797752809,6.151685393258426,4.101123595505618,3.075842696629213,13.862882400047877,8.765242253135865,8.765242253135865
110485,2017,summer,340.82053974911105,410.4820189912916,464.5,439.00688453808016,564,1654.8094432784828,0.20595757483343985,0.24805395005363942,0.28069697202098376,0.265291503091937,1.78,3.65,0,2,1.88,173.6,298,35.4,0.05028248587570622,NLA17_MN-10002,242.54375,35,114.29,eu_mixo,,United States of America,-93.894403,44.183227,7010000010,7020046750.000001,7030047060,2.050561797752809,6.151685393258426,4.101123595505618,3.075842696629213,13.862882400047877,8.765242253135865,8.765242253135865
110505,2007,summer,486.78005909794615,547.5873220234189,690.5,487.0524236608793,557,2211.9198047822442,0.22007129645727275,0.24756201415599105,0.31217225801184834,0.2201944313748879,4.58,13.65,0,3,1.41,1350.5,464,22.5,0.20355555555555557,NLA06608-MN:51-0063,140,9,25.12,eu_mixo,,United States of America,-95.753269,44.15471,7010000010,7020046750.000001,7030047060,2.980349344978166,8.941048034934498,5.960698689956332,4.470524017467249,14.589003179286493,9.122139104475997,3.33443669124
110567,2007,summer,284.41112964696606,207.90234288959184,334.31322983961866,235.9905490477699,512,1062.6172514239465,0.26765152670525966,0.1956512023600172,0.31461302683692227,0.22208424409780078,1.42,12.1,12.1,8.5,3.76,4.5,1574,2797.3,5.076323597754977e-4,NLA06608-1930,31,7,1.482,eu_mixo,,United States of America,-111.496207,44.078935,7010000010,7020014250,7030014930,8.52112676056338,25.56338028169014,17.04225352112676,12.78169014084507,14.98036700036527,10.242397258419997,10.242397258419997
110610,2007,summer,331.59493789347323,181,298,338,492,1148.5949378934733,0.2886961512311898,0.15758383920092367,0.2594474258667141,0.2942725837011724,4.98,61.85,0,12.4,1.74,994.3,129,24.4,0.20409836065573772,NLA06608-1238,1,5,1.829,oligo,,United States of America,-70.521624,44.01082,7010000010,7020038339.999999,7030038340,12.419678714859437,37.25903614457831,24.839357429718874,18.629518072289155,15.007442775893317,17.301240331009335,17.301240331009335
110610,2012,summer,187,112,197,216,498,712,0.26264044943820225,0.15730337078651685,0.27668539325842695,0.30337078651685395,4.98,61.85,0,12.4,1.74,994.3,129,24.4,0.20409836065573772,NLA12_ME-110,6,6,2.02,oligo,,United States of America,-70.521624,44.01082,7010000010,7020038339.999999,7030038340,12.419678714859437,37.25903614457831,24.839357429718874,18.629518072289155,15.007442775893317,17.301240331009335,17.301240331009335
110610,2017,summer,387,293,375,351,495,1406,0.27524893314367,0.20839260312944524,0.26671408250355616,0.2496443812233286,4.98,61.85,0,12.4,1.74,994.3,129,24.4,0.20409836065573772,NLA17_ME-10006,4.36875,1,0.91,oligo,,United States of America,-70.521624,44.01082,7010000010,7020038339.999999,7030038340,12.419678714859437,37.25903614457831,24.839357429718874,18.629518072289155,15.007442775893317,17.301240331009335,17.301240331009335
110615,2007,summer,385.60752233721007,603.8965377673263,686.0460824764316,424.27363663972676,565.5,2099.8237792206946,0.18363803960745706,0.2875939132337333,0.32671602696634056,0.20205202019246918,2.17,24.94,0,11.5,2.11,142,1654,89.2,0.02432735426008968,NLA06608-1894,36,5,0.446,eu_mixo,,United States of America,-121.74372,44.002083,7010000010,7020014250,7030014930,11.493087557603689,34.47926267281106,22.986175115207377,17.23963133640553,14.137215109847583,8.014372041349601,8.014372041349601
110615,2017,summer,315,405.639001634852,514,273.5,564.5,1508.1390016348519,0.208866689117206,0.26896658808977914,0.3408173911309329,0.181349331662082,2.17,24.94,0,11.5,2.11,142,1654,89.2,0.02432735426008968,NLA17_OR-10002,33.965,6.5,0.7050000000000001,eu_mixo,,United States of America,-121.74372,44.002083,7010000010,7020014250,7030014930,11.493087557603689,34.47926267281106,22.986175115207377,17.23963133640553,14.137215109847583,8.014372041349601,8.014372041349601
110634,2012,summer,349,197,278,240,488,1064,0.32800751879699247,0.18515037593984962,0.26127819548872183,0.22556390977443608,1.49,17.17,0,11.6,1.6,1219.5,2134,30,0.04966666666666666,NLA12_ID-215,13,10,0.717714286,oligo,,United States of America,-114.864358,43.979809,7010000010,7020014250,7030014930,11.523489932885907,34.57046979865772,23.046979865771814,17.28523489932886,13.716548576654093,8.121474646804,8.121474646804
110656,2012,summer,376,292,394.5,301.5,498,1364,0.2756598240469208,0.21407624633431085,0.2892228739002933,0.22104105571847507,2.11,7.96,0,3.8,1.97,5.1,175,1964.7,0.00107395531124344,NLA12_MI-102,46,12,33.44,eu_mixo,,United States of America,-86.455072,43.951412,7010000010,7020024600,7030034520,3.7725118483412325,11.317535545023697,7.545023696682465,5.658767772511848,13.862882400047877,9.751545199438668,9.751545199438668
110656,2017,summer,317.10410781177177,222.07709413011128,307.3625405911232,237.23937984574172,492.5,1083.783122378748,0.2925900037230455,0.20490916452240374,0.283601519754715,0.21889931199983576,2.11,7.96,0,3.8,1.97,5.1,175,1964.7,0.00107395531124344,NLA17_MI-10002,27.17625,5,3.14,oligo,,United States of America,-86.455072,43.951412,7010000010,7020024600,7030034520,3.7725118483412325,11.317535545023697,7.545023696682465,5.658767772511848,13.862882400047877,9.751545199438668,9.751545199438668
110662,2012,summer,234.5,123,255.75,166,499,779.25,0.30093038177735004,0.15784408084696824,0.32820019249278154,0.21302534488290023,3.29,154.2,154.2,46.9,3.07,101.7,234,476.3,0.00690741129540205,NLA12_OR-169,25,5,0.428,oligo,Fall Creek Lake,United States of America,-122.7552,43.944837,7010000010,7020014250,7030014930,46.8693009118541,140.60790273556228,93.7386018237082,70.30395136778114,16.662489106538548,19.48865653014267,19.48865653014267
110679,2017,summer,263.3045299052122,156.65327029874058,242.06413071326804,165.94311645441593,492,827.9650473716367,0.31801406441137664,0.18920275776862097,0.29236032545298524,0.20042285236701718,3.27,43.47,0,13.3,1.21,1334.5,2140,76.4,0.04280104712041884,NLA17_ID-10071,14.6075,5,0.32,oligo,,United States of America,-114.852077,43.922866,7010000010,7020014250,7030014930,13.293577981651378,39.88073394495413,26.587155963302756,19.940366972477065,14.015944249475554,24.569232449812,24.569232449812
110684,2007,summer,431.25,455.75,590,475,550.5,1952,0.22092725409836064,0.23347848360655737,0.30225409836065575,0.24334016393442623,3.61,13.77,0,3.8,1.19,94.7,485,427.7,0.00844049567453822,NLA06608-0523,115,6,48.6,eu_mixo,,United States of America,-96.951763,43.916199,7010000010,7020046750.000001,7030047060,3.8144044321329638,11.443213296398893,7.6288088642659275,5.7216066481994465,14.015944249475554,12.961607875615199,12.961607875615199
110691,2007,summer,601.9963516607886,623.9854587643821,746.1171578312295,387.02516122043187,550,2359.1241294768324,0.2551779044345112,0.2644987819707305,0.31626871537136586,0.1640545982233923,5.83,73.9,73.9,12.7,1.28,234.7,1016,1155,0.00504761904761904,NLA06608-0933,136,5,8.16,eu_mixo,Beulah,United States of America,-118.155208,43.912118,7010000010,7020014250,7030014930,12.67581475128645,38.02744425385935,25.3516295025729,19.013722126929675,14.8633358890862,20.574994189242666,20.574994189242666
110691,2012,summer,632.75,597.5,754,329,544.5,2313.25,0.27353290824597426,0.2582946071544364,0.3259483410785691,0.1422241435210202,5.83,73.9,73.9,12.7,1.28,234.7,1016,1155,0.00504761904761904,NLA12_OR-112,125,20,8.114285714,eu_mixo,Beulah,United States of America,-118.155208,43.912118,7010000010,7020014250,7030014930,12.67581475128645,38.02744425385935,25.3516295025729,19.013722126929675,14.8633358890862,20.574994189242666,20.574994189242666
110691,2017,summer,433.3555523090403,384.68349278476666,542.7229366723906,287.53989981390987,536,1648.3018815801074,0.2629103061470838,0.2333816985126526,0.3292618559363176,0.174446139403946,5.83,73.9,73.9,12.7,1.28,234.7,1016,1155,0.00504761904761904,NLA17_OR-10003,148.00375,15,106.59,eu_mixo,Beulah,United States of America,-118.155208,43.912118,7010000010,7020014250,7030014930,12.67581475128645,38.02744425385935,25.3516295025729,19.013722126929675,14.8633358890862,20.574994189242666,20.574994189242666
110744,2007,summer,229.7295246030266,163.40509094552513,267.9546764300078,317.787277994275,507,978.8765699728344,0.2346869172784491,0.16693125155713953,0.2737369395177617,0.3246448916466497,1.59,4.58,0,2.9,1.6,840.5,319,7.9,0.20126582278481012,NLA06608-0426,5,5,3.12,oligo,,United States of America,-85.08597899999998,43.838312,7010000010,7020024600,7030034520,2.880503144654088,8.641509433962263,5.761006289308176,4.320754716981131,13.716548576654093,7.929749279140799,7.929749279140799
110864,2007,summer,326,180.8437319839391,288.33256142677453,210.90652350959675,490.5,1006.0828169203105,0.32402899097105015,0.17975034355274486,0.28658929123685917,0.20963137423934572,1.75,33.37,0,19,1.2,898.1,2023,43.9,0.03986332574031891,NLA06608-0906,1,11,0.832,oligo,,United States of America,-110.788542,43.635853,7010000010,7020014250,7030014930,19.068571428571428,57.205714285714286,38.137142857142855,28.602857142857143,13.716548576654093,25.00820357152667,25.00820357152667
110864,2012,summer,284,156.5,245.5,169.5,487.5,855.5,0.33196960841613093,0.18293395675043833,0.2869666861484512,0.19812974868497954,1.75,33.37,0,19,1.2,898.1,2023,43.9,0.03986332574031891,NLA12_WY-R01,9,4,0.6656,oligo,,United States of America,-110.788542,43.635853,7010000010,7020014250,7030014930,19.068571428571428,57.205714285714286,38.137142857142855,28.602857142857143,13.716548576654093,25.00820357152667,25.00820357152667
110881,2007,summer,290.92253515028005,182.71196704334875,281.33742521318925,361.1958892814887,495.5,1116.1678166883066,0.26064408129366545,0.16369578508853533,0.2520565644402141,0.3236035691775852,1.32,7.98,0,6.1,1.49,112.2,156,32.3,0.04086687306501548,NLA06608-0470,8,13,1.512,oligo,,United States of America,-71.263076,43.616391,7010000010,7020038339.999999,7030038340,6.045454545454546,18.136363636363637,12.090909090909092,9.068181818181818,13.716548576654093,16.16873842857067,16.16873842857067
110899,2007,summer,336,274,388,195.7692649679705,504,1193.7692649679705,0.28146142630754956,0.22952509169127552,0.3250209327599084,0.16399254924126658,8.81,353.4,353.4,40.1,5.07,176.3,974,5723.1,0.00153937551327077,NLA06608-3157,8,8,2.208,oligo,Arrowrock,United States of America,-115.921576,43.593558,7010000010,7020014250,7030014930,40.113507377979566,120.3405221339387,80.22701475595913,60.17026106696935,21.764708358159833,24.958665679154667,24.958665679154667
110902,2012,summer,338,315,416,454,546,1523,0.22193040052527904,0.20682862770847013,0.273145108338805,0.2980958634274458,1.91,18.7,18.7,9.8,3.49,316.9,280,71.1,0.02686357243319269,NLA12_WI-173,86,10,77.8,eu_mixo,,United States of America,-90.094792,43.589786,7010000010,7020046750.000001,7030047060,9.790575916230367,29.371727748691104,19.581151832460733,14.685863874345552,14.98036700036527,12.129812316816004,10.66800022
110902,2017,summer,283.42356954122306,266.3944398822,353.0045317313659,361.8706025546986,551.5,1264.6931437094877,0.22410461458651523,0.21063958574238417,0.27912267373883576,0.28613312593226475,1.91,18.7,18.7,9.8,3.49,316.9,280,71.1,0.02686357243319269,NLA17_WI-10010,43.4,10,18.5,eu_mixo,,United States of America,-90.094792,43.589786,7010000010,7020046750.000001,7030047060,9.790575916230367,29.371727748691104,19.581151832460733,14.685863874345552,14.98036700036527,12.129812316816004,10.66800022
110929,2007,summer,294.8406997028877,274.5262167676098,411.07668307866277,381.73466952963884,544.5,1362.178269078799,0.21644795427714447,0.20153472052763238,0.30177891720197664,0.2802384079932465,1.55,6.76,0,4.4,2.11,46.4,237,184.2,0.00841476655808903,NLA06608-0467,15,21,12.72,dys,,United States of America,-89.384575,43.539925,7010000010,7020024600,7030034520,4.361290322580645,13.083870967741934,8.72258064516129,6.541935483870967,13.862882400047877,19.082117619461332,24.38400078
110929,2012,summer,330,260.5,418.75,387.5,519,1396.75,0.23626275281904421,0.18650438517988188,0.2998031143726508,0.27742974762842315,1.55,6.76,0,4.4,2.11,46.4,237,184.2,0.00841476655808903,NLA12_WI-107,27,5,20.4,oligo,,United States of America,-89.384575,43.539925,7010000010,7020024600,7030034520,4.361290322580645,13.083870967741934,8.72258064516129,6.541935483870967,13.862882400047877,19.082117619461332,24.38400078
110929,2017,summer,272.3235844768661,253.650893897442,309.00308230378886,336.56309811513376,552,1171.5406587932307,0.23244911086344927,0.2165105342214245,0.2637578815421428,0.2872824733729834,1.55,6.76,0,4.4,2.11,46.4,237,184.2,0.00841476655808903,NLA17_WI-10005,32.4,30,29.8,eu_mixo,,United States of America,-89.384575,43.539925,7010000010,7020024600,7030034520,4.361290322580645,13.083870967741934,8.72258064516129,6.541935483870967,13.862882400047877,19.082117619461332,24.38400078
110948,2007,summer,424.6707710733283,458.3548528592985,642.7938135505569,614.8384557495499,556,2140.657893232734,0.19838329721710363,0.21411868487173807,0.30027862723073234,0.28721939068042585,9.01,30.51,0,3.4,1.93,141.9,372,460.2,0.01957844415471534,NLA06608-0759,360,20,185.4,eu_mixo,,United States of America,-94.581251,43.493751,7010000010,7020046750.000001,7030047060,3.3862375138734744,10.158712541620423,6.772475027746949,5.079356270810211,17.970404231110194,16.492903930568,16.492903930568
110980,2007,summer,622.9932058437879,857.5,769.557909676526,665.9271621270273,578,2915.978277647341,0.2136480956046178,0.29406940599428777,0.26391071414201955,0.22837178425907484,1.08,5.36,0,5,3.16,15.6,1269,1769.4,6.103763987792472e-4,NLA06608-0306,271,19,38.733,eu_mixo,,United States of America,-119.398886,43.406641,7010000010,7020000010,7030073620.000001,4.962962962962963,14.88888888888889,9.925925925925926,7.444444444444445,14.2813219966547,7.554820733665334,7.554820733665334
110980,2012,summer,657.5,907.5,798.5,714.5,580,3078,0.2136127355425601,0.2948343079922027,0.25942170240415857,0.23213125406107862,1.08,5.36,0,5,3.16,15.6,1269,1769.4,6.103763987792472e-4,NLA12_OR-102,452,30,11.28,eu_mixo,,United States of America,-119.398886,43.406641,7010000010,7020000010,7030073620.000001,4.962962962962963,14.88888888888889,9.925925925925926,7.444444444444445,14.2813219966547,7.554820733665334,7.554820733665334
110987,2007,summer,331.59493789347323,427.03151172894354,533.6428349918017,507.13429321305625,564,1799.4035778272748,0.18428047047336876,0.2373183631459548,0.2965665076848181,0.2818346586958583,4.13,14.41,0,3.5,2.84,548.7,375,34.6,0.11936416184971098,NLA06608-1223,422,20,81.6,eu_mixo,,United States of America,-93.514583,43.390342,7010000010,7020046750.000001,7030047060,3.4891041162227605,10.467312348668283,6.978208232445521,5.233656174334142,17.235548036349485,14.2246055813788,14.2246055813788
110987,2012,summer,502,664,730,980,566,2876,0.17454798331015298,0.23087621696801114,0.25382475660639775,0.34075104311543813,4.13,14.41,0,3.5,2.84,548.7,375,34.6,0.11936416184971098,NLA12_IA-107,493,24,104,eu_mixo,,United States of America,-93.514583,43.390342,7010000010,7020046750.000001,7030047060,3.4891041162227605,10.467312348668283,6.978208232445521,5.233656174334142,17.235548036349485,14.2246055813788,14.2246055813788
111007,2007,summer,621.977198827147,847.5,825.1261114728993,796.2049925683394,573.5,3090.808302868386,0.20123447910047637,0.2742001175593738,0.2669612705217439,0.2576041328184059,1.06,1.27,0,1.2,1.6,2.9,1448,862.9,0.00122841580716189,NLA06608-0837,109,29,55.584,eu_mixo,,United States of America,-113.921411,43.316306,7010000010,7020014250,7030014930,1.1981132075471699,3.594339622641509,2.3962264150943398,1.7971698113207546,13.716548576654093,6.077743359661866,6.077743359661866
111007,2012,summer,208,257,303,394,557,1162,0.17900172117039587,0.22117039586919104,0.2607573149741824,0.33907056798623064,1.06,1.27,0,1.2,1.6,2.9,1448,862.9,0.00122841580716189,NLA12_ID-110,44,38,4.88,eu_mixo,,United States of America,-113.921411,43.316306,7010000010,7020014250,7030014930,1.1981132075471699,3.594339622641509,2.3962264150943398,1.7971698113207546,13.716548576654093,6.077743359661866,6.077743359661866
111008,2007,summer,337.14274603148476,410.36562905832375,539.1554943572164,659.6576727411642,564.5,1946.3215421881891,0.17322047705049065,0.21084164161126345,0.2770125504293913,0.3389253309088546,1.04,1.81,0,1.7,2.98,454.3,384,8.4,0.1238095238095238,NLA06608-1035,160,20,255.6,eu_mixo,,United States of America,-94.687994,43.313428,7010000010,7020046750.000001,7030047060,1.7403846153846154,5.221153846153847,3.480769230769231,2.6105769230769234,13.862882400047877,14.970908278498662,14.970908278498662
111012,2012,summer,390,327,393,330,499,1440,0.2708333333333333,0.22708333333333333,0.27291666666666664,0.22916666666666666,1.73,32.22,0,18.6,1.48,208.2,2427,290.4,0.00595730027548209,NLA12_WY-120,18,12,2.356,oligo,,United States of America,-109.853125,43.309602,7010000010,7020000010,7030008710,18.6242774566474,55.872832369942195,37.2485549132948,27.936416184971097,13.716548576654093,18.73579823186787,18.73579823186787
111024,2017,summer,388.93782843565555,408.6194978253168,513.3375048682568,577.0837217553272,553,1887.9785528845564,0.20600754592334491,0.21643227736936188,0.27189795354610985,0.30566222316118336,6.76,31.09,0,4.6,2.96,401.7,1536,152.5,0.04432786885245901,NLA17_ID-10175,547.58,45,32.8,eu_mixo,,United States of America,-114.79895800000001,43.279884,7010000010,7020014250,7030014930,4.599112426035503,13.797337278106507,9.198224852071005,6.898668639053254,18.612106156169173,18.373881793217063,18.373881793217063
111056,2012,summer,478,455,658,497,544,2088,0.2289272030651341,0.21791187739463602,0.31513409961685823,0.23802681992337166,4.53,11.45,0,2.5,1.33,844.1,407,29.1,0.1556701030927835,NLA12_IA-152,240,15,62.4,eu_mixo,,United States of America,-94.922917,43.160598,7010000010,7020046750.000001,7030047060,2.5275938189845473,7.582781456953642,5.0551876379690945,3.791390728476821,14.589003179286493,14.650635122704001,14.650635122704001
111056,2017,summer,454.5619280096226,423.8593378622942,554.2549499805333,462.93188139353686,535,1895.6080972459872,0.23979741839572627,0.2236007213084252,0.2923889968531873,0.24421286344266108,4.53,11.45,0,2.5,1.33,844.1,407,29.1,0.1556701030927835,NLA17_IA-10005,46.654375,14,12.73,eu_mixo,,United States of America,-94.922917,43.160598,7010000010,7020046750.000001,7030047060,2.5275938189845473,7.582781456953642,5.0551876379690945,3.791390728476821,14.589003179286493,14.650635122704001,14.650635122704001
111069,2007,summer,260.5011550497817,236.83233772593167,295.0079608792147,391.1233302119598,525.5,1183.464783866888,0.2201173694401049,0.20011777363758865,0.24927481146950306,0.33049004545280325,2.42,17.89,0,7.4,3.95,136.4,396,80.8,0.02995049504950495,NLA06608-0994,5,19,3.744,oligo,,United States of America,-72.082808,43.138234,7010000010,7020038339.999999,7030038340,7.392561983471074,22.177685950413224,14.785123966942148,11.088842975206612,16.509427257110872,20.43784467571334,20.43784467571334
111069,2012,summer,224.25,141.5,211.5,250.5,499,827.75,0.27091513138024764,0.1709453337360314,0.25551192993053456,0.30262760495318636,2.42,17.89,0,7.4,3.95,136.4,396,80.8,0.02995049504950495,NLA12_NH-104,18,46,3.948,dys,,United States of America,-72.082808,43.138234,7010000010,7020038339.999999,7030038340,7.392561983471074,22.177685950413224,14.785123966942148,11.088842975206612,16.509427257110872,20.43784467571334,20.43784467571334
111077,2007,summer,469,523.295583731485,639.0174917353285,663,557,2294.3130754668136,0.20441848369127855,0.22808377345145556,0.27852235972865663,0.28897538312860915,3.7,12.46,0,3.4,3.24,581.4,368,44.8,0.08258928571428573,NLA06608-1015,77,12,66.24,eu_mixo,,United States of America,-94.67968,43.116385,7010000010,7020046750.000001,7030047060,3.367567567567568,10.102702702702704,6.735135135135136,5.051351351351352,16.662489106538548,16.210762955229605,16.210762955229605
111077,2012,summer,403,490,658,540.5,556.5,2091.5,0.19268467606980635,0.2342816160650251,0.3146067415730337,0.25842696629213485,3.7,12.46,0,3.4,3.24,581.4,368,44.8,0.08258928571428573,NLA12_IA-101,176,15,85.23349999999999,eu_mixo,,United States of America,-94.67968,43.116385,7010000010,7020046750.000001,7030047060,3.367567567567568,10.102702702702704,6.735135135135136,5.051351351351352,16.662489106538548,16.210762955229605,16.210762955229605
111077,2017,summer,443,511,649,460.7132279021769,557,2063.713227902177,0.21466160802308856,0.24761192257290804,0.31448167857107107,0.22324479083293222,3.7,12.46,0,3.4,3.24,581.4,368,44.8,0.08258928571428573,NLA17_IA-10001,110.999375,21.5,85.18,eu_mixo,,United States of America,-94.67968,43.116385,7010000010,7020046750.000001,7030047060,3.367567567567568,10.102702702702704,6.735135135135136,5.051351351351352,16.662489106538548,16.210762955229605,16.210762955229605
111092,2007,summer,439.9041389403717,304.5942505535827,478,385,505,1607.4983894939544,0.2736575923281982,0.1894833939146091,0.2973564409918171,0.23950257276537565,2.97,15.15,0,5.1,1.8,352.2,262,58.9,0.05042444821731749,NLA06608-0099,8.5,9,3.63,oligo,,United States of America,-88.441276,43.091244,7010000010,7020046750.000001,7030047060,5.101010101010101,15.303030303030303,10.202020202020202,7.651515151515151,14.290276959275262,18.580614221873326,18.28800011
111092,2012,summer,360,239,388,279,503,1266,0.2843601895734597,0.18878357030015797,0.30647709320695105,0.22037914691943128,2.97,15.15,0,5.1,1.8,352.2,262,58.9,0.05042444821731749,NLA12_WI-102,10,5,1.27,oligo,,United States of America,-88.441276,43.091244,7010000010,7020046750.000001,7030047060,5.101010101010101,15.303030303030303,10.202020202020202,7.651515151515151,14.290276959275262,18.580614221873326,18.28800011
111092,2017,summer,437.40016245178765,381.1071451725548,571.5219181893452,608,536,1998.0292258136878,0.21891579802775835,0.19074152682493958,0.28604282199956094,0.30429985314774105,2.97,15.15,0,5.1,1.8,352.2,262,58.9,0.05042444821731749,NLA17_WI-10003,12.5,15,3.94,oligo,,United States of America,-88.441276,43.091244,7010000010,7020046750.000001,7030047060,5.101010101010101,15.303030303030303,10.202020202020202,7.651515151515151,14.290276959275262,18.580614221873326,18.28800011
111121,2007,summer,293.5,207.28197093266292,288,178.6476056823962,492.5,967.4295766150592,0.3033812559534593,0.21426052701212847,0.2976960876136159,0.18466212942079627,7.03,39.6,39.6,5.6,1.83,753.8,2347,87,0.08080459770114942,NLA06608-0970,3,14,0.86,oligo,,United States of America,-109.905078,42.995,7010000010,7020000010,7030008710,5.6330014224751075,16.89900426742532,11.266002844950215,8.44950213371266,16.441343974364596,10.846298801900133,10.846298801900133
111121,2012,summer,192,128.5,201,135.5,495.5,657,0.2922374429223744,0.19558599695585996,0.3059360730593607,0.20624048706240486,7.03,39.6,39.6,5.6,1.83,753.8,2347,87,0.08080459770114942,NLA12_WY-R02,12,12,1.860606061,oligo,,United States of America,-109.905078,42.995,7010000010,7020000010,7030008710,5.6330014224751075,16.89900426742532,11.266002844950215,8.44950213371266,16.441343974364596,10.846298801900133,10.846298801900133
111129,2012,summer,207,112,202,238,494,759,0.2727272727272727,0.14756258234519104,0.26613965744400525,0.31357048748353095,3.47,47.31,0,13.6,2.71,1849.8,422,15.4,0.22532467532467537,NLA12_NH-109,7,14,0.6112,oligo,,United States of America,-72.084061,42.974205,7010000010,7020038339.999999,7030038340,13.63400576368876,40.90201729106628,27.26801152737752,20.45100864553314,15.133428849792946,18.668834527551997,18.668834527551997
111145,2007,summer,400.4122818194186,443.8830437448345,530.8156268939831,381.3139382414828,560,1756.424890699719,0.22797005664153597,0.25271962729246095,0.30221367831021706,0.21709663775578592,1.09,3.44,0,3.1,1.14,866.4,1265,13,0.08384615384615385,NLA06608-1445,2670,67,16.667,eu_mixo,,United States of America,-118.850998,42.91875,7010000010,7020000010,7030073620.000001,3.1559633027522933,9.467889908256879,6.311926605504587,4.7339449541284395,13.427846663276032,6.0071952158817314,6.0071952158817314
111161,2012,summer,430,426.5,515.5,408.5,533.5,1780.5,0.2415051951698961,0.23953945520921088,0.28952541420949174,0.2294299354114013,5.96,42.78,0,7.2,1.83,464.9,1645,253.4,0.02352012628255722,NLA12_ID-122,82,20,45.68,eu_mixo,,United States of America,-111.944792,42.88125,7010000010,7020014250,7030014930,7.177852348993288,21.533557046979865,14.355704697986576,10.766778523489933,15.706487779603883,19.27552115258787,19.27552115258787
111161,2017,summer,349.89135285771516,309,462.9920354891656,255.1115517326449,536,1376.9949400795258,0.2540977767409282,0.2244016960455601,0.33623365054807414,0.18526687666543742,5.96,42.78,0,7.2,1.83,464.9,1645,253.4,0.02352012628255722,NLA17_ID-10011,34.2625,8,3.63,eu_mixo,,United States of America,-111.944792,42.88125,7010000010,7020014250,7030014930,7.177852348993288,21.533557046979865,14.355704697986576,10.766778523489933,15.706487779603883,19.27552115258787,19.27552115258787
111196,2007,summer,754.7931098339703,890.4159956536939,1112.4404329642293,405.817030317945,561,3163.4665687698384,0.2385968346513878,0.281468438593282,0.35165234364933357,0.12828238310599663,1.59,6.24,0,3.9,1.36,384.3,1275,113.8,0.01397188049209139,NLA06608-0677,150,15,25.72,eu_mixo,,United States of America,-118.447917,42.772917,7010000010,7020000010,7030073620.000001,3.9245283018867925,11.773584905660377,7.849056603773585,5.886792452830188,13.716548576654093,3.9718954095381327,3.9718954095381327
111196,2012,summer,654.5,743,931.5,281.5,548.5,2610.5,0.2507182532081977,0.28461980463512737,0.3568281938325991,0.10783374832407584,1.59,6.24,0,3.9,1.36,384.3,1275,113.8,0.01397188049209139,NLA12_OR-101,332,26,6.492957746,eu_mixo,,United States of America,-118.447917,42.772917,7010000010,7020000010,7030073620.000001,3.9245283018867925,11.773584905660377,7.849056603773585,5.886792452830188,13.716548576654093,3.9718954095381327,3.9718954095381327
111196,2017,summer,816,1109.3501795349296,1146,616,570,3687.3501795349293,0.22129712673584986,0.3008529500918862,0.3107922882834362,0.16705763488882783,1.59,6.24,0,3.9,1.36,384.3,1275,113.8,0.01397188049209139,NLA17_OR-10001,336.43125,46,11,eu_mixo,,United States of America,-118.447917,42.772917,7010000010,7020000010,7030073620.000001,3.9245283018867925,11.773584905660377,7.849056603773585,5.886792452830188,13.716548576654093,3.9718954095381327,3.9718954095381327
111198,2007,summer,488.96801962950343,442.8992106969192,576.9512685279853,556,549,2064.818498854408,0.23680920134180808,0.21449788973832146,0.27941984675557996,0.2692730621642905,5.32,26.08,0,4.9,4.71,33.6,234,916,0.00580786026200873,NLA06608-0859,33,5,11.472,eu_mixo,,United States of America,-88.211758,42.769947,7010000010,7020046750.000001,7030047060,4.902255639097744,14.706766917293232,9.804511278195488,7.353383458646616,21.029852163399124,9.494371472074668,9.494371472074668
111211,2007,summer,322.5567812722113,283.1435447856122,389.14877053090515,352.0483447309868,522.5,1346.8974413197154,0.23948132305913664,0.21021908283394083,0.2889223474577321,0.2613772466491905,2.39,10.46,0,4.4,2.41,160.9,243,128.1,0.01865729898516784,NLA06608-1802,18,12,5.296,oligo,,United States of America,-83.09685399999998,42.722957,7010000010,7020024600,7030034520,4.376569037656904,13.129707112970713,8.753138075313808,6.564853556485357,14.2813219966547,13.462633868885337,13.462633868885337
111235,2007,summer,783.2227317682937,956.0315766573174,1198.7081175144922,547.8242766299754,560.5,3485.786702570079,0.22469037798291608,0.2742656560002461,0.34388452874373576,0.15715943727310203,3.61,19.2,0,5.3,1.35,1105.5,873,145.8,0.02475994513031549,NLA06608-3484,180,15,83.5,eu_mixo,,United States of America,-100.606223,42.635154,7010000010,7020046750.000001,7030047060,5.3185595567867034,15.955678670360111,10.637119113573407,7.977839335180056,14.015944249475554,5.948499228609067,5.948499228609067
111240,2007,summer,338,307,507,427,543,1579,0.21405953134895503,0.19442685243825206,0.32108929702343253,0.27042431918936033,1.59,4.43,0,2.8,2.29,6.3,242,891.6,0.00178331090174966,NLA06608-1130,65,14,23.68,eu_mixo,,United States of America,-85.209073,42.617083,7010000010,7020024600,7030034520,2.7861635220125787,8.358490566037736,5.572327044025157,4.179245283018868,13.862882400047877,7.984346164715464,7.984346164715464
111240,2012,summer,231,228,323,272.5,548,1054.5,0.21906116642958748,0.21621621621621623,0.3063063063063063,0.25841631104789,1.59,4.43,0,2.8,2.29,6.3,242,891.6,0.00178331090174966,NLA12_MI-109,44,15,19.34883721,eu_mixo,,United States of America,-85.209073,42.617083,7010000010,7020024600,7030034520,2.7861635220125787,8.358490566037736,5.572327044025157,4.179245283018868,13.862882400047877,7.984346164715464,7.984346164715464
111242,2012,summer,421,338,495,368,517,1622,0.2595561035758323,0.20838471023427868,0.30517879161528977,0.22688039457459927,7.76,25.9,25.9,3.3,2.65,306.2,281,106.6,0.07279549718574109,NLA12_WI-152,24,5,5.15,oligo,Lake Delavan,United States of America,-88.62148899999998,42.614702,7010000010,7020046750.000001,7030047060,3.3376288659793816,10.012886597938143,6.675257731958763,5.006443298969072,18.612106156169173,13.04160591770933,15.23999977
111251,2007,summer,397.8684449463092,289.13776946848,440.31814859661347,215.34817762173157,516.5,1342.672540633134,0.29632574801797557,0.21534496365892591,0.3279415756793406,0.16038771264375798,1.14,3.99,0,3.5,1.61,273.2,2155,25.8,0.0441860465116279,NLA06608-1562,16,6,2.944,oligo,,United States of America,-110.209375,42.600681,7010000010,7020000010,7030008710,3.500000000000001,10.500000000000002,7.000000000000002,5.250000000000001,13.716548576654093,5.6927055149031975,5.6927055149031975
111257,2007,summer,315.5046703159996,243.82010722098858,317.45391298602374,423.2989401315389,498,1300.0776306545508,0.2426814083072503,0.18754272935088678,0.24418073621203298,0.32559512612982994,1.1,3.28,0,3,1.89,2530.5,292,2.2,0.5,NLA06608-1014,15,3,9.813,oligo,,United States of America,-83.85208299999998,42.581631,7010000010,7020024600,7030034520,2.9818181818181815,8.945454545454545,5.963636363636363,4.472727272727273,13.716548576654093,12.282077918450133,12.282077918450133
111264,2007,summer,490.99724469332375,644.6217605872971,786.3699027532493,555.1211923271368,564,2477.110100361007,0.19821373487668845,0.26023137223224424,0.3174545623299691,0.22410033056109818,1.44,3.61,0,2.5,1.5,227.3,870,96.2,0.01496881496881496,NLA06608-1244,253,33,103.895,eu_mixo,,United States of America,-100.48125,42.564311,7010000010,7020046750.000001,7030047060,2.5069444444444446,7.520833333333333,5.013888888888889,3.7604166666666665,13.716548576654093,3.9555983803709323,3.9555983803709323
111281,2007,summer,432.88324475820605,489.84230507906364,575.1488121393735,437.4714437796546,560.5,1935.345805756298,0.22367229849605255,0.25310324574663917,0.2971814186533015,0.2260430371040067,1.9,7.07,0,3.7,2.03,2152.8,891,24.5,0.07755102040816327,NLA06608-1948,486,30,20.88,eu_mixo,,United States of America,-100.631322,42.538409,7010000010,7020046750.000001,7030047060,3.721052631578948,11.163157894736843,7.442105263157896,5.581578947368421,13.862882400047877,7.322362951134131,7.322362951134131
111286,2007,summer,504.57778831560665,679.6416298012325,822.345211018921,556.5,564,2563.0646291357602,0.19686502735038142,0.2651675740343703,0.3208445084337212,0.21712289018152703,3.17,14.81,0,4.7,2.03,11425.1,895,10.6,0.2990566037735849,NLA06608-R7101,363,25,118.4,eu_mixo,,United States of America,-100.640965,42.52141,7010000010,7020046750.000001,7030047060,4.6719242902208205,14.01577287066246,9.343848580441641,7.00788643533123,14.43438384608238,7.535386287433332,3.048000097
111290,2012,summer,328,249,391,285,510,1253,0.26177174780526735,0.19872306464485234,0.3120510774142059,0.22745411013567438,2.79,12.26,0,4.4,1.65,552,240,25.2,0.11071428571428572,NLA12_WI-168,17,5,3.2,oligo,,United States of America,-88.260771,42.514374,7010000010,7020046750.000001,7030047060,4.39426523297491,13.182795698924732,8.78853046594982,6.591397849462366,13.862882400047877,15.41095076755133,15.41095076755133
111306,2007,summer,342.6735800859372,381,581.7520296433407,412.6113390212517,553,1718.0369487505295,0.1994564670655961,0.22176472995943916,0.3386143878142024,0.24016441516076242,1.58,2.96,0,1.9,1.98,365,364,15.8,0.1,NLA06608-1736,53,7,38.2,eu_mixo,,United States of America,-94.643321,42.472722,7010000010,7020046750.000001,7030047060,1.8734177215189871,5.620253164556962,3.7468354430379742,2.810126582278481,13.862882400047877,10.100489851429066,10.100489851429066
111306,2012,summer,398.5,475,599,699,559,2171.5,0.18351370020723,0.21874280451300945,0.2758461892700898,0.32189730600967076,1.58,2.96,0,1.9,1.98,365,364,15.8,0.1,NLA12_IA-105,193,17,91.9,eu_mixo,,United States of America,-94.643321,42.472722,7010000010,7020046750.000001,7030047060,1.8734177215189871,5.620253164556962,3.7468354430379742,2.810126582278481,13.862882400047877,10.100489851429066,10.100489851429066
111306,2017,summer,344.5,425.4431162766361,486.391495069417,435.92482180753245,558,1692.2594331535856,0.20357398709133623,0.2514053743425189,0.2874213525068134,0.25759928605933136,1.58,2.96,0,1.9,1.98,365,364,15.8,0.1,NLA17_IA-10002,75.52,10,69.12,eu_mixo,,United States of America,-94.643321,42.472722,7010000010,7020046750.000001,7030047060,1.8734177215189871,5.620253164556962,3.7468354430379742,2.810126582278481,13.862882400047877,10.100489851429066,10.100489851429066
111311,2007,summer,466,355.2982982582673,567,213.95005798135787,530,1602.248356239625,0.29084130321323737,0.22174982852978536,0.3538777230083811,0.1335311452485962,3.64,35.5,35.5,9.8,1.66,149.3,1217,3803.5,9.570132772446432e-4,NLA06608-R784,31,9,6.752,eu_mixo,Box Butte,United States of America,-103.077233,42.460003,7010000010,7020046750.000001,7030047060,9.752747252747254,29.258241758241763,19.505494505494507,14.629120879120881,14.290276959275262,15.700274814702668,11.88720036
111311,2017,summer,502.8687447577107,496.892550178512,603.7960119135578,470,537,2073.5573068497806,0.24251499734130144,0.2396328997212082,0.29118848556486987,0.22666361737262045,3.64,35.5,35.5,9.8,1.66,149.3,1217,3803.5,9.570132772446432e-4,NLA17_NE-HP004,35.115,3,6.12,eu_mixo,Box Butte,United States of America,-103.077233,42.460003,7010000010,7020046750.000001,7030047060,9.752747252747254,29.258241758241763,19.505494505494507,14.629120879120881,14.290276959275262,15.700274814702668,11.88720036
111315,2007,summer,228.0473339478798,129.60383056443834,192.52574504921503,173.806255364584,489,723.9831649261172,0.31498982986869883,0.17901497830776836,0.2659257208955437,0.24006947092798905,2.7,40.7,40.7,15.1,1.6,1246.2,1756,26,0.10384615384615384,NLA06608-R10FOURMI,4,0,2.736,oligo,Four Mile Lake,United States of America,-122.244487,42.456756,7010000010,7020000010,7030008720,15.074074074074076,45.22222222222223,30.148148148148152,22.611111111111114,13.862882400047877,14.161727808807463,14.161727808807463
111317,2007,summer,566.0517239505059,677.5164619516648,829.952608789229,849.4019905568048,560,2922.9227852482045,0.19365948591161253,0.23179417033219113,0.2839461285046407,0.29060021525155566,1.98,10.98,0,5.5,1.74,5527.8,905,16.8,0.11785714285714284,NLA06608-2972,347,21,145,eu_mixo,,United States of America,-100.641044,42.451291,7010000010,7020046750.000001,7030047060,5.545454545454545,16.636363636363637,11.09090909090909,8.318181818181818,13.862882400047877,9.070138777886132,9.070138777886132
111317,2012,summer,512.5,607,739,626,560.5,2484.5,0.20627892936204467,0.24431475145904608,0.29744415375327027,0.251962165425639,1.98,10.98,0,5.5,1.74,5527.8,905,16.8,0.11785714285714284,NLA12_NE-108,673,31,269.3333333,eu_mixo,,United States of America,-100.641044,42.451291,7010000010,7020046750.000001,7030047060,5.545454545454545,16.636363636363637,11.09090909090909,8.318181818181818,13.862882400047877,9.070138777886132,9.070138777886132
111317,2017,summer,454.8631235892221,361.82466713922145,586.9374608963448,324.9493329548424,539,1728.5745845796307,0.26314347535072635,0.20931967319605882,0.3395499772658529,0.1879868741873619,1.98,10.98,0,5.5,1.74,5527.8,905,16.8,0.11785714285714284,NLA17_NE-10004,709.265,20,9.87,eu_mixo,,United States of America,-100.641044,42.451291,7010000010,7020046750.000001,7030047060,5.545454545454545,16.636363636363637,11.09090909090909,8.318181818181818,13.862882400047877,9.070138777886132,9.070138777886132
111334,2007,summer,480,613.5,626,734.5,567,2454,0.19559902200489,0.25,0.25509372453137735,0.29930725346373266,1.77,10.04,0,5.7,1.72,4470,1097,197.3,0.00897110998479472,NLA06608-0044,559.3333333333334,32.333333333333336,137.10633333333334,eu_mixo,,United States of America,-101.696918,42.409219,7010000010,7020046750.000001,7030047060,5.67231638418079,17.016949152542367,11.34463276836158,8.508474576271183,13.862882400047877,2.985338774945332,2.43840003
111345,2007,summer,243.70192395804236,176,266,381,507.5,1066.7019239580422,0.22846300216069373,0.16499454631800475,0.2493667575033481,0.3571756940179535,1.05,4.61,0,4.4,2.14,741,203,8.4,0.125,NLA06608-1771,10,20,4.032,oligo,,United States of America,-86.055282,42.384746,7010000010,7020024600,7030034520,4.39047619047619,13.171428571428574,8.78095238095238,6.585714285714287,13.862882400047877,13.584582183319068,13.584582183319068
111345,2012,summer,227.5,150,255.5,355,506,988,0.23026315789473684,0.15182186234817813,0.25860323886639675,0.35931174089068824,1.05,4.61,0,4.4,2.14,741,203,8.4,0.125,NLA12_MI-104,18,7,5.176,oligo,,United States of America,-86.055282,42.384746,7010000010,7020024600,7030034520,4.39047619047619,13.171428571428574,8.78095238095238,6.585714285714287,13.862882400047877,13.584582183319068,13.584582183319068
111345,2017,summer,218.03260431388568,160.91474569747572,238.07521809467704,268.45791259942104,505,885.4804807054595,0.24623084197201026,0.1817259094963623,0.2688655744336716,0.3031776740979558,1.05,4.61,0,4.4,2.14,741,203,8.4,0.125,NLA17_MI-10003,17.08125,12,6.72,oligo,,United States of America,-86.055282,42.384746,7010000010,7020024600,7030034520,4.39047619047619,13.171428571428574,8.78095238095238,6.585714285714287,13.862882400047877,13.584582183319068,13.584582183319068
111347,2007,summer,241.72143418103718,135,235.63376278957145,164.5,492,776.8551969706086,0.3111537840303364,0.17377755922395866,0.3033174827283628,0.2117511740173422,4.68,88.69,0,18.9,1.52,1387.2,1509,55.5,0.08432432432432432,NLA06608-1058,1,3,0.8,oligo,,United States of America,-122.215241,42.38073,7010000010,7020000010,7030008720,18.950854700854705,56.85256410256411,37.90170940170941,28.426282051282055,15.007442775893317,26.873908671900004,26.873908671900004
111351,2012,summer,302,344,433,322,558,1401,0.21556031406138473,0.24553890078515347,0.30906495360456815,0.22983583154889364,1.42,6.18,0,4.3,1.55,79.1,224,93.9,0.01512247071352502,NLA12_IL-106,62,32,59.36,eu_mixo,,United States of America,-88.13822899999998,42.374155,7010000010,7020046750.000001,7030047060,4.352112676056338,13.056338028169014,8.704225352112676,6.528169014084507,13.716548576654093,16.34842331570187,16.34842331570187
111383,2007,summer,414.3598450790908,391.22236355319484,513.5,308.5,549.5,1627.5822086322855,0.25458612344214054,0.24037026300622488,0.3154986563975236,0.18954495715411104,1.36,14.1,14.1,10.3,3.25,6.6,1488,11508.4,1.18174550762921e-4,NLA06608-0241,80,11,9.744,eu_mixo,,United States of America,-111.746388,42.274419,7010000010,7020000010,7030073620.000001,10.367647058823529,31.102941176470583,20.735294117647058,15.551470588235292,14.2813219966547,11.418661142602664,11.418661142602664
111393,2007,summer,857,921.0234483700358,1198.1123736824725,379.62790977766724,557,3355.7637318301754,0.2553815073067158,0.2744601592877117,0.3570312064339055,0.11312712697166696,6.68,67.1,67.1,10,2.4,168.4,2058,998.2,0.00669204568222801,NLA06608-2095,48,15,2.888,eu_mixo,,United States of America,-109.432426,42.252083,7010000010,7020000010,7030008710,10.044910179640718,30.134730538922156,20.089820359281436,15.067365269461078,17.970404231110194,42.252555812634675,42.252555812634675
111396,2007,summer,307.81450463527887,164.02180311371927,341.8253182137137,427.7733030661743,515,1241.434929028886,0.24795057512685512,0.13212275511051194,0.27534694748850586,0.3445797222741272,1.72,20.4,20.4,11.8,2,195.9,469,64,0.026875,NLA06608-0533,6,1,3.18,oligo,,United States of America,-78.277083,42.247828,7010000010,7020046750.000001,7030047060,11.860465116279068,35.581395348837205,23.720930232558135,17.790697674418603,13.862882400047877,15.976563612482666,15.976563612482666
111409,2012,summer,634,646,864,349,546,2493,0.25431207380665866,0.2591255515443241,0.34657039711191334,0.13999197753710388,2.35,18.6,0,7.9,2.2,227.6,1585,275.3,0.00853614239011986,NLA12_ID-111,84,18,12.24,eu_mixo,,United States of America,-114.881859,42.222191,7010000010,7020014250,7030014930,7.914893617021277,23.74468085106383,15.829787234042554,11.872340425531915,14.2813219966547,6.414567125751334,6.414567125751334
111415,2007,summer,353.7657345422871,328.3717454203779,443.71989194006574,397.0801207173974,547,1522.9374926201283,0.23229169697152377,0.21561734937356675,0.2913579146158327,0.26073303903907663,4.52,30.8,30.8,6.8,3.79,26,198,1961.1,0.00230482892254347,NLA06608-0463,82,12,30.72,eu_mixo,,United States of America,-83.441089,42.213393,7010000010,7020024600,7030034520,6.8141592920353995,20.4424778761062,13.628318584070799,10.2212389380531,17.877249961408463,9.924885670789335,9.924885670789335
111421,2007,summer,389.1488489069391,443.7222076532333,608.8593967848151,452.4878956426136,538,1894.218348987601,0.20544033327252198,0.23425082324347063,0.3214304185735667,0.23887842491044067,3.67,22.2,22.2,6,2.41,19.3,209,1905.9,0.00192559945432604,NLA06608-1487,61,12,14.592,eu_mixo,,United States of America,-83.557739,42.205833,7010000010,7020024600,7030034520,6.049046321525886,18.147138964577657,12.098092643051771,9.073569482288828,15.133428849792946,8.901981517433335,8.901981517433335
111421,2012,summer,371,322,452,387,531,1532,0.24216710182767623,0.21018276762402088,0.2950391644908616,0.25261096605744127,3.67,22.2,22.2,6,2.41,19.3,209,1905.9,0.00192559945432604,NLA12_MI-111,36,19,21.04,eu_mixo,,United States of America,-83.557739,42.205833,7010000010,7020024600,7030034520,6.049046321525886,18.147138964577657,12.098092643051771,9.073569482288828,15.133428849792946,8.901981517433335,8.901981517433335
111430,2012,summer,400,328,434,215,514,1377,0.29048656499636893,0.23819898329702252,0.3151779230210603,0.15613652868554828,3.05,68.46,0,22.5,2.86,152.5,1437,1843.9,0.00165410271706708,NLA12_ID-214,134,10,8.72,eu_mixo,,United States of America,-113.917708,42.192874,7010000010,7020014250,7030014930,22.445901639344264,67.33770491803278,44.89180327868853,33.66885245901639,15.133428849792946,16.186346050511997,16.186346050511997
111430,2017,summer,454.3365106177588,399.08636904840193,509.9276252323581,292.2561095277813,522,1655.6066144263002,0.2744229859067066,0.241051446382807,0.3080004759518661,0.17652509175862027,3.05,68.46,0,22.5,2.86,152.5,1437,1843.9,0.00165410271706708,NLA17_ID-10032,84.845,14,2.92,eu_mixo,,United States of America,-113.917708,42.192874,7010000010,7020014250,7030014930,22.445901639344264,67.33770491803278,44.89180327868853,33.66885245901639,15.133428849792946,16.186346050511997,16.186346050511997
111435,2007,summer,345.4728395159019,268.63966245521465,382.5,395.5,509,1392.1125019711167,0.24816445440058962,0.1929726671334702,0.2747622763666094,0.28410060209933075,1.34,4.3,0,3.2,1.14,630.5,261,9.5,0.14105263157894735,NLA06608-1387,25,12,9.968,oligo,,United States of America,-85.565121,42.18496,7010000010,7020024600,7030034520,3.2089552238805967,9.626865671641792,6.4179104477611935,4.813432835820896,13.555005684857694,15.273490736113198,15.273490736113198
111435,2012,summer,444,386,568,443,502,1841,0.2411732753938077,0.20966865833785986,0.3085279739272135,0.24063009234111896,1.34,4.3,0,3.2,1.14,630.5,261,9.5,0.14105263157894735,NLA12_MI-115,15,11,3.5,oligo,,United States of America,-85.565121,42.18496,7010000010,7020024600,7030034520,3.2089552238805967,9.626865671641792,6.4179104477611935,4.813432835820896,13.555005684857694,15.273490736113198,15.273490736113198
111435,2017,summer,307.47157188105837,254.5,358.5,313,536,1233.4715718810585,0.24927333461942755,0.20632822498850503,0.2906430988541417,0.25375534153792567,1.34,4.3,0,3.2,1.14,630.5,261,9.5,0.14105263157894735,NLA17_MI-10005,13.69625,25,7.06,dys,,United States of America,-85.565121,42.18496,7010000010,7020024600,7030034520,3.2089552238805967,9.626865671641792,6.4179104477611935,4.813432835820896,13.555005684857694,15.273490736113198,15.273490736113198
111445,2012,summer,350,218,390,179,514,1137,0.30782761653474056,0.1917326297273527,0.34300791556728233,0.15743183817062445,2.21,48.1,48.1,21.8,2.69,302.7,675,168.2,0.01313912009512485,NLA12_OR-113,25,3,1.624,oligo,Emigrant Lake,United States of America,-122.606267,42.159508,7010000010,7020014250,7030014249.999999,21.764705882352942,65.29411764705884,43.529411764705884,32.64705882352942,14.459560625014944,25.131825231172005,25.131825231172005
111445,2017,summer,451.26394388650465,350,505.79588960435194,312.0105660776484,514.5,1619.0703995685049,0.27871792604371626,0.21617342895854175,0.3123989480254537,0.19270969697228835,2.21,48.1,48.1,21.8,2.69,302.7,675,168.2,0.01313912009512485,NLA17_OR-10004,23.6375,6,2.34,oligo,Emigrant Lake,United States of America,-122.606267,42.159508,7010000010,7020014250,7030014249.999999,21.764705882352942,65.29411764705884,43.529411764705884,32.64705882352942,14.459560625014944,25.131825231172005,25.131825231172005
111453,2007,summer,1150.958738859126,1638.4423335158613,1629.8294649701807,1204.5,570.5,5623.730537345167,0.20466107528019417,0.29134438832649545,0.2898128660587613,0.21418167033454924,2.93,9.51,0,3.2,1.34,12226.8,1143,185.7,0.01577813677975229,NLA06608-1148,242,30,48,eu_mixo,,United States of America,-101.831133,42.143952,7010000010,7020046750.000001,7030047060,3.245733788395904,9.737201365187712,6.491467576791808,4.868600682593856,13.862882400047877,3.325801794719733,3.325801794719733
111459,2007,summer,338.7731153067304,199.73513429872776,355.0718838319651,313.30477411926984,499.5,1206.8849075566932,0.2807004323159262,0.1654964222753322,0.29420525653170926,0.2595978888770323,2.16,9.05,0,4.2,1.75,100.8,294,115.5,0.0187012987012987,NLA06608-1167,5,4,2.624,oligo,,United States of America,-84.303087,42.118954,7010000010,7020024600,7030034520,4.189814814814815,12.569444444444445,8.37962962962963,6.284722222222222,13.862882400047877,13.127653283661864,13.127653283661864
111507,2007,summer,355.18477445798635,258.0648601500317,396.5,508.7477176300094,499.5,1518.4973522380274,0.233905428899497,0.16994752066553456,0.2611133956971483,0.3350336547378202,1.16,6.48,0,5.6,1.77,513.4,180,5.7,0.20350877192982453,NLA06608-0754,3,6,1.152,oligo,,United States of America,-71.764837,42.001964,7010000010,7020038339.999999,7030038340,5.586206896551725,16.758620689655174,11.17241379310345,8.379310344827587,13.716548576654093,17.03188156439867,17.03188156439867
111511,2007,summer,492.0136364907632,455.2737625897262,693,279.66014796067134,534.5,1919.9475470411608,0.2562641032818878,0.23712822951405652,0.3609473608109686,0.14566030639308702,2.2,13.6,13.6,6.2,1.36,4919,1270,57.2,0.03846153846153846,NLA06608-2715,36,13,4.752,eu_mixo,Lake Alice,United States of America,-103.625454,41.992166,7010000010,7020046750.000001,7030047060,6.181818181818181,18.545454545454543,12.363636363636362,9.272727272727272,13.716548576654093,5.440400341222666,5.440400341222666
111513,2012,summer,236,210,246,183,525.5,875,0.26971428571428574,0.24,0.28114285714285714,0.20914285714285713,1.83,11.44,0,6.2,1.16,208.2,1241,100.3,0.01824526420737787,NLA12_CA-208,29.9,55,9,dys,,United States of America,-121.869761,41.989613,7010000010,7020000010,7030008720,6.251366120218579,18.75409836065574,12.502732240437158,9.37704918032787,13.716548576654093,4.385952959149333,4.385952959149333
111537,2007,summer,325,289.1193164417204,359.1301662707138,365,509,1338.2494827124342,0.2428545679997372,0.21604291290717947,0.26835815810876307,0.27274436098432026,1.8,5.22,0,2.9,2.1,24.1,259,298.1,0.00603824220060382,NLA06608-0363,18,5,11.68,oligo,,United States of America,-85.32415799999998,41.955614,7010000010,7020024600,7030034520,2.9,8.7,5.8,4.35,13.862882400047877,10.833193252964,10.833193252964
111537,2012,summer,375,314,485,366,552,1540,0.2435064935064935,0.2038961038961039,0.31493506493506496,0.23766233766233766,1.8,5.22,0,2.9,2.1,24.1,259,298.1,0.00603824220060382,NLA12_MI-112,38,12,17.04,eu_mixo,,United States of America,-85.32415799999998,41.955614,7010000010,7020024600,7030034520,2.9,8.7,5.8,4.35,13.862882400047877,10.833193252964,10.833193252964
111537,2017,summer,243,236.01593009956082,347.59221659626326,237.6454890397228,553,1064.2536357355468,0.22832902969793784,0.22176661857155985,0.3266065578023878,0.22329779392811452,1.8,5.22,0,2.9,2.1,24.1,259,298.1,0.00603824220060382,NLA17_MI-10007,19.9675,13,20.8,oligo,,United States of America,-85.32415799999998,41.955614,7010000010,7020024600,7030034520,2.9,8.7,5.8,4.35,13.862882400047877,10.833193252964,10.833193252964
111547,2007,summer,615.2784998806993,844.8100085374363,753.7635197694785,572.3670456472726,580.5,2786.2190738348863,0.22082918951302866,0.30321018776698694,0.27053275417141415,0.2054278685485704,2.12,6.5,0,3.1,2.06,280.6,1680,200.7,0.01056302939711011,NLA06608-1862,520,13,7.6,eu_mixo,,United States of America,-119.164293,41.92783,7010000010,7020000010,7030073620.000001,3.066037735849057,9.198113207547172,6.132075471698114,4.599056603773586,13.862882400047877,3.9720399084349336,3.9720399084349336
111547,2012,summer,530,709,607,382,577,2228,0.2378815080789946,0.31822262118491923,0.27244165170556556,0.17145421903052063,2.12,6.5,0,3.1,2.06,280.6,1680,200.7,0.01056302939711011,NLA12_NV-101,501,23,10.09476923,eu_mixo,,United States of America,-119.164293,41.92783,7010000010,7020000010,7030073620.000001,3.066037735849057,9.198113207547172,6.132075471698114,4.599056603773586,13.862882400047877,3.9720399084349336,3.9720399084349336
111553,2012,summer,597,534,774,412,538,2317,0.25766076823478634,0.23047043590850239,0.33405265429434616,0.17781614156236514,6.93,76.7,76.7,11.1,1.54,55483.2,1253,25.5,0.2717647058823529,NLA12_NE-160,81,8,21.37142857,eu_mixo,Lake Minatare,United States of America,-103.493827,41.91949,7010000010,7020046750.000001,7030047060,11.067821067821068,33.20346320346321,22.135642135642136,16.601731601731604,15.92053759901427,17.628126660226666,14.6303997
111553,2017,summer,464,400,673,372.71274571763263,530,1909.7127457176325,0.24296847839575889,0.2094555848239301,0.35240902146626235,0.1951669153140487,6.93,76.7,76.7,11.1,1.54,55483.2,1253,25.5,0.2717647058823529,NLA17_NE-10007,30.744375,9.5,10.895,eu_mixo,Lake Minatare,United States of America,-103.493827,41.91949,7010000010,7020046750.000001,7030047060,11.067821067821068,33.20346320346321,22.135642135642136,16.601731601731604,15.92053759901427,17.628126660226666,14.6303997
111562,2012,summer,144,113,158,244,507,659,0.21851289833080426,0.17147192716236723,0.23975720789074356,0.37025796661608495,1.01,4.66,0,4.6,2.64,83.8,134,24.9,0.04056224899598393,NLA12_RI-104,20,53,6.528,dys,,United States of America,-71.675958,41.900766,7010000010,7020038339.999999,7030038340,4.6138613861386135,13.84158415841584,9.227722772277227,6.92079207920792,13.862882400047877,13.095252463685599,13.095252463685599
111562,2017,summer,193.8864660404825,127.39053191116487,186.05065342759553,246.54555752303267,493,753.8732089022756,0.25718710222214036,0.16898137565686921,0.2467930299559342,0.32703849216505626,1.01,4.66,0,4.6,2.64,83.8,134,24.9,0.04056224899598393,NLA17_RI-10001,16.1225,66,12.255,dys,,United States of America,-71.675958,41.900766,7010000010,7020038339.999999,7030038340,4.6138613861386135,13.84158415841584,9.227722772277227,6.92079207920792,13.862882400047877,13.095252463685599,13.095252463685599
111603,2017,summer,469.39507028162376,557.65633673516,591.8852011767641,815.1748980285911,567,2434.111506222139,0.1928404138765804,0.2291005713212663,0.24316273090356455,0.33489628389858883,1.22,2.47,0,2,1.49,1788.6,1169,54.5,0.02238532110091743,NLA17_NE-10006,147.74125,79,34,eu_mixo,,United States of America,-102.526682,41.794037,7010000010,7020046750.000001,7030047060,2.0245901639344264,6.07377049180328,4.049180327868853,3.03688524590164,13.716548576654093,5.000355687067998,5.000355687067998
111604,2007,summer,356.46194922699874,297.81596300626035,484.317709157975,394.4780411383481,532.5,1533.0736625295822,0.23251456074121973,0.1942607001119972,0.3159128755488809,0.25731186359790215,3.07,34.5,34.5,11.3,3.48,722.1,217,67.2,0.04568452380952381,NLA06608-1884,39,8,25.44,eu_mixo,,United States of America,-91.57291900000001,41.793681,7010000010,7020046750.000001,7030047060,11.237785016286646,33.71335504885994,22.47557003257329,16.85667752442997,16.662489106538548,11.764265431697334,11.764265431697334
111617,2012,summer,372.5,273.5,482.5,328.5,524,1457,0.255662319835278,0.18771448181194234,0.3311599176389842,0.22546328071379548,3.2,14.53,0,4.5,1.74,797.2,315,21.6,0.14814814814814814,NLA12_IN-187,11,17,5.04,oligo,,United States of America,-84.840073,41.750252,7010000010,7020024600,7030034520,4.5406249999999995,13.621875,9.081249999999999,6.8109375,14.290276959275262,11.055737555542132,11.055737555542132
111629,2007,summer,459.5,628.5,679.5,377.5,567.5,2145,0.21421911421911422,0.293006993006993,0.3167832167832168,0.175990675990676,2.42,7.07,0,2.9,1.48,2154.6,1154,190.7,0.01269008914525432,NLA06608-R796,495,36,99.52,eu_mixo,,United States of America,-102.398958,41.728116,7010000010,7020046750.000001,7030047060,2.9214876033057853,8.764462809917358,5.8429752066115705,4.382231404958679,13.862882400047877,2.421898626127733,2.133599997
111630,2007,summer,356.25,629.5,792.75,542,564,2320.5,0.1535229476405947,0.27127774186597714,0.3416289592760181,0.23357035121741004,1.29,4.28,0,3.3,1.3,751.2,1155,869.1,0.00148429409734207,NLA06608-R792,393,16,143.6,eu_mixo,,United States of America,-102.429994,41.724285,7010000010,7020046750.000001,7030047060,3.3178294573643408,9.953488372093023,6.6356589147286815,4.976744186046512,13.716548576654093,5.809200216668798,5.809200216668798
111642,2007,summer,311.3739870710829,188,324,302.2614122914482,495.5,1125.6353993625312,0.2766206422145394,0.16701678012833285,0.2878374295828715,0.2685251480742562,5.49,48.19,0,8.8,3.11,584.6,290,100.8,0.05446428571428571,NLA06608-1579,7,3,2.26,oligo,,United States of America,-85.04254799999998,41.705621,7010000010,7020024600,7030034520,8.777777777777777,26.333333333333325,17.555555555555554,13.166666666666663,17.877249961408463,18.555677457503197,18.555677457503197
111642,2012,summer,450,293.75,468,320,505,1531.75,0.2937816223274033,0.1917741145748327,0.3055328872204994,0.20891137587726458,5.49,48.19,0,8.8,3.11,584.6,290,100.8,0.05446428571428571,NLA12_IN-113,16,22,2.813793103,dys,,United States of America,-85.04254799999998,41.705621,7010000010,7020024600,7030034520,8.777777777777777,26.333333333333325,17.555555555555554,13.166666666666663,17.877249961408463,18.555677457503197,18.555677457503197
111642,2017,summer,383.6066462835227,251.75155965608616,484.33014595983724,415.5353574118718,518,1535.223709311318,0.249870194133208,0.16398363191578036,0.31547854753826177,0.2706676264127498,5.49,48.19,0,8.8,3.11,584.6,290,100.8,0.05446428571428571,NLA17_IN-10004,5.07625,3,2.69,oligo,,United States of America,-85.04254799999998,41.705621,7010000010,7020024600,7030034520,8.777777777777777,26.333333333333325,17.555555555555554,13.166666666666663,17.877249961408463,18.555677457503197,18.555677457503197
111651,2007,summer,401,285,449,492,512,1627,0.2464658881376767,0.17516902274124155,0.2759680393362016,0.30239704978488013,2.39,29.29,0,12.3,2.41,328.1,212,37,0.0645945945945946,NLA06608-0037,13,8.666666666666666,6.698666666666667,oligo,,United States of America,-73.352213,41.68554,7010000010,7020038339.999999,7030038340,12.255230125523013,36.76569037656903,24.510460251046027,18.382845188284517,14.2813219966547,14.1285775447,14.1285775447
111656,2007,summer,300.5,269.6068994179599,387.9506093773789,324.33986625336445,521.5,1282.3973750487032,0.23432674290103528,0.21023662763480055,0.3025198093240367,0.25291682014012745,3.01,20.95,0,7,2.41,1823.4,299,14.4,0.20902777777777776,NLA06608-1131,1,9,6.192,oligo,,United States of America,-85.03560299999998,41.676727,7010000010,7020024600,7030034520,6.960132890365449,20.880398671096348,13.920265780730897,10.440199335548174,14.61262247444262,23.610579642655996,23.610579642655996
111688,2012,summer,405.5,303.5,409.5,362.5,497.5,1481,0.2738014854827819,0.2049291019581364,0.2765023632680621,0.24476704929101958,3.76,21.99,0,5.9,1.56,206.2,325,74.9,0.05020026702269692,NLA12_PA-113,13,10,5.65,oligo,,United States of America,-80.299142,41.603804,7010000010,7020046750.000001,7030047060,5.848404255319149,17.545212765957448,11.696808510638299,8.772606382978724,14.015944249475554,13.399189109131997,13.399189109131997
111696,2007,summer,292.0885896926751,187.71859340379245,288.8789687452455,399.5,491.5,1168.1861518417131,0.2500359974582651,0.1606923632058497,0.2472884722095114,0.3419831671263737,1.26,10.01,0,8,1.7,285.4,95,15.9,0.07924528301886792,NLA06608-3890,1,7,2.768,oligo,,United States of America,-71.813227,41.582815,7010000010,7020038339.999999,7030038340,7.944444444444445,23.833333333333336,15.88888888888889,11.916666666666668,13.716548576654093,14.710579949643998,14.710579949643998
111698,2007,summer,358.8120897956316,280,366,491.4997281553081,497,1496.3118179509397,0.23979767150873105,0.1871267717336043,0.24460142305178278,0.32847413370588185,2.95,14.24,0,4.8,2.38,46.7,52,139.1,0.0212077641984184,NLA06608-0242,20,30,2.872,dys,,United States of America,-71.928125,41.581322,7010000010,7020038339.999999,7030038340,4.827118644067797,14.481355932203389,9.654237288135594,7.2406779661016945,14.61262247444262,9.779348724184,9.779348724184
111721,2017,summer,191.17154752711605,179.8844878703349,217.2972340357236,291.57067622848103,542,879.9239456616556,0.21725917162461728,0.20443185886374696,0.24695001779083048,0.3313589517208053,1.19,4.53,0,3.8,1.41,1498.9,1449,7.7,0.15454545454545454,NLA17_CA-10062,57.68875,10,3.18,eu_mixo,,United States of America,-121.138235,41.528105,7010000010,7020000010,7030008720,3.8067226890756305,11.420168067226893,7.613445378151261,5.710084033613446,13.716548576654093,6.683041054876265,6.683041054876265
111732,2007,summer,322,314.9296837056671,470,418,544,1524.9296837056672,0.21115727724410308,0.20652079048023367,0.3082109326233803,0.27411099965228286,1.12,2.24,0,2,2.52,13.5,267,197.9,0.00565942395149065,NLA06608-1243,42,23,35.28,eu_mixo,,United States of America,-85.425886,41.500201,7010000010,7020024600,7030034520,2,5.999999999999999,4,2.9999999999999996,13.862882400047877,10.90491598479853,10.90491598479853
111733,2012,summer,304,284,404,262,544,1254,0.24242424242424243,0.22647527910685805,0.32216905901116427,0.20893141945773525,2.28,10.3,0,4.5,3.04,104.4,277,118.1,0.01930567315834039,NLA12_IN-149,51,19,12.88,eu_mixo,,United States of America,-85.372917,41.497917,7010000010,7020024600,7030034520,4.517543859649123,13.55263157894737,9.035087719298247,6.776315789473685,14.98036700036527,15.712859349933336,15.712859349933336
111733,2017,summer,260,270,440,328,551,1298,0.20030816640986132,0.20801232665639446,0.3389830508474576,0.2526964560862866,2.28,10.3,0,4.5,3.04,104.4,277,118.1,0.01930567315834039,NLA17_IN-10010,39.224375,16.5,17.99,eu_mixo,,United States of America,-85.372917,41.497917,7010000010,7020024600,7030034520,4.517543859649123,13.55263157894737,9.035087719298247,6.776315789473685,14.98036700036527,15.712859349933336,15.712859349933336
111748,2012,summer,371,230,367,365,522,1333,0.27831957989497375,0.17254313578394598,0.2753188297074269,0.2738184546136534,1.52,4.45,0,2.9,1.29,58.8,259,84.4,0.01800947867298578,NLA12_IN-196,17,18,4.165714286,oligo,,United States of America,-85.747325,41.428097,7010000010,7020024600,7030034520,2.927631578947368,8.782894736842106,5.855263157894736,4.391447368421053,13.716548576654093,14.64194918113413,14.64194918113413
111748,2017,summer,347.78975797321624,246.29283953515034,383.3552683940669,300.75,501.5,1278.1878659024335,0.2720959627696573,0.19268907654764916,0.29992091039247054,0.235294050290223,1.52,4.45,0,2.9,1.29,58.8,259,84.4,0.01800947867298578,NLA17_IN-10037,8.8725,10,4.83,oligo,,United States of America,-85.747325,41.428097,7010000010,7020024600,7030034520,2.927631578947368,8.782894736842106,5.855263157894736,4.391447368421053,13.716548576654093,14.64194918113413,14.64194918113413
111751,2007,summer,356.8093492260282,341,435.5,447.5,540,1580.8093492260282,0.22571308134072193,0.21571228697942305,0.27549179172885263,0.2830828399510024,1.12,3.47,0,3.1,1.83,60.8,218,49.8,0.02248995983935743,NLA06608-1195,26,12,16.571,oligo,,United States of America,-86.484564,41.412847,7010000010,7020046750.000001,7030047060,3.0982142857142856,9.294642857142858,6.196428571428571,4.647321428571429,13.716548576654093,13.997946546929333,13.997946546929333
111751,2012,summer,318.5,338,463,389,553.5,1508.5,0.2111368909512761,0.22406363937686444,0.306927411335764,0.25787205833609544,1.12,3.47,0,3.1,1.83,60.8,218,49.8,0.02248995983935743,NLA12_IN-105,40,18,15.2,eu_mixo,,United States of America,-86.484564,41.412847,7010000010,7020046750.000001,7030047060,3.0982142857142856,9.294642857142858,6.196428571428571,4.647321428571429,13.716548576654093,13.997946546929333,13.997946546929333
111751,2017,summer,356,406.5,529.5,406.1044025300333,555,1698.1044025300334,0.20964553149358178,0.23938457458466572,0.311818283499583,0.23915161042216942,1.12,3.47,0,3.1,1.83,60.8,218,49.8,0.02248995983935743,NLA17_IN-10032,62.49625,12,24.8,eu_mixo,,United States of America,-86.484564,41.412847,7010000010,7020046750.000001,7030047060,3.0982142857142856,9.294642857142858,6.196428571428571,4.647321428571429,13.716548576654093,13.997946546929333,13.997946546929333
111756,2007,summer,295.45219434523483,238.69945893031263,434.2496142773008,351.3271540810939,536.5,1319.7284216339422,0.2238734799538821,0.18087013586839426,0.3290446785556538,0.26621170562206986,5.56,50.9,50.9,9.2,2.69,412.3,342,107.8,0.05157699443413729,NLA06608-0367,54,13,59.4,eu_mixo,,United States of America,-81.186768,41.405407,7010000010,7020024600,7030034520,9.154676258992806,27.46402877697842,18.309352517985612,13.73201438848921,17.235548036349485,20.716405461014674,20.716405461014674
111784,2007,summer,389.0010423646804,525.3005050001201,691.6941343604624,516.5895201645959,561,2122.5852018898586,0.1832675748508614,0.24748146954591746,0.32587343666798757,0.2433775189352337,2.98,16.96,0,5.7,1.48,584.2,211,28.7,0.10383275261324042,NLA06608-0091,167,12,125.1,eu_mixo,,United States of America,-87.42833,41.360235,7010000010,7020046750.000001,7030047060,5.6912751677852365,17.07382550335571,11.382550335570473,8.536912751677855,14.015944249475554,14.47951737225,14.47951737225
111794,2007,summer,610.0292931616623,697.8587409740077,895.5580836150912,620.1261123430281,556,2823.572230093789,0.21604876498640138,0.2471545560393995,0.3171720114223336,0.21962466755186558,1.32,3.67,0,2.8,1.62,279.4,304,12.4,0.1064516129032258,NLA06608-1391,172,24,67.968,eu_mixo,,United States of America,-81.389544,41.327144,7010000010,7020024600,7030034520,2.7803030303030303,8.340909090909092,5.5606060606060606,4.170454545454546,13.716548576654093,12.795430482826266,12.795430482826266
111797,2007,summer,426.45400368957047,297.5,443.8694684157829,466.0321798578702,503.5,1633.8556519632236,0.26101082012792737,0.1820846288608955,0.2716699409047758,0.2852346101064013,2.86,13.63,0,4.8,2.15,45.2,252,329.2,0.00868772782503037,NLA06608-0235,8,11,7.8,oligo,,United States of America,-85.788185,41.324304,7010000010,7020046750.000001,7030047060,4.765734265734267,14.297202797202798,9.531468531468533,7.148601398601399,14.2813219966547,9.760791302084,9.760791302084
111797,2012,summer,362,287,485,305,539,1439,0.25156358582348853,0.19944405837387075,0.3370396108408617,0.21195274496177902,2.86,13.63,0,4.8,2.15,45.2,252,329.2,0.00868772782503037,NLA12_IN-110,21,20,6.186666667,oligo,,United States of America,-85.788185,41.324304,7010000010,7020046750.000001,7030047060,4.765734265734267,14.297202797202798,9.531468531468533,7.148601398601399,14.2813219966547,9.760791302084,9.760791302084
111797,2017,summer,317.009551571225,234.76505327763726,336.0771630181754,306.5720275066845,506,1194.4237953737222,0.2654079337661187,0.19655088435690604,0.2813717914193266,0.2566693904576486,2.86,13.63,0,4.8,2.15,45.2,252,329.2,0.00868772782503037,NLA17_IN-10003,21.92875,25,10.67,dys,,United States of America,-85.788185,41.324304,7010000010,7020046750.000001,7030047060,4.765734265734267,14.297202797202798,9.531468531468533,7.148601398601399,14.2813219966547,9.760791302084,9.760791302084
111804,2007,summer,676.094368897758,722.211769175146,944,380,553,2722.306138072904,0.24835354093436351,0.2652941045368223,0.3467648207516621,0.1395875337771521,8.56,114.3,114.3,13.4,2.96,4323.3,656,96.2,0.08898128898128899,NLA06608-2740,121,5,11.368,eu_mixo,Sherman,United States of America,-98.882776,41.303717,7010000010,7020046750.000001,7030047060,13.352803738317755,40.05841121495327,26.70560747663551,20.029205607476634,19.289536621075982,25.638970264445323,19.20240021
111804,2012,summer,941,1262,1265,521,569,3989,0.23589872148408123,0.3163700175482577,0.3171220857357734,0.1306091752318877,8.56,114.3,114.3,13.4,2.96,4323.3,656,96.2,0.08898128898128899,NLA12_NE-114,241,12,5.82,eu_mixo,Sherman,United States of America,-98.882776,41.303717,7010000010,7020046750.000001,7030047060,13.352803738317755,40.05841121495327,26.70560747663551,20.029205607476634,19.289536621075982,25.638970264445323,19.20240021
111804,2017,summer,681.3498647917447,692.5487415078767,911.3279776511538,437,552,2722.2265839507754,0.25029138603256884,0.25440525252044915,0.3347730064146757,0.16053035503230617,8.56,114.3,114.3,13.4,2.96,4323.3,656,96.2,0.08898128898128899,NLA17_NE-10029,42.47125,3,10.61,eu_mixo,Sherman,United States of America,-98.882776,41.303717,7010000010,7020046750.000001,7030047060,13.352803738317755,40.05841121495327,26.70560747663551,20.029205607476634,19.289536621075982,25.638970264445323,19.20240021
111811,2007,summer,404.5,294,408,409.5,500.5,1516,0.266820580474934,0.19393139841688653,0.2691292875989446,0.2701187335092348,1.16,2.42,0,2.1,1.42,20.9,252,124.6,0.00930979133226324,NLA06608-2779,21,16,6,oligo,,United States of America,-85.70729199999998,41.288992,7010000010,7020046750.000001,7030047060,2.086206896551724,6.258620689655172,4.172413793103448,3.129310344827586,13.716548576654093,12.661846555044,12.661846555044
111815,2007,summer,430,358,499,380,514,1667,0.2579484103179364,0.21475704859028194,0.29934013197360526,0.22795440911817635,1.75,5.09,0,2.9,1.68,442.7,249,11.9,0.14705882352941177,NLA06608-2283,7,5,3.426,oligo,,United States of America,-85.79365799999998,41.281545,7010000010,7020046750.000001,7030047060,2.9085714285714284,8.725714285714284,5.817142857142857,4.362857142857142,13.862882400047877,10.810326199185063,10.810326199185063
111815,2012,summer,323,222,402,272,513,1219,0.2649712879409352,0.18211648892534865,0.32977850697292865,0.22313371616078753,1.75,5.09,0,2.9,1.68,442.7,249,11.9,0.14705882352941177,NLA12_IN-102,37,18,4.272,eu_mixo,,United States of America,-85.79365799999998,41.281545,7010000010,7020046750.000001,7030047060,2.9085714285714284,8.725714285714284,5.817142857142857,4.362857142857142,13.862882400047877,10.810326199185063,10.810326199185063
111815,2017,summer,379.6720050158865,300.90410651650484,468.8852011767641,331.1223345727076,518.5,1480.583647281863,0.2564340121633177,0.20323343910283026,0.3166894366539637,0.22364311207988835,1.75,5.09,0,2.9,1.68,442.7,249,11.9,0.14705882352941177,NLA17_IN-10028,21.291874999999997,7.5,7.755000000000001,oligo,,United States of America,-85.79365799999998,41.281545,7010000010,7020046750.000001,7030047060,2.9085714285714284,8.725714285714284,5.817142857142857,4.362857142857142,13.862882400047877,10.810326199185063,10.810326199185063
111829,2017,summer,300.39291941659405,245.882757813316,402.67011211649447,207.7223619798833,519,1156.668151326288,0.25970536067077665,0.2125784802939164,0.34812933308034355,0.17958682595496336,1.19,3.39,0,2.9,1.46,114.3,2210,154.2,0.00771725032425421,NLA17_WY-10017,40.15,16,2.06,eu_mixo,,United States of America,-105.849128,41.238159,7010000010,7020046750.000001,7030047060,2.84873949579832,8.54621848739496,5.69747899159664,4.27310924369748,13.716548576654093,4.759488655474667,4.759488655474667
111836,2012,summer,707.25,837.5,920.5,412.5,565,2877.75,0.24576492051081575,0.2910259751542003,0.31986795239336285,0.14334115194162106,1.98,12.73,0,6.4,1.77,244.4,1644,298.2,0.00663983903420523,NLA12_NV-105,246,10,4.305882353,eu_mixo,,United States of America,-116.538141,41.226094,7010000010,7020000010,7030073620.000001,6.42929292929293,19.28787878787879,12.85858585858586,9.643939393939394,13.862882400047877,4.732558522671332,4.732558522671332
111836,2017,summer,478.2113577944464,459.71611775046523,573.4381700826649,341,541,1852.3656456275767,0.2581625063729951,0.2481778469794038,0.3095707218692158,0.18408892477838526,1.98,12.73,0,6.4,1.77,244.4,1644,298.2,0.00663983903420523,NLA17_NV-10003,123.25625,11,6.4,eu_mixo,,United States of America,-116.538141,41.226094,7010000010,7020000010,7030073620.000001,6.42929292929293,19.28787878787879,12.85858585858586,9.643939393939394,13.862882400047877,4.732558522671332,4.732558522671332
111838,2007,summer,308.47416781484515,279.84038836771646,439.731847743393,296.5427196188245,550,1324.5891235447791,0.23288290861797709,0.21126580567023368,0.3319760368910559,0.2238752488207333,5.64,24.13,0,4.3,1.51,613.7,216,33.1,0.17039274924471298,NLA06608-0587,29.5,5.5,18.1015,oligo,,United States of America,-86.609857,41.214754,7010000010,7020046750.000001,7030047060,4.278368794326242,12.835106382978724,8.556737588652483,6.417553191489362,15.007442775893317,11.828675194838665,11.828675194838665
111839,2007,summer,452,477.1678712684856,649,251.34384046605447,551,1829.51171173454,0.2470604572252034,0.26081706293975454,0.35473946181229427,0.1373830180227478,2.19,13,0,5.9,2.05,1.8,950,76091.4,2.878117632215993e-5,NLA06608-0764,58,4,24.264,eu_mixo,,United States of America,-101.636956,41.211286,7010000010,7020046750.000001,7030047060,5.936073059360732,17.808219178082194,11.872146118721464,8.904109589041097,14.137215109847583,18.96536513166533,12.19200039
111841,2007,summer,439.5,312.5,535.5,344,511.5,1631.5,0.26938400245173155,0.19154152620288079,0.3282255593012565,0.21084891204413117,7.39,49.34,0,6.7,1.23,1204.8,222,33.8,0.2186390532544379,NLA06608-1355,4.5,5,3.631,oligo,,United States of America,-86.41825199999998,41.206617,7010000010,7020046750.000001,7030047060,6.6765899864682,20.029769959404604,13.3531799729364,10.014884979702302,15.742298970654026,17.053064265375998,17.053064265375998
111846,2012,summer,354,301,348,308,496,1311,0.2700228832951945,0.2295957284515637,0.2654462242562929,0.2349351639969489,2.67,52.1,52.1,19.5,2.81,4942.7,2885,54.7,0.04881170018281535,NLA12_WY-151,30,22,2.96,dys,,United States of America,-106.260465,41.198489,7010000010,7020046750.000001,7030047060,19.513108614232213,58.539325842696634,39.026217228464425,29.269662921348317,14.98036700036527,33.976050729724,33.976050729724
111851,2007,summer,383.64875459704234,294.20089328689426,453.19441243890327,240.03890415362474,514,1371.0829644764647,0.27981439820713916,0.21457555881691823,0.3305375562097742,0.17507248676616835,1.1,24.7,24.7,22.4,2.74,208.7,1825,314.1,0.0035020694046482,NLA06608-1170,6,7,1.22,oligo,Lost Creek,United States of America,-111.39784,41.185867,7010000010,7020000010,7030073620.000001,22.454545454545453,67.36363636363636,44.90909090909091,33.68181818181818,13.862882400047877,8.574502703878666,8.574502703878666
111854,2017,summer,253.5,237.5,328,311.5,537,1130.5,0.22423706324635118,0.21008403361344538,0.2901371074745688,0.2755417956656347,2.87,22.5,22.5,7.8,2.75,34.5,322,529.6,0.00541918429003021,NLA17_OH-HP001,13.75125,15,5.02,oligo,,United States of America,-81.32948899999998,41.18036,7010000010,7020024600,7030034520,7.839721254355401,23.519163763066203,15.679442508710801,11.759581881533101,14.98036700036527,10.389115533541863,10.389115533541863
111855,2007,summer,300.38739112487565,235.83233772593167,347.8824568532624,411.3945931141012,515.5,1295.496778818171,0.2318704268789513,0.18204008036289518,0.26853208942026197,0.31755740333789156,1.3,7.79,0,6,1.53,621.6,366,6.8,0.1911764705882353,NLA06608-1101,109,18,128.736,eu_mixo,,United States of America,-74.461512,41.179302,7010000010,7020038339.999999,7030038340,5.9923076923076914,17.97692307692308,11.984615384615383,8.98846153846154,13.716548576654093,19.25329636474933,19.25329636474933
111862,2012,summer,326,360,478,198,544,1362,0.2393538913362702,0.2643171806167401,0.3509544787077827,0.14537444933920704,1.77,24.4,24.4,13.8,1.69,456.2,2191,172.4,0.01026682134570765,NLA12_WY-115,51,16,2.168,eu_mixo,,United States of America,-110.830852,41.155854,7010000010,7020000010,7030073620.000001,13.785310734463275,41.35593220338983,27.57062146892655,20.677966101694913,13.862882400047877,7.621559154609332,7.621559154609332
111862,2017,summer,273.9285184674876,220.5635250019792,296.095865756584,198.98937812070068,516,989.5772873467515,0.27681366778530564,0.22288660807217267,0.29921449243289966,0.20108523170962195,1.77,24.4,24.4,13.8,1.69,456.2,2191,172.4,0.01026682134570765,NLA17_WY-10008,18.6475,12,2.49,oligo,,United States of America,-110.830852,41.155854,7010000010,7020000010,7030073620.000001,13.785310734463275,41.35593220338983,27.57062146892655,20.677966101694913,13.862882400047877,7.621559154609332,7.621559154609332
111863,2007,summer,636.5008391120749,512.2731156808214,838,376.72126667676366,517,2363.49522146966,0.26930489781836253,0.216743876199708,0.35455963371016164,0.15939159227176783,9,153,153,17,3.48,523.6,297,226.8,0.03968253968253968,NLA06608-0111,6,8,3.256,oligo,Michael J. Kirwan Reservoir,United States of America,-81.079025,41.154381,7010000010,7020046750.000001,7030047060,17,51,34,25.5,21.764708358159833,18.054001954283205,18.054001954283205
111872,2007,summer,281.4761714323242,199.07705018523365,309.08476602342705,472.13901009281744,505,1261.7769977338023,0.2230791747970249,0.1577751461175654,0.24495989907769328,0.3741857800077164,1,4.76,0,4.7,2.09,58.9,537,49.8,0.02008032128514056,NLA06608-0185,9,15,3.128,oligo,,United States of America,-75.47209499999998,41.10896,7010000010,7020038339.999999,7030038340,4.76,14.279999999999998,9.52,7.139999999999999,13.716548576654093,6.607549543780265,6.607549543780265
111874,2007,summer,242.4555896940527,186.40089236211273,280.8054382644187,368.973237127303,495,1078.6351574478872,0.22477998053365567,0.1728118085851642,0.2603340307660845,0.3420741801150955,1.95,11.13,0,5.7,2.84,37.5,502,185.1,0.01053484602917342,NLA06608-1209,22,26,6.552,dys,,United States of America,-75.538297,41.096995,7010000010,7020038339.999999,7030038340,5.707692307692309,17.123076923076926,11.415384615384617,8.561538461538463,14.459560625014944,14.963534479278932,14.963534479278932
111884,2007,summer,377.5186341035618,284.21859340379245,451.831702051604,467.07752738448164,528,1580.6464569434397,0.23883812375955654,0.17981161578244226,0.2858524751482563,0.295497785309745,3.92,26.56,0,6.8,3.63,436.7,332,52.3,0.07495219885277248,NLA06608-0623,43,14,23.2,eu_mixo,,United States of America,-81.37935,41.057388,7010000010,7020024600,7030034520,6.775510204081633,20.3265306122449,13.551020408163266,10.16326530612245,17.348294354792458,11.469163612289332,11.469163612289332
111884,2012,summer,381,325,519,433,535,1658,0.22979493365500603,0.19601930036188178,0.3130277442702051,0.26115802171290714,3.92,26.56,0,6.8,3.63,436.7,332,52.3,0.07495219885277248,NLA12_OH-107,128,15,105.984,eu_mixo,,United States of America,-81.37935,41.057388,7010000010,7020024600,7030034520,6.775510204081633,20.3265306122449,13.551020408163266,10.16326530612245,17.348294354792458,11.469163612289332,11.469163612289332
111887,2007,summer,794,766,1015,574.7536284497197,548,3149.7536284497196,0.2520832082955008,0.24319362412387102,0.3222474262215784,0.18247574135904981,6.08,24,24,3.9,1.7,4273.5,913,81.5,0.07460122699386502,NLA06608-0016,28,4.333333333333333,15.426666666666668,oligo,,United States of America,-100.780585,41.050214,7010000010,7020046750.000001,7030047060,3.947368421052632,11.842105263157896,7.894736842105264,5.921052631578948,15.185681404253561,6.782751062923197,6.096000195
111887,2012,summer,886,974.5,1148,656,559,3664.5,0.24177923318324465,0.26592986764906534,0.3132760267430755,0.17901487242461456,6.08,24,24,3.9,1.7,4273.5,913,81.5,0.07460122699386502,NLA12_NE-109,59,10,12.01333333,eu_mixo,,United States of America,-100.780585,41.050214,7010000010,7020046750.000001,7030047060,3.947368421052632,11.842105263157896,7.894736842105264,5.921052631578948,15.185681404253561,6.782751062923197,6.096000195
111909,2012,summer,297,324,437,480,555,1538,0.1931079323797139,0.2106631989596879,0.28413524057217165,0.31209362808842656,3,6.43,0,2.1,1.74,206.1,202,29,0.10344827586206896,NLA12_IN-166,112,30,22.72,eu_mixo,,United States of America,-87.51737799999998,40.975612,7010000010,7020046750.000001,7030047060,2.1433333333333335,6.430000000000001,4.286666666666667,3.2150000000000003,14.015944249475554,12.110309482743197,12.110309482743197
111911,2017,summer,416.1286999072774,334.90329478030503,443.54371104236304,392.4854929790118,503.5,1587.0611987089574,0.2622007898912719,0.2110210337526632,0.2794748629751499,0.24730331338091494,1.58,12.9,12.9,8.2,1.19,2408.2,116,2.8,0.5642857142857144,NLA17_NJ-10023,1.00875,23,5.77,dys,,United States of America,-74.252083,40.972916,7010000010,7020038339.999999,7030038340,8.164556962025317,24.493670886075947,16.329113924050635,12.246835443037973,13.716548576654093,19.33272751010533,19.33272751010533
111912,2017,summer,298.5,341,438.5,376.5,557.5,1454.5,0.2052251632863527,0.23444482640082503,0.30147817119284975,0.2588518391199725,2.4,9.33,0,3.9,3.23,102.3,334,75.8,0.0316622691292876,NLA17_OH-10031,145.78375,24,62.4,eu_mixo,,United States of America,-81.178666,40.97211,7010000010,7020046750.000001,7030047060,3.8874999999999997,11.662500000000001,7.7749999999999995,5.831250000000001,14.98036700036527,9.951034797305335,9.951034797305335
111913,2007,summer,429.75420129865734,466.7068957971385,572.72359182018,484,554,1953.1846889159758,0.2200274268672321,0.23894662826594365,0.2932255178275248,0.24780042703929941,6.16,150.8,150.8,24.5,1.9,1435.3,389,223.5,0.02756152125279642,NLA06608-0344,53,10,24.8,eu_mixo,Branched Oak Lake,United States of America,-96.853979,40.970589,7010000010,7020046750.000001,7030047060,24.48051948051948,73.44155844155844,48.96103896103896,36.72077922077922,15.706487779603883,16.74269885039867,9.144000053
111920,2007,summer,470,447.80785247461165,603.5,395.3450350113805,541.5,1916.652887485992,0.24521915421862478,0.23364055922613397,0.31487182887434056,0.2062684576809007,4.77,91.2,91.2,19.1,1.62,106,1693,1868.2,0.00255325982228883,NLA06608-1874,26,12,3.56,oligo,Echo,United States of America,-111.430527,40.963948,7010000010,7020000010,7030073620.000001,19.119496855345915,57.358490566037744,38.23899371069183,28.679245283018872,15.007442775893317,22.090861413861337,22.090861413861337
111920,2012,summer,441.25,361,464.5,349.5,518.5,1616.25,0.27300850734725446,0.22335653518948181,0.2873936581593194,0.2162412993039443,4.77,91.2,91.2,19.1,1.62,106,1693,1868.2,0.00255325982228883,NLA12_UT-105,23,15,2.568,oligo,Echo,United States of America,-111.430527,40.963948,7010000010,7020000010,7030073620.000001,19.119496855345915,57.358490566037744,38.23899371069183,28.679245283018872,15.007442775893317,22.090861413861337,22.090861413861337
111936,2012,summer,425,308,466,306,508,1505,0.2823920265780731,0.20465116279069767,0.3096345514950166,0.20332225913621263,2.13,59.3,59.3,27.8,2.4,272.3,1739,387.6,0.0054953560371517,NLA12_UT-325,31,11,4.48,eu_mixo,East Canyon,United States of America,-111.597917,40.919468,7010000010,7020000010,7030073620.000001,27.84037558685446,83.52112676056339,55.68075117370892,41.760563380281695,14.2813219966547,20.821974661114673,20.821974661114673
111936,2017,summer,389.333404184508,309.0299268893064,425.9210128333896,336.9922525378728,515,1461.2765964450768,0.26643375055185275,0.2114794198723907,0.2914718636222257,0.23061496595353081,2.13,59.3,59.3,27.8,2.4,272.3,1739,387.6,0.0054953560371517,NLA17_UT-10008,19.58375,6,5.32,oligo,East Canyon,United States of America,-111.597917,40.919468,7010000010,7020000010,7030073620.000001,27.84037558685446,83.52112676056339,55.68075117370892,41.760563380281695,14.2813219966547,20.821974661114673,20.821974661114673
111950,2012,summer,411,351,496,468,522.5,1726,0.2381228273464658,0.2033603707995365,0.287369640787949,0.2711471610660487,1.22,4.49,0,3.7,2.95,405.6,346,17.5,0.06971428571428571,NLA12_IA-113,33,12,15.9,eu_mixo,,United States of America,-94.060157,40.862991,7010000010,7020046750.000001,7030047060,3.6803278688524594,11.040983606557376,7.360655737704919,5.520491803278688,14.2813219966547,9.742679106213597,9.742679106213597
111953,2007,summer,311.602763697452,199.73513429872776,350.5293015648629,384.903637628128,498.5,1246.7708371891708,0.24992785715132423,0.1602019620133465,0.2811497438896845,0.30872043694564466,3.43,127.8,127.8,37.3,2.63,289.7,192,264,0.01299242424242424,NLA06608-1465,5,10,5.973,oligo,Beltzville Lake,United States of America,-75.637744,40.84943,7010000010,7020038339.999999,7030038340,37.25947521865889,111.77842565597666,74.51895043731778,55.88921282798833,15.133428849792946,17.120974422200003,17.120974422200003
111953,2012,summer,312.5,200.5,333.5,311,500.5,1157.5,0.26997840172786175,0.1732181425485961,0.28812095032397406,0.26868250539956806,3.43,127.8,127.8,37.3,2.63,289.7,192,264,0.01299242424242424,NLA12_PA-106,7,5,4,oligo,Beltzville Lake,United States of America,-75.637744,40.84943,7010000010,7020038339.999999,7030038340,37.25947521865889,111.77842565597666,74.51895043731778,55.88921282798833,15.133428849792946,17.120974422200003,17.120974422200003
111953,2017,summer,314.5323805447589,220.67550975707874,338.4371081483249,317.2352205355047,500,1190.8802189856674,0.2641175623965456,0.1853045388099898,0.2841907210757005,0.266387177717764,3.43,127.8,127.8,37.3,2.63,289.7,192,264,0.01299242424242424,NLA17_PA-10003,8.44375,7,1.52,oligo,Beltzville Lake,United States of America,-75.637744,40.84943,7010000010,7020038339.999999,7030038340,37.25947521865889,111.77842565597666,74.51895043731778,55.88921282798833,15.133428849792946,17.120974422200003,17.120974422200003
111972,2007,summer,386,334.5805440742734,411,285.9510738386668,508,1417.5316179129402,0.2723043317850754,0.23603039244153365,0.2899406227037979,0.20172465306959306,3.54,75.1,75.1,21.2,1.5,192.2,1836,864.1,0.00409674806156694,NLA06608-0850,19,7,2.304,oligo,Rock Port Lake,United States of America,-111.40263,40.787922,7010000010,7020000010,7030073620.000001,21.21468926553672,63.64406779661015,42.42937853107344,31.822033898305076,14.015944249475554,38.478656668024,38.478656668024
111981,2007,summer,375.96736645354974,336.99838632053996,425.2860441992281,283.7529980221747,543,1422.0047949954926,0.2643924744675291,0.2369882207897957,0.2990749719663049,0.19954433277637024,1.19,6.04,0,5.1,2.13,472.1,2301,89.4,0.01331096196868008,NLA06608-1631,130,19,27.576,eu_mixo,,United States of America,-109.298193,40.765499,7010000010,7020000010,7030008710,5.07563025210084,15.226890756302522,10.15126050420168,7.613445378151261,13.862882400047877,3.913363047654266,3.913363047654266
111991,2007,summer,549,666.8964808075592,721,360,564,2296.8964808075593,0.23901817282029997,0.29034677286504745,0.31390182623576734,0.1567332280788852,1.49,10.7,0,7.2,1.61,4764.6,2830,29.6,0.05033783783783784,NLA06608-1119,16,9,2.207,oligo,,United States of America,-109.622132,40.745036,7010000010,7020000010,7030008710,7.181208053691275,21.543624161073822,14.36241610738255,10.771812080536911,13.716548576654093,7.152801077497332,7.152801077497332
112007,2012,summer,834,521.5,1069.5,432,502.5,2857,0.2919145957297865,0.18253412670633531,0.3743437171858593,0.1512075603780189,1.01,0.88,0,0.9,1.08,141.2,268,7.6,0.13289473684210526,NLA12_OH-118,9.5,7.5,5.8100000000000005,oligo,,United States of America,-83.384155,40.705687,7010000010,7020024600,7030034520,0.8712871287128713,2.613861386138614,1.7425742574257426,1.306930693069307,13.270935677879432,10.663919736955869,10.663919736955869
112015,2007,summer,576.379503180169,593.8467003664433,794.4719602689205,442,552,2406.698163815533,0.23948973404558052,0.2467474772262136,0.33010868259831133,0.18365410612989444,8.41,72.8,72.8,8.7,1.38,30092.6,797,17.1,0.491812865497076,NLA06608-0528,65,18,11.792,eu_mixo,,United States of America,-99.843679,40.677414,7010000010,7020046750.000001,7030047060,8.656361474435196,25.969084423305585,17.31272294887039,12.984542211652792,15.92053759901427,15.568681139926674,9.144000053
112055,2007,summer,386,329,485.5,433,528,1633.5,0.23630241812059993,0.20140801958983778,0.29721456994184264,0.26507499234771964,5.54,61.3,61.3,11.1,3.32,292.9,283,184.4,0.03004338394793926,NLA06608-0863,36,3,14.384,eu_mixo,Atwood Lake,United States of America,-81.277152,40.523591,7010000010,7020046750.000001,7030047060,11.064981949458485,33.19494584837545,22.12996389891697,16.597472924187723,17.877249961408463,15.143073801304267,15.143073801304267
112059,2007,summer,396.74874250384823,238.68272149107494,421.7946336876957,521.8071799909582,495,1579.0332776735772,0.25126053270288673,0.1511574992534237,0.2671220674393478,0.33045990060434166,3.99,91.3,91.3,22.9,4.25,520.8,322,112.4,0.03549822064056939,NLA06608-0509,4,10,1.232,oligo,,United States of America,-79.55385699999998,40.512672,7010000010,7020046750.000001,7030047060,22.88220551378446,68.64661654135337,45.76441102756892,34.323308270676684,18.55468042631527,26.082402029481333,26.082402029481333
112064,2007,summer,329,354.5,504.5,382,557,1570,0.20955414012738854,0.22579617834394905,0.3213375796178344,0.24331210191082803,1.74,1.52,0,0.9,3.49,3,252,468.1,0.00371715445417645,NLA06608-1227,8,6,5.08,oligo,,United States of America,-86.050212,40.489283,7010000010,7020046750.000001,7030047060,0.8735632183908046,2.6206896551724137,1.7471264367816093,1.3103448275862069,14.98036700036527,8.454101607434533,8.454101607434533
112066,2007,summer,306.5,227.5,395.5,337,528.5,1266.5,0.24200552704303196,0.1796288985392815,0.3122779313067509,0.26608764311093563,3.29,46.1,46.1,14,4.51,587.6,295,68.9,0.04775036284470246,NLA06608-0893,14,10,6.96,oligo,Leesville Lake,United States of America,-81.19240499999998,40.472917,7010000010,7020046750.000001,7030047060,14.012158054711247,42.036474164133736,28.024316109422493,21.018237082066868,17.30419103159753,21.747970812232534,21.747970812232534
112069,2007,summer,541.5,391.2778885574621,651.0762290400062,334.5,519,1918.3541175974683,0.2822732231931039,0.20396541231266285,0.33939314074890875,0.17436822374532454,5.89,74,74,12.6,1.72,12412.8,1512,45.9,0.12832244008714597,NLA06608-1403,7,1,1.925,oligo,,United States of America,-105.042343,40.462942,7010000010,7020046750.000001,7030047060,12.563667232597622,37.69100169779286,25.127334465195243,18.84550084889643,15.185681404253561,24.035173081756,24.035173081756
112069,2012,summer,553,388,660,312.5,506.5,1913.5,0.28899921609615886,0.20276979357198852,0.3449176900966815,0.16331330023517115,5.89,74,74,12.6,1.72,12412.8,1512,45.9,0.12832244008714597,NLA12_CO-103,17,10,4.768,oligo,,United States of America,-105.042343,40.462942,7010000010,7020046750.000001,7030047060,12.563667232597622,37.69100169779286,25.127334465195243,18.84550084889643,15.185681404253561,24.035173081756,24.035173081756
112069,2017,summer,419,304,438,298,501,1459,0.2871830020562029,0.2083618917066484,0.3002056202878684,0.20424948594928033,5.89,74,74,12.6,1.72,12412.8,1512,45.9,0.12832244008714597,NLA17_CO-10007,14.06375,3,4.72,oligo,,United States of America,-105.042343,40.462942,7010000010,7020046750.000001,7030047060,12.563667232597622,37.69100169779286,25.127334465195243,18.84550084889643,15.185681404253561,24.035173081756,24.035173081756
112082,2007,summer,548.8612499978979,577.6739211704278,772.2818214681215,392.9443473817224,552.5,2291.7613400181694,0.23949319696332183,0.25206547954327907,0.3369817825192909,0.1714595409741082,4.29,42.6,42.6,9.9,2.09,376.4,947,2938.1,0.00146012729314863,NLA06608-1360,60,5,49.92,eu_mixo,Enders,United States of America,-101.51979,40.422802,7010000010,7020046750.000001,7030047060,9.93006993006993,29.790209790209786,19.86013986013986,14.895104895104893,15.185681404253561,18.263075720425327,18.28800011
112084,2012,summer,376,275.5,397,241,509.5,1289.5,0.2915858860023265,0.2136487010469174,0.3078712679333075,0.1868941450174486,9.58,184.7,184.7,19.3,2.56,290.3,1652,1411.9,0.00678518308662086,NLA12_UT-218,28,9,3.858823529,oligo,Deer Creek,United States of America,-111.525821,40.407034,7010000010,7020000010,7030073620.000001,19.27974947807933,57.839248434238,38.55949895615866,28.919624217119,18.612106156169173,25.9448098076,25.9448098076
112094,2007,summer,498.1684534134556,682.8295907935747,834.0110795269137,626.9084013752145,563,2641.9175251091583,0.18856321163654508,0.25845984377024095,0.31568399528007757,0.23729294931313646,2.46,4.15,0,1.7,4.25,16.3,292,252,0.00976190476190476,NLA06608-0783,819,25,50.933,eu_mixo,,United States of America,-84.36029,40.364624,7010000010,7020046750.000001,7030047060,1.6869918699186992,5.060975609756098,3.3739837398373984,2.530487804878049,16.509427257110872,8.195533586018799,8.195533586018799
112094,2012,summer,486,590,675.5,662.5,558.5,2414,0.20132560066280034,0.2444076222038111,0.27982601491300746,0.2744407622203811,2.46,4.15,0,1.7,4.25,16.3,292,252,0.00976190476190476,NLA12_OH-102,572,32,81.6,eu_mixo,,United States of America,-84.36029,40.364624,7010000010,7020046750.000001,7030047060,1.6869918699186992,5.060975609756098,3.3739837398373984,2.530487804878049,16.509427257110872,8.195533586018799,8.195533586018799
112096,2012,summer,346,394,511,378,547,1629,0.21240024554941683,0.24186617556783302,0.3136893799877225,0.23204419889502761,3.56,162.8,162.8,45.7,3.62,175.9,277,1058.5,0.00336324988190836,NLA12_OH-101,157,30,68.58,eu_mixo,Delaware Lake,United States of America,-83.06861999999998,40.361027,7010000010,7020046750.000001,7030047060,45.730337078651694,137.19101123595507,91.46067415730339,68.59550561797754,16.662489106538548,20.217119666144,20.217119666144
112096,2017,summer,337.58915406673754,332.84121110113256,436.2411211057914,455.1615078672213,549,1561.8329941408829,0.21614932923890184,0.2131093480223335,0.2793135519241316,0.291427770814633,3.56,162.8,162.8,45.7,3.62,175.9,277,1058.5,0.00336324988190836,NLA17_OH-10001,121.79045,25.5,50.605,eu_mixo,Delaware Lake,United States of America,-83.06861999999998,40.361027,7010000010,7020046750.000001,7030047060,45.730337078651694,137.19101123595507,91.46067415730339,68.59550561797754,16.662489106538548,20.217119666144,20.217119666144
112097,2007,summer,464.4092337073905,471.93633744285967,703.491257764227,368.48912678294363,553,2008.325955697421,0.23124196168948954,0.2349899109275679,0.35028739023587896,0.1834807371470635,4.96,201.6,201.6,40.6,3.08,3426.3,787,1820.6,0.00272437657914973,NLA06608-2640,48,17,25.12,eu_mixo,Hugh Butler Lake,United States of America,-100.666251,40.360837,7010000010,7020046750.000001,7030047060,40.645161290322584,121.93548387096774,81.29032258064517,60.96774193548387,17.235548036349485,17.675373873596,16.76399994
112097,2012,summer,852.75,1073,1192,782,565,3899.75,0.21866786332457208,0.2751458426822232,0.30566061927046606,0.20052567472273863,4.96,201.6,201.6,40.6,3.08,3426.3,787,1820.6,0.00272437657914973,NLA12_NE-103,310,12,32.26666667,eu_mixo,Hugh Butler Lake,United States of America,-100.666251,40.360837,7010000010,7020046750.000001,7030047060,40.645161290322584,121.93548387096774,81.29032258064517,60.96774193548387,17.235548036349485,17.675373873596,16.76399994
112103,2007,summer,380.03726820712353,309.7634258930683,491.63305395167447,243,528,1424.4337480518661,0.26679883759204903,0.21746425645749953,0.3451428012177182,0.17059410473273337,2.09,13.7,13.7,6.6,1.53,5115,1564,20.1,0.10398009950248754,NLA06608-0635,18,6,5.147,oligo,Home Supply Reservoir,United States of America,-105.126042,40.343023,7010000010,7020046750.000001,7030047060,6.555023923444977,19.665071770334926,13.110047846889954,9.832535885167463,13.862882400047877,8.349470276952799,8.349470276952799
112103,2012,summer,470.5,417,576.5,279.5,525.5,1743.5,0.2698594780613708,0.23917407513622024,0.3306567249784915,0.1603097218239174,2.09,13.7,13.7,6.6,1.53,5115,1564,20.1,0.10398009950248754,NLA12_CO-106,15,15,2.2,oligo,Home Supply Reservoir,United States of America,-105.126042,40.343023,7010000010,7020046750.000001,7030047060,6.555023923444977,19.665071770334926,13.110047846889954,9.832535885167463,13.862882400047877,8.349470276952799,8.349470276952799
112103,2017,summer,342.7177984207077,268.4859322258578,387,247,501,1245.2037306465654,0.27523030166537754,0.2156160679718233,0.31079251569464245,0.1983611146681568,2.09,13.7,13.7,6.6,1.53,5115,1564,20.1,0.10398009950248754,NLA17_CO-10024,20.24,12.5,4.265000000000001,oligo,Home Supply Reservoir,United States of America,-105.126042,40.343023,7010000010,7020046750.000001,7030047060,6.555023923444977,19.665071770334926,13.110047846889954,9.832535885167463,13.862882400047877,8.349470276952799,8.349470276952799
112105,2007,summer,302.45237800634777,284.99451153686783,344.2366010676135,316,522,1247.683490610829,0.2424111405515801,0.22841891688199137,0.2759005818848219,0.2532693606816066,1,10.66,0,10.7,1.55,266.4,2343,123.5,0.00809716599190283,NLA06608-2429,9,10,2.448,oligo,,United States of America,-111.05256,40.334751,7010000010,7020000010,7030008710,10.660000000000002,31.98,21.320000000000004,15.99,13.716548576654093,4.8862954388381326,4.8862954388381326
112105,2017,summer,260.5,194.5,279,234,502.5,968,0.26911157024793386,0.2009297520661157,0.2882231404958678,0.24173553719008264,1,10.66,0,10.7,1.55,266.4,2343,123.5,0.00809716599190283,NLA17_UT-HP002,15.45875,21,3.19,dys,,United States of America,-111.05256,40.334751,7010000010,7020000010,7030008710,10.660000000000002,31.98,21.320000000000004,15.99,13.716548576654093,4.8862954388381326,4.8862954388381326
112108,2007,summer,227,163,272,289,516,951,0.2386961093585699,0.17139852786540483,0.28601472134595163,0.3038906414300736,1.86,7.65,0,4.1,3.91,31.9,16,137.7,0.01350762527233115,NLA06608-1037,25,5,10.56,oligo,,United States of America,-74.115334,40.319016,7010000010,7020038339.999999,7030038340,4.112903225806452,12.338709677419354,8.225806451612904,6.169354838709677,15.18999622629946,16.752364045534666,16.752364045534666
112112,2007,summer,513,479,644,300,544,1936,0.2649793388429752,0.24741735537190082,0.33264462809917356,0.15495867768595042,1.33,18,18,13.5,1.92,3306.9,1795,60.4,0.02201986754966887,NLA06608-1439,12,5,3.332,oligo,,United States of America,-110.227662,40.295551,7010000010,7020000010,7030008710,13.533834586466167,40.6015037593985,27.067669172932334,20.30075187969925,13.862882400047877,6.842001329650931,6.842001329650931
112118,2017,summer,346.8179077645049,328.7127845568966,502.2304727296019,368.18068810992855,549,1545.941853160932,0.2243408489493824,0.21262946202328978,0.3248702218021391,0.23815946722518877,6.09,66.6,66.6,10.9,5.03,340,273,179.5,0.03392757660167131,NLA17_OH-10038,27.845,5,42.08,oligo,Clendening Lake,United States of America,-81.279319,40.270656,7010000010,7020046750.000001,7030047060,10.935960591133004,32.80788177339901,21.871921182266007,16.403940886699505,21.029852163399124,14.728967365371203,14.728967365371203
112129,2007,summer,340.65827646106794,361.52015211476817,478.64624909538594,447.618907886396,540,1628.443585557618,0.20919255630487096,0.2220034856110628,0.29392866497827497,0.27487529310579134,1.51,10.75,0,7.1,1.75,478.6,328,20.7,0.07294685990338165,NLA06608-1359,108,15,34.848,eu_mixo,,United States of America,-83.980621,40.1943,7010000010,7020046750.000001,7030047060,7.119205298013246,21.357615894039736,14.238410596026492,10.678807947019868,13.716548576654093,12.48025669021573,12.48025669021573
112133,2007,summer,376.5874365028176,306.283339097712,457.87390675044253,213.93261202222322,526.5,1354.6772943731953,0.2779905133621239,0.22609321081108713,0.33799481887846894,0.15792145694832002,4.72,19.6,19.6,4.1,1.35,10311.5,1465,25.9,0.18223938223938224,NLA06608-0927,18,6,2.715,oligo,,United States of America,-109.666085,40.189529,7010000010,7020000010,7030008710,4.152542372881356,12.45762711864407,8.305084745762713,6.228813559322035,14.589003179286493,7.488075141068265,7.488075141068265
112139,2012,summer,292,168,314,321,495,1095,0.26666666666666666,0.15342465753424658,0.2867579908675799,0.29315068493150687,3.42,65,65,19,2.42,170.6,500,241.4,0.01416735708367854,NLA12_PA-119,5,5,1.8,oligo,,United States of America,-78.944792,40.18045,7010000010,7020046750.000001,7030047060,19.005847953216378,57.01754385964912,38.011695906432756,28.50877192982456,15.133428849792946,25.378936867114668,25.378936867114668
112139,2017,summer,410,384,482,555,544,1831,0.2239213544511196,0.2097214636810486,0.2632441288913162,0.3031130529765156,3.42,65,65,19,2.42,170.6,500,241.4,0.01416735708367854,NLA17_PA-10007,6.79625,13,1.95,oligo,,United States of America,-78.944792,40.18045,7010000010,7020046750.000001,7030047060,19.005847953216378,57.01754385964912,38.011695906432756,28.50877192982456,15.133428849792946,25.378936867114668,25.378936867114668
112140,2007,summer,426,325,560,263.8309418459294,533,1574.8309418459294,0.27050522610424865,0.20637135794338218,0.35559372445628934,0.16752969149607982,2.74,22.6,22.6,8.2,1.24,5449.5,1511,35.7,0.07675070028011205,NLA06608-1595,18,4,5.003,oligo,,United States of America,-105.046128,40.174675,7010000010,7020046750.000001,7030047060,8.248175182481752,24.744525547445253,16.496350364963504,12.372262773722627,13.716548576654093,7.863988808530132,7.863988808530132
112141,2017,summer,451.53665497575065,385.19419676813544,623.5752511167102,402.05776819303446,542,1862.3638710536306,0.24245350867996285,0.2068307932489112,0.33482997646637286,0.21588572160475314,2.02,19.7,19.7,9.7,3.22,678.6,247,40.5,0.04987654320987654,NLA17_MO-HP004,13.7775,4,5.58,oligo,,United States of America,-92.65625,40.171947,7010000010,7020046750.000001,7030047060,9.752475247524753,29.257425742574256,19.504950495049506,14.628712871287128,14.98036700036527,17.454678274585333,17.454678274585333
112144,2007,summer,373,397,523.6332457045781,451.5139649125635,551,1745.1472106171418,0.21373555063477703,0.22748797212334176,0.3000510458481059,0.2587254313937752,2.79,40.7,40.7,14.6,3.55,15.5,257,2700.2,0.0010332567957929,NLA06608-1103,224,40,10.976,eu_mixo,,United States of America,-83.126311,40.156537,7010000010,7020046750.000001,7030047060,14.587813620071687,43.76344086021506,29.175627240143374,21.88172043010753,16.509427257110872,14.554594848475997,14.554594848475997
112145,2012,summer,431.5,315,517.5,326.5,510,1590.5,0.2712983338572776,0.19805092738132662,0.32536938069789373,0.20528135806350203,3.45,9.09,0,2.6,2.33,104.8,1,53.5,0.06448598130841122,NLA12_PA-108,26.5,7.5,17.285,oligo,,United States of America,-74.78541699999998,40.152565,7010000010,7020038339.999999,7030038340,2.6347826086956525,7.904347826086957,5.269565217391305,3.9521739130434783,14.61262247444262,14.788563046077863,14.788563046077863
112145,2017,summer,418,327.68017087489835,522,390.2305450572994,525,1657.9107159321977,0.25212455410481505,0.19764645208330944,0.31485410823615656,0.235374885575719,3.45,9.09,0,2.6,2.33,104.8,1,53.5,0.06448598130841122,NLA17_PA-10006,20.926875,2.5,11.2,oligo,,United States of America,-74.78541699999998,40.152565,7010000010,7020038339.999999,7030038340,2.6347826086956525,7.904347826086957,5.269565217391305,3.9521739130434783,14.61262247444262,14.788563046077863,14.788563046077863
112147,2007,summer,351.243603836887,331.47576815494284,469.65987660954363,349.6218082865703,513,1502.0010568879438,0.23385043720584506,0.22068943735748148,0.312689444828122,0.23277068060855144,4.59,45.2,45.2,9.8,2.22,466.7,301,90,0.051,NLA06608-0971,54,4,28.584,eu_mixo,,United States of America,-85.29205299999998,40.146243,7010000010,7020046750.000001,7030047060,9.847494553376906,29.542483660130717,19.694989106753813,14.771241830065359,15.706487779603883,13.508426467257063,13.508426467257063
112156,2007,summer,535.4400435854387,402.0825494441878,676.2731684835327,246.56022032484458,526,1860.3559818380036,0.28781590663977763,0.21613204858079707,0.36351815194820136,0.13253389283122405,2.92,21.8,21.8,7.5,1.67,3039.9,1581,43.2,0.06759259259259259,NLA06608-1851,23,9,6.05,oligo,,United States of America,-105.212051,40.081497,7010000010,7020046750.000001,7030047060,7.465753424657534,22.397260273972602,14.931506849315069,11.198630136986301,13.862882400047877,7.0048582581567995,7.0048582581567995
112156,2012,summer,656,618,879,312,543,2465,0.2661257606490872,0.25070993914807305,0.3565922920892495,0.12657200811359026,2.92,21.8,21.8,7.5,1.67,3039.9,1581,43.2,0.06759259259259259,NLA12_CO-111,26,9,3.513333333,oligo,,United States of America,-105.212051,40.081497,7010000010,7020046750.000001,7030047060,7.465753424657534,22.397260273972602,14.931506849315069,11.198630136986301,13.862882400047877,7.0048582581567995,7.0048582581567995
112156,2017,summer,541.388533836282,372.32313445998057,652.4195263042827,225.64241468514018,513.5,1791.7736092856856,0.3021523093266865,0.2077958579869988,0.3641193970729251,0.12593243561338954,2.92,21.8,21.8,7.5,1.67,3039.9,1581,43.2,0.06759259259259259,NLA17_CO-10002,19.81875,9,4.76,oligo,,United States of America,-105.212051,40.081497,7010000010,7020046750.000001,7030047060,7.465753424657534,22.397260273972602,14.931506849315069,11.198630136986301,13.862882400047877,7.0048582581567995,7.0048582581567995
112158,2007,summer,335.5,280,474.5,324.5,534.5,1414.5,0.23718628490632732,0.19794980558501238,0.33545422410745845,0.22940968540120185,4.6,60.8,60.8,13.2,4.14,96.1,247,575.9,0.00798749782948428,NLA06608-2507,34,10,38.016,eu_mixo,,United States of America,-86.041359,40.078656,7010000010,7020046750.000001,7030047060,13.217391304347826,39.65217391304348,26.434782608695652,19.82608695652174,18.983439524873894,15.469688640747998,15.469688640747998
112173,2007,summer,500.1343718715343,511.2271533978095,704.3145915491758,481.5,550.5,2197.1761168185194,0.22762598229755107,0.2326746360860955,0.32055445449180175,0.21914492712455172,3.62,36.7,36.7,10.1,1.55,10360.2,1549,69.9,0.05178826895565092,NLA06608-1083,530,20,318.24,eu_mixo,,United States of America,-104.58123,40.006213,7010000010,7020046750.000001,7030047060,10.138121546961328,30.414364640883978,20.276243093922655,15.207182320441989,14.015944249475554,16.962765801011997,16.962765801011997
112178,2007,summer,299.6278127100901,227.57603471559526,275.72127774248077,271.63546988444693,490.5,1074.560595052613,0.2788375212059769,0.21178520389020275,0.25658979029375334,0.25278748461006706,1.21,11.84,0,9.8,1.43,740.6,2943,56.4,0.02145390070921985,NLA06608-0079,5.666666666666667,4.666666666666667,1.6253333333333333,oligo,,United States of America,-107.231085,39.993427,7010000010,7020000010,7030008710,9.78512396694215,29.355371900826444,19.5702479338843,14.677685950413222,13.716548576654093,6.070782028309599,6.070782028309599
112178,2012,summer,337.5,236,299,236,488,1108.5,0.3044654939106901,0.2129003157419937,0.2697338746053225,0.2129003157419937,1.21,11.84,0,9.8,1.43,740.6,2943,56.4,0.02145390070921985,NLA12_CO-R01,36,10,1.372,eu_mixo,,United States of America,-107.231085,39.993427,7010000010,7020000010,7030008710,9.78512396694215,29.355371900826444,19.5702479338843,14.677685950413222,13.716548576654093,6.070782028309599,6.070782028309599
112178,2017,summer,331,268,325,282,505,1206,0.2744610281923715,0.2222222222222222,0.269485903814262,0.23383084577114427,1.21,11.84,0,9.8,1.43,740.6,2943,56.4,0.02145390070921985,NLA17_CO-HP002,36.09625,10,1.14,eu_mixo,,United States of America,-107.231085,39.993427,7010000010,7020000010,7030008710,9.78512396694215,29.355371900826444,19.5702479338843,14.677685950413222,13.716548576654093,6.070782028309599,6.070782028309599
112206,2012,summer,408.5,360,472,380,533,1620.5,0.25208269052761495,0.22215365627892625,0.2912681271212589,0.23449552607219995,4.89,135.7,135.7,27.8,2.32,302.8,239,404.5,0.01208899876390605,NLA12_IN-163,76,18,35.6,eu_mixo,Eagle Creek Reservoir,United States of America,-86.302474,39.823628,7010000010,7020046750.000001,7030047060,27.75051124744376,83.25153374233128,55.50102249488752,41.62576687116564,15.706487779603883,15.880555737161334,15.880555737161334
112206,2017,summer,355,351.25,460,334.5,543.5,1500.75,0.23654839247043144,0.23404964184574378,0.3065134099616858,0.22288855572213892,4.89,135.7,135.7,27.8,2.32,302.8,239,404.5,0.01208899876390605,NLA17_IN-10012,52.13,30,34,eu_mixo,Eagle Creek Reservoir,United States of America,-86.302474,39.823628,7010000010,7020046750.000001,7030047060,27.75051124744376,83.25153374233128,55.50102249488752,41.62576687116564,15.706487779603883,15.880555737161334,15.880555737161334
112229,2007,summer,333.25,295.1859573974914,441.8335565542881,394.10276428689053,537,1464.37227823867,0.22757191251997014,0.20157849324526794,0.30172215297992416,0.2691274412548377,1.39,3.87,0,2.8,2.38,102.8,254,33.7,0.04124629080118693,NLA06608-1684,35,8,23.8945,eu_mixo,,United States of America,-86.72654,39.718047,7010000010,7020046750.000001,7030047060,2.784172661870504,8.352517985611511,5.568345323741008,4.176258992805756,13.862882400047877,12.60520940762413,12.60520940762413
112229,2012,summer,345,298,422,382,522,1447,0.23842432619212164,0.20594333102971665,0.29163787145818937,0.26399447131997233,1.39,3.87,0,2.8,2.38,102.8,254,33.7,0.04124629080118693,NLA12_IN-112,59,22,33.12,eu_mixo,,United States of America,-86.72654,39.718047,7010000010,7020046750.000001,7030047060,2.784172661870504,8.352517985611511,5.568345323741008,4.176258992805756,13.862882400047877,12.60520940762413,12.60520940762413
112252,2007,summer,712.7115103043226,928.9700439667524,1068.2096805732906,491.5449062272669,565.5,3201.4361410716324,0.22262243533795842,0.2901729108536251,0.33366577795168,0.15353887585673648,6.76,48.4,48.4,7.2,1.61,398.4,1119,4545.6,0.00148715241112284,NLA06608-0880,134,5,41.6,eu_mixo,Bonny,United States of America,-102.174556,39.621971,7010000010,7020046750.000001,7030047060,7.159763313609468,21.479289940828405,14.319526627218936,10.739644970414203,15.92053759901427,16.847469553779995,16.847469553779995
112270,2007,summer,344.6893303972159,207,344,179.52261599760723,493,1075.2119463948231,0.32057803259437023,0.19252018236410906,0.3199369214166836,0.16696486362483703,1.38,7.52,0,5.4,1.06,12442.1,1218,5.3,0.26037735849056604,NLA06608-0073,4772,2.5,1.3370000000000002,eu_mixo,,United States of America,-118.883499,39.52068,7010000010,7020000010,7030073620.000001,5.449275362318841,16.347826086956523,10.898550724637682,8.173913043478262,13.427846663276032,13.272407881235468,13.272407881235468
112301,2012,summer,339,271,490,315,542,1415,0.23957597173144876,0.19151943462897528,0.3462897526501767,0.2226148409893993,2.36,49.7,49.7,21,3.99,737.5,190,65.3,0.03614088820826952,NLA12_IL-105,28,20,12.37333333,oligo,Mill Creek Impoundment 1,United States of America,-87.79800299999998,39.410531,7010000010,7020046750.000001,7030047060,21.059322033898304,63.17796610169492,42.11864406779661,31.58898305084746,16.509427257110872,21.445171860045335,21.445171860045335
112309,2007,summer,407.39914650594443,225.33530999525337,460.67717973569995,162.34125745572697,501,1255.7528936926246,0.3244262056270961,0.17944239756648298,0.3668533690422549,0.12927802776416605,2.04,50.7,50.7,24.8,1.61,88.3,1698,439,0.00464692482915717,NLA06608-0713,7,7,1.652,oligo,Boca,United States of America,-120.095694,39.391436,7010000010,7020000010,7030073620.000001,24.852941176470587,74.55882352941177,49.705882352941174,37.279411764705884,13.862882400047877,21.773499866529342,21.773499866529342
112309,2012,summer,404,186,440,137,497,1167,0.3461868037703513,0.15938303341902313,0.37703513281919454,0.11739502999143102,2.04,50.7,50.7,24.8,1.61,88.3,1698,439,0.00464692482915717,NLA12_CA-R02,40,6,1.508,eu_mixo,Boca,United States of America,-120.095694,39.391436,7010000010,7020000010,7030073620.000001,24.852941176470587,74.55882352941177,49.705882352941174,37.279411764705884,13.862882400047877,21.773499866529342,21.773499866529342
112333,2007,summer,531.0213074504293,295.575363442962,607.3827914616859,190.97502899067894,502,1624.9544913457562,0.3267914949486663,0.1818976254517578,0.3737844934713606,0.11752638612821524,3.89,67.7,67.7,17.4,1.69,2674.3,2129,369.7,0.0105220449012713,NLA06608-1321,10,7,1.57,oligo,Joes Valley,United States of America,-111.272992,39.289893,7010000010,7020000010,7030008710,17.403598971722367,52.2107969151671,34.807197943444734,26.10539845758355,14.711520707975346,47.24160700218134,47.24160700218134
112338,2012,summer,357.75,358,527,377,549,1619.75,0.22086741781139066,0.2210217626176879,0.3253588516746411,0.2327519678962803,5.19,56.4,56.4,10.9,2.39,308.2,189,182.9,0.02837616183706944,NLA12_IN-127,53,18,32.48,eu_mixo,,United States of America,-86.416189,39.271623,7010000010,7020046750.000001,7030047060,10.867052023121387,32.60115606936416,21.734104046242773,16.30057803468208,17.235548036349485,14.21896498970587,14.21896498970587
112341,2007,summer,262.5,188,241.5,167,490.5,859,0.30558789289871946,0.21885913853317812,0.2811408614668219,0.19441210710128057,6.42,167.2,167.2,26,1.84,7559.3,3011,75.6,0.08492063492063492,NLA06608-1748,4,21,1.035,dys,,United States of America,-106.371408,39.253663,7010000010,7020046750.000001,7030047060,26.043613707165104,78.13084112149531,52.08722741433021,39.065420560747654,16.441343974364596,34.161460853166666,34.161460853166666
112361,2007,summer,386.11065029591265,257.1871015207183,427.77207143426205,220.65430451672555,503,1291.7241277676185,0.2989110770603908,0.19910373739413986,0.3311636457341287,0.17082153981134068,1.53,15.7,15.7,10.2,1.43,2712.1,2397,6,0.255,NLA06608-0905,12,4,1.294,oligo,,United States of America,-119.90502,39.173654,7010000010,7020000010,7030073620.000001,10.261437908496731,30.784313725490193,20.522875816993462,15.392156862745097,13.716548576654093,12.3684865605344,12.3684865605344
112363,2012,summer,325.5,265,422,332,519,1344.5,0.24209743399033098,0.19709929341762736,0.3138713276310896,0.24693194496095203,1.38,18.1,18.1,13.1,2.44,1351.6,255,20.1,0.068656716417910435,NLA12_KS-125,16,7,3.066666667,oligo,Wyandotte County Lake,United States of America,-94.773958,39.168874,7010000010,7020046750.000001,7030047060,13.11594202898551,39.34782608695653,26.23188405797102,19.673913043478265,13.862882400047877,20.104731902007195,20.104731902007195
112363,2017,summer,304,197.00626591598285,351,341.4609346471888,508,1193.4672005631717,0.25472002905194957,0.1650705321629449,0.2941010861751128,0.28610835260999273,1.38,18.1,18.1,13.1,2.44,1351.6,255,20.1,0.068656716417910435,NLA17_KS-10007,14.0125,0,4.83,oligo,Wyandotte County Lake,United States of America,-94.773958,39.168874,7010000010,7020046750.000001,7030047060,13.11594202898551,39.34782608695653,26.23188405797102,19.673913043478265,13.862882400047877,20.104731902007195,20.104731902007195
112372,2007,summer,365.88167735761317,234,351,255,493,1205.8816773576132,0.3034142438911179,0.19404888920176003,0.29107333380264,0.21146353310448207,4.76,137.3,137.3,28.8,1.63,592.7,1595,124.2,0.03832528180354267,NLA06608-0201,3,0,0.797,oligo,French Meadows Reservoir,United States of America,-120.46816,39.110417,7010000010,7020000010,7030008720,28.844537815126053,86.53361344537817,57.689075630252105,43.26680672268908,15.007442775893317,27.83132630218533,27.83132630218533
112372,2012,summer,298,204,297,233,490,1032,0.28875968992248063,0.19767441860465115,0.2877906976744186,0.22577519379844962,4.76,137.3,137.3,28.8,1.63,592.7,1595,124.2,0.03832528180354267,NLA12_CA-103,4.1,5,0.2,oligo,French Meadows Reservoir,United States of America,-120.46816,39.110417,7010000010,7020000010,7030008720,28.844537815126053,86.53361344537817,57.689075630252105,43.26680672268908,15.007442775893317,27.83132630218533,27.83132630218533
112372,2017,summer,248.34354220902648,164.02654288830223,232.53495220848038,200.40681937185255,489.5,845.3118566776616,0.2937892568845465,0.19404263833820756,0.27508776834435406,0.23708033643289195,4.76,137.3,137.3,28.8,1.63,592.7,1595,124.2,0.03832528180354267,NLA17_CA-10002,16.27375,8,0.77,oligo,French Meadows Reservoir,United States of America,-120.46816,39.110417,7010000010,7020000010,7030008720,28.844537815126053,86.53361344537817,57.689075630252105,43.26680672268908,15.007442775893317,27.83132630218533,27.83132630218533
112375,2012,summer,459.5,291.5,508,213.5,502,1472.5,0.31205432937181665,0.19796264855687606,0.3449915110356537,0.14499151103565366,1.19,24.7,24.7,20.8,1.59,3363.3,1888,368.6,0.00322843190450352,NLA12_UT-374,25,9,1.676,oligo,,United States of America,-111.190106,39.101848,7010000010,7020000010,7030008710,20.756302521008404,62.268907563025216,41.51260504201681,31.134453781512608,13.716548576654093,8.102981028541867,8.102981028541867
112377,2007,summer,343,213.5,365,179,499,1100.5,0.311676510676965,0.1940027260336211,0.33166742389822806,0.16265333939118581,2.72,13.17,0,4.8,1.27,187.7,2805,250.3,0.01086695964842189,NLA06608-0596,1,7,0.986,oligo,,United States of America,-106.356331,39.078272,7010000010,7020046750.000001,7030047060,4.841911764705882,14.525735294117645,9.683823529411764,7.2628676470588225,13.716548576654093,4.1310813086724,4.1310813086724
112390,2007,summer,340.080902560243,363.43109261785935,477.32688681612296,483.5040632044869,555,1664.3429451987122,0.2043334299227852,0.2183631045910841,0.2867959924924806,0.2905074729936501,2.46,7.75,0,3.2,3.84,164.6,160,64,0.0384375,NLA06608-0112,96,16,84.764,eu_mixo,,United States of America,-89.119647,39.013704,7010000010,7020046750.000001,7030047060,3.1504065040650406,9.451219512195122,6.300813008130081,4.725609756097561,16.509427257110872,16.662480917197332,16.662480917197332
112391,2017,summer,342.9723696223598,262.1310091515688,419.98984187282724,354.72364910297927,525,1379.8168697497354,0.24856368779182014,0.18997521692796296,0.3043808574024776,0.25708023787773904,1.28,4.12,0,3.2,2.29,236.2,295,26,0.04923076923076923,NLA17_KS-10034,17.9125,4,8.32,oligo,,United States of America,-95.630257,39.013173,7010000010,7020046750.000001,7030047060,3.2187500000000004,9.65625,6.437500000000001,4.828125,13.862882400047877,7.973448588505332,7.973448588505332
112393,2012,summer,350,249,476,338,520,1413,0.24769992922859166,0.1762208067940552,0.33687190375088466,0.23920736022646852,5.45,178.9,178.9,32.8,7.4,350.6,329,261.8,0.0208174178762414,NLA12_WV-106,14,8,0.892,oligo,Stonewall Jackson Lake,United States of America,-80.476042,39.001492,7010000010,7020046750.000001,7030047060,32.825688073394495,98.47706422018346,65.65137614678899,49.23853211009173,21.029852163399124,20.488266058123994,20.488266058123994
112405,2007,summer,358.5874365028176,402.4491145610766,525.8694684157829,519.214557070045,556.5,1806.120576549722,0.1985401424238443,0.22282516449144574,0.2911596685423764,0.28747502454233353,2.5,27.6,27.6,11,2.84,423.1,162,92,0.02717391304347826,NLA06608-1840,216,14,72,eu_mixo,Greenville New City Lake,United States of America,-89.39895799999998,38.927287,7010000010,7020046750.000001,7030047060,11.040000000000001,33.120000000000005,22.080000000000002,16.560000000000002,14.98036700036527,10.266862013873334,10.266862013873334
112416,2007,summer,420.6024188219911,309.7634258930683,554.6777430098546,499.314879823277,524,1784.3584675481911,0.2357163240858898,0.1735993252066109,0.31085555570681545,0.27982879500068375,2.74,81.3,81.3,29.7,4.66,97.6,241,421.1,0.00650676798860128,NLA06608-0681,9,4,3.435,oligo,Burnsville Lake,United States of America,-80.617632,38.840775,7010000010,7020046750.000001,7030047060,29.67153284671532,89.01459854014595,59.34306569343064,44.50729927007298,17.30419103159753,20.067442055685333,20.067442055685333
112416,2012,summer,422,363,666,337,534,1788,0.2360178970917226,0.20302013422818793,0.3724832214765101,0.1884787472035794,2.74,81.3,81.3,29.7,4.66,97.6,241,421.1,0.00650676798860128,NLA12_WV-102,16,14,2.232,oligo,Burnsville Lake,United States of America,-80.617632,38.840775,7010000010,7020046750.000001,7030047060,29.67153284671532,89.01459854014595,59.34306569343064,44.50729927007298,17.30419103159753,20.067442055685333,20.067442055685333
112416,2017,summer,427.7901210761685,251.48890620287438,439.1635716602973,363.32190714607066,507,1481.7645060854106,0.28870317740726753,0.16972258761094813,0.29637879019014873,0.24519544479163571,2.74,81.3,81.3,29.7,4.66,97.6,241,421.1,0.00650676798860128,NLA17_WV-10002,3.67625,3,2.5,oligo,Burnsville Lake,United States of America,-80.617632,38.840775,7010000010,7020046750.000001,7030047060,29.67153284671532,89.01459854014595,59.34306569343064,44.50729927007298,17.30419103159753,20.067442055685333,20.067442055685333
112421,2007,summer,469.82439733942977,465.9483379818897,619.6118806732367,439.36839080832107,545,1994.753006802877,0.23553011111508412,0.23358698364801367,0.3106208530881373,0.220262052148765,1.8,9.9,0,5.5,2.39,112,151,144.2,0.01248266296809986,NLA06608-1936,89,12,31.4,eu_mixo,,United States of America,-90.769792,38.800711,7010000010,7020046750.000001,7030047060,5.500000000000001,16.5,11.000000000000002,8.25,14.137215109847583,15.270233293668003,15.270233293668003
112427,2007,summer,305.4627703883858,312.862929519039,483.64026648159415,439.8319901254186,555,1541.7979565144376,0.19812114103390654,0.20292083550709347,0.31368589148669385,0.28527213197230616,2.05,34.5,34.5,16.8,2.56,161,88,186.3,0.01100375738056897,NLA06608-0493,15,21,9.472,dys,,United States of America,-77.623896,38.764549,7010000010,7020038339.999999,7030038340,16.829268292682933,50.48780487804879,33.658536585365866,25.243902439024396,14.2813219966547,11.531554306596004,11.531554306596004
112428,2012,summer,369,309,418,407,540,1503,0.24550898203592814,0.2055888223552894,0.27811044577511645,0.270791749833666,2.57,28,28,10.9,3.65,570.6,144,47.2,0.05444915254237287,NLA12_IL-111,89,18,59.36,eu_mixo,East Fork Lake,United States of America,-88.080251,38.763116,7010000010,7020046750.000001,7030047060,10.894941634241246,32.68482490272374,21.78988326848249,16.34241245136187,16.509427257110872,14.215923897408,14.215923897408
112436,2007,summer,290.20494947583364,250.7203497352951,366.6526813808758,412.36063333838183,544.5,1319.9386139303863,0.21986245906670557,0.18994849236868988,0.27778010091627875,0.31240894764832583,1.55,19.4,19.4,12.5,2.9,391.2,159,55.2,0.02807971014492753,NLA06608-0900,48,16,15.648,eu_mixo,Stephen A. Forbes State Park Lake,United States of America,-88.749369,38.71233,7010000010,7020046750.000001,7030047060,12.516129032258066,37.54838709677419,25.03225806451613,18.774193548387096,14.2813219966547,16.764129413320003,16.764129413320003
112437,2012,summer,382.5,323,384,321,509,1410.5,0.2711804324707551,0.22899680964197094,0.27224388514711095,0.22757887274016306,2.37,26.6,26.6,11.2,1.62,699.7,2382,33,0.07181818181818182,NLA12_CA-135,5.6,5,3.8,oligo,Twin Lake,United States of America,-120.047917,38.706229,7010000010,7020000010,7030008720,11.223628691983123,33.67088607594937,22.447257383966246,16.835443037974684,13.862882400047877,12.053617713848798,12.053617713848798
112439,2007,summer,313,252,391.9319490348551,176,503,1132.931949034855,0.2762743166230282,0.2224317181757288,0.3459448286975595,0.1553491365036836,6.83,124.97,0,18.3,1.44,6371.6,1520,34.5,0.1979710144927536,NLA06608-2185,15,6,4.2,oligo,,United States of America,-119.51641900000001,38.692175,7010000010,7020000010,7030073620.000001,18.29721815519766,54.89165446559297,36.59443631039532,27.445827232796486,15.742298970654026,24.812052753276003,24.812052753276003
112442,2007,summer,365.382681248198,384.35943375529564,528.6494755855192,414.0851201658619,551,1692.4767107548746,0.21588638645741298,0.22709880219495873,0.3123525849580123,0.24466222638961607,9.61,23.96,0,2.5,2.94,141.6,122,254,0.03783464566929134,NLA06608-0672,213,5,63.36,eu_mixo,,United States of America,-90.139069,38.66838,7010000010,7020046750.000001,7030047060,2.4932362122788767,7.479708636836629,4.986472424557753,3.7398543184183146,19.718295719634607,11.576350231472,11.576350231472
112450,2007,summer,317,344.9352368064609,399,387,560,1447.935236806461,0.21893244389795313,0.23822559741500846,0.27556481108922176,0.26727714759781657,1.6,6.08,0,3.8,1.38,577,2133,181.4,0.00882028665931642,NLA06608-0425,234,15,16.16,eu_mixo,,United States of America,-111.845374,38.591273,7010000010,7020000010,7030073620.000001,3.8,11.399999999999999,7.6,5.699999999999999,13.716548576654093,3.9110723808632,3.9110723808632
112450,2012,summer,321,307,437,341,554,1406,0.2283072546230441,0.21834992887624466,0.3108108108108108,0.24253200568990044,1.6,6.08,0,3.8,1.38,577,2133,181.4,0.00882028665931642,NLA12_UT-108,80,24,6,eu_mixo,,United States of America,-111.845374,38.591273,7010000010,7020000010,7030073620.000001,3.8,11.399999999999999,7.6,5.699999999999999,13.716548576654093,3.9110723808632,3.9110723808632
112450,2017,summer,368.30255895349757,343.66289123089706,447.43844771811257,440.1355693424885,552,1599.5394672449956,0.23025537443465033,0.21485114826382679,0.2797295452101402,0.27516393209138273,1.6,6.08,0,3.8,1.38,577,2133,181.4,0.00882028665931642,NLA17_UT-10005,73.70625,17,39.2,eu_mixo,,United States of America,-111.845374,38.591273,7010000010,7020000010,7030073620.000001,3.8,11.399999999999999,7.6,5.699999999999999,13.716548576654093,3.9110723808632,3.9110723808632
112455,2007,summer,468.5,434.5,596.420701578521,378,543.5,1877.420701578521,0.24954449453235963,0.23143454188753523,0.31768090182293984,0.2013400617571653,1.24,4.62,0,3.7,1.82,189.8,386,41.5,0.02987951807228915,NLA06608-R730,37,7,16.32,eu_mixo,,United States of America,-96.414633,38.522947,7010000010,7020046750.000001,7030047060,3.725806451612903,11.17741935483871,7.451612903225806,5.588709677419355,13.716548576654093,13.740748058815996,13.740748058815996
112472,2007,summer,355,513.847189085199,538.649331307635,369.94150775807407,566,1777.4380281509082,0.19972566940593203,0.2890942924292899,0.3030481641421833,0.20813187402259475,1.33,1.49,0,1.1,3.15,2.2,1574,3295.8,4.035439043631288e-4,NLA06608-1261,32,40,16.056,eu_mixo,,United States of America,-115.115625,38.369292,7010000010,7020000010,7030008710,1.1203007518796992,3.3609022556390973,2.2406015037593985,1.6804511278195486,14.2813219966547,9.882429555736529,9.882429555736529
112476,2007,summer,302.2245686111032,211.87765269324183,301.86208447970716,248.45455842125625,502.5,1064.4188642053084,0.2839338711238861,0.19905477046522374,0.2835933246119951,0.23341803379889514,1.21,13.2,13.2,10.9,1.63,312.4,117,54,0.0224074074074074,NLA06608-0245,11,5,2.656,oligo,,United States of America,-122.124379,38.358061,7010000010,7020000010,7030008720,10.90909090909091,32.72727272727272,21.81818181818182,16.36363636363636,13.716548576654093,17.77323134411733,17.77323134411733
112488,2007,summer,441.0284363026601,576.4762304719238,605.4160414968212,537.1848793667226,567,2160.105587638128,0.20416985115291664,0.2668740980862173,0.28027150383828536,0.24868454692258063,5.67,37,37,6.5,2.57,115.9,230,364.7,0.01554702495201535,NLA06608-1576,255,13,68.4,eu_mixo,,United States of America,-93.918942,38.306313,7010000010,7020046750.000001,7030047060,6.525573192239858,19.576719576719576,13.051146384479717,9.788359788359788,17.235548036349485,11.020643494501334,11.020643494501334
112506,2007,summer,486.74563658590563,231.96630560380936,467.73455669103464,510.9962278934447,492,1697.4427267741944,0.28675231800657736,0.13665633717411846,0.27555248216233685,0.3010388626569673,4.82,509.9,509.9,105.9,6.07,147,483,2061.4,0.00233821674590084,NLA06608-0041,1,4,1.0506666666666666,oligo,Summersville Lake,United States of America,-80.890208,38.224185,7010000010,7020046750.000001,7030047060,105.7883817427386,317.36514522821574,211.5767634854772,158.68257261410787,21.029852163399124,20.791870217485332,20.791870217485332
112532,2007,summer,405,292.21379883591976,390.93722957094536,291.727336332249,491,1379.8783647391142,0.29350413076196835,0.21176779512096125,0.28331281913015405,0.21141525498691638,1.17,17.44,0,14.9,1.47,265.3,2168,80.9,0.01446229913473423,NLA06608-0137,3,9,1.326,oligo,,United States of America,-119.353091,38.152401,7010000010,7020000010,7030073620.000001,14.905982905982906,44.71794871794873,29.811965811965813,22.358974358974365,13.716548576654093,5.808081852814932,5.808081852814932
112542,2007,summer,396.7940951333579,296.9325146477124,463.37390675044253,419.3634681498047,513.5,1576.4639846813175,0.25169880123431426,0.18835350349455487,0.29393244073642044,0.26601525453471053,1.06,10.9,10.9,10.3,1.84,375.5,270,37.5,0.02826666666666667,NLA06608-1056,22,15,8.752,oligo,,United States of America,-91.456867,38.10863,7010000010,7020046750.000001,7030047060,10.283018867924527,30.849056603773583,20.566037735849054,15.424528301886792,13.716548576654093,16.801064486552,16.801064486552
112542,2012,summer,282,253.25,320,337,528.5,1192.25,0.23652757391486684,0.21241350387921995,0.26840008387502623,0.28265883833088695,1.06,10.9,10.9,10.3,1.84,375.5,270,37.5,0.02826666666666667,NLA12_MO-105,42,21,20,eu_mixo,,United States of America,-91.456867,38.10863,7010000010,7020046750.000001,7030047060,10.283018867924527,30.849056603773583,20.566037735849054,15.424528301886792,13.716548576654093,16.801064486552,16.801064486552
112542,2017,summer,298.4840894280874,241,363,324,545,1226.4840894280874,0.24336564330587546,0.19649663789146984,0.29596796495686123,0.2641697538457935,1.06,10.9,10.9,10.3,1.84,375.5,270,37.5,0.02826666666666667,NLA17_MO-10003,42.39875,15,31.2,eu_mixo,,United States of America,-91.456867,38.10863,7010000010,7020046750.000001,7030047060,10.283018867924527,30.849056603773583,20.566037735849054,15.424528301886792,13.716548576654093,16.801064486552,16.801064486552
112545,2007,summer,319.52455709191133,334,458.6815240320308,191.94479270928204,554,1304.150873833224,0.24500582218125508,0.2561053377346525,0.3517089419906238,0.14717989809346868,3.17,27.6,27.6,8.7,3.79,200.4,49,85.8,0.03694638694638694,NLA06608-1781,58,7,14.56,eu_mixo,Nicasio,United States of America,-122.75335,38.078079,7010000010,7020000010,7030008720,8.706624605678234,26.119873817034705,17.41324921135647,13.059936908517352,16.662489106538548,11.044502147509332,11.044502147509332
112545,2012,summer,389.5,406.5,515,286,553,1597,0.24389480275516592,0.254539762053851,0.3224796493425172,0.17908578584846588,3.17,27.6,27.6,8.7,3.79,200.4,49,85.8,0.03694638694638694,NLA12_CA-101,30.65,22.5,14,eu_mixo,Nicasio,United States of America,-122.75335,38.078079,7010000010,7020000010,7030008720,8.706624605678234,26.119873817034705,17.41324921135647,13.059936908517352,16.662489106538548,11.044502147509332,11.044502147509332
112545,2017,summer,507,565.7528462666613,659,417.2171132725763,559,2148.9699595392376,0.23592698341334947,0.26326698693729755,0.30665854451557656,0.19414748513377644,3.17,27.6,27.6,8.7,3.79,200.4,49,85.8,0.03694638694638694,NLA17_CA-10001,42.401875,21.5,14.2,eu_mixo,Nicasio,United States of America,-122.75335,38.078079,7010000010,7020000010,7030008720,8.706624605678234,26.119873817034705,17.41324921135647,13.059936908517352,16.662489106538548,11.044502147509332,11.044502147509332
112549,2007,summer,361.9206215034334,371.5,547.5,287.3979195696494,553.5,1568.3185410730825,0.2307698417285804,0.2368778983801406,0.3490999982856715,0.18325226160560762,2.17,2.95,0,1.4,1.2,8529.1,1270,17.9,0.12122905027932962,NLA06608-0228,48.666666666666664,9,6.935,eu_mixo,,United States of America,-103.603985,38.058189,7010000010,7020046750.000001,7030047060,1.359447004608295,4.078341013824885,2.71889400921659,2.0391705069124426,13.716548576654093,4.883091940160932,4.883091940160932
112582,2007,summer,339.31450463527887,271.38966245521465,364.5419953995612,238.83253194800358,503.5,1214.0786944380582,0.27948312262602726,0.22353547895907075,0.3002622458244283,0.1967191525904738,3.17,84.4,84.4,26.6,3.64,22.4,159,2564.5,0.0012361084031975,NLA06608-0393,8,1,1.239,oligo,,United States of America,-120.602083,37.877114,7010000010,7020000010,7030008720,26.62460567823344,79.87381703470031,53.24921135646688,39.936908517350155,16.662489106538548,16.586200029333334,16.586200029333334
112595,2007,summer,311,153,278,144,490,886,0.3510158013544018,0.172686230248307,0.31376975169300225,0.16252821670428894,1.17,15.18,0,13,1.19,2019.5,2324,10.2,0.11470588235294116,NLA06608-0181,6,6,1.381,oligo,,United States of America,-119.078293,37.782771,7010000010,7020000010,7030073620.000001,12.974358974358976,38.92307692307693,25.948717948717952,19.461538461538463,13.555005684857694,13.794922256326666,13.794922256326666
112595,2012,summer,261,102,224,117,488.5,704,0.37073863636363635,0.14488636363636365,0.3181818181818182,0.16619318181818182,1.17,15.18,0,13,1.19,2019.5,2324,10.2,0.11470588235294116,NLA12_CA-104,4.9,5,2.2,oligo,,United States of America,-119.078293,37.782771,7010000010,7020000010,7030073620.000001,12.974358974358976,38.92307692307693,25.948717948717952,19.461538461538463,13.555005684857694,13.794922256326666,13.794922256326666
112595,2017,summer,403.59670083927386,240.87200190463204,357.751925362244,252.89326088637222,489,1255.113888992522,0.32156181552834245,0.19191246628461708,0.2850354286569252,0.20149028953011525,1.17,15.18,0,13,1.19,2019.5,2324,10.2,0.11470588235294116,NLA17_CA-10004,5.55715,2,1.08,oligo,,United States of America,-119.078293,37.782771,7010000010,7020000010,7030073620.000001,12.974358974358976,38.92307692307693,25.948717948717952,19.461538461538463,13.555005684857694,13.794922256326666,13.794922256326666
112601,2012,summer,313.75,277.5,491,169.5,541.5,1251.75,0.2506490912722189,0.22168963451168364,0.39225084881166367,0.1354104254044338,1.41,51.8,51.8,36.7,3.41,1400.8,142,76.1,0.01852825229960578,NLA12_CA-188,25.6,20,13,oligo,,United States of America,-122.098998,37.763463,7010000010,7020000010,7030008720,36.73758865248227,110.2127659574468,73.47517730496455,55.1063829787234,14.459560625014944,20.773082635039998,20.773082635039998
112601,2017,summer,327.99403179497847,301.78773248985266,429.1722188884043,291.1368153717309,547,1350.0907985449662,0.2429422022196341,0.2235314341932398,0.3178839670272075,0.21564239655991868,1.41,51.8,51.8,36.7,3.41,1400.8,142,76.1,0.01852825229960578,NLA17_CA-10011,28.83375,16,17.6,oligo,,United States of America,-122.098998,37.763463,7010000010,7020000010,7030008720,36.73758865248227,110.2127659574468,73.47517730496455,55.1063829787234,14.459560625014944,20.773082635039998,20.773082635039998
112606,2007,summer,424.6687609844858,251.01596210510766,419.80251746224747,503.2240538029404,495,1598.7112943547813,0.26563192646729655,0.15701143977119045,0.2625880726211259,0.3147685611403871,1.75,18,18,10.3,2.75,715.9,334,33.8,0.05177514792899409,NLA06608-R767,10,13,0.79,oligo,Council Bluff Lake,United States of America,-90.907785,37.729603,7010000010,7020046750.000001,7030047060,10.285714285714286,30.85714285714286,20.571428571428573,15.42857142857143,14.2813219966547,11.315934626115999,11.315934626115999
112606,2012,summer,308,236,317.5,368,504.5,1229.5,0.2505083367222448,0.19194794631964213,0.258235054900366,0.29930866205774703,1.75,18,18,10.3,2.75,715.9,334,33.8,0.05177514792899409,NLA12_MO-R01,8,15,1.184,oligo,Council Bluff Lake,United States of America,-90.907785,37.729603,7010000010,7020046750.000001,7030047060,10.285714285714286,30.85714285714286,20.571428571428573,15.42857142857143,14.2813219966547,11.315934626115999,11.315934626115999
112606,2017,summer,334,301,383,465,506,1483,0.22521915037086987,0.20296695886716115,0.25826028320971006,0.3135536075522589,1.75,18,18,10.3,2.75,715.9,334,33.8,0.05177514792899409,NLA17_MO-HP001,7.30625,10,2.04,oligo,Council Bluff Lake,United States of America,-90.907785,37.729603,7010000010,7020046750.000001,7030047060,10.285714285714286,30.85714285714286,20.571428571428573,15.42857142857143,14.2813219966547,11.315934626115999,11.315934626115999
112639,2012,summer,319,299.5,418.5,258,540.5,1295,0.24633204633204633,0.23127413127413127,0.32316602316602316,0.19922779922779923,1.1,12.89,0,11.8,1.71,9321.4,2758,12.4,0.08870967741935484,NLA12_UT-101,16.5,6.5,3.3043333335,oligo,,United States of America,-112.760868,37.522496,7010000010,7020000010,7030073620.000001,11.718181818181817,35.15454545454545,23.436363636363634,17.577272727272724,13.716548576654093,8.81631763322213,8.81631763322213
112639,2017,summer,484.88030481443957,437.05527971019194,532.9857498110248,479.9246809188342,518.5,1934.8460152544906,0.25060407959682685,0.22588633734385627,0.2754667532242462,0.2480428298350707,1.1,12.89,0,11.8,1.71,9321.4,2758,12.4,0.08870967741935484,NLA17_UT-10001,7.575625,5,1.365,oligo,,United States of America,-112.760868,37.522496,7010000010,7020000010,7030073620.000001,11.718181818181817,35.15454545454545,23.436363636363634,17.577272727272724,13.716548576654093,8.81631763322213,8.81631763322213
112655,2007,summer,373,399,485,468,553,1725,0.216231884057971,0.23130434782608697,0.2811594202898551,0.271304347826087,3.49,35.9,35.9,10.3,4.75,375.3,9,86.2,0.04048723897911833,NLA06608-R326,31,18,27.52,eu_mixo,,United States of America,-76.90208099999998,37.431178,7010000010,7020038339.999999,7030038340,10.286532951289397,30.859598853868192,20.573065902578794,15.429799426934096,18.410380595062957,49.32779089812401,49.32779089812401
112663,2007,summer,466,490.5,625,385.442894009258,554,1966.942894009258,0.2369158766221947,0.24937175425576505,0.31775198044822256,0.19596038867381768,1.03,8.86,0,8.6,1.72,277.9,695,396.6,0.00259707513867876,NLA06608-1824,56,8,25.143,eu_mixo,,United States of America,-99.782384,37.383021,7010000010,7020046750.000001,7030047060,8.601941747572813,25.80582524271844,17.203883495145625,12.90291262135922,13.716548576654093,5.480126748472801,5.480126748472801
112663,2012,summer,534.5,597.5,717.5,461,558,2310.5,0.23133520882925773,0.2586020341917334,0.31053884440597274,0.19952391257303614,1.03,8.86,0,8.6,1.72,277.9,695,396.6,0.00259707513867876,NLA12_KS-102,53,9,8.564705882,eu_mixo,,United States of America,-99.782384,37.383021,7010000010,7020046750.000001,7030047060,8.601941747572813,25.80582524271844,17.203883495145625,12.90291262135922,13.716548576654093,5.480126748472801,5.480126748472801
112667,2012,summer,433,360,496,287,517,1576,0.274746192893401,0.22842639593908629,0.3147208121827411,0.18210659898477158,1.2,3.16,0,2.6,1.34,523.1,74,13,0.0923076923076923,NLA12_CA-157,4.1,5,3.4,oligo,,United States of America,-120.43803500000001,37.373837,7010000010,7020000010,7030008720,2.6333333333333333,7.9,5.266666666666667,3.95,13.716548576654093,11.715754945761331,11.715754945761331
112673,2007,summer,326.56365830644773,185.37793432472418,351.1856609138015,410.66900448162403,499,1273.7962580265976,0.25637040166248387,0.14553185657172293,0.2757000255738454,0.32239771619194774,2.45,39.6,39.6,16.2,4.27,2864.6,24,12.1,0.20247933884297525,NLA06608-R324,6,4,4.672,oligo,,United States of America,-76.839504,37.352308,7010000010,7020038339.999999,7030038340,16.16326530612245,48.48979591836735,32.3265306122449,24.244897959183675,16.509427257110872,18.39258061922667,18.39258061922667
112673,2012,summer,312.5,200.5,355,329.5,503,1197.5,0.2609603340292276,0.1674321503131524,0.2964509394572025,0.27515657620041756,2.45,39.6,39.6,16.2,4.27,2864.6,24,12.1,0.20247933884297525,NLA12_VA-R05,12,18,4.52,oligo,,United States of America,-76.839504,37.352308,7010000010,7020038339.999999,7030038340,16.16326530612245,48.48979591836735,32.3265306122449,24.244897959183675,16.509427257110872,18.39258061922667,18.39258061922667
112673,2017,summer,331.41435838316,182.7038489990834,331.32812965835177,297.5268914875035,498,1142.9732285280986,0.2899581111011233,0.159849631153974,0.28988266862998224,0.2603095891149205,2.45,39.6,39.6,16.2,4.27,2864.6,24,12.1,0.20247933884297525,NLA17_VA-HP007,4.2,3,1.8,oligo,,United States of America,-76.839504,37.352308,7010000010,7020038339.999999,7030038340,16.16326530612245,48.48979591836735,32.3265306122449,24.244897959183675,16.509427257110872,18.39258061922667,18.39258061922667
112675,2012,summer,365.5,335.25,443,481.5,537.5,1625.25,0.2248884786955853,0.2062759575449931,0.27257345023842483,0.2962621135209968,1.39,4.65,0,3.3,1.84,467.6,130,9.4,0.1478723404255319,NLA12_KY-116,26,13,2.593333333,oligo,,United States of America,-87.529424,37.349859,7010000010,7020046750.000001,7030047060,3.3453237410071948,10.035971223021583,6.6906474820143895,5.017985611510792,13.862882400047877,9.254213639411196,9.254213639411196
112693,2007,summer,291.4228713189235,295.3090344148848,364.09695690137613,285.9510738386668,534,1236.7799364738514,0.23563033545789164,0.2387724976011756,0.2943910603364433,0.2312061066044893,1.63,19.8,19.8,12.2,3.23,366.7,273,74.8,0.02179144385026737,NLA06608-R764,14,13,7.984,oligo,,United States of America,-96.182292,37.232603,7010000010,7020046750.000001,7030047060,12.147239263803682,36.44171779141105,24.294478527607364,18.220858895705526,14.459560625014944,14.130147926318669,14.130147926318669
112693,2012,summer,410.5,393.5,506.5,382,545.5,1692.5,0.24254062038404728,0.2324963072378139,0.29926144756277695,0.22570162481536188,1.63,19.8,19.8,12.2,3.23,366.7,273,74.8,0.02179144385026737,NLA12_KS-R11,25,25,3.896,dys,,United States of America,-96.182292,37.232603,7010000010,7020046750.000001,7030047060,12.147239263803682,36.44171779141105,24.294478527607364,18.220858895705526,14.459560625014944,14.130147926318669,14.130147926318669
112693,2017,summer,323,276,393,310,529,1302,0.24807987711213517,0.2119815668202765,0.30184331797235026,0.23809523809523808,1.63,19.8,19.8,12.2,3.23,366.7,273,74.8,0.02179144385026737,NLA17_KS-HP002,17.45625,19,4.78,oligo,,United States of America,-96.182292,37.232603,7010000010,7020046750.000001,7030047060,12.147239263803682,36.44171779141105,24.294478527607364,18.220858895705526,14.459560625014944,14.130147926318669,14.130147926318669
112722,2007,summer,462.3671288979541,284,538.649331307635,430.1043359704922,504,1715.1207961760813,0.2695828363394677,0.16558600457366468,0.31405912196305447,0.25077203712381313,6.91,509.4,509.4,73.7,3.63,224.9,151,2349.9,0.00294055066173028,NLA06608-1120,144,0,8.016,eu_mixo,Clearwater Lake,United States of America,-90.774448,37.136323,7010000010,7020046750.000001,7030047060,73.71924746743849,221.15774240231548,147.43849493487699,110.57887120115774,19.718295719634607,12.980758866209332,12.980758866209332
112749,2012,summer,218,190,242,259,521,909,0.23982398239823982,0.20902090209020902,0.2662266226622662,0.28492849284928495,1.31,11.62,0,8.8,1.54,1415.4,1088,5.8,0.22586206896551725,NLA12_VA-R17,9,23,3.664,dys,,United States of America,-81.812854,36.956315,7010000010,7020046750.000001,7030047060,8.870229007633586,26.610687022900766,17.740458015267173,13.305343511450383,13.716548576654093,12.310232099642935,12.310232099642935
112749,2017,summer,258.8715298008026,261.008424241481,313.09805808323574,352.2431815562856,543,1185.2211936818048,0.2184162173109955,0.2202191672177891,0.26416846049691284,0.29719615497430263,1.31,11.62,0,8.8,1.54,1415.4,1088,5.8,0.22586206896551725,NLA17_VA-HP006,11.705,3,4.99,oligo,,United States of America,-81.812854,36.956315,7010000010,7020046750.000001,7030047060,8.870229007633586,26.610687022900766,17.740458015267173,13.305343511450383,13.716548576654093,12.310232099642935,12.310232099642935
112759,2007,summer,449.1052289906669,251.9797925654035,465.33650847553633,521,499,1687.4215300316068,0.2661488081062085,0.14932830243115583,0.2757677913869098,0.30875509807572576,8.25,392.6,392.6,47.6,7.69,464.7,303,573.9,0.01437532671197072,NLA06608-R322,7,5,2.032,oligo,Philpott Reservoir,United States of America,-80.028689,36.782001,7010000010,7020038339.999999,7030042040.000001,47.58787878787879,142.76363636363638,95.17575757575759,71.38181818181819,24.409182196997044,19.0200208984032,19.0200208984032
112759,2017,summer,359.6296818667071,199.3810738348831,384.19375550797827,304.55577586632245,499,1247.7602870758908,0.2882201698448781,0.15979116814346603,0.30790670250319563,0.24408195950846034,8.25,392.6,392.6,47.6,7.69,464.7,303,573.9,0.01437532671197072,NLA17_VA-10049,7.59375,0,2.12,oligo,Philpott Reservoir,United States of America,-80.028689,36.782001,7010000010,7020038339.999999,7030042040.000001,47.58787878787879,142.76363636363638,95.17575757575759,71.38181818181819,24.409182196997044,19.0200208984032,19.0200208984032
112765,2007,summer,504,556.9447746078681,639.0174917353285,526.7014717204229,549,2226.6637380636193,0.2263476030908444,0.2501252277509157,0.28698428092741085,0.2365428882308291,2.71,29.2,29.2,10.8,2.63,775.1,306,74.6,0.03632707774798928,NLA06608-4440,38,16,34.2,eu_mixo,,United States of America,-97.02540800000001,36.720594,7010000010,7020046750.000001,7030047060,10.77490774907749,32.32472324723247,21.54981549815498,16.162361623616235,14.459560625014944,10.540222625198929,10.540222625198929
112769,2007,summer,454,523.5,602.5,345.7523856283902,561.5,1925.7523856283901,0.23575201224629705,0.27184180266726105,0.3128647299083568,0.17954145517808517,2.9,44.2,44.2,15.2,2.94,535.1,270,127.8,0.02269170579029734,NLA06608-0824,22,14,6.229,oligo,,United States of America,-96.39688,36.696964,7010000010,7020046750.000001,7030047060,15.24137931034483,45.724137931034484,30.48275862068966,22.862068965517242,14.98036700036527,13.940615644274667,13.940615644274667
112769,2012,summer,549,596,701,424,559,2270,0.24185022026431718,0.26255506607929513,0.30881057268722467,0.186784140969163,2.9,44.2,44.2,15.2,2.94,535.1,270,127.8,0.02269170579029734,NLA12_OK-109,30,47,6.77,dys,,United States of America,-96.39688,36.696964,7010000010,7020046750.000001,7030047060,15.24137931034483,45.724137931034484,30.48275862068966,22.862068965517242,14.98036700036527,13.940615644274667,13.940615644274667
112769,2017,summer,758,1149.385685900172,1098.1437117686687,688.372570303256,572,3693.901967972097,0.20520306347386147,0.31115760403657095,0.29728555908903426,0.18635377340053325,2.9,44.2,44.2,15.2,2.94,535.1,270,127.8,0.02269170579029734,NLA17_OK-10004,34.5725,30,10.82,eu_mixo,,United States of America,-96.39688,36.696964,7010000010,7020046750.000001,7030047060,15.24137931034483,45.724137931034484,30.48275862068966,22.862068965517242,14.98036700036527,13.940615644274667,13.940615644274667
112774,2007,summer,353.2703223628349,289.28411947830193,391.0484784506881,247.9937790983544,508,1281.5966993901793,0.27564858939706316,0.22572164832817662,0.30512600308409055,0.19350375919066973,1.33,1.39,0,1.1,1.22,2304.9,1873,29.8,0.04463087248322148,NLA06608-1124,9,3,1.18,oligo,,United States of America,-104.636452,36.602817,7010000010,7020046750.000001,7030047060,1.045112781954887,3.1353383458646618,2.090225563909774,1.5676691729323309,13.716548576654093,5.460647365326932,5.460647365326932
112776,2007,summer,363,297.75,454.6911201832107,247.02767499470798,530,1362.4687951779188,0.26642812025107515,0.21853711516462154,0.3337258965434395,0.18130886804086382,2.7,4.7,0,1.7,1.74,9064.9,1869,24.3,0.11111111111111112,NLA06608-1380,21,6,2.768,oligo,,United States of America,-104.66216,36.570435,7010000010,7020046750.000001,7030047060,1.7407407407407407,5.222222222222222,3.4814814814814814,2.611111111111111,13.862882400047877,7.6726089203307986,7.6726089203307986
112776,2017,summer,476,476.29493593923064,672.4493527399077,249.2967969872269,545,1874.0410856663652,0.25399656583876096,0.25415394549360765,0.35882316448830703,0.1330263241793244,2.7,4.7,0,1.7,1.74,9064.9,1869,24.3,0.11111111111111112,NLA17_NM-10022,23.65375,10,1.86,oligo,,United States of America,-104.66216,36.570435,7010000010,7020046750.000001,7030047060,1.7407407407407407,5.222222222222222,3.4814814814814814,2.611111111111111,13.862882400047877,7.6726089203307986,7.6726089203307986
112778,2007,summer,670.8506505883402,900.0981598532815,936.0403348537823,483.77005038595837,570,2990.759195681362,0.22430781172788647,0.30095975669088226,0.31297749956112103,0.16175493202011026,6.58,124.2,124.2,18.9,1.52,309.3,618,4976.3,0.00132226754817836,NLA06608-1568,115,20,11.491,eu_mixo,Fort Supply Lake,United States of America,-99.565839,36.550855,7010000010,7020046750.000001,7030047060,18.87537993920973,56.62613981762919,37.75075987841946,28.313069908814594,15.92053759901427,18.854299867782665,18.854299867782665
112781,2007,summer,341.6739127930715,327.6686192749577,364.0419953995612,319.5,557.5,1352.8845274675905,0.25255216232876654,0.24219999018564226,0.2690857852303157,0.23616206225527545,3.65,137,137,37.5,3.61,1283.9,234,163,0.02239263803680981,NLA06608-4643,19,25,13.834,dys,Birch Lake,United States of America,-96.161815,36.530647,7010000010,7020046750.000001,7030047060,37.53424657534247,112.60273972602741,75.06849315068494,56.301369863013704,16.662489106538548,24.583438863146668,24.583438863146668
112781,2017,summer,322.6940455538521,303.87407831722555,400.1117502545518,476.7721259127289,543,1503.4520000383582,0.21463541605958758,0.20211757895128857,0.26612871594460186,0.31711828904452205,3.65,137,137,37.5,3.61,1283.9,234,163,0.02239263803680981,NLA17_OK-HP002,26.42125,33,13.52,dys,Birch Lake,United States of America,-96.161815,36.530647,7010000010,7020046750.000001,7030047060,37.53424657534247,112.60273972602741,75.06849315068494,56.301369863013704,16.662489106538548,24.583438863146668,24.583438863146668
112807,2007,summer,725,1565.9233543302125,1169,946.842326390503,581.5,4406.765680720716,0.16451975270022254,0.3553452731060821,0.2652739184918071,0.2148610557018882,2.05,4.07,0,2,1.94,285.7,332,41,0.04999999999999999,NLA06608-0440,182,20,5.46,eu_mixo,,United States of America,-97.336683,36.251866,7010000010,7020046750.000001,7030047060,1.9853658536585372,5.9560975609756115,3.9707317073170745,2.9780487804878057,13.862882400047877,13.095596962905999,13.095596962905999
112815,2007,summer,380.5449188657218,346.4929389030842,528.6419201608552,487.1099813933348,544,1742.789759322996,0.21835388739806932,0.19881511068649088,0.30333086210364896,0.27950013981179095,5.49,40.3,40.3,7.3,3.68,162,221,275.2,0.01994912790697674,NLA06608-0857,31,15,12.72,eu_mixo,,United States of America,-79.732884,36.188961,7010000010,7020038339.999999,7030042040.000001,7.340619307832421,22.021857923497265,14.681238615664842,11.010928961748633,18.55468042631527,11.140805198914666,11.140805198914666
112820,2007,summer,366.8920651243057,394.7542544980556,508.62737013485105,492.4763890508927,553,1762.750078808105,0.20813617854005836,0.2239422702309401,0.2885419642010527,0.27937958702794885,2.9,22.7,22.7,7.8,2.86,127.8,229,186.3,0.01556629092860976,NLA06608-1369,50,7,30.08,eu_mixo,,United States of America,-79.840152,36.172392,7010000010,7020038339.999999,7030042040.000001,7.827586206896553,23.48275862068966,15.655172413793107,11.74137931034483,14.98036700036527,13.910990565261335,13.910990565261335
112831,2007,summer,420.1334623736116,407.49759451764373,556.3239706443082,526.691849263632,550,1910.6468767991955,0.21989069119744342,0.2132772933951577,0.2911704812645904,0.2756615341428086,2.48,11.88,0,4.8,3.95,91.9,164,170.7,0.01452841241944932,NLA06608-1241,34,16,14.08,eu_mixo,,United States of America,-79.330296,36.101219,7010000010,7020038339.999999,7030042040.000001,4.790322580645162,14.370967741935486,9.580645161290324,7.185483870967743,16.509427257110872,12.326418107649337,12.326418107649337
112835,2012,summer,419,389,553,608,547,1969,0.212798374809548,0.19756221432199086,0.2808532249873032,0.30878618588115797,2.02,9.09,0,4.5,2.45,135.9,84,55.5,0.0363963963963964,NLA12_AR-106,107,20,59.2,eu_mixo,,United States of America,-91.136467,36.065771,7010000010,7020046750.000001,7030047060,4.500000000000001,13.500000000000002,9.000000000000002,6.750000000000001,14.2813219966547,15.741782022013867,15.741782022013867
112836,2012,summer,401,356,474,276,533,1507,0.2660915726609157,0.23623092236230922,0.31453218314532183,0.1831453218314532,3.56,101.5,101.5,28.5,2.11,169.5,188,1019.5,0.00349190779794016,NLA12_CA-121,12.3,25,2.8,dys,Success Lake,United States of America,-118.92174,36.062301,7010000010,7020000010,7030008720,28.511235955056183,85.53370786516854,57.022471910112365,42.76685393258427,14.61262247444262,18.512892808976,18.512892808976
112842,2007,summer,454.5410599046153,746.027350306352,667.7324489507008,488.64059659364625,574.5,2356.9414557553146,0.19285207903433108,0.3165234963663012,0.2833046392901247,0.20731978530924292,1.48,5.02,0,3.4,2.27,132,259,80.3,0.01843088418430884,NLA06608-0012,150.5,31.5,13.09,eu_mixo,,United States of America,-96.87708300000001,36.010314,7010000010,7020046750.000001,7030047060,3.391891891891891,10.175675675675674,6.783783783783782,5.087837837837837,13.862882400047877,11.799094152082933,11.799094152082933
112842,2012,summer,606.5,997,915.5,553,574,3072,0.19742838541666666,0.3245442708333333,0.2980143229166667,0.18001302083333334,1.48,5.02,0,3.4,2.27,132,259,80.3,0.01843088418430884,NLA12_OK-121,119,214,8.68,eu_mixo,,United States of America,-96.87708300000001,36.010314,7010000010,7020046750.000001,7030047060,3.391891891891891,10.175675675675674,6.783783783783782,5.087837837837837,13.862882400047877,11.799094152082933,11.799094152082933
112842,2017,summer,682.1418916386547,1208.5,1016.8807284471513,555,576.5,3462.522620085806,0.1970072015361304,0.34902299063393605,0.2936820463058669,0.16028776152406662,1.48,5.02,0,3.4,2.27,132,259,80.3,0.01843088418430884,NLA17_OK-10010,176.37125,20,30,eu_mixo,,United States of America,-96.87708300000001,36.010314,7010000010,7020046750.000001,7030047060,3.391891891891891,10.175675675675674,6.783783783783782,5.087837837837837,13.862882400047877,11.799094152082933,11.799094152082933
112851,2017,summer,768,1361,1212,675,575,4016,0.19123505976095617,0.33889442231075695,0.301792828685259,0.16807768924302788,1.79,6.64,0,3.7,1.41,25606.2,2131,13.4,0.1335820895522388,NLA17_NM-10041,34.03625,0,6.49,eu_mixo,,United States of America,-105.21522,35.947917,7010000010,7020046750.000001,7030047060,3.7094972067039103,11.128491620111731,7.4189944134078205,5.564245810055866,13.716548576654093,5.717104581799331,5.717104581799331
112872,2007,summer,893.6694138270287,792.5453270548659,1174.4332853820715,315.8750915662657,536.5,3176.523117830232,0.28133571854419936,0.24950088434937157,0.3697228831075797,0.09944051399884933,3.08,11.19,0,3.6,1.03,21592.9,2055,25.6,0.1203125,NLA06608-0628,40,6,2.304,eu_mixo,,United States of America,-105.135676,35.756289,7010000010,7020046750.000001,7030047060,3.633116883116883,10.89935064935065,7.266233766233766,5.449675324675325,13.86961042608177,5.872236389370667,5.872236389370667
112872,2012,summer,995,1299,1456,488,563,4238,0.23478055686644644,0.30651250589900897,0.34355828220858897,0.11514865502595564,3.08,11.19,0,3.6,1.03,21592.9,2055,25.6,0.1203125,NLA12_NM-105,77,1,8.586666667,eu_mixo,,United States of America,-105.135676,35.756289,7010000010,7020046750.000001,7030047060,3.633116883116883,10.89935064935065,7.266233766233766,5.449675324675325,13.86961042608177,5.872236389370667,5.872236389370667
112872,2017,summer,480.5,302.836596994209,589,177,510,1549.336596994209,0.3101327374130284,0.19546210783488058,0.38016271037726057,0.11424244437483043,3.08,11.19,0,3.6,1.03,21592.9,2055,25.6,0.1203125,NLA17_NM-10002,17.7475,6,2.6,oligo,,United States of America,-105.135676,35.756289,7010000010,7020046750.000001,7030047060,3.633116883116883,10.89935064935065,7.266233766233766,5.449675324675325,13.86961042608177,5.872236389370667,5.872236389370667
112875,2007,summer,432.70461685369526,431.5,573.579692102996,257.58639231494266,553,1695.370701271634,0.25522714090147935,0.25451660788778996,0.33832110680736394,0.1519351444033666,1.13,3.63,0,3.2,1.21,176.6,1958,641.7,0.00176094748324762,NLA06608-0836,51,14,2.695,eu_mixo,,United States of America,-109.514882,35.732174,7010000010,7020000010,7030008710,3.212389380530974,9.637168141592921,6.424778761061948,4.818584070796461,13.555005684857694,6.80589982519733,6.80589982519733
112884,2012,summer,340,291.5,376,299.5,543,1307,0.26013771996939555,0.22302983932670237,0.28768171384850805,0.22915072685539403,8.95,54.03,0,6,2.64,103.8,45,403.2,0.02219742063492063,NLA12_NC-134,45,22,25.44,eu_mixo,,United States of America,-78.119577,35.690664,7010000010,7020038339.999999,7030042040.000001,6.036871508379891,18.11061452513967,12.073743016759781,9.055307262569835,18.612106156169173,11.50160696176667,11.50160696176667
112888,2012,summer,1168,1748,1662.5,1138,575,5716.5,0.20432082568004897,0.30578150966500484,0.29082480538791217,0.19907285926703402,3.85,29,29,7.5,1.19,83912,2007,17.1,0.22514619883040937,NLA12_NM-160,214,17,3.28,eu_mixo,,United States of America,-105.228825,35.665523,7010000010,7020047840,7030049270.000001,7.532467532467533,22.5974025974026,15.064935064935066,11.2987012987013,14.29308111136852,19.201679623716,19.201679623716
112888,2017,summer,764.8870357875021,501.30914540493393,930.0931094420926,197,509,2393.2892906345287,0.3195965647699484,0.20946450032875996,0.388625442432619,0.08231349246867257,3.85,29,29,7.5,1.19,83912,2007,17.1,0.22514619883040937,NLA17_NM-10003,18.755,4,2.3899999999999997,oligo,,United States of America,-105.228825,35.665523,7010000010,7020047840,7030049270.000001,7.532467532467533,22.5974025974026,15.064935064935066,11.2987012987013,14.29308111136852,19.201679623716,19.201679623716
112901,2007,summer,597.5,566.4568552104536,818.5131761315262,242.83253194800358,551.5,2225.3025632899835,0.2685028138900043,0.2545527356841666,0.367821072798928,0.10912337762690098,4.31,890.6,890.6,206.8,2.57,168.7,1630,37150.1,1.160158384499638e-4,NLA06608-0116,26,15,2.816,oligo,Cochiti Lake,United States of America,-106.317485,35.61975000000001,7010000010,7020047840,7030049270.000001,206.6357308584687,619.9071925754062,413.2714617169374,309.9535962877031,15.91611700553807,29.57547612928001,29.57547612928001
112905,2007,summer,434.84243340288793,380.20379011864765,525.6348005386155,704,531,2044.6810240601512,0.2126700586966936,0.1859477276136068,0.25707423033391064,0.34430798335578894,1.01,1.47,0,1.5,1.51,1.6,70,576.5,0.00175195143104943,NLA06608-0208,162,8,65.6,eu_mixo,,United States of America,-90.967744,35.58131800000001,7010000010,7020046750.000001,7030047060,1.4554455445544554,4.366336633663366,2.910891089108911,2.183168316831683,13.716548576654093,8.556004873945463,8.556004873945463
112905,2012,summer,331,370.5,430,467,561,1598.5,0.20706912730685018,0.23177979355645917,0.26900218955270566,0.292148889583985,1.01,1.47,0,1.5,1.51,1.6,70,576.5,0.00175195143104943,NLA12_AR-102,151,18,74,eu_mixo,,United States of America,-90.967744,35.58131800000001,7010000010,7020046750.000001,7030047060,1.4554455445544554,4.366336633663366,2.910891089108911,2.183168316831683,13.716548576654093,8.556004873945463,8.556004873945463
112906,2007,summer,446.55597604484285,392.2044242970675,548.1650776521616,305.8636681661245,536,1692.7891461601967,0.2637989362454142,0.2316912447050575,0.3238236013596735,0.18068621768985468,9.33,132.5,132.5,14.2,1.39,8968.2,370,38.6,0.2417098445595855,NLA06608-1804,120,11,25.47,eu_mixo,,United States of America,-97.608768,35.579799,7010000010,7020046750.000001,7030047060,14.201500535905682,42.60450160771705,28.403001071811364,21.302250803858524,15.92053759901427,21.474106854716,21.474106854716
112909,2007,summer,339.65079215603686,364,408.84912274398505,344,562,1456.4999149000218,0.2331965753525989,0.24991419242546675,0.28070658883083394,0.23618264339110043,2.51,32.3,32.3,12.9,2.81,925.4,243,53.6,0.04682835820895522,NLA06608-0268,20,20,7.7,oligo,,United States of America,-96.317177,35.533893,7010000010,7020046750.000001,7030047060,12.868525896414342,38.60557768924303,25.737051792828684,19.302788844621514,14.98036700036527,12.666037231861333,12.666037231861333
112909,2012,summer,470,481,569,428,555,1948,0.24127310061601642,0.2469199178644764,0.29209445585215604,0.21971252566735114,2.51,32.3,32.3,12.9,2.81,925.4,243,53.6,0.04682835820895522,NLA12_OK-108,5,22,4.56,dys,,United States of America,-96.317177,35.533893,7010000010,7020046750.000001,7030047060,12.868525896414342,38.60557768924303,25.737051792828684,19.302788844621514,14.98036700036527,12.666037231861333,12.666037231861333
112909,2017,summer,484.3305098687514,490.7917979046001,573.2026367827847,483.29725931603866,553.5,2031.6222038721749,0.23839595223247736,0.2415763112694744,0.2821403682684152,0.23788736822963305,2.51,32.3,32.3,12.9,2.81,925.4,243,53.6,0.04682835820895522,NLA17_OK-10033,23.41875,19,8.59,oligo,,United States of America,-96.317177,35.533893,7010000010,7020046750.000001,7030047060,12.868525896414342,38.60557768924303,25.737051792828684,19.302788844621514,14.98036700036527,12.666037231861333,12.666037231861333
112916,2007,summer,389.65584689762875,302.2792719498349,446.71176457919967,521.809876861791,519,1660.4567602884545,0.23466786743060852,0.18204585580254612,0.26902944735615814,0.3142568294106871,8.78,106.37,0,12.1,5.17,7.4,175,10633,8.25731214144644e-4,NLA06608-0473,55,14,36.823,eu_mixo,,United States of America,-80.177383,35.489515,7010000010,7020038339.999999,7030042040.000001,12.115034168564923,36.34510250569476,24.230068337129847,18.17255125284738,21.764708358159833,11.697391671692,11.697391671692
112917,2007,summer,592.9271776409215,805.6089958112026,820.8237042381039,544.3347059529756,565,2763.6945836432037,0.2145414985976139,0.29149711425392716,0.2970023204069329,0.19695906674152597,6.06,38.4,38.4,6.3,1.17,31.9,384,35346.1,1.71447486427074e-4,NLA06608-4472,282,10,29.4,eu_mixo,,United States of America,-97.66807600000001,35.487041,7010000010,7020046750.000001,7030047060,6.336633663366336,19.00990099009901,12.673267326732672,9.504950495049505,14.589003179286493,23.74357701537734,23.74357701537734
112917,2012,summer,765,996.5,1019.5,753,569.5,3534,0.2164685908319185,0.2819750990379174,0.2884833050367855,0.21307300509337862,6.06,38.4,38.4,6.3,1.17,31.9,384,35346.1,1.71447486427074e-4,NLA12_OK-105,344,56,33.9,eu_mixo,,United States of America,-97.66807600000001,35.487041,7010000010,7020046750.000001,7030047060,6.336633663366336,19.00990099009901,12.673267326732672,9.504950495049505,14.589003179286493,23.74357701537734,23.74357701537734
112917,2017,summer,395.82466089313243,467,600,304.8184957794859,560,1767.6431566726183,0.2239279231212176,0.26419359486508176,0.33943502552258903,0.17244345649111165,6.06,38.4,38.4,6.3,1.17,31.9,384,35346.1,1.71447486427074e-4,NLA17_OK-10003,98.37875,22,25.92,eu_mixo,,United States of America,-97.66807600000001,35.487041,7010000010,7020046750.000001,7030047060,6.336633663366336,19.00990099009901,12.673267326732672,9.504950495049505,14.589003179286493,23.74357701537734,23.74357701537734
112925,2012,summer,333,400.5,453.5,411.5,565,1598.5,0.2083203002815139,0.25054738817641536,0.2837034720050047,0.257428839537066,1.58,3.45,0,2.2,2.45,298.2,144,14.9,0.10604026845637585,NLA12_OK-291,188,34,50.3,eu_mixo,,United States of America,-94.981547,35.440008,7010000010,7020046750.000001,7030047060,2.1835443037974684,6.550632911392406,4.367088607594937,3.275316455696203,14.137215109847583,8.775036725926666,8.775036725926666
112925,2017,summer,336.2916469035165,340.5489007717319,415.259850456864,366,556.5,1458.1003981321123,0.23063682537520747,0.23355655152964042,0.2847951012075912,0.25101152188756093,1.58,3.45,0,2.2,2.45,298.2,144,14.9,0.10604026845637585,NLA17_OK-10015,242.355,15,63.29,eu_mixo,,United States of America,-94.981547,35.440008,7010000010,7020046750.000001,7030047060,2.1835443037974684,6.550632911392406,4.367088607594937,3.275316455696203,14.137215109847583,8.775036725926666,8.775036725926666
112929,2012,summer,827.5,1541,1260.25,990,578,4618.75,0.17916102841677944,0.33364005412719894,0.2728552097428958,0.21434370771312586,1.83,7.4,0,4,2.14,187.1,200,53.4,0.03426966292134831,NLA12_OK-135,150,724,6.41,eu_mixo,,United States of America,-95.921875,35.41729500000001,7010000010,7020046750.000001,7030047060,4.043715846994536,12.131147540983607,8.087431693989071,6.065573770491803,13.862882400047877,18.583462080954668,18.583462080954668
112968,2007,summer,468,670,642,473.93121882274573,571,2253.931218822746,0.20763721452176423,0.2972584054050898,0.2848356660747278,0.21026871399841804,1.31,6.04,0,4.6,2.68,282.9,270,34.7,0.0377521613832853,NLA06608-1164,23,18,8.08,oligo,,United States of America,-96.544003,35.205809,7010000010,7020046750.000001,7030047060,4.6106870229007635,13.83206106870229,9.221374045801527,6.916030534351145,14.137215109847583,13.691688825940133,13.691688825940133
112970,2012,summer,241.5,142.5,251,269.5,497.5,904.5,0.2669983416252073,0.15754560530679934,0.27750138197899393,0.2979546710889994,4.94,155.4,155.4,31.5,3.28,269.5,920,218.6,0.02259835315645014,NLA12_NC-105,15,3,0.864,oligo,,United States of America,-83.653125,35.197248,7010000010,7020046750.000001,7030047060,31.457489878542507,94.37246963562754,62.914979757085014,47.18623481781377,17.877249961408463,29.10129535853866,29.10129535853866
112970,2017,summer,242,114,254,205,497,815,0.2969325153374233,0.13987730061349693,0.3116564417177914,0.25153374233128833,4.94,155.4,155.4,31.5,3.28,269.5,920,218.6,0.02259835315645014,NLA17_NC-10002,6.62375,4,2.01,oligo,,United States of America,-83.653125,35.197248,7010000010,7020046750.000001,7030047060,31.457489878542507,94.37246963562754,62.914979757085014,47.18623481781377,17.877249961408463,29.10129535853866,29.10129535853866
112976,2007,summer,469.2910599046153,757.9691983682794,711,558.1476429945512,573,2496.4079012674456,0.1879865304329283,0.3036239382127627,0.2848092251426619,0.2235803062116473,1.15,1.27,0,1.1,2.27,56.5,502,153.7,0.00748210800260247,NLA06608-1564,161,32,12.8,eu_mixo,,United States of America,-99.075747,35.169127,7010000010,7020046750.000001,7030047060,1.1043478260869568,3.31304347826087,2.2086956521739136,1.656521739130435,13.862882400047877,10.381430888293732,10.381430888293732
112976,2012,summer,604.5,876,863,830,572,3173.5,0.19048369308334645,0.27603592248306286,0.27193949897589414,0.26154088545769655,1.15,1.27,0,1.1,2.27,56.5,502,153.7,0.00748210800260247,NLA12_OK-118,190,73,0.65,eu_mixo,,United States of America,-99.075747,35.169127,7010000010,7020046750.000001,7030047060,1.1043478260869568,3.31304347826087,2.2086956521739136,1.656521739130435,13.862882400047877,10.381430888293732,10.381430888293732
112976,2017,summer,471.5,764.2558157823534,716.143493002514,553.489385189243,573,2505.38869397411,0.1881943512932897,0.30504480906316844,0.28584127274341187,0.2209195669001301,1.15,1.27,0,1.1,2.27,56.5,502,153.7,0.00748210800260247,NLA17_OK-10011,250.3025,15,117.6,eu_mixo,,United States of America,-99.075747,35.169127,7010000010,7020046750.000001,7030047060,1.1043478260869568,3.31304347826087,2.2086956521739136,1.656521739130435,13.862882400047877,10.381430888293732,10.381430888293732
112992,2007,summer,423.6520079364586,297.3729432368425,457.6837642470851,561.9895151521914,502,1740.6982305725776,0.24338050128143368,0.17083543719064156,0.26293113660288875,0.32285292492503603,6.12,102.7,102.7,16.8,3.89,25.6,251,1514.1,0.00404200515157519,NLA06608-0751,1,1,3.616,oligo,Parksville Lake,United States of America,-84.646551,35.094393,7010000010,7020046750.000001,7030047060,16.781045751633986,50.343137254901954,33.56209150326797,25.171568627450977,18.983439524873894,13.359627229154666,13.359627229154666
112992,2012,summer,287.5,189,319,234,503,1029.5,0.2792617775619233,0.18358426420592522,0.30985915492957744,0.22729480330257407,6.12,102.7,102.7,16.8,3.89,25.6,251,1514.1,0.00404200515157519,NLA12_TN-R01,21,5,3.384,oligo,Parksville Lake,United States of America,-84.646551,35.094393,7010000010,7020046750.000001,7030047060,16.781045751633986,50.343137254901954,33.56209150326797,25.171568627450977,18.983439524873894,13.359627229154666,13.359627229154666
112995,2007,summer,440,275,471,548,504,1734,0.2537485582468281,0.15859284890426759,0.27162629757785467,0.3160322952710496,1.76,37,37,21,1.61,396.5,390,39.4,0.04467005076142132,NLA06608-0831,4,2,1.304,oligo,Table Rock Reservoir,United States of America,-82.67390799999998,35.064704,7010000010,7020038339.999999,7030042040.000001,21.022727272727273,63.06818181818181,42.04545454545455,31.534090909090907,13.716548576654093,20.96044930105201,20.96044930105201
112995,2012,summer,332,198,315,351,492,1196,0.27759197324414714,0.16555183946488294,0.2633779264214047,0.29347826086956524,1.76,37,37,21,1.61,396.5,390,39.4,0.04467005076142132,NLA12_SC-103,18,10.5,1.290470588,oligo,Table Rock Reservoir,United States of America,-82.67390799999998,35.064704,7010000010,7020038339.999999,7030042040.000001,21.022727272727273,63.06818181818181,42.04545454545455,31.534090909090907,13.716548576654093,20.96044930105201,20.96044930105201
112995,2017,summer,246,122.44464372442101,247.04768384039,249.2967969872269,494,864.7891245520378,0.28446241172080927,0.14158901892741485,0.28567390225722494,0.288274667094551,1.76,37,37,21,1.61,396.5,390,39.4,0.04467005076142132,NLA17_SC-10010,10.28375,10,1.94,oligo,Table Rock Reservoir,United States of America,-82.67390799999998,35.064704,7010000010,7020038339.999999,7030042040.000001,21.022727272727273,63.06818181818181,42.04545454545455,31.534090909090907,13.716548576654093,20.96044930105201,20.96044930105201
113021,2007,summer,423.09159249990364,368.5247636603683,513.8319417427336,339.79437356463785,538.5,1645.2426714676435,0.2571605999754939,0.22399416818652335,0.31231377027461144,0.20653146156337127,4.45,50.6,50.6,11.4,2.44,2899.2,287,31.7,0.14037854889589907,NLA06608-1868,21,10,9,oligo,,United States of America,-96.70349700000001,34.960417,7010000010,7020046750.000001,7030047060,11.370786516853933,34.11235955056179,22.741573033707866,17.056179775280896,15.706487779603883,18.140105538173867,18.140105538173867
113021,2012,summer,324,265,370.5,252.5,534.5,1212,0.26732673267326734,0.21864686468646866,0.3056930693069307,0.20833333333333334,4.45,50.6,50.6,11.4,2.44,2899.2,287,31.7,0.14037854889589907,NLA12_OK-101,67,18.5,15.3,eu_mixo,,United States of America,-96.70349700000001,34.960417,7010000010,7020046750.000001,7030047060,11.370786516853933,34.11235955056179,22.741573033707866,17.056179775280896,15.706487779603883,18.140105538173867,18.140105538173867
113021,2017,summer,375.4456764288576,344.01098771276725,477.3769678994085,438.1728953028206,541,1635.006527343854,0.22962946639655746,0.2104034338453862,0.2919725150424507,0.2679945847156056,4.45,50.6,50.6,11.4,2.44,2899.2,287,31.7,0.14037854889589907,NLA17_OK-10001,49.79625,10,21.255000000000003,eu_mixo,,United States of America,-96.70349700000001,34.960417,7010000010,7020046750.000001,7030047060,11.370786516853933,34.11235955056179,22.741573033707866,17.056179775280896,15.706487779603883,18.140105538173867,18.140105538173867
113030,2007,summer,300.44600810966756,240.7374247214518,259.0439035687312,382.535085593797,488,1182.7624219936476,0.2540205898689612,0.20353827636463812,0.21901600756988074,0.3234251261965199,3.72,6.68,0,1.8,1.22,44,9,123.3,0.03017031630170316,NLA06608-1245,25,165,17.44,dys,,United States of America,-77.097824,34.92726,7010000010,7020038339.999999,7030042040.000001,1.7956989247311828,5.387096774193549,3.5913978494623655,2.6935483870967745,14.015944249475554,12.246164411348001,12.246164411348001
113030,2012,summer,324,301.5,316.5,398,496.5,1340,0.2417910447761194,0.225,0.23619402985074628,0.29701492537313434,3.72,6.68,0,1.8,1.22,44,9,123.3,0.03017031630170316,NLA12_NC-104,36,68,7.52,eu_mixo,,United States of America,-77.097824,34.92726,7010000010,7020038339.999999,7030042040.000001,1.7956989247311828,5.387096774193549,3.5913978494623655,2.6935483870967745,14.015944249475554,12.246164411348001,12.246164411348001
113030,2017,summer,348.09809091447687,305.94820433745883,348.81371631339243,445.6362165831951,513,1448.4962281485232,0.24031687770386395,0.21121781223312106,0.2408109248301242,0.30765438523289085,3.72,6.68,0,1.8,1.22,44,9,123.3,0.03017031630170316,NLA17_NC-10014,43.5975,73,38,eu_mixo,,United States of America,-77.097824,34.92726,7010000010,7020038339.999999,7030042040.000001,1.7956989247311828,5.387096774193549,3.5913978494623655,2.6935483870967745,14.015944249475554,12.246164411348001,12.246164411348001
113075,2017,summer,301.56423807648054,203.3338813614057,324.16262198593563,309.3050753620391,508.5,1138.365816785861,0.26490977999316373,0.17861910324706723,0.2847613809251566,0.27170973583461244,1.72,53,53,30.9,2.68,17.8,286,1227.1,0.00140167875478771,NLA17_GA-HP002,19.165,20,14.98,oligo,,United States of America,-83.352742,34.715414,7010000010,7020038339.999999,7030042040.000001,30.813953488372093,92.44186046511628,61.627906976744185,46.22093023255814,14.2813219966547,15.655700061751999,15.655700061751999
113113,2007,summer,537,689.5,773.25,493.04920398941243,563,2492.7992039894125,0.21542047957196025,0.27659668652675345,0.3101934559199595,0.19778937798132679,4.8,37.2,37.2,7.8,2.72,1020.3,332,99.1,0.0484359233097881,NLA06608-0152,21,13,5.2,oligo,Lake Fuqua,United States of America,-97.672917,34.602083,7010000010,7020046750.000001,7030047060,7.750000000000001,23.250000000000004,15.500000000000002,11.625000000000002,17.235548036349485,12.70515336956507,12.70515336956507
113129,2007,summer,507.18495902463934,576.5,694,506.8612400978617,558,2284.546199122501,0.22200687349612372,0.25234770923933814,0.3037802432126638,0.22186517405187434,1.32,4.64,0,3.5,1.47,492.9,338,26.9,0.04907063197026023,NLA06608-0756,3,9,10.96,oligo,,United States of America,-97.811067,34.51879,7010000010,7020046750.000001,7030047060,3.515151515151515,10.545454545454545,7.03030303030303,5.2727272727272725,13.716548576654093,7.2618727708599975,7.2618727708599975
113129,2012,summer,539.5,653,768,500.5,561.5,2461,0.21921982933766762,0.26533929297033726,0.3120682649329541,0.20337261275904103,1.32,4.64,0,3.5,1.47,492.9,338,26.9,0.04907063197026023,NLA12_OK-R09,46,5,17.44,eu_mixo,,United States of America,-97.811067,34.51879,7010000010,7020046750.000001,7030047060,3.515151515151515,10.545454545454545,7.03030303030303,5.2727272727272725,13.716548576654093,7.2618727708599975,7.2618727708599975
113130,2007,summer,515.5821572378095,834,800,561.8591685144252,573.5,2711.4413257522347,0.19015058608903204,0.3075854867590113,0.2950460304642794,0.20721789668767723,2.72,15.3,15.3,5.6,2.31,567.6,369,155.8,0.01745827984595635,NLA06608-0180,61,31,30.615,eu_mixo,Lake Frederick,United States of America,-98.885497,34.514873,7010000010,7020046750.000001,7030047060,5.625,16.875,11.25,8.4375,14.2813219966547,16.487470017426666,16.487470017426666
113144,2007,summer,424.3343804922429,316.996814484678,460.6775427591072,503.5150177857381,506,1705.5237555217661,0.2488000411125481,0.18586478989716565,0.2701091329086609,0.29522603608162534,4.62,41.1,41.1,8.9,5.32,7.7,104,3996.2,0.00115609829337871,NLA06608-0436,29,11,18.216,oligo,Lake Catherine,United States of America,-92.895327,34.427549,7010000010,7020046750.000001,7030047060,8.896103896103897,26.688311688311693,17.792207792207794,13.344155844155846,21.029852163399124,12.652742665235998,12.652742665235998
113156,2007,summer,878.6115967950691,1656,1394.805830796246,703,579,4632.417427591316,0.18966589486559168,0.35748073784038464,0.3010967497204787,0.15175661757354492,2.67,54.9,54.9,20.5,2.41,723.7,1817,2068.7,0.00129066563542321,NLA06608-0895,237,19,13.856,eu_mixo,,United States of America,-109.38017300000001,34.368424,7010000010,7020000010,7030008710,20.56179775280899,61.68539325842696,41.12359550561798,30.84269662921348,14.459560625014944,32.90598291544668,32.90598291544668
113156,2012,summer,884,1408.5,1284.5,512,574.5,4089,0.21618977745169968,0.34446074834922963,0.31413548544876496,0.1252139887503057,2.67,54.9,54.9,20.5,2.41,723.7,1817,2068.7,0.00129066563542321,NLA12_AZ-107,234,12,10.42,eu_mixo,,United States of America,-109.38017300000001,34.368424,7010000010,7020000010,7030008710,20.56179775280899,61.68539325842696,41.12359550561798,30.84269662921348,14.459560625014944,32.90598291544668,32.90598291544668
113156,2017,summer,801.2166726837605,1154.519613795053,1139.090938766905,393.04945702669687,571,3487.876682272415,0.22971473640569004,0.33100929848324295,0.3265857834241911,0.11269018168687604,2.67,54.9,54.9,20.5,2.41,723.7,1817,2068.7,0.00129066563542321,NLA17_AZ-10005,161.06,18,7.86,eu_mixo,,United States of America,-109.38017300000001,34.368424,7010000010,7020000010,7030008710,20.56179775280899,61.68539325842696,41.12359550561798,30.84269662921348,14.459560625014944,32.90598291544668,32.90598291544668
113170,2007,summer,367.5010423646804,383.0247636603683,583.4274151554914,338.2002967898253,553.5,1672.1535179703656,0.21977709487508515,0.22906076478269646,0.34890780594334825,0.20225433439887006,1.43,2.81,0,2,2.35,171.2,249,37.6,0.03803191489361702,NLA06608-0856,31,20,9.467,eu_mixo,,United States of America,-97.166516,34.28297,7010000010,7020046750.000001,7030047060,1.9650349650349652,5.895104895104896,3.9300699300699304,2.947552447552448,13.862882400047877,9.736229432549466,9.736229432549466
113170,2012,summer,398,421.5,602,294,554.5,1715.5,0.23200233168172543,0.24570096181871173,0.35091809967939375,0.17137860682016906,1.43,2.81,0,2,2.35,171.2,249,37.6,0.03803191489361702,NLA12_OK-119,17,27,38.8,dys,,United States of America,-97.166516,34.28297,7010000010,7020046750.000001,7030047060,1.9650349650349652,5.895104895104896,3.9300699300699304,2.947552447552448,13.862882400047877,9.736229432549466,9.736229432549466
113170,2017,summer,412.8125512435385,393.81240345852495,582.2085064382381,422.25842080172833,547.5,1811.0918819420299,0.2279357305720351,0.21744474004059958,0.3214682326409289,0.2331512967464365,1.43,2.81,0,2,2.35,171.2,249,37.6,0.03803191489361702,NLA17_OK-10009,28.91,1,16.64,oligo,,United States of America,-97.166516,34.28297,7010000010,7020046750.000001,7030047060,1.9650349650349652,5.895104895104896,3.9300699300699304,2.947552447552448,13.862882400047877,9.736229432549466,9.736229432549466
113176,2007,summer,363.8612368390352,254,347,244,494,1208.8612368390352,0.3009950404154491,0.2101151002774863,0.287047007071999,0.2018428522350656,2.31,59.2,59.2,25.6,1.96,7613.2,1559,15.8,0.14620253164556962,NLA06608-0373,1,0,0.68,oligo,,United States of America,-117.170284,34.263041,7010000010,7020000010,7030073620.000001,25.627705627705627,76.88311688311688,51.25541125541125,38.44155844155844,13.862882400047877,19.214530473104,19.214530473104
113186,2007,summer,316.05581230412906,213.5,324.66455006456533,300.5,507.5,1154.7203623686944,0.2737076634344607,0.1848932494461641,0.28116292103706936,0.2602361660823059,4.95,273.6,273.6,55.3,4.3,303.9,161,713.1,0.00694152292806058,NLA06608-0500,21,5,13.12,oligo,Gillham Lake,United States of America,-94.228715,34.211828,7010000010,7020046750.000001,7030047060,55.27272727272727,165.8181818181818,110.54545454545455,82.9090909090909,18.983439524873894,13.739439962209334,13.739439962209334
113186,2017,summer,265.37890445172815,198.06423189495135,340.2033574133183,262.0796661062125,519,1065.7261598662103,0.24901228331022993,0.18584908520948387,0.3192221137332567,0.24591651774702952,4.95,273.6,273.6,55.3,4.3,303.9,161,713.1,0.00694152292806058,NLA17_AR-HP001,21.03125,0,7.08,oligo,Gillham Lake,United States of America,-94.228715,34.211828,7010000010,7020046750.000001,7030047060,55.27272727272727,165.8181818181818,110.54545454545455,82.9090909090909,18.983439524873894,13.739439962209334,13.739439962209334
113199,2007,summer,467.74929737515765,415.572475161074,593.295355062414,427.9700646953043,537.5,1904.58719229395,0.24559090771359457,0.21819556323937278,0.31150863423996294,0.2247048948070697,9.65,57.4,0,5.9,2.3,956,169,38.2,0.2526178010471204,NLA06608-2831,107,10,37.6,eu_mixo,,United States of America,-85.796739,34.132999,7010000010,7020038339.999999,7030042040.000001,5.948186528497409,17.844559585492227,11.896373056994818,8.922279792746114,18.379072617471138,19.917702283396,19.917702283396
113258,2012,summer,423.5,286,446,243,497,1398.5,0.30282445477297104,0.2045048265999285,0.3189131212012871,0.17375759742581337,4.63,219.6,219.6,47.5,3.58,115.2,531,15117.8,3.0626149307438915e-4,NLA12_AZ-130,62,12.5,7.1933333335,eu_mixo,Bartlett Lake,United States of America,-111.629844,33.817207,7010000010,7020000010,7030008710,47.429805615550755,142.28941684665224,94.85961123110151,71.14470842332612,17.877249961408463,22.60650606316133,22.60650606316133
113269,2012,summer,287,241,340,343,525,1211,0.23699421965317918,0.19900908340214699,0.28075970272502065,0.2832369942196532,1.27,5.4,0,4.2,1.92,212.5,156,28.6,0.0444055944055944,NLA12_TX-R09,27,20,7.968,oligo,,United States of America,-95.925762,33.73839,7010000010,7020046750.000001,7030047060,4.251968503937007,12.755905511811022,8.503937007874015,6.377952755905511,13.862882400047877,13.067226910522402,13.067226910522402
113269,2017,summer,315.83410016925876,286.8970335608559,351.76429485472266,407.47641193586895,527.5,1361.9718405207063,0.2318947358327979,0.2106482858347277,0.2582757472579146,0.2991812310745598,1.27,5.4,0,4.2,1.92,212.5,156,28.6,0.0444055944055944,NLA17_TX-HP003,43.31875,10,26.27,eu_mixo,,United States of America,-95.925762,33.73839,7010000010,7020046750.000001,7030047060,4.251968503937007,12.755905511811022,8.503937007874015,6.377952755905511,13.862882400047877,13.067226910522402,13.067226910522402
113272,2012,summer,348,323,409,391,553,1471,0.23657375934738273,0.21957851801495581,0.2780421481985044,0.26580557443915703,2.49,9.12,0,3.7,1.53,115.5,156,95,0.02621052631578947,NLA12_TX-R08,113,25,40,eu_mixo,,United States of America,-95.972917,33.73125,7010000010,7020046750.000001,7030047060,3.6626506024096384,10.987951807228916,7.325301204819277,5.493975903614458,13.862882400047877,11.370861778060533,11.370861778060533
113303,2007,summer,414.5118393064381,388.01781884833974,552.3178230112616,272.5330917779637,545.5,1627.3805729440032,0.2547110652528977,0.2384309025800882,0.33939069458847865,0.16746733757853538,9,302.3,302.3,33.6,4.01,325.6,581,15294.9,5.884314379302905e-4,NLA06608-1602,18,14,4.245,oligo,Apache Lake,United States of America,-111.343282,33.591111,7010000010,7020000010,7030008710,33.58888888888889,100.76666666666667,67.17777777777778,50.38333333333333,21.764708358159833,23.98713312712933,23.98713312712933
113313,2012,summer,354.5,275.75,427.5,204,517.5,1261.75,0.28095898553596194,0.21854567069546266,0.33881513770556765,0.16168020606300773,4.1,84.9,84.9,20.7,3.2,85.2,465,15999,2.562660166260391e-4,NLA12_AZ-101,45.5,8,5.0006666665,eu_mixo,Saguaro Lake,United States of America,-111.532292,33.569649,7010000010,7020000010,7030008710,20.70731707317073,62.12195121951221,41.41463414634146,31.060975609756106,17.235548036349485,22.374755420548006,22.374755420548006
113313,2017,summer,388,322,429,238,530,1377,0.28177196804647786,0.23384168482207698,0.3115468409586057,0.1728395061728395,4.1,84.9,84.9,20.7,3.2,85.2,465,15999,2.562660166260391e-4,NLA17_AZ-10001,35.46125,12.5,17.490000000000002,eu_mixo,Saguaro Lake,United States of America,-111.532292,33.569649,7010000010,7020000010,7030008710,20.70731707317073,62.12195121951221,41.41463414634146,31.060975609756106,17.235548036349485,22.374755420548006,22.374755420548006
113317,2012,summer,370,396,462,380.5,558,1608.5,0.23002797637550512,0.24619210444513523,0.2872241218526578,0.2365557973267019,1.77,5,0,2.8,2.92,219.4,219,44.7,0.0395973154362416,NLA12_TX-218,122,22,98,eu_mixo,,United States of America,-97.010352,33.553889,7010000010,7020047840,7030047840.000001,2.824858757062147,8.474576271186441,5.649717514124294,4.237288135593221,14.459560625014944,12.058365618866134,12.058365618866134
113349,2007,summer,434.99341340928277,289.8090910318946,536.171404032376,423.53949435089555,509.5,1684.5134028244488,0.2582309007930259,0.17204320876638166,0.31829453130700497,0.2514313591335875,3,32.6,32.6,10.9,2.8,175.9,173,116,0.02586206896551724,NLA06608-0651,12,0,12.96,oligo,,United States of America,-86.667015,33.459038,7010000010,7020038339.999999,7030042040.000001,10.866666666666669,32.6,21.733333333333338,16.3,15.133428849792946,11.08702827876667,11.08702827876667
113429,2007,summer,580,764,745,675,571,2764,0.2098408104196816,0.276410998552822,0.2695369030390738,0.24421128798842257,4.03,61.7,61.7,15.3,1.44,332.9,810,531.7,0.00757946210268948,NLA06608-1397,367,20,210.6,eu_mixo,Lake Henshaw,United States of America,-116.759717,33.239908,7010000010,7020000010,7030008720,15.310173697270471,45.930521091811414,30.620347394540943,22.965260545905707,14.589003179286493,20.06926747619333,20.06926747619333
113429,2012,summer,662.5,793,817,692,569.5,2964.5,0.2234778208804183,0.2674987350312026,0.27559453533479505,0.23342890875358407,4.03,61.7,61.7,15.3,1.44,332.9,810,531.7,0.00757946210268948,NLA12_CA-102,23.9,55,99,dys,Lake Henshaw,United States of America,-116.759717,33.239908,7010000010,7020000010,7030008720,15.310173697270471,45.930521091811414,30.620347394540943,22.965260545905707,14.589003179286493,20.06926747619333,20.06926747619333
113558,2007,summer,556.9540036895705,548.9459701207201,677.838713553011,478,540,2261.738687363302,0.24625037666878238,0.2427097229170503,0.2996980673939943,0.21134183302017293,3.9,48.6,48.6,12.5,1.64,349.2,143,261.5,0.01491395793499044,NLA06608-2696,75,11,41.76,eu_mixo,,United States of America,-96.72529100000001,32.816257,7010000010,7020047840,7030047840.000001,12.461538461538463,37.384615384615394,24.923076923076927,18.692307692307697,14.711520707975346,13.330130256234668,13.330130256234668
113558,2012,summer,426,492,592,379,560,1889,0.2255161461090524,0.26045526733721547,0.31339332980412915,0.20063525674960297,3.9,48.6,48.6,12.5,1.64,349.2,143,261.5,0.01491395793499044,NLA12_TX-114,95,18,57,eu_mixo,,United States of America,-96.72529100000001,32.816257,7010000010,7020047840,7030047840.000001,12.461538461538463,37.384615384615394,24.923076923076927,18.692307692307697,14.711520707975346,13.330130256234668,13.330130256234668
113558,2017,summer,604.5,692,799,688,561,2783.5,0.21717262439374888,0.24860786779234775,0.28704867971977727,0.2471708280941261,3.9,48.6,48.6,12.5,1.64,349.2,143,261.5,0.01491395793499044,NLA17_TX-10006,86.135,13,60,eu_mixo,,United States of America,-96.72529100000001,32.816257,7010000010,7020047840,7030047840.000001,12.461538461538463,37.384615384615394,24.923076923076927,18.692307692307697,14.711520707975346,13.330130256234668,13.330130256234668
113592,2007,summer,434.84243340288793,463.57023505606,600.8241355760832,344.7881129140922,557,1844.0249169491233,0.23581158226555854,0.2513904398987305,0.32582213507728863,0.1869758427584224,6.83,156.7,156.7,23,2.24,2206.4,495,1218.4,0.00560571240971766,NLA06608-3228,74,10,8.704,eu_mixo,,United States of America,-99.67395800000001,32.613851,7010000010,7020047840,7030047840.000001,22.942898975109802,68.82869692532941,45.885797950219605,34.414348462664705,17.970404231110194,24.86141578009999,21.7932
113618,2017,summer,377,400.5,468,435,558,1680.5,0.22433799464445106,0.23832192799761975,0.2784885450758703,0.2588515322820589,1.2,2.31,0,1.9,2.24,0.1,26,16230.5,7.393487569699024e-5,NLA17_AL-10003,100.4125,35,11.95,eu_mixo,,United States of America,-87.808446,32.525185,7010000010,7020038339.999999,7030042040.000001,1.925,5.775,3.85,2.8875,13.862882400047877,16.33397565865467,16.33397565865467
113630,2007,summer,532.5,525.5,748,473.93121882274573,545,2279.931218822746,0.23355967741647884,0.2304894093565439,0.32808007269019,0.20787084053678712,1.65,55.5,55.5,33.6,2.81,6297.7,464,66.9,0.02466367713004483,NLA06608-TX:15,14,18,3.627,oligo,,United States of America,-98.986281,32.439868,7010000010,7020047840,7030047840.000001,33.63636363636364,100.90909090909092,67.27272727272728,50.45454545454546,14.2813219966547,28.333134929374683,28.333134929374683
113686,2007,summer,393.81768328001687,311.43181438122696,468.31729240829947,311.092382705953,523,1484.6591727754962,0.26525797334602685,0.20976653772934345,0.315437577186691,0.2095379117379387,4.44,113.1,113.1,25.5,2.13,2249.2,520,780,0.00569230769230769,NLA06608-1436,20,11,4.72,oligo,,United States of America,-99.465844,32.032716,7010000010,7020047840,7030047840.000001,25.47297297297297,76.41891891891892,50.94594594594594,38.20945945945946,15.706487779603883,16.56198056749733,18.65376
113707,2007,summer,354.8486865301294,253.56486015003165,381.5753182137137,302.28975489135144,513,1292.278619785226,0.2745914705213528,0.19621531786401727,0.29527325792725,0.23391995368738,4.12,69.2,69.2,16.8,3.45,832.6,135,100,0.0412,NLA06608-TX:19,72,20,8.427,eu_mixo,,United States of America,-95.308862,31.909552,7010000010,7020047840,7030047840.000001,16.796116504854368,50.3883495145631,33.592233009708735,25.19417475728155,17.644216422710425,20.429206549773344,16.764
113707,2012,summer,365.25,289,445.5,364.5,521.5,1464.25,0.24944510841727846,0.197370667577258,0.30425132320300496,0.24893290080245858,4.12,69.2,69.2,16.8,3.45,832.6,135,100,0.0412,NLA12_TX-137,30,15,2.436,oligo,,United States of America,-95.308862,31.909552,7010000010,7020047840,7030047840.000001,16.796116504854368,50.3883495145631,33.592233009708735,25.19417475728155,17.644216422710425,20.429206549773344,16.764
113707,2017,summer,326.7632678774021,222.09149267886346,379.2901606458669,280.60884281667813,505,1208.7537640188107,0.27033071383454815,0.1837359264474706,0.3137861257902684,0.23214723392771275,4.12,69.2,69.2,16.8,3.45,832.6,135,100,0.0412,NLA17_TX-10010,19.43875,5,3.4,oligo,,United States of America,-95.308862,31.909552,7010000010,7020047840,7030047840.000001,16.796116504854368,50.3883495145631,33.592233009708735,25.19417475728155,17.644216422710425,20.429206549773344,16.764
113720,2012,summer,318.75,295,369,337,538.5,1319.75,0.24152301572267476,0.22352718317863232,0.27959840878954345,0.25535139230914944,7.94,87.4,87.4,11,2.77,1445.1,97,92.2,0.08611713665943602,NLA12_TX-121,204,12,40.8,eu_mixo,Big Brown Creek Lake,United States of America,-96.045259,31.810417,7010000010,7020047840,7030047840.000001,11.007556675062972,33.02267002518891,22.015113350125944,16.511335012594454,18.612106156169173,18.774671167024003,18.774671167024003
113731,2012,summer,290,245,303,325,507,1163,0.24935511607910577,0.21066208082545143,0.26053310404127256,0.2794496990541703,1.82,11.43,0,6.3,2.82,348.1,96,37.3,0.04879356568364611,NLA12_TX-141,30,26,7.064,dys,,United States of America,-94.363198,31.709167,7010000010,7020047840,7030047840.000001,6.280219780219779,18.84065934065934,12.560439560439558,9.42032967032967,14.2813219966547,14.185005545807998,14.185005545807998
113731,2017,summer,226,171,296,286.96282036146283,537,979.9628203614628,0.23062099429102736,0.17449641603436142,0.3020522757086022,0.292830313966009,1.82,11.43,0,6.3,2.82,348.1,96,37.3,0.04879356568364611,NLA17_TX-10009,20.39,12,18,oligo,,United States of America,-94.363198,31.709167,7010000010,7020047840,7030047840.000001,6.280219780219779,18.84065934065934,12.560439560439558,9.42032967032967,14.2813219966547,14.185005545807998,14.185005545807998
113742,2007,summer,436,370,461,464.1802583766705,542,1731.1802583766705,0.25185130080494195,0.21372702132529478,0.2662923157593538,0.26812936211040944,3.2,8.4,0,2.6,3.97,96.3,18,49.5,0.06464646464646465,NLA06608-0071,401.3333333333333,12,192.96,eu_mixo,,United States of America,-91.52334800000001,31.617533,7010000010,7020046750.000001,7030047060,2.625,7.875,5.25,3.9375,17.07115749289949,15.3264684599592,15.3264684599592
113742,2012,summer,346,273,417,409,518,1445,0.23944636678200693,0.18892733564013842,0.2885813148788927,0.28304498269896194,3.2,8.4,0,2.6,3.97,96.3,18,49.5,0.06464646464646465,NLA12_LA-101,381,20,96.76666665,eu_mixo,,United States of America,-91.52334800000001,31.617533,7010000010,7020046750.000001,7030047060,2.625,7.875,5.25,3.9375,17.07115749289949,15.3264684599592,15.3264684599592
113742,2017,summer,307.28975797321624,274.17609616367645,382.8429779903265,337.4373013551183,536.5,1301.7461334823374,0.2360596663737935,0.21062178646939425,0.2940995699108954,0.25921897724591686,3.2,8.4,0,2.6,3.97,96.3,18,49.5,0.06464646464646465,NLA17_LA-10001,112.078125,12.5,63.065,eu_mixo,,United States of America,-91.52334800000001,31.617533,7010000010,7020046750.000001,7030047060,2.625,7.875,5.25,3.9375,17.07115749289949,15.3264684599592,15.3264684599592
113766,2007,summer,567.5520943345153,713.7114302481739,786.901611973976,557.3384557495499,564,2625.503592306215,0.21616885080548814,0.27183791800538243,0.29971454401354286,0.2122786871755866,6.07,18.1,18.1,3,3.64,7.5,60,1699.5,0.00357163871726978,NLA06608-0618,23,10,10.173,oligo,,United States of America,-86.47801099999998,31.406467,7010000010,7020038339.999999,7030042040.000001,2.981878088962109,8.945634266886326,5.963756177924218,4.472817133443163,18.983439524873894,7.790013637442666,7.790013637442666
113773,2007,summer,346.7055273949041,318,432,376.72126667676366,530,1473.4267940716677,0.23530556712411752,0.21582341333785493,0.29319407094953875,0.25567694858848883,6.67,60.7,60.7,9.1,2.79,267.7,33,142.3,0.04687280393534785,NLA06608-2823,31,17,24.32,eu_mixo,Cotile Lake,United States of America,-92.723958,31.335643,7010000010,7020046750.000001,7030047060,9.100449775112445,27.301349325337334,18.20089955022489,13.650674662668667,18.379072617471138,14.889548061393334,14.889548061393334
113773,2012,summer,485,390.5,474.5,465.5,500.5,1815.5,0.2671440374552465,0.21509226108510052,0.2613605067474525,0.2564031947122005,6.67,60.7,60.7,9.1,2.79,267.7,33,142.3,0.04687280393534785,NLA12_LA-105,68,22,12.096,eu_mixo,Cotile Lake,United States of America,-92.723958,31.335643,7010000010,7020046750.000001,7030047060,9.100449775112445,27.301349325337334,18.20089955022489,13.650674662668667,18.379072617471138,14.889548061393334,14.889548061393334
113773,2017,summer,310.4854978581586,273.6776270672645,382.46876415793315,345.2276685588378,532,1311.859557642194,0.23667586674917734,0.2086180837521552,0.2915470348406384,0.2631590146580292,6.67,60.7,60.7,9.1,2.79,267.7,33,142.3,0.04687280393534785,NLA17_LA-10002,38.23625,20,20.27,eu_mixo,Cotile Lake,United States of America,-92.723958,31.335643,7010000010,7020046750.000001,7030047060,9.100449775112445,27.301349325337334,18.20089955022489,13.650674662668667,18.379072617471138,14.889548061393334,14.889548061393334
113780,2007,summer,393,337,411,528,502,1669,0.23547034152186938,0.2019173157579389,0.24625524266027563,0.31635710005991613,1.87,7.96,0,4.3,2.55,286,97,17.8,0.1050561797752809,NLA06608-0986,7,5,5.216,oligo,,United States of America,-89.439487,31.297936,7010000010,7020038339.999999,7030042040.000001,4.256684491978609,12.770053475935827,8.513368983957218,6.385026737967913,14.2813219966547,13.935826477497868,13.935826477497868
113780,2012,summer,322,282.5,382.5,387,529,1374,0.23435225618631733,0.20560407569141192,0.27838427947598254,0.2816593886462882,1.87,7.96,0,4.3,2.55,286,97,17.8,0.1050561797752809,NLA12_MS-105,21,28,9.696,dys,,United States of America,-89.439487,31.297936,7010000010,7020038339.999999,7030042040.000001,4.256684491978609,12.770053475935827,8.513368983957218,6.385026737967913,14.2813219966547,13.935826477497868,13.935826477497868
113802,2007,summer,357,276,349,398.0503224408637,498,1380.0503224408637,0.25868621904205796,0.19999270715856582,0.25288932897949085,0.2884317448198853,6.64,47.1,47.1,7.1,3.54,264.5,32,96.7,0.0686659772492244,NLA06608-1863,32,11,61.44,eu_mixo,Indian Creek,United States of America,-92.461497,31.129631,7010000010,7020046750.000001,7030047070,7.093373493975904,21.280120481927714,14.186746987951809,10.640060240963857,19.718295719634607,19.063269145962668,19.063269145962668
113825,2012,summer,523,330,426,401,482,1680,0.3113095238095238,0.19642857142857142,0.25357142857142856,0.2386904761904762,1.31,5.2,0,4,2.27,30.7,31,86.6,0.0151270207852194,NLA12_LA-152,45,20,47.1,eu_mixo,,United States of America,-92.481504,30.828961,7010000010,7020046750.000001,7030047070,3.9694656488549622,11.908396946564887,7.9389312977099245,5.954198473282443,13.862882400047877,13.260867361721468,13.260867361721468
113825,2017,summer,619.888305917821,899.9985506229398,841.7742939944449,564.7817477317828,574,2926.442898266989,0.2118231339094,0.30754010309099494,0.28764418895476673,0.19299257404483824,1.31,5.2,0,4,2.27,30.7,31,86.6,0.0151270207852194,NLA17_LA-10006,79.6075,25,15.88,eu_mixo,,United States of America,-92.481504,30.828961,7010000010,7020046750.000001,7030047070,3.9694656488549622,11.908396946564887,7.9389312977099245,5.954198473282443,13.862882400047877,13.260867361721468,13.260867361721468
113838,2007,summer,409.9408386788066,472.4171156308407,502.8614064120044,459.10276428689053,565.5,1844.3221250085423,0.22227182178216717,0.25614674856684955,0.27265378406154256,0.24892764558944067,5.12,70.9,70.9,13.9,1.72,86.2,28,548.1,0.00934136106549899,NLA06608-0711,74,25,16.32,eu_mixo,Bundicks Lake,United States of America,-93.090482,30.735513,7010000010,7020046750.000001,7030047070,13.847656250000004,41.542968750000014,27.695312500000007,20.771484375000007,15.185681404253561,11.099043746552,11.099043746552
113872,2012,summer,495,467.5,620.5,500,544,2083,0.23763802208353338,0.2244359097455593,0.29788766202592415,0.2400384061449832,1.06,2.77,0,2.6,2.11,117.6,10,12,0.08833333333333333,NLA12_LA-172,427,20,74,eu_mixo,,United States of America,-91.171211,30.421299,7010000010,7020046750.000001,7030047060,2.613207547169811,7.8396226415094334,5.226415094339622,3.9198113207547167,13.862882400047877,12.703149759928003,12.703149759928003
113872,2017,summer,517.478714299275,634.8391831511025,763.7453352648126,734.5321193116954,561.5,2650.595352026886,0.19523112568033585,0.23950814773203566,0.28814105279434055,0.2771196737932878,1.06,2.77,0,2.6,2.11,117.6,10,12,0.08833333333333333,NLA17_LA-10007,236.06125,15,79.6,eu_mixo,,United States of America,-91.171211,30.421299,7010000010,7020046750.000001,7030047060,2.613207547169811,7.8396226415094334,5.226415094339622,3.9198113207547167,13.862882400047877,12.703149759928003,12.703149759928003
114244,2007,summer,392.61413063112786,352.4544242970675,488.81700021631696,407.8624581453405,534.5,1641.7480132898527,0.23914396573221944,0.21468241255294349,0.29774179487922164,0.24843182683561552,4.98,39.9,39.9,8,1.8,5845.6,154,26.8,0.1858208955223881,NLA06608-3303,81,8,35.424,eu_mixo,,United States of America,-98.36903400000001,29.24141,7010000010,7020047840,7030047840.000001,8.012048192771083,24.03614457831325,16.024096385542165,12.018072289156626,15.185681404253561,13.818599221802664,13.818599221802664
114252,2012,summer,464,489,488,502,574,1943,0.23880597014925373,0.251672671127123,0.25115800308800823,0.258363355635615,1.27,2.16,0,1.7,1.03,204.8,20,10.9,0.1165137614678899,NLA12_FL-R04,48,150,5.155555556,eu_mixo,,United States of America,-81.902473,29.227839,7010000010,7020038339.999999,7030042040.000001,1.7007874015748032,5.102362204724409,3.4015748031496065,2.5511811023622046,13.427846663276032,11.462746345522268,11.462746345522268
114356,2007,summer,514.9206215034334,640.8725093551659,727.9052913742514,541.6792740669566,561,2425.377696299807,0.21230533384099476,0.2642361683843678,0.3001203863978607,0.22333811137677678,1.34,1.73,0,1.3,1.21,334.2,213,102.8,0.01303501945525291,NLA06608-1630,57,4,21.44,eu_mixo,,United States of America,-100.123958,28.584633,7010000010,7020047840,7030047840.000001,1.291044776119403,3.873134328358209,2.582089552238806,1.9365671641791045,13.716548576654093,10.002127020724,10.002127020724
114358,2007,summer,216.79091513841666,128.51519262630453,200.8680772938132,152.1936850680324,485,698.3678701265669,0.3104250988796594,0.18402220108295275,0.28762502670320356,0.21792767333418414,7.11,51.1,0,7.2,1.11,162.3,25,304.3,0.02336510023003615,NLA06608-0453,48,125,4.314,eu_mixo,,United States of America,-81.78393699999998,28.578117,7010000010,7020038339.999999,7030042040.000001,7.187060478199718,21.561181434599153,14.374120956399436,10.780590717299576,15.323859374047201,13.222583055604,13.222583055604
114423,2007,summer,339.5,309.5,403.5,306,537,1358.5,0.24990798675009201,0.2278248067721752,0.2970187707029812,0.22524843577475157,2.58,9.04,0,3.5,1.22,52.7,36,190.3,0.01355754072517078,NLA06608-2593,41,23,38.2,eu_mixo,,United States of America,-81.699634,28.091476,7010000010,7020038339.999999,7030042040.000001,3.5038759689922476,10.511627906976743,7.007751937984495,5.255813953488372,13.716548576654093,11.435907925334666,11.435907925334666
114423,2017,summer,293.3133334963543,223.88047931439925,294.73378755153817,199.22766855883782,503,1011.1552689211296,0.29007744162705124,0.22141058470008526,0.2914822249465304,0.19702974872633297,2.58,9.04,0,3.5,1.22,52.7,36,190.3,0.01355754072517078,NLA17_FL-10004,50.71625,55,29.07,eu_mixo,,United States of America,-81.699634,28.091476,7010000010,7020038339.999999,7030042040.000001,3.5038759689922476,10.511627906976743,7.007751937984495,5.255813953488372,13.716548576654093,11.435907925334666,11.435907925334666
114426,2007,summer,210,187.42393408669747,262.01009230180017,193.8568956598197,521,853.2909220483173,0.2461059816456231,0.21964833943948212,0.30705833793807075,0.22718734097682414,9.47,51.43,0,5.4,2.08,512.2,1,87.3,0.10847651775486827,NLA06608-0161,30,24,39,dys,,United States of America,-82.709742,28.078609,7010000010,7020038339.999999,7030042040.000001,5.430834213305174,16.292502639915522,10.861668426610349,8.146251319957761,17.970404231110194,95.14245332000002,95.14245332000002
114432,2007,summer,361.8412430068667,344.9352368064609,570.7177714611071,323,542,1600.4942512744346,0.22608093888418612,0.21551794799125168,0.35658845447689574,0.20181265864766645,3.15,15.67,0,5,1.14,50.4,9,301.5,0.01044776119402985,NLA06608-0609,239,20,187.92,eu_mixo,,United States of America,-82.27713,28.071919,7010000010,7020038339.999999,7030042040.000001,4.974603174603175,14.923809523809524,9.94920634920635,7.461904761904762,13.86961042608177,8.076606503182665,8.076606503182665
114579,2012,summer,551.5,733,748.5,737,569,2770,0.19909747292418772,0.26462093862815883,0.27021660649819496,0.2660649819494585,5.58,12.87,0,2.3,1.9,290.4,5,50.9,0.10962671905697446,NLA12_FL-132,83,32,34.572,eu_mixo,,United States of America,-81.504976,26.416235,7010000010,7020038339.999999,7030042040.000001,2.3064516129032255,6.919354838709677,4.612903225806451,3.4596774193548385,15.706487779603883,11.6232857150048,11.6232857150048
114579,2017,summer,229,304.91135682186643,365.79041018570064,231.80893583763665,564,1131.5107028452037,0.20238429864090146,0.2694727995547558,0.3232761380567715,0.20486676374757126,5.58,12.87,0,2.3,1.9,290.4,5,50.9,0.10962671905697446,NLA17_FL-10008,168.545,53,62.8,eu_mixo,,United States of America,-81.504976,26.416235,7010000010,7020038339.999999,7030042040.000001,2.3064516129032255,6.919354838709677,4.612903225806451,3.4596774193548385,15.706487779603883,11.6232857150048,11.6232857150048
983900,2012,summer,278,268,307,273.5,548,1126.5,0.2467820683533067,0.23790501553484245,0.2725255215268531,0.2427873945849978,0.18,0.63,0,3.5,1.78,282.4,672,28.8,0.00624999999999999,NLA12_MT-126,355,38,1.572,eu_mixo,,United States of America,-104.374412,48.989011,7010000010,7020046750.000001,7030047060,3.5,10.5,7,5.25,12.845233298452376,3.989336472374667,3.989336472374667
984066,2007,summer,428.7368898926183,144,314.48010076140196,197,484,1084.2169906540203,0.3954345795983109,0.13281474210539393,0.2900527324993326,0.18169794579696252,0.48,4.85,0,10,1.09,1039.5,1605,4.1,0.11707317073170732,NLA06608-0001,6,6,0.24,oligo,,United States of America,-114.019292,48.980982,7010000010,7020021430,7030022240.000001,10.104166666666668,30.312500000000004,20.208333333333336,15.156250000000002,12.845233298452376,7.553754081713598,7.553754081713598
984428,2007,summer,463.38812546687114,566,664,733.7649801370367,554,2427.1531056039075,0.19091837445152604,0.23319501299411097,0.2735715346786037,0.30231507787575945,0.61,1.65,0,2.7,1.52,208.1,840,89.6,0.00680803571428571,NLA06608-1856,1129,38,5.184,eu_mixo,,United States of America,-109.749634,48.960902,7010000010,7020046750.000001,7030047060,2.7049180327868854,8.114754098360654,5.409836065573771,4.057377049180327,13.133057485130518,3.066413765869733,3.066413765869733
984428,2012,summer,285,244,324,285,521,1138,0.2504393673110721,0.21441124780316345,0.28471001757469244,0.2504393673110721,0.61,1.65,0,2.7,1.52,208.1,840,89.6,0.00680803571428571,NLA12_MT-103,339,29,3.296,eu_mixo,,United States of America,-109.749634,48.960902,7010000010,7020046750.000001,7030047060,2.7049180327868854,8.114754098360654,5.409836065573771,4.057377049180327,13.133057485130518,3.066413765869733,3.066413765869733
984510,2007,summer,249.43449991491548,114.99593432370982,248.17137231444005,140.41869622252756,491,753.0205027755928,0.33124529676883085,0.15271288616955453,0.3295678821488841,0.1864739349127306,0.71,5.03,0,7.1,1.96,33.8,769,135.4,0.0052437223042836,NLA06608-0065,2.5,3.25,0.76425,oligo,,United States of America,-115.126692,48.956857,7010000010,7020014250,7030014930,7.084507042253522,21.253521126760567,14.169014084507044,10.626760563380284,13.583039724003136,4.980265740474665,4.980265740474665
984510,2012,summer,333,206,329,277,494,1145,0.2908296943231441,0.1799126637554585,0.2873362445414847,0.24192139737991267,0.71,5.03,0,7.1,1.96,33.8,769,135.4,0.0052437223042836,NLA12_MT-105,20,12,1.014,oligo,,United States of America,-115.126692,48.956857,7010000010,7020014250,7030014930,7.084507042253522,21.253521126760567,14.169014084507044,10.626760563380284,13.583039724003136,4.980265740474665,4.980265740474665
984510,2017,summer,653.0689220360985,421.8170289747585,608.7639330565057,482.77711016625653,490.5,2166.426994233619,0.3014497713398017,0.1947063206364716,0.28099905266914293,0.22284485535458376,0.71,5.03,0,7.1,1.96,33.8,769,135.4,0.0052437223042836,NLA17_MT-10008,11.8875,7,1.46,oligo,,United States of America,-115.126692,48.956857,7010000010,7020014250,7030014930,7.084507042253522,21.253521126760567,14.169014084507044,10.626760563380284,13.583039724003136,4.980265740474665,4.980265740474665
984525,2017,summer,513.4129951586619,318.4728782121108,450.2217260389673,384.5284536450136,490,1666.6360530547536,0.30805345547255775,0.19108723684957277,0.2701379975632726,0.23072131011459693,0.14,0.8,0,5.9,1.31,3082.2,768,0.3,0.46666666666666673,NLA17_MT-10104,11.5059,5,4.69,oligo,,United States of America,-115.106746,48.956066,7010000010,7020014250,7030014930,5.714285714285714,17.142857142857142,11.428571428571429,8.571428571428571,12.845233298452376,7.5438797563506705,7.5438797563506705
984526,2012,summer,202,146,209,220,499,777,0.25997425997426,0.1879021879021879,0.26898326898326896,0.28314028314028317,0.31,1.13,0,3.6,1.35,6521,649,1.7,0.18235294117647055,NLA12_ND-178,51,19,2.868,eu_mixo,,United States of America,-99.835162,48.95627,7010000010,7020021430,7030022240.000001,3.64516129032258,10.935483870967742,7.29032258064516,5.467741935483871,12.845233298452376,6.362090423054934,6.362090423054934
984526,2017,summer,250.5,210.74400380926411,294.74350560028813,315.7277826190873,514,1071.7152920286394,0.23373745048074382,0.1966417810558146,0.27502034149608057,0.29460042696736116,0.31,1.13,0,3.6,1.35,6521,649,1.7,0.18235294117647055,NLA17_ND-10014,42.78875,10,5.68,eu_mixo,,United States of America,-99.835162,48.95627,7010000010,7020021430,7030022240.000001,3.64516129032258,10.935483870967742,7.29032258064516,5.467741935483871,12.845233298452376,6.362090423054934,6.362090423054934
984769,2017,summer,294,417.2663272589856,451.32960481673376,422.25845713248947,561,1584.8543892082087,0.18550600105722145,0.2632836998151302,0.28477670118465426,0.26643359794299415,0.18,0.58,0,3.3,1.62,268.8,639,18.8,0.00957446808510638,NLA17_ND-10077,105.00625,33,8.69,eu_mixo,,United States of America,-99.881539,48.942725,7010000010,7020021430,7030022240.000001,3.2222222222222223,9.666666666666668,6.444444444444445,4.833333333333334,12.845233298452376,4.3348519675898665,4.3348519675898665
985220,2017,summer,209.1518348759243,147.04811672639832,256.2596738848621,253.1742816290286,510,865.6339071162133,0.24161696203964106,0.16987333273054978,0.2960370103090921,0.2924726949207171,0.16,0.43,0,2.8,1.42,2514.6,643,1.8,0.08888888888888889,NLA17_ND-HP002,29.3825,18,5.46,oligo,,United States of America,-99.794792,48.916196,7010000010,7020021430,7030022240.000001,2.6875,8.062499999999998,5.375,4.031249999999999,12.845233298452376,6.618657945247602,6.618657945247602
985281,2007,summer,385,133,289,159.5,487,966.5,0.3983445421624418,0.13760993274702535,0.2990170719089498,0.16502845318158302,0.94,6.78,0,7.2,2.61,114.5,1481,59.4,0.01582491582491582,NLA06608-0833,1,0,0.792,oligo,,United States of America,-113.778358,48.913324,7010000010,7020021430,7030022240.000001,7.21276595744681,21.638297872340427,14.42553191489362,10.819148936170214,13.862882400047877,9.464568518108269,9.464568518108269
985620,2007,summer,497.78202227922236,617.311585642079,730.8258548696948,367.5213638963726,560.5,2213.440826687369,0.22489059399170927,0.2788922921268902,0.3301763688724615,0.166040745008939,0.17,0.44,0,2.6,1.13,367,1209,14.1,0.01205673758865248,NLA06608-0064,1579,23.666666666666668,25.958886666666665,eu_mixo,,United States of America,-112.168703,48.893867,7010000010,7020046750.000001,7030047060,2.5882352941176467,7.764705882352941,5.1764705882352935,3.8823529411764706,12.845233298452376,3.977184605309866,3.977184605309866
985620,2012,summer,377.5,412,495.5,330,537,1615,0.23374613003095976,0.25510835913312696,0.30681114551083594,0.2043343653250774,0.17,0.44,0,2.6,1.13,367,1209,14.1,0.01205673758865248,NLA12_MT-108,1344,32,8.56,eu_mixo,,United States of America,-112.168703,48.893867,7010000010,7020046750.000001,7030047060,2.5882352941176467,7.764705882352941,5.1764705882352935,3.8823529411764706,12.845233298452376,3.977184605309866,3.977184605309866
985620,2017,summer,442.8631235892221,478.4081717318404,628.9458019347303,427.5,561.5,1977.7170972557929,0.22392642719412326,0.24189919397251605,0.3180160614515758,0.2161583173817849,0.17,0.44,0,2.6,1.13,367,1209,14.1,0.01205673758865248,NLA17_MT-10006,2169.975,30,46.98,eu_mixo,,United States of America,-112.168703,48.893867,7010000010,7020046750.000001,7030047060,2.5882352941176467,7.764705882352941,5.1764705882352935,3.8823529411764706,12.845233298452376,3.977184605309866,3.977184605309866
986382,2012,summer,650,1095,1349,655,564,3749,0.17337956788476927,0.29207788743664975,0.35982928781008267,0.17471325686849826,0.6,1.81,0,3,2.22,49.4,622,806.3,7.441398983008806e-4,NLA12_MT-154,3436,34,35.77142857,eu_mixo,,United States of America,-104.058222,48.849658,7010000010,7020046750.000001,7030047060,3.016666666666667,9.050000000000002,6.033333333333334,4.525000000000001,13.290846197227037,4.498148462347199,4.498148462347199
986586,2012,summer,470,499,622,292,557,1883,0.2496016994158258,0.26500265533722783,0.330323951141795,0.15507169410515134,0.5,2.09,0,4.2,1.55,4848,817,80.3,0.0062266500622665,NLA12_MT-118,1378,34,13.28,eu_mixo,,United States of America,-108.00625,48.835006,7010000010,7020046750.000001,7030047060,4.18,12.54,8.36,6.27,12.845233298452376,2.771061540159199,2.771061540159199
986586,2017,summer,403,370,485,355.1251186551055,552,1613.1251186551056,0.24982563059707924,0.22936844496506034,0.30065863731906556,0.22014728711879483,0.5,2.09,0,4.2,1.55,4848,817,80.3,0.0062266500622665,NLA17_MT-10009,810.075,30,6.7,eu_mixo,,United States of America,-108.00625,48.835006,7010000010,7020046750.000001,7030047060,4.18,12.54,8.36,6.27,12.845233298452376,2.771061540159199,2.771061540159199
987148,2017,summer,459.3884588512095,272.0653843319104,430.95408198118616,346.8723778416696,492.5,1509.2803030059758,0.30437583922367706,0.18026166762399815,0.28553614668055455,0.22982634647177014,0.5,3.66,0,7.3,2.19,378.7,960,10.5,0.04761904761904761,NLA17_MT-10022,13.76875,5,2.5,oligo,,United States of America,-115.005063,48.801183,7010000010,7020014250,7030014930,7.32,21.96,14.64,10.98,13.290846197227037,6.402145489143866,6.402145489143866
987841,2012,summer,161,101,148,253,490,663,0.24283559577677225,0.15233785822021115,0.22322775263951736,0.3815987933634992,0.23,1.34,0,5.9,1.43,40.3,802,29.3,0.00784982935153583,NLA12_ID-112,47.5,31.5,4.0920000000000005,eu_mixo,,United States of America,-116.089835,48.75613,7010000010,7020014250,7030014930,5.826086956521739,17.47826086956522,11.652173913043478,8.73913043478261,12.845233298452376,4.015576495907999,4.015576495907999
987841,2017,summer,211.73837232299255,119.76028060291422,177.5146017243738,236.48903789896744,485.5,745.502292549248,0.28402108811624494,0.16064374556568228,0.23811409233546676,0.31722107398260607,0.23,1.34,0,5.9,1.43,40.3,802,29.3,0.00784982935153583,NLA17_ID-10006,40.041250000000005,28.5,13.89,eu_mixo,,United States of America,-116.089835,48.75613,7010000010,7020014250,7030014930,5.826086956521739,17.47826086956522,11.652173913043478,8.73913043478261,12.845233298452376,4.015576495907999,4.015576495907999
988463,2007,summer,308.3007644128427,311,393.5,367.5,540.5,1380.3007644128427,0.22335767128549608,0.22531321290131598,0.2850827951018258,0.2662463207113621,0.17,0.41,0,2.4,1.54,587.5,669,44,0.00386363636363636,NLA06608-0384,68,31,3.387,eu_mixo,,United States of America,-103.14270800000001,48.71563,7010000010,7020046750.000001,7030047060,2.411764705882353,7.235294117647059,4.823529411764706,3.6176470588235294,12.845233298452376,3.629679999833334,3.629679999833334
988690,2017,summer,312,225,276,252,496,1065,0.29295774647887324,0.2112676056338028,0.2591549295774648,0.23661971830985915,0.53,3.76,0,7.1,1.24,366,139,4.4,0.12045454545454544,NLA17_WA-10017,15.9359,3,5.55,oligo,,United States of America,-122.45204,48.702129,7010000010,7020014250,7030014940,7.094339622641509,21.28301886792453,14.188679245283017,10.641509433962264,12.845233298452376,10.638283826872,10.638283826872
989147,2007,summer,252.44947083265038,132.29947918046562,266.9560998423957,218.74596386747334,494,870.451013722985,0.29002145652390576,0.1519895744788793,0.30668710316115805,0.25130186583605696,0.42,3.02,0,7.2,2.01,383.8,1114,7.8,0.05384615384615384,NLA06608-2177,3,5,1.389,oligo,,United States of America,-114.737058,48.675304,7010000010,7020014250,7030014930,7.190476190476191,21.571428571428577,14.380952380952381,10.785714285714288,13.129303305430637,6.784692168532531,6.784692168532531
989147,2017,summer,321.92271250099895,188.84423582540236,291.3130293511965,271.19283412374676,492,1073.2728118013447,0.29994490586293227,0.17595175592723028,0.27142495938406064,0.25267837882577676,0.42,3.02,0,7.2,2.01,383.8,1114,7.8,0.05384615384615384,NLA17_MT-HP002,13.43125,27,1.26,dys,,United States of America,-114.737058,48.675304,7010000010,7020014250,7030014930,7.190476190476191,21.571428571428577,14.380952380952381,10.785714285714288,13.129303305430637,6.784692168532531,6.784692168532531
989176,2017,summer,422,473.2847124315643,543.6845703171199,414.97462680192587,562,1853.94390955061,0.22762285192451773,0.25528534600935526,0.29325837071786454,0.2238334313482625,0.25,0.63,0,2.5,1.15,3628.6,478,1.3,0.1923076923076923,NLA17_ND-10026,4143.575,30,27.54,eu_mixo,,United States of America,-99.976042,48.67369,7010000010,7020021430,7030022240.000001,2.52,7.5600000000000005,5.04,3.7800000000000002,12.845233298452376,10.535329549380002,10.535329549380002
989454,2007,summer,296.43460837553545,236.62835300948277,318.44527448341614,297.50599604434944,503,1149.0142319127838,0.2579903713481909,0.20594031513044314,0.27714650144349806,0.2589228120778679,0.6,5.1,0,8.4,1.73,584.2,294,5,0.12,NLA06608-3153,1,2,1.499,oligo,,United States of America,-122.814693,48.656291,7010000010,7020014250,7030014940,8.499999999999998,25.5,16.999999999999996,12.75,13.129303305430637,12.524066646753337,12.524066646753337
989957,2012,summer,282,223,326,223,504,1054,0.2675521821631879,0.21157495256166983,0.3092979127134725,0.21157495256166983,0.27,0.74,0,2.7,1.08,857.6,1409,1.1,0.24545454545454545,NLA12_MT-143,29,20,0.63,oligo,,United States of America,-113.106631,48.619771,7010000010,7020046750.000001,7030047060,2.7407407407407405,8.222222222222221,5.481481481481481,4.111111111111111,12.845233298452376,7.616141843321869,7.616141843321869
989957,2017,summer,302.09528395660357,225.50015809824046,348.57690904305605,251.6235708236608,511,1127.7959219215609,0.26786342997400425,0.1999476622632478,0.3090780009641672,0.22311090679858073,0.27,0.74,0,2.7,1.08,857.6,1409,1.1,0.24545454545454545,NLA17_MT-10012,15.66965,23,1.35,dys,,United States of America,-113.106631,48.619771,7010000010,7020046750.000001,7030047060,2.7407407407407405,8.222222222222221,5.481481481481481,4.111111111111111,12.845233298452376,7.616141843321869,7.616141843321869
990716,2012,summer,298,352,392,247,564,1289,0.23118696664080682,0.2730799069045772,0.30411171450737007,0.19162141194724594,0.85,2.57,0,3,1.84,354,601,460.4,0.00184622067767159,NLA12_ND-186,68,24,8.16,eu_mixo,,United States of America,-103.665962,48.570085,7010000010,7020046750.000001,7030047060,3.023529411764706,9.07058823529412,6.047058823529412,4.53529411764706,13.716548576654093,5.603474208882133,5.603474208882133
990764,2012,summer,126,87,115.5,128.5,489.5,457,0.27571115973741794,0.19037199124726478,0.2527352297592998,0.2811816192560175,0.22,0.94,0,4.3,1.35,85.4,49,6.5,0.03384615384615384,NLA12_WA-133,57.5,32.5,9.04,eu_mixo,,United States of America,-123.070282,48.56747,7010000010,7020014250,7030014940,4.2727272727272725,12.818181818181818,8.545454545454545,6.409090909090909,12.845233298452376,12.112300589679998,12.112300589679998
990963,2012,summer,350,484,640,287,561,1761,0.19875070982396364,0.27484383872799545,0.3634298693923907,0.1629755820556502,0.39,0.93,0,2.4,1.21,514.4,484,19.5,0.02,NLA12_ND-162,88,20,21.6,eu_mixo,,United States of America,-99.931287,48.554303,7010000010,7020021430,7030022240.000001,2.3846153846153846,7.153846153846154,4.769230769230769,3.576923076923077,12.845233298452376,4.46980468206,4.46980468206
991773,2007,summer,206.65249532440149,68.29699971357155,146.14261917397118,105.2450592679516,483.5,526.3371734798959,0.3926237889642329,0.12975902739687498,0.2776596952249151,0.19995748841397684,0.15,1.37,0,9,1.16,140.5,1463,5,0.03,NLA06608-R10RAINYL,3,2,0.532,oligo,,United States of America,-120.735978,48.50232,7010000010,7020014250,7030014930,9.133333333333335,27.40000000000001,18.26666666666667,13.700000000000005,12.845233298452376,5.068603351882667,5.068603351882667
991773,2017,summer,187,59,165,125,491,536,0.34888059701492535,0.11007462686567164,0.30783582089552236,0.2332089552238806,0.15,1.37,0,9,1.16,140.5,1463,5,0.03,NLA17_WA-HP002,3.89125,15,0.45,oligo,,United States of America,-120.735978,48.50232,7010000010,7020014250,7030014930,9.133333333333335,27.40000000000001,18.26666666666667,13.700000000000005,12.845233298452376,5.068603351882667,5.068603351882667
992109,2017,summer,355,422.84558628924157,491,336,562,1604.8455862892415,0.22120508230379884,0.26348054286453454,0.30594843777793024,0.20936593705373638,0.18,0.33,0,1.8,1.6,-1,588,0.4,0.45,NLA17_MT-10055,108.71,40,12.76,eu_mixo,,United States of America,-104.35486,48.480211,7010000010,7020046750.000001,7030047060,1.8333333333333333,5.500000000000001,3.6666666666666665,2.7500000000000004,12.845233298452376,8.468892061648534,8.468892061648534
992298,2017,summer,231.72262659132275,135.04340582516983,218.8010974985453,228.5917289126916,492,814.1588588277294,0.2846159862768916,0.16586861932524166,0.26874496927244285,0.28077042512542394,0.17,0.74,0,4.4,1.34,1064.8,939,0.6,0.2833333333333334,NLA17_MT-10084,21.0809,13,1.55,oligo,,United States of America,-114.45520800000001,48.469259,7010000010,7020014250,7030014930,4.352941176470588,13.058823529411761,8.705882352941176,6.5294117647058805,12.845233298452376,7.085417364296533,7.085417364296533
992443,2007,summer,181.75,121,216.34059025526835,164.56711459015827,508.5,683.6577048454267,0.26584941369320664,0.17698915574623386,0.31644577209026326,0.24071565847029616,0.6,3.49,0,5.8,1.13,95.8,762,27.9,0.02150537634408602,NLA06608-3329,10,13,3.704,oligo,,United States of America,-116.827026,48.460377,7010000010,7020014250,7030014930,5.816666666666668,17.450000000000003,11.633333333333336,8.725000000000001,12.845233298452376,5.423185159852665,5.423185159852665
992443,2012,summer,150,86,131,152,488,519,0.28901734104046245,0.16570327552986513,0.2524084778420039,0.2928709055876686,0.6,3.49,0,5.8,1.13,95.8,762,27.9,0.02150537634408602,NLA12_ID-102,29,13,1.432,oligo,,United States of America,-116.827026,48.460377,7010000010,7020014250,7030014930,5.816666666666668,17.450000000000003,11.633333333333336,8.725000000000001,12.845233298452376,5.423185159852665,5.423185159852665
992443,2017,summer,289.18939145491515,152.92181733366544,223.100407349554,204.86720306741185,491,870.0788192055464,0.332371487584273,0.1757562808772838,0.256414019540509,0.23545821199793424,0.6,3.49,0,5.8,1.13,95.8,762,27.9,0.02150537634408602,NLA17_ID-10003,12.01125,10,2.62,oligo,,United States of America,-116.827026,48.460377,7010000010,7020014250,7030014930,5.816666666666668,17.450000000000003,11.633333333333336,8.725000000000001,12.845233298452376,5.423185159852665,5.423185159852665
993234,2007,summer,184.6854894792034,166.08753895602786,253.55058161940056,226.5,533.5,830.8236100546318,0.22229205723590256,0.19990710055183264,0.3051797981556254,0.27262104405663945,0.21,1.95,0,9.2,1.55,89.6,707,30.2,0.00695364238410596,NLA06608-0641,49,16,25.44,eu_mixo,,United States of America,-117.665655,48.415527,7010000010,7020014250,7030014930,9.285714285714286,27.857142857142854,18.571428571428573,13.928571428571427,12.845233298452376,4.493895426639999,4.493895426639999
993234,2012,summer,205.25,165,211,207,503,788.25,0.2603869330796067,0.2093244529019981,0.26768157310497936,0.2626070409134158,0.21,1.95,0,9.2,1.55,89.6,707,30.2,0.00695364238410596,NLA12_WA-112,93,50,45.33333333,eu_mixo,,United States of America,-117.665655,48.415527,7010000010,7020014250,7030014930,9.285714285714286,27.857142857142854,18.571428571428573,13.928571428571427,12.845233298452376,4.493895426639999,4.493895426639999
993442,2012,summer,160,97.5,137.25,206,486.5,600.75,0.2663337494798169,0.16229712858926343,0.22846441947565543,0.3429047024552643,0.12,0.58,0,4.7,1.31,38.5,1093,11.8,0.01016949152542372,NLA12_WA-126,40,18,6.331428571,eu_mixo,,United States of America,-117.180491,48.403611,7010000010,7020014250,7030014930,4.833333333333334,14.5,9.666666666666668,7.25,12.845233298452376,4.379603959754667,4.379603959754667
993513,2012,summer,153.5,103,143.5,229,491,629,0.24403815580286167,0.16375198728139906,0.22813990461049286,0.3640699523052464,0.26,1.39,0,5.3,1.67,461,344,4.3,0.06046511627906977,NLA12_MN-130,31,125,7.536,eu_mixo,,United States of America,-92.662698,48.400139,7010000010,7020021430,7030022240.000001,5.346153846153846,16.03846153846154,10.692307692307692,8.01923076923077,12.845233298452376,10.590310828609734,10.590310828609734
993513,2017,summer,229.5,173.5,219,394.5,498,1016.5,0.22577471716674866,0.1706837186424004,0.21544515494343336,0.3880964092474176,0.26,1.39,0,5.3,1.67,461,344,4.3,0.06046511627906977,NLA17_MN-10014,24.5275,80,9.84,dys,,United States of America,-92.662698,48.400139,7010000010,7020021430,7030022240.000001,5.346153846153846,16.03846153846154,10.692307692307692,8.01923076923077,12.845233298452376,10.590310828609734,10.590310828609734
993592,2007,summer,139,93.65441002814718,154.50071661160888,126.14035165907202,490,513.2954782988281,0.2707991904792849,0.18245711093839767,0.30099761861074165,0.24574607997157571,0.45,2.26,0,5.1,1.56,201.2,3,8.1,0.05555555555555556,NLA06608-0337,23,35,7.84,dys,,United States of America,-122.658881,48.395436,7010000010,7020014250,7030014940,5.022222222222222,15.066666666666666,10.044444444444444,7.533333333333333,12.845233298452376,9.217546851982934,9.217546851982934
993607,2012,summer,206,129,190.5,212.5,491,738,0.2791327913279133,0.17479674796747968,0.258130081300813,0.287940379403794,0.1,0.62,0,6.2,1.62,1187.4,714,0.7,0.14285714285714288,NLA12_WA-131,95,28,2.176,eu_mixo,,United States of America,-120.184745,48.394343,7010000010,7020014250,7030014930,6.2,18.599999999999998,12.4,9.299999999999999,12.845233298452376,6.938395092190669,6.938395092190669
993607,2017,summer,230.8384680218029,178.05621901318193,278.5,275,547.5,962.3946870349848,0.23985841893307489,0.18501371777285097,0.28938231242529294,0.2857455508687812,0.1,0.62,0,6.2,1.62,1187.4,714,0.7,0.14285714285714288,NLA17_WA-10013,31.185,15,1.59,eu_mixo,,United States of America,-120.184745,48.394343,7010000010,7020014250,7030014930,6.2,18.599999999999998,12.4,9.299999999999999,12.845233298452376,6.938395092190669,6.938395092190669
994306,2012,summer,327,367,416,296,559,1406,0.232574679943101,0.26102418207681366,0.2958748221906117,0.21052631578947367,0.84,3.94,0,4.7,1.26,845.3,643,41.6,0.02019230769230769,NLA12_ND-155,3590,32,0.708,eu_mixo,,United States of America,-102.13849200000001,48.355335,7010000010,7020046750.000001,7030047060,4.69047619047619,14.071428571428573,9.38095238095238,7.0357142857142865,13.427846663276032,5.485955509543998,5.485955509543998
995121,2007,summer,369.05840459137096,341.8883724268929,431.81241369054584,330.77988532387354,537,1473.5390760326832,0.2504571548825253,0.23201853143072657,0.29304442665554953,0.22447988703119864,0.23,1.02,0,4.4,1.48,5883.5,1012,3.1,0.07419354838709677,NLA06608-1600,63,7,13.008,eu_mixo,,United States of America,-109.084375,48.311253,7010000010,7020046750.000001,7030047060,4.434782608695652,13.304347826086957,8.869565217391305,6.6521739130434785,12.845233298452376,6.391262060563199,6.391262060563199
995514,2012,summer,208,129,198.5,233.5,490,769,0.270481144343303,0.16775032509752927,0.25812743823146944,0.3036410923276983,0.2,0.83,0,4.2,1.25,385.7,688,13.3,0.0150375939849624,NLA12_WA-120,50,14,1.4868,eu_mixo,,United States of America,-118.320502,48.291298,7010000010,7020014250,7030014930,4.15,12.45,8.3,6.225,12.845233298452376,4.980787702916534,4.980787702916534
995807,2012,summer,216,224,356,190,511,986,0.21906693711967545,0.22718052738336714,0.36105476673427994,0.1926977687626775,0.28,1.58,0,5.6,1.12,41,678,28.1,0.0099644128113879,NLA12_ID-207,43,21,5.448,eu_mixo,,United States of America,-116.830806,48.277794,7010000010,7020014250,7030014930,5.642857142857142,16.928571428571427,11.285714285714285,8.464285714285714,12.845233298452376,3.7742964350413337,3.7742964350413337
996535,2007,summer,350.7392614495088,382,469,296,558,1497.7392614495088,0.23417911947508413,0.25505106918964066,0.31313861636110335,0.19763119497417184,0.36,1.25,0,3.4,1.13,760.1,1469,2,0.18,NLA06608-0385,51,22,2.312,eu_mixo,,United States of America,-112.864583,48.243203,7010000010,7020046750.000001,7030047060,3.4722222222222223,10.416666666666666,6.944444444444445,5.208333333333333,12.845233298452376,7.0782164920565345,7.0782164920565345
996535,2012,summer,273,285.5,402.5,253,556,1214,0.22487644151565075,0.23517298187808897,0.3315485996705107,0.20840197693574958,0.36,1.25,0,3.4,1.13,760.1,1469,2,0.18,NLA12_MT-107,42,20,6.616,eu_mixo,,United States of America,-112.864583,48.243203,7010000010,7020046750.000001,7030047060,3.4722222222222223,10.416666666666666,6.944444444444445,5.208333333333333,12.845233298452376,7.0782164920565345,7.0782164920565345
997370,2007,summer,945,1608,1422.888460321374,1402.6168999659867,576,5378.50536028736,0.17569936937824507,0.2989678158309186,0.26455090494608197,0.2607819098447544,0.51,1.27,0,2.5,1.59,915.5,762,48.9,0.01042944785276073,NLA06608-0944,523,33,25.227,eu_mixo,,United States of America,-108.077297,48.202001,7010000010,7020046750.000001,7030047060,2.4901960784313726,7.470588235294118,4.980392156862745,3.735294117647059,12.845233298452376,2.7446128275153328,2.7446128275153328
997665,2007,summer,176.92345307315355,112,157.45247516423854,181.43298762365953,490,627.8089158610517,0.28181099153474065,0.17839823100694566,0.2507968128300464,0.28899396462826715,0.48,2.76,0,5.8,1.47,561,698,3.6,0.13333333333333333,NLA06608-2305,9,9,6.537,oligo,,United States of America,-116.52678700000001,48.188563,7010000010,7020014250,7030014930,5.75,17.249999999999996,11.5,8.624999999999998,12.845233298452376,4.628373679533066,4.628373679533066
997665,2012,summer,195.5,110.5,172,250,488.5,728,0.26854395604395603,0.15178571428571427,0.23626373626373626,0.3434065934065934,0.48,2.76,0,5.8,1.47,561,698,3.6,0.13333333333333333,NLA12_ID-105,29,15,2.824,oligo,,United States of America,-116.52678700000001,48.188563,7010000010,7020014250,7030014930,5.75,17.249999999999996,11.5,8.624999999999998,12.845233298452376,4.628373679533066,4.628373679533066
997684,2007,summer,272,274.68835737846973,308.5337015161579,386,543,1241.2220588946277,0.2191388704791712,0.22130476606506164,0.24857252520223747,0.3109838382535297,0.27,0.75,0,2.8,2.15,33.4,456,200.9,0.00134395221503235,NLA06608-0659,432,35,24.144,eu_mixo,,United States of America,-98.061927,48.187812,7010000010,7020021430,7030022240.000001,2.7777777777777772,8.333333333333334,5.5555555555555545,4.166666666666667,12.845233298452376,11.981975677069329,11.981975677069329
998058,2012,summer,488,258,521,249.5,494.5,1516.5,0.3217936036927135,0.17012858555885263,0.3435542367293109,0.164523574019123,0.82,5.3,0,6.5,1.48,168.4,1006,24.5,0.03346938775510204,NLA12_MT-164,9.5,6.5,1.499,oligo,,United States of America,-114.364576,48.16819,7010000010,7020014250,7030014930,6.463414634146342,19.39024390243903,12.926829268292684,9.695121951219514,13.555005684857694,7.694002496124933,7.694002496124933
998089,2007,summer,254,239,306.5,297.5,543.5,1097,0.2315405651777575,0.2178669097538742,0.27939835916134914,0.27119416590701917,0.36,1.91,0,5.2,1.13,2009.5,371,1.1,0.3272727272727272,NLA06608-1150,11,10,3.792,oligo,,United States of America,-92.11263,48.166829,7010000010,7020021430,7030022240.000001,5.305555555555555,15.916666666666666,10.61111111111111,7.958333333333333,12.845233298452376,12.740720863857868,12.740720863857868
998699,2007,summer,287.9573474742366,177.19745013907092,381.47667172338583,174.4873766157712,513,1021.1188459524647,0.2820017950071618,0.17353264102552843,0.3735869465493583,0.17087861741795135,0.2,0.67,0,3.3,1.07,409.3,618,3.6,0.05555555555555556,NLA06608-0449,16,7,4.391,oligo,,United States of America,-117.691909,48.137898,7010000010,7020014250,7030014930,3.35,10.05,6.7,5.025,12.845233298452376,5.4553239229978665,5.4553239229978665
998700,2007,summer,630.8047869219265,743,881.8427471755786,531.8194229154706,559,2787.4669570129754,0.22630036396840064,0.26655024488476525,0.31635989261036956,0.19078949853646462,0.96,2.77,0,2.9,1.56,32068.6,764,4.4,0.21818181818181817,NLA06608-1968,255,18,94.933,eu_mixo,,United States of America,-108.18958300000001,48.13774,7010000010,7020046750.000001,7030047060,2.885416666666667,8.65625,5.770833333333334,4.328125,13.716548576654093,4.845444891126132,4.845444891126132
999761,2017,summer,566.0060957708649,695,805,674,567,2740.0060957708647,0.2065711082338401,0.25364907073481197,0.29379496682233613,0.2459848542090119,0.13,0.31,0,2.5,1.37,-1,854,0.3,0.43333333333333335,NLA17_MT-10059,266.48125,30,94.47,eu_mixo,,United States of America,-108.384375,48.084681,7010000010,7020046750.000001,7030047060,2.384615384615384,7.153846153846154,4.769230769230768,3.576923076923077,12.845233298452376,7.466855589984004,7.466855589984004
1000194,2007,summer,187.4354894792034,113.97244279216616,201.5,200.60307896888534,503,703.5110112402549,0.26642865070265775,0.1620052010148902,0.2864205346903747,0.2851456135920774,0.25,1.91,0,7.5,1.62,208.2,585,10,0.025,NLA06608-3265,7,10,1.768,oligo,,United States of America,-117.411037,48.060281,7010000010,7020014250,7030014930,7.64,22.919999999999998,15.28,11.459999999999999,12.845233298452376,5.882501193469067,5.882501193469067
1000409,2017,summer,205.82121441019163,142.51389766025727,244.3036316330386,245.79515571206417,505.5,838.4338994155517,0.24548293497396007,0.1699763067304407,0.2913809088627448,0.29315984943285445,0.14,0.6,0,4.1,1.62,2295.6,446,0.3,0.46666666666666673,NLA17_MN-10028,5.975,18,4.6,oligo,,United States of America,-91.304517,48.050187,7010000010,7020021430,7030022240.000001,4.285714285714285,12.857142857142856,8.57142857142857,6.428571428571428,12.845233298452376,8.6212788892332,8.6212788892332
1000537,2007,summer,192.5,112.96401835613278,180.90998852051914,233.59241344837844,493,719.9664203250304,0.2673735809971463,0.156901787593281,0.2512755920461498,0.32444903936342284,0.52,2.33,0,4.5,2.2,561.7,524,3.2,0.1625,NLA06608-0890,8,28,3.384,dys,,United States of America,-90.417708,48.043158,7010000010,7020024600,7030034520,4.480769230769231,13.442307692307692,8.961538461538462,6.721153846153846,13.290846197227037,7.898675623970665,8.7
1000758,2012,summer,351,243,359,223,499,1176,0.29846938775510207,0.2066326530612245,0.3052721088435374,0.18962585034013604,0.33,1.94,0,5.8,1.39,478.5,720,9,0.03666666666666667,NLA12_WA-124,25,14,41.84,oligo,,United States of America,-118.897683,48.033208,7010000010,7020014250,7030014930,5.878787878787878,17.636363636363633,11.757575757575756,8.818181818181817,12.845233298452376,5.413473365976533,5.413473365976533
1000758,2017,summer,300.54786300361627,274,419,215.42793094197063,536,1208.975793945587,0.24859708896466393,0.2266381191188118,0.3465743500393509,0.17819044187717337,0.33,1.94,0,5.8,1.39,478.5,720,9,0.03666666666666667,NLA17_WA-10010,32.65,25,3.91,eu_mixo,,United States of America,-118.897683,48.033208,7010000010,7020014250,7030014930,5.878787878787878,17.636363636363633,11.757575757575756,8.818181818181817,12.845233298452376,5.413473365976533,5.413473365976533
1001135,2007,summer,246.5,132.5,247.5,207,495.5,833.5,0.29574085182963405,0.15896820635872824,0.2969406118776245,0.2483503299340132,0.69,4.68,0,6.8,1.76,34.2,1016,130.9,0.00527119938884644,NLA06608-2049,5,6,1.415,oligo,,United States of America,-115.024785,48.015138,7010000010,7020014250,7030014930,6.782608695652175,20.347826086956523,13.56521739130435,10.173913043478262,13.583039724003136,5.498691305574131,5.498691305574131
1001256,2007,summer,286.2104294612041,305,366.0293015648629,210,559,1167.239731026067,0.24520278213080499,0.26130022127664254,0.3135853688283069,0.17991162776424569,0.5,1.85,0,3.7,1.2,6.8,686,223.3,0.00223914017017465,NLA06608-2497,64,14,20.914,eu_mixo,,United States of America,-116.976324,48.010193,7010000010,7020014250,7030014930,3.7,11.1,7.4,5.55,12.845233298452376,2.797734937426666,2.797734937426666
1001274,2012,summer,196,125,173,295,494,789,0.24841571609632446,0.15842839036755388,0.21926489226869456,0.37389100126742714,0.22,1.39,0,6.3,1.55,12.1,657,90,0.00244444444444444,NLA12_ID-165,118,40,4.056,eu_mixo,,United States of America,-116.71383,48.009597,7010000010,7020014250,7030014930,6.318181818181818,18.954545454545457,12.636363636363637,9.477272727272728,12.845233298452376,3.807736484907999,3.807736484907999
1001344,2012,summer,409.5,374.5,516.5,515.5,536.5,1816,0.22549559471365638,0.20622246696035243,0.28441629955947134,0.2838656387665198,0.76,2.44,0,3.2,1.93,210.7,620,90.3,0.00841638981173865,NLA12_ND-187,43,20,7.04,eu_mixo,,United States of America,-101.542708,48.007211,7010000010,7020046750.000001,7030047060,3.2105263157894735,9.631578947368421,6.421052631578947,4.815789473684211,13.583039724003136,4.647157456963198,4.647157456963198
1001344,2017,summer,381.00802708208397,369.7905564593243,493.5556964181213,310.6840041079855,552,1555.0382840675152,0.24501520701180482,0.23780157713677813,0.31739134751533393,0.19979186833608306,0.76,2.44,0,3.2,1.93,210.7,620,90.3,0.00841638981173865,NLA17_ND-10012,30.2375,4,17.12,eu_mixo,,United States of America,-101.542708,48.007211,7010000010,7020046750.000001,7030047060,3.2105263157894735,9.631578947368421,6.421052631578947,4.815789473684211,13.583039724003136,4.647157456963198,4.647157456963198
1002494,2007,summer,248.48901092004553,190.5,250.5,302,497,991.4890109200455,0.25062205247182906,0.1921352611091744,0.2526503039782057,0.3045923824407909,0.14,0.52,0,3.6,1.44,542.5,457,0.9,0.15555555555555556,NLA06608-0526,17,39,11.008,dys,,United States of America,-91.396842,47.950182,7010000010,7020021430,7030022240.000001,3.7142857142857144,11.142857142857144,7.428571428571429,5.571428571428572,12.845233298452376,11.416115376503866,11.416115376503866
1002494,2012,summer,158,92,140,215,488,605,0.2611570247933884,0.15206611570247933,0.23140495867768596,0.35537190082644626,0.14,0.52,0,3.6,1.44,542.5,457,0.9,0.15555555555555556,NLA12_MN-105,26,165,5.536,dys,,United States of America,-91.396842,47.950182,7010000010,7020021430,7030022240.000001,3.7142857142857144,11.142857142857144,7.428571428571429,5.571428571428572,12.845233298452376,11.416115376503866,11.416115376503866
1002607,2017,summer,298.4840894280874,189,301.6770075234958,211,501,1000.1610969515832,0.2984360122962638,0.1889695575803318,0.30162841610515034,0.210966014018254,0.34,2.57,0,7.6,1.84,15,397,725.9,4.68384074941452e-4,NLA17_WA-10050,15.65125,2,2,oligo,,United States of America,-118.991419,47.943994000000004,7010000010,7020014250,7030014930,7.558823529411764,22.67647058823529,15.117647058823527,11.338235294117645,12.845233298452376,8.253879915188266,8.253879915188266
1002972,2007,summer,373.81098582596803,403.0855848548389,532.8326179584647,491.6408693507662,550.5,1801.3700579900378,0.2075148213816016,0.22376611794280643,0.29579298023472056,0.27292608044087135,0.15,0.47,0,3.2,1.26,499.2,664,7.2,0.02083333333333333,NLA06608-0634,288,38,139.68,eu_mixo,,United States of America,-101.226042,47.924373,7010000010,7020021430,7030022240.000001,3.1333333333333333,9.4,6.266666666666667,4.7,12.845233298452376,4.359523932788,4.359523932788
1003151,2007,summer,316,221,362,231.19614142322826,506,1130.1961414232283,0.2795974861514471,0.1955412798717399,0.3202983860342527,0.20456284794256033,0.73,5.11,0,7,1.34,175.1,375,36.9,0.01978319783197832,NLA06608-2833,16,10,3.061,oligo,,United States of America,-120.16028,47.915134,7010000010,7020014250,7030014930,7.000000000000001,21.000000000000004,14.000000000000002,10.500000000000002,13.294337810625077,14.602147559054268,14.602147559054268
1003151,2012,summer,357,198,366,191,496,1112,0.3210431654676259,0.17805755395683454,0.329136690647482,0.17176258992805754,0.73,5.11,0,7,1.34,175.1,375,36.9,0.01978319783197832,NLA12_WA-111,16,22,1.568,dys,,United States of America,-120.16028,47.915134,7010000010,7020014250,7030014930,7.000000000000001,21.000000000000004,14.000000000000002,10.500000000000002,13.294337810625077,14.602147559054268,14.602147559054268
1003151,2017,summer,344.5,239,407.4150704720989,209.5,508.5,1200.415070472099,0.28698406782290325,0.19909780031835667,0.33939516463407177,0.17452296722466829,0.73,5.11,0,7,1.34,175.1,375,36.9,0.01978319783197832,NLA17_WA-10002,9.68625,13,2.1,oligo,,United States of America,-120.16028,47.915134,7010000010,7020014250,7030014930,7.000000000000001,21.000000000000004,14.000000000000002,10.500000000000002,13.294337810625077,14.602147559054268,14.602147559054268
1003152,2012,summer,212,169,230,225,499,836,0.2535885167464115,0.2021531100478469,0.2751196172248804,0.26913875598086123,0.77,3.99,0,5.2,2.56,1593.7,588,1.9,0.4052631578947369,NLA12_MN-170,32,34,5.512,eu_mixo,,United States of America,-90.496875,47.915339,7010000010,7020024600,7030034520,5.1818181818181825,15.545454545454547,10.363636363636365,7.772727272727273,13.729373547396921,8.750946499451995,9.383694601679998
1003152,2017,summer,212.19979050824224,139,197.52239878698282,203.23006273354576,491,751.9522520287708,0.28219849057666385,0.18485216265391496,0.2626794430817468,0.27026990368767445,0.77,3.99,0,5.2,2.56,1593.7,588,1.9,0.4052631578947369,NLA17_MN-10159,17.278125,20,5.285,oligo,,United States of America,-90.496875,47.915339,7010000010,7020024600,7030034520,5.1818181818181825,15.545454545454547,10.363636363636365,7.772727272727273,13.729373547396921,8.750946499451995,9.383694601679998
1003173,2007,summer,242,157.78970107539263,264,293,501,956.7897010753926,0.2529291439153263,0.16491576037873676,0.27592270245308326,0.30623239325285373,0.44,2.11,0,4.8,1.44,870.1,574,1.7,0.25882352941176473,NLA06608-1274,4,5,1.904,oligo,,United States of America,-90.339583,47.914012,7010000010,7020024600,7030034520,4.795454545454546,14.386363636363637,9.590909090909092,7.193181818181818,12.845233298452376,6.447477687433065,6.447477687433065
1003380,2012,summer,372,456.5,563,429,555,1820.5,0.20433946717934634,0.25075528700906347,0.3092556989837957,0.23564954682779457,0.18,0.43,0,2.3,1.51,822.2,644,3.6,0.04999999999999999,NLA12_ND-139,131,36,2.732,eu_mixo,,United States of America,-101.0591,47.903693,7010000010,7020021430,7030022240.000001,2.388888888888889,7.166666666666667,4.777777777777778,3.5833333333333335,12.845233298452376,5.939164989068533,5.939164989068533
1003380,2017,summer,336.56295750604704,376.50533322609016,399,352,554,1464.0682907321373,0.2298820073056441,0.2571637782263633,0.27252827106888017,0.24042594339911236,0.18,0.43,0,2.3,1.51,822.2,644,3.6,0.04999999999999999,NLA17_ND-10016,296.49875,70,55.44,eu_mixo,,United States of America,-101.0591,47.903693,7010000010,7020021430,7030022240.000001,2.388888888888889,7.166666666666667,4.777777777777778,3.5833333333333335,12.845233298452376,5.939164989068533,5.939164989068533
1003460,2017,summer,173.15613162741985,119.91800927102939,160.468129299719,219.71396547098533,497,673.2562356691535,0.257192020591267,0.17811644796998002,0.2383462949143408,0.3263452365244122,0.28,1.71,0,6.1,1.49,31.5,62,24,0.01166666666666666,NLA17_WA-10048,27.4325,34,8.08,dys,,United States of America,-122.876713,47.900314,7010000010,7020014250,7030014940,6.107142857142856,18.32142857142857,12.214285714285712,9.160714285714285,12.845233298452376,11.153311360725601,11.153311360725601
1003861,2012,summer,476,646,691.5,374.5,563.5,2188,0.21755027422303475,0.2952468007312614,0.31604204753199266,0.17116087751371115,0.15,0.4,0,2.7,1.57,110.8,755,46.4,0.00323275862068965,NLA12_MT-177,46,20,2.197333333,eu_mixo,,United States of America,-107.120643,47.876155,7010000010,7020046750.000001,7030047060,2.666666666666667,8.000000000000002,5.333333333333334,4.000000000000001,12.845233298452376,3.920080024733333,3.920080024733333
1004116,2007,summer,457.2638211274045,405.15748580403255,546.6620850651157,398.0503224408637,540,1807.1337144374165,0.25303264361362243,0.2241989524998504,0.30250228895502534,0.22026611493150178,0.44,1.07,0,2.4,1.85,103.6,621,80.2,0.0054862842892768,NLA06608-1210,75,33,5.72,eu_mixo,,United States of America,-101.509375,47.862332,7010000010,7020046750.000001,7030047060,2.4318181818181817,7.295454545454546,4.863636363636363,3.647727272727273,13.002144283848976,2.5385730369939994,2.5385730369939994
1004116,2012,summer,536,669,722.5,749,565,2676.5,0.20026153558752102,0.2499532972165141,0.2699420885484775,0.27984307864748736,0.44,1.07,0,2.4,1.85,103.6,621,80.2,0.0054862842892768,NLA12_ND-110,203,40,6.8,eu_mixo,,United States of America,-101.509375,47.862332,7010000010,7020046750.000001,7030047060,2.4318181818181817,7.295454545454546,4.863636363636363,3.647727272727273,13.002144283848976,2.5385730369939994,2.5385730369939994
1004116,2017,summer,478.8669489831973,557.6852316094366,678.4379313684151,485.4265237327795,562.5,2200.4166356938285,0.21762558109010227,0.2534452896615141,0.30832248782489874,0.22060664142348493,0.44,1.07,0,2.4,1.85,103.6,621,80.2,0.0054862842892768,NLA17_ND-10005,268.28125,55,3.43,eu_mixo,,United States of America,-101.509375,47.862332,7010000010,7020046750.000001,7030047060,2.4318181818181817,7.295454545454546,4.863636363636363,3.647727272727273,13.002144283848976,2.5385730369939994,2.5385730369939994
1004156,2017,summer,303,131,311.0777464995897,250,495,995.0777464995897,0.30449882038450843,0.13164800485270828,0.31261652428051556,0.2512366504822677,0.25,1.04,0,4.1,1.12,3005.8,372,1.3,0.1923076923076923,NLA17_MN-HP002,10.95875,20,1.67,oligo,,United States of America,-94.9106,47.860417,7010000010,7020021430,7030022240.000001,4.16,12.480000000000002,8.32,6.240000000000001,12.845233298452376,9.694299083597866,9.694299083597866
1004276,2012,summer,185.25,107.5,180.5,191,495,664.25,0.2788859616108393,0.1618366578848325,0.2717350395182537,0.2875423409860745,0.15,0.58,0,3.9,1.13,118.3,135,2,0.075,NLA12_WA-121,9,12,4.986666667,oligo,,United States of America,-122.24375,47.852637,7010000010,7020014250,7030014940,3.8666666666666667,11.600000000000001,7.733333333333333,5.800000000000001,12.845233298452376,15.605961099082664,15.605961099082664
1004360,2012,summer,240.5,216.5,284.5,281.5,526.5,1023,0.2350928641251222,0.21163245356793745,0.2781036168132942,0.2751710654936461,0.18,0.43,0,2.4,1.19,2489.4,485,1.6,0.1125,NLA12_ND-199,61,29,6.24,eu_mixo,,United States of America,-100.280621,47.848671,7010000010,7020021430,7030022240.000001,2.388888888888889,7.166666666666667,4.777777777777778,3.5833333333333335,12.845233298452376,8.764660558278669,8.764660558278669
1004360,2017,summer,381.05840094672936,371.8994142075163,492.55950819761955,447,545,1692.5173233518653,0.22514298417464962,0.21973152597989712,0.2910218414912017,0.2641036483542515,0.18,0.43,0,2.4,1.19,2489.4,485,1.6,0.1125,NLA17_ND-10020,51.51375,30,1.78,eu_mixo,,United States of America,-100.280621,47.848671,7010000010,7020021430,7030022240.000001,2.388888888888889,7.166666666666667,4.777777777777778,3.5833333333333335,12.845233298452376,8.764660558278669,8.764660558278669
1004615,2007,summer,332.8568967005758,389.5664890760364,489.83550181282396,315.7523856283902,556.5,1528.0112732178263,0.21783667603421225,0.2549500097964929,0.3205706072974733,0.2066427068718216,0.2,0.44,0,2.2,1.38,2558.3,499,1.7,0.11764705882352942,NLA06608-0014,170.33333333333334,24.333333333333332,17.916,eu_mixo,,United States of America,-100.573547,47.834795,7010000010,7020021430,7030022240.000001,2.2,6.6,4.4,3.3,12.845233298452376,7.143699898178665,7.143699898178665
1005929,2007,summer,253.2113929675156,201.75,248.5,282.43499802475964,498.5,985.8963909922752,0.2568336746954372,0.20463610765117485,0.2520548835257346,0.28647533412765336,0.64,3.01,0,4.7,1.74,162.9,465,15.2,0.04210526315789474,NLA06608-1038,20,46,4,dys,,United States of America,-91.603518,47.762076,7010000010,7020021430,7030022240.000001,4.703124999999999,14.109374999999998,9.406249999999998,7.054687499999999,13.421496832206739,11.476587451766665,6.610698372119999
1006363,2007,summer,221.55169048255917,189,243.5,338.0237361475607,493,992.0754266301199,0.2233214174401291,0.19050970815998827,0.24544504728548755,0.3407238271143951,0.27,0.75,0,2.7,1.26,18.9,444,37.4,0.00721925133689839,NLA06608-1342,12,82,3.776,dys,,United States of America,-92.042326,47.74033,7010000010,7020024600,7030034520,2.7777777777777772,8.333333333333334,5.5555555555555545,4.166666666666667,12.845233298452376,11.099561930570932,11.099561930570932
1006503,2012,summer,406,403,503,324,551,1636,0.24816625916870416,0.24633251833740832,0.30745721271393645,0.1980440097799511,0.67,1.8,0,2.7,1.52,5222.8,516,1.9,0.35263157894736846,NLA12_ND-119,840,22,11.64,eu_mixo,,United States of America,-100.43723,47.733027,7010000010,7020021430,7030022240.000001,2.6865671641791047,8.059701492537314,5.373134328358209,4.029850746268657,13.294337810625077,7.582978946222665,7.582978946222665
1006617,2007,summer,258.20944102214696,181.2940106152098,285.8873109702988,157.57252004615063,503.5,882.9632826538062,0.2924350831963034,0.20532451821815095,0.32378165274443244,0.17845874584111324,0.67,5.54,0,8.3,1.49,153.2,557,90.4,0.00741150442477876,NLA06608-1041,190,7,3.312,eu_mixo,,United States of America,-119.592576,47.727083,7010000010,7020014250,7030014930,8.26865671641791,24.805970149253728,16.53731343283582,12.402985074626864,13.294337810625077,8.670637073583332,8.670637073583332
1006617,2017,summer,266,174,274.93351270380265,170,502.5,884.9335127038026,0.3005875539590207,0.19662494131153985,0.31068267701126834,0.1921048277181711,0.67,5.54,0,8.3,1.49,153.2,557,90.4,0.00741150442477876,NLA17_WA-10022,55.89,15,4.41,eu_mixo,,United States of America,-119.592576,47.727083,7010000010,7020014250,7030014930,8.26865671641791,24.805970149253728,16.53731343283582,12.402985074626864,13.294337810625077,8.670637073583332,8.670637073583332
1007723,2017,summer,191.1542806320515,127,198.5,244.5,502.5,761.1542806320515,0.25113736530959235,0.1668518501854066,0.26078812804569457,0.3212226564593064,0.29,1.2,0,4.2,1.46,774.6,419,2.2,0.1318181818181818,NLA17_MN-10048,12.09125,20,1.63,oligo,,United States of America,-93.492752,47.6702,7010000010,7020021430,7030022240.000001,4.137931034482759,12.413793103448278,8.275862068965518,6.206896551724139,12.845233298452376,14.520556106726136,14.520556106726136
1007813,2012,summer,288.5,372,490,435.5,561.5,1586,0.18190416141235813,0.23455233291298866,0.308953341740227,0.27459016393442626,0.19,0.42,0,2.3,1.46,489.8,378,2.7,0.07037037037037036,NLA12_MN-158,425,33,97.6,eu_mixo,,United States of America,-95.784375,47.665005,7010000010,7020021430,7030022240.000001,2.2105263157894735,6.631578947368421,4.421052631578947,3.3157894736842106,12.845233298452376,13.912856532938664,13.912856532938664
1007815,2007,summer,178.90212841244772,164,233.3540420268682,232.15488976933005,544,808.411060208646,0.22130094109087792,0.20286709085557614,0.28865765637427193,0.28717431167927404,0.37,1.14,0,3.1,1.34,21.4,509,35.8,0.01033519553072625,NLA06608-1018,36,22,7.56,eu_mixo,,United States of America,-90.993053,47.665292,7010000010,7020024600,7030034520,3.081081081081081,9.243243243243244,6.162162162162162,4.621621621621622,12.845233298452376,4.110287758368,4.110287758368
1007815,2012,summer,203,123,179,246,497,751,0.27030625832223704,0.16378162450066577,0.23834886817576564,0.32756324900133155,0.37,1.14,0,3.1,1.34,21.4,509,35.8,0.01033519553072625,NLA12_MN-109,25,43,4.149333333,dys,,United States of America,-90.993053,47.665292,7010000010,7020024600,7030034520,3.081081081081081,9.243243243243244,6.162162162162162,4.621621621621622,12.845233298452376,4.110287758368,4.110287758368
1007815,2017,summer,192.78343516759696,164.97404855931927,203.02202472316606,273.5191745541046,505,834.2986830041868,0.23107244335255592,0.19773979261872018,0.24334453458815686,0.32784322944056715,0.37,1.14,0,3.1,1.34,21.4,509,35.8,0.01033519553072625,NLA17_MN-10008,20.50375,32,9.1,dys,,United States of America,-90.993053,47.665292,7010000010,7020024600,7030034520,3.081081081081081,9.243243243243244,6.162162162162162,4.621621621621622,12.845233298452376,4.110287758368,4.110287758368
1008363,2007,summer,510.4746846392082,443.7222076532333,703.491257764227,368,546,2025.6881500566685,0.2520006273546734,0.21904763950997105,0.3472850733438644,0.18166665979149121,0.65,6.43,0,9.9,1.7,886.2,1019,20.3,0.03201970443349754,NLA06608-2426,1697,19,69.6,eu_mixo,,United States of America,-110.477028,47.635066,7010000010,7020046750.000001,7030047060,9.892307692307691,29.67692307692308,19.784615384615382,14.83846153846154,13.421496832206739,10.276824397099466,10.276824397099466
1008733,2007,summer,480,562,721,658.4886371828447,558,2421.4886371828447,0.19822517133858247,0.23208863810892366,0.2977507261148291,0.27193546443766475,0.39,1.29,0,3.3,1.53,248.5,569,40.1,0.00972568578553616,NLA06608-0762,264,20,133.2,eu_mixo,,United States of America,-100.831168,47.614768,7010000010,7020046750.000001,7030047060,3.307692307692308,9.923076923076923,6.615384615384616,4.961538461538462,12.845233298452376,3.2219212578914664,3.2219212578914664
1008733,2012,summer,516.5,585,768,494,557,2363.5,0.2185318383752909,0.24751427966998096,0.3249418235667442,0.20901205838798392,0.39,1.29,0,3.3,1.53,248.5,569,40.1,0.00972568578553616,NLA12_ND-104,274,15,41.4,eu_mixo,,United States of America,-100.831168,47.614768,7010000010,7020046750.000001,7030047060,3.307692307692308,9.923076923076923,6.615384615384616,4.961538461538462,12.845233298452376,3.2219212578914664,3.2219212578914664
1009135,2012,summer,145,84.5,150,162.5,501,542,0.26752767527675275,0.1559040590405904,0.2767527675276753,0.29981549815498154,0.18,0.63,0,3.5,1.08,152.1,78,1.4,0.1285714285714286,NLA12_WA-138,12,20,3.136,oligo,,United States of America,-122.126691,47.59299,7010000010,7020014250,7030014940,3.5,10.5,7,5.25,12.845233298452376,16.3116310403516,16.3116310403516
1009200,2012,summer,410,232,352,193,491,1187,0.34540859309182814,0.1954507160909857,0.2965459140690817,0.16259477674810446,0.33,2.57,0,7.9,2.3,387,381,20.8,0.01586538461538461,NLA12_WA-R09,79,5,1.466666667,eu_mixo,,United States of America,-119.333895,47.588613,7010000010,7020014250,7030014930,7.787878787878787,23.36363636363636,15.575757575757574,11.68181818181818,13.129303305430637,16.003052096455995,16.003052096455995
1009200,2017,summer,318,191.71339374550388,323.43132649625056,208.39006150706496,496,1041.5347817488193,0.3053186562488608,0.1840681627776289,0.3105333899201943,0.2000797910533161,0.33,2.57,0,7.9,2.3,387,381,20.8,0.01586538461538461,NLA17_WA-HP003,34.20875,0,1.52,eu_mixo,,United States of America,-119.333895,47.588613,7010000010,7020014250,7030014930,7.787878787878787,23.36363636363636,15.575757575757574,11.68181818181818,13.129303305430637,16.003052096455995,16.003052096455995
1009387,2007,summer,196.73304330877875,117.03189162214045,222.9884452468989,194.81387938673453,504,731.5672595645526,0.2689199670114806,0.1599742061882332,0.3048092192912341,0.26629660750905215,0.86,5.23,0,6.1,1.2,259.9,47,8.1,0.10617283950617284,NLA06608-1617,45,5,7.248,eu_mixo,,United States of America,-122.709471,47.577083,7010000010,7020014250,7030014940,6.0813953488372094,18.24418604651163,12.162790697674419,9.122093023255815,13.270935677879432,16.045211959757335,16.045211959757335
1011068,2017,summer,250.25304943616294,203.31045583900527,243.54740848576125,242.18728329140527,499,939.2981970523347,0.2664255613621918,0.21644931979750992,0.2592865708143072,0.2578385480259911,0.13,0.48,0,3.7,1.56,505.5,198,0.4,0.325,NLA17_MI-10117,20.0225,30,3.56,dys,,United States of America,-87.99799299999998,47.475432,7010000010,7020024600,7030034520,3.692307692307692,11.076923076923078,7.384615384615384,5.538461538461539,12.845233298452376,13.251472551731602,13.251472551731602
1011130,2012,summer,174,143.5,213,251,524,781.5,0.22264875239923224,0.1836212412028151,0.272552783109405,0.32117722328854764,0.22,1.08,0,5,1.42,30.3,221,8.7,0.02528735632183908,NLA12_WA-157,25,25,1.744,dys,,United States of America,-123.166139,47.47139,7010000010,7020014250,7030014940,4.909090909090909,14.727272727272727,9.818181818181818,7.363636363636363,12.845233298452376,10.184811295395601,10.184811295395601
1011130,2017,summer,147,147.58686035021609,216,218.35728842515334,550,728.9441487753694,0.20166154052674803,0.20246662326347348,0.2963189983250175,0.299552837884761,0.22,1.08,0,5,1.42,30.3,221,8.7,0.02528735632183908,NLA17_WA-10015,18.8125,5,1.36,oligo,,United States of America,-123.166139,47.47139,7010000010,7020014250,7030014940,4.909090909090909,14.727272727272727,9.818181818181818,7.363636363636363,12.845233298452376,10.184811295395601,10.184811295395601
1011185,2017,summer,112.3107771587678,47,94,120,487,373.3107771587678,0.3008506157083229,0.12590046383796485,0.2518009276759297,0.3214479927777826,0.55,6.05,0,11.1,1.39,598.6,1225,2.5,0.22000000000000003,NLA17_WA-10060,1.93625,4,0.39,oligo,,United States of America,-121.456356,47.468101,7010000010,7020014250,7030014940,11,32.99999999999999,22,16.499999999999996,12.845233298452376,9.634749323649064,9.634749323649064
1011208,2007,summer,194.74761183754157,181.28693904713185,280.8054382644187,253.2642005025991,555,910.1041896516913,0.21398386476176318,0.19919361003767352,0.3085420784315767,0.2782804467689865,0.59,1.89,0,3.2,1.16,359.1,386,17.4,0.0339080459770115,NLA06608-0211,42,26,9.067,eu_mixo,,United States of America,-95.765666,47.467434,7010000010,7020021430,7030022240.000001,3.2033898305084745,9.610169491525424,6.406779661016949,4.805084745762712,12.845233298452376,11.50912020775733,11.50912020775733
1011338,2007,summer,234.48639259492276,249.98773177435925,315.4713261250166,232.15488976933005,546,1032.1003402636286,0.22719340692691573,0.24221262412383768,0.3056595505476105,0.22493441840163614,0.83,3.85,0,4.6,1.55,1011.6,196,1.7,0.48823529411764705,NLA06608-1758,8,7,3.064,oligo,,United States of America,-88.08628899999998,47.459521,7010000010,7020024600,7030034520,4.638554216867471,13.91566265060241,9.277108433734941,6.957831325301205,13.716548576654093,14.708374340408001,14.708374340408001
1011343,2007,summer,281.40777257587683,277.77932491042924,379.9983104110482,334,538,1273.1854078973543,0.2210265455685809,0.21817664826144798,0.29846266541697913,0.26233414075299194,0.34,1.15,0,3.4,1.79,282.7,420,2.9,0.11724137931034484,NLA06608-0318,43,23,13.888,eu_mixo,,United States of America,-92.430208,47.459384,7010000010,7020024600,7030034520,3.3823529411764706,10.14705882352941,6.764705882352941,5.073529411764705,12.845233298452376,14.598520660939728,14.598520660939728
1012453,2012,summer,329.5,365.5,472,379,556.5,1546,0.21313065976714102,0.23641655886157828,0.3053040103492885,0.24514877102199223,0.69,2.04,0,3,2.28,79.1,552,187.2,0.00368589743589743,NLA12_ND-167,322,37,42.576,eu_mixo,,United States of America,-100.810503,47.394384,7010000010,7020046750.000001,7030047060,2.9565217391304355,8.869565217391306,5.913043478260871,4.434782608695653,13.583039724003136,4.794407597576799,4.794407597576799
1012780,2017,summer,250.3255608571976,267.9637690042585,365.79041018570064,228.88793442951007,552,1112.9676744766668,0.22491718905933564,0.24076509601256735,0.3286622051783314,0.20565550974976557,0.19,1.09,0,5.8,1.61,14.1,617,179.7,0.00105731775180857,NLA17_WA-10023,80.475,25,20.16,eu_mixo,,United States of America,-117.808667,47.374186,7010000010,7020014250,7030014930,5.736842105263158,17.210526315789476,11.473684210526317,8.605263157894738,12.845233298452376,4.459701105801333,4.459701105801333
1013772,2007,summer,512.0172349812177,681.6484653717664,735.9462200560056,902.0374420310684,569,2831.649362440058,0.1808194339923527,0.24072488437776904,0.2599001945007181,0.3185554871291601,0.48,1.18,0,2.5,1.26,2280.5,538,15.1,0.03178807947019867,NLA06608-0830,1617,68,272,eu_mixo,,United States of America,-99.406854,47.314612,7010000010,7020046750.000001,7030047060,2.4583333333333335,7.375000000000001,4.916666666666667,3.6875000000000004,12.845233298452376,3.832615674432133,3.832615674432133
1013966,2007,summer,461.85836152333223,428.2006294544756,748.4331320102395,348.8088907336563,538.5,1987.3010137217038,0.23240483365848552,0.2154684300455148,0.3766078348687684,0.17551890142723117,0.83,3.44,0,4.1,1.12,813.3,1386,11.1,0.07477477477477477,NLA06608-2170,65,6,3.96,eu_mixo,,United States of America,-112.43126,47.302189,7010000010,7020046750.000001,7030047060,4.144578313253012,12.433734939759036,8.289156626506024,6.216867469879518,13.270935677879432,6.001996689879999,6.001996689879999
1014604,2017,summer,351.9142815156174,479.0111198500361,592.9150287852517,431.82615631353076,563.5,1855.666586464436,0.18964305553731642,0.25813425932440065,0.3195159265732756,0.2327067585650073,0.27,0.52,0,2,1.79,76.9,562,54.6,0.00494505494505494,NLA17_ND-10023,105.3675,13,40.57,eu_mixo,,United States of America,-99.805482,47.265082,7010000010,7020046750.000001,7030047060,1.925925925925926,5.777777777777779,3.851851851851852,2.8888888888888893,12.845233298452376,3.83095752346,3.83095752346
1014910,2012,summer,190,136,238,157,500,721,0.2635228848821082,0.18862690707350901,0.3300970873786408,0.217753120665742,0.44,2.68,0,6.2,1.09,470.7,12,2,0.22,NLA12_WA-141,23,20,2.453333333,oligo,,United States of America,-122.75625,47.247292,7010000010,7020014250,7030014940,6.090909090909092,18.272727272727273,12.181818181818183,9.136363636363637,12.845233298452376,13.488184855805335,13.488184855805335
1014910,2017,summer,302.6322530803643,174.7676183113537,296.53887324979485,231.1124404395279,503.5,1005.0511850810407,0.3011112842536095,0.173889271417815,0.2950485285243297,0.22995091580424584,0.44,2.68,0,6.2,1.09,470.7,12,2,0.22,NLA17_WA-10011,21.375,12,5.7,oligo,,United States of America,-122.75625,47.247292,7010000010,7020014250,7030014940,6.090909090909092,18.272727272727273,12.181818181818183,9.136363636363637,12.845233298452376,13.488184855805335,13.488184855805335
1014962,2012,summer,247.5,227.5,345.5,326.5,545.5,1147,0.2157802964254577,0.1983435047951177,0.3012205754141238,0.28465562336530076,0.46,1.84,0,4,1.13,821.2,440,5.1,0.09019607843137256,NLA12_MN-181,49,22,2.592,eu_mixo,,United States of America,-95.127114,47.243832,7010000010,7020046750.000001,7030047060,4,12,8,6,12.845233298452376,9.691158799425065,9.691158799425065
1016262,2012,summer,296,231,324,241,514,1092,0.27106227106227104,0.21153846153846154,0.2967032967032967,0.2206959706959707,0.44,1.62,0,3.7,1.35,1705.3,539,7.4,0.05945945945945945,NLA12_ND-160,53,32,7.24,eu_mixo,,United States of America,-99.77558,47.170092,7010000010,7020046750.000001,7030047060,3.681818181818182,11.045454545454547,7.363636363636364,5.522727272727273,12.845233298452376,3.552408230365467,3.552408230365467
1016262,2017,summer,342.7283061484817,296.3614680574522,407.5558751272759,295.86389130954365,540,1342.5095406427536,0.2552892890313417,0.2207518524714269,0.30357763784095737,0.22038122065627394,0.44,1.62,0,3.7,1.35,1705.3,539,7.4,0.05945945945945945,NLA17_ND-10011,63.3475,35,6.14,eu_mixo,,United States of America,-99.77558,47.170092,7010000010,7020046750.000001,7030047060,3.681818181818182,11.045454545454547,7.363636363636364,5.522727272727273,12.845233298452376,3.552408230365467,3.552408230365467
1016499,2017,summer,241.48594813012716,136.3669463396448,219.10275423741274,183.6751203186895,491,780.6307690258743,0.3093472070431841,0.17468815187724798,0.2806739920216372,0.23529064905793062,0.26,1.26,0,4.8,1.34,316.4,64,1.5,0.17333333333333334,NLA17_WA-10052,8.2275,4,1.82,oligo,,United States of America,-122.68125,47.1559,7010000010,7020014250,7030014940,4.846153846153847,14.53846153846154,9.692307692307693,7.26923076923077,12.845233298452376,14.285291404078666,14.285291404078666
1016815,2012,summer,381.5,434.5,590,425,556,1831,0.2083560895685418,0.2373020207536865,0.3222282905516111,0.23211359912616056,0.58,1.9,0,3.3,1.62,21947.3,552,2.9,0.2,NLA12_ND-164,333,32,39.4893617,eu_mixo,,United States of America,-99.126042,47.138355,7010000010,7020046750.000001,7030047060,3.2758620689655173,9.827586206896553,6.551724137931035,4.913793103448277,13.002144283848976,4.9734727529013325,4.9734727529013325
1016857,2007,summer,424,508.7100984337088,721.328996684588,651.3860024188239,557.5,2305.4250975371206,0.1839140210857243,0.22065782964589153,0.31288329317451335,0.2825448560938708,0.3,0.82,0,2.7,1.6,9512.1,570,3.8,0.07894736842105263,NLA06608-1022,553,33,138.24,eu_mixo,,United States of America,-99.060774,47.1358,7010000010,7020046750.000001,7030047060,2.7333333333333334,8.200000000000001,5.466666666666667,4.1000000000000005,12.845233298452376,5.024207122531198,5.024207122531198
1016931,2007,summer,223.54041626606605,198.68291641207801,236.3166912817162,277,517,935.5400239598603,0.23894265401910494,0.2123724387238002,0.2525992317051905,0.29608567555190435,0.69,3.07,0,4.4,1.5,52.7,188,25.3,0.02727272727272727,NLA06608-0734,16,33,3.152,dys,,United States of America,-88.30755,47.13171,7010000010,7020024600,7030034520,4.449275362318841,13.347826086956522,8.898550724637682,6.673913043478261,13.294337810625077,12.176528743685333,12.176528743685333
1016931,2012,summer,237.5,220.5,269,344.5,539,1071.5,0.2216518898740084,0.20578628091460568,0.25104993000466636,0.3215118992067196,0.69,3.07,0,4.4,1.5,52.7,188,25.3,0.02727272727272727,NLA12_MI-116,36,85,3.568,eu_mixo,,United States of America,-88.30755,47.13171,7010000010,7020024600,7030034520,4.449275362318841,13.347826086956522,8.898550724637682,6.673913043478261,13.294337810625077,12.176528743685333,12.176528743685333
1016939,2012,summer,294,195,310.5,228,512,1027.5,0.28613138686131384,0.1897810218978102,0.3021897810218978,0.22189781021897811,0.31,1.01,0,3.3,2.03,2343.2,363,1.5,0.2066666666666667,NLA12_WA-R08,69,10,2.712,eu_mixo,,United States of America,-119.911458,47.131084,7010000010,7020014250,7030014930,3.2580645161290325,9.774193548387096,6.516129032258065,4.887096774193548,12.845233298452376,14.587424145110667,14.587424145110667
1016960,2012,summer,347,314.5,509,304,539,1474.5,0.23533401152933198,0.2132926415734147,0.34520176330959645,0.20617158358765683,0.61,2.3,0,3.8,1.05,2657.4,534,49.5,0.01232323232323232,NLA12_ND-R18,98,8,20.4,eu_mixo,,United States of America,-99.622361,47.130286,7010000010,7020046750.000001,7030047060,3.7704918032786887,11.311475409836065,7.540983606557377,5.655737704918033,12.976146499733918,4.800260672113068,4.800260672113068
1017069,2007,summer,246.02287991133113,133.34854762306503,255.13556569891898,378.1695137263922,498.5,1012.6765069597074,0.2429432086362402,0.13167931388416296,0.2519418234208828,0.37343565405871404,0.37,1.11,0,3,1.23,609.7,400,2.9,0.12758620689655173,NLA06608-ELS:2D3-008,13,27,1.113,dys,,United States of America,-93.874241,47.124254,7010000010,7020046750.000001,7030047060,3.0000000000000004,9.000000000000002,6.000000000000001,4.500000000000001,12.845233298452376,9.72829295258533,9.72829295258533
1017174,2012,summer,368,540,789,553,560,2250,0.16355555555555557,0.24,0.3506666666666667,0.2457777777777778,0.12,0.1,0,0.8,1.28,125.8,372,2.9,0.04137931034482758,NLA12_MN-137,272,28,107.2,eu_mixo,,United States of America,-96.011295,47.118176,7010000010,7020021430,7030022240.000001,0.8333333333333334,2.5000000000000004,1.6666666666666667,1.2500000000000002,12.845233298452376,7.0959845047891985,7.0959845047891985
1017389,2017,summer,225.8591547715253,166.23702653244004,249.0403000457802,279.4541752811284,505,920.5906566308739,0.24534156755198014,0.1805764867751591,0.2705222981050057,0.30355964756785514,0.13,0.56,0,4.2,1.71,91.2,312,3.7,0.03513513513513514,NLA17_ME-10039,11.22625,5,1.06,oligo,,United States of America,-68.871855,47.105916,7010000010,7020024600,7030034529.999997,4.307692307692308,12.923076923076923,8.615384615384617,6.461538461538462,12.845233298452376,8.351147547531864,8.351147547531864
1017767,2012,summer,472,583,807,506,558,2368,0.19932432432432431,0.24619932432432431,0.3407939189189189,0.21368243243243243,0.51,2.41,0,4.7,1.22,4646.8,549,31.6,0.01613924050632911,NLA12_ND-193,279,28,81.12,eu_mixo,,United States of America,-99.220675,47.084996,7010000010,7020046750.000001,7030047060,4.7254901960784315,14.176470588235293,9.450980392156863,7.088235294117647,12.845233298452376,3.6485938524824,3.6485938524824
1017791,2007,summer,290.71478926904183,206.81753776589431,325.1806926216327,300.7713598094123,505,1123.484379465981,0.2587617545757294,0.18408581511760727,0.28943944265268634,0.2677129876539771,0.91,4.92,0,5.4,1.67,478.7,400,23.2,0.03922413793103448,NLA06608-0942,6,18,2.384,oligo,,United States of America,-94.599148,47.083936,7010000010,7020046750.000001,7030047060,5.406593406593406,16.21978021978022,10.813186813186812,8.10989010989011,13.716548576654093,25.992193685752003,27.839999999999996
1017791,2012,summer,261,159.5,313.5,261.5,503,995.5,0.2621798091411351,0.16022099447513813,0.3149171270718232,0.2626820693119036,0.91,4.92,0,5.4,1.67,478.7,400,23.2,0.03922413793103448,NLA12_MN-108,21,11,3.52,oligo,,United States of America,-94.599148,47.083936,7010000010,7020046750.000001,7030047060,5.406593406593406,16.21978021978022,10.813186813186812,8.10989010989011,13.716548576654093,25.992193685752003,27.839999999999996
1017791,2017,summer,342.7177984207077,243.3649028071273,384.439475781606,356,508,1326.522177009441,0.25835813705982885,0.1834608625660355,0.2898100630690548,0.26837093730508077,0.91,4.92,0,5.4,1.67,478.7,400,23.2,0.03922413793103448,NLA17_MN-10007,13.71125,10,2.95,oligo,,United States of America,-94.599148,47.083936,7010000010,7020046750.000001,7030047060,5.406593406593406,16.21978021978022,10.813186813186812,8.10989010989011,13.716548576654093,25.992193685752003,27.839999999999996
1018008,2007,summer,212.86945188011504,152.71571944514733,221.73427233516168,307.12539776315793,505,894.4448414235819,0.2379905859161935,0.17073799565112122,0.24790156090816456,0.3433698575245208,0.36,1.4,0,3.9,1.48,90.4,428,8.3,0.04337349397590361,NLA06608-1347,12,26,5.072,dys,,United States of America,-92.005814,47.069083,7010000010,7020024600,7030034520,3.888888888888889,11.666666666666668,7.777777777777778,5.833333333333334,12.845233298452376,10.566814995943997,10.566814995943997
1018008,2012,summer,160.75,117.25,181.5,259.5,502.5,719,0.22357440890125174,0.16307371349095967,0.2524339360222531,0.3609179415855355,0.36,1.4,0,3.9,1.48,90.4,428,8.3,0.04337349397590361,NLA12_MN-102,44,35,5.68,eu_mixo,,United States of America,-92.005814,47.069083,7010000010,7020024600,7030034520,3.888888888888889,11.666666666666668,7.777777777777778,5.833333333333334,12.845233298452376,10.566814995943997,10.566814995943997
1018008,2017,summer,232.3598443659693,175.79865021088457,223.33208245509195,269.53977328969916,494,901.030350321645,0.25788237242288536,0.19510846682148822,0.24786299637450399,0.29914616438112246,0.36,1.4,0,3.9,1.48,90.4,428,8.3,0.04337349397590361,NLA17_MN-10005,20.365,54,2.11,dys,,United States of America,-92.005814,47.069083,7010000010,7020024600,7030034520,3.888888888888889,11.666666666666668,7.777777777777778,5.833333333333334,12.845233298452376,10.566814995943997,10.566814995943997
1018042,2012,summer,328,398,505,617,560,1848,0.1774891774891775,0.21536796536796537,0.27326839826839827,0.3338744588744589,0.33,1.05,0,3.2,1.45,6092.8,544,8,0.04125,NLA12_ND-149,1254,48,164,eu_mixo,,United States of America,-99.083845,47.067243,7010000010,7020046750.000001,7030047060,3.181818181818182,9.545454545454547,6.363636363636364,4.772727272727273,12.845233298452376,4.10980488942,4.10980488942
1018042,2017,summer,477.7090748429575,669.9707576068287,854,481.1914128379364,562,2482.8712452877226,0.19240187172396012,0.2698370923898595,0.3439566194263271,0.19380441645985333,0.33,1.05,0,3.2,1.45,6092.8,544,8,0.04125,NLA17_ND-10019,593.275,26,74.67,eu_mixo,,United States of America,-99.083845,47.067243,7010000010,7020046750.000001,7030047060,3.181818181818182,9.545454545454547,6.363636363636364,4.772727272727273,12.845233298452376,4.10980488942,4.10980488942
1018137,2007,summer,230.8215586087379,185.8264783733145,289.0162938842475,296.49377909835437,528,1002.1581099646543,0.2303244930252362,0.18542630801028845,0.28839390811739374,0.29585529084708156,0.57,1.89,0,3.3,1.76,1681.4,452,2.8,0.20357142857142857,NLA06608-MN:03-0029,9,7,2.666,oligo,,United States of America,-95.184375,47.061503,7010000010,7020046750.000001,7030047060,3.3157894736842106,9.947368421052632,6.631578947368421,4.973684210526316,13.129303305430637,18.275464829011998,18.275464829011998
1018176,2012,summer,227.5,94.5,165,166,483,653,0.34839203675344566,0.1447166921898928,0.25267993874425726,0.2542113323124043,0.16,1.4,0,8.8,1.19,2316.9,2098,0.7,0.2285714285714286,NLA12_MT-140,8,3,0.338,oligo,,United States of America,-113.939364,47.059651,7010000010,7020014250,7030014930,8.749999999999998,26.25,17.499999999999996,13.125,12.845233298452376,6.565512161248935,6.565512161248935
1018176,2017,summer,242,117,183,183,493,725,0.33379310344827584,0.16137931034482758,0.2524137931034483,0.2524137931034483,0.16,1.4,0,8.8,1.19,2316.9,2098,0.7,0.2285714285714286,NLA17_MT-10015,3.7325,0,0.45,oligo,,United States of America,-113.939364,47.059651,7010000010,7020014250,7030014930,8.749999999999998,26.25,17.499999999999996,13.125,12.845233298452376,6.565512161248935,6.565512161248935
1018589,2017,summer,408.43430180169435,384.25696598445273,462.96879664601113,533.8314332489452,543,1789.4914976811037,0.22824042602658923,0.21472969638715167,0.2587152815455927,0.29831459604066624,0.49,1.53,0,3.1,1.39,572.7,451,8.5,0.05764705882352941,NLA17_MN-10045,42.81715,13,12.35,eu_mixo,,United States of America,-95.619708,47.035228,7010000010,7020021430,7030022240.000001,3.1224489795918373,9.36734693877551,6.244897959183675,4.683673469387755,12.845233298452376,15.437921523124,15.437921523124
1018827,2017,summer,276.2591401044514,184.29485433505138,247.04768384039,371.58016728484,483,1079.1818455647326,0.25598942498878474,0.17077275261113242,0.22892127481176325,0.34431654758831975,0.15,0.4,0,2.6,1.17,152.5,57,0.9,0.16666666666666666,NLA17_WA-10064,59.40625,40,21.6,eu_mixo,,United States of America,-122.831047,47.022157,7010000010,7020014250,7030014940,2.666666666666667,8.000000000000002,5.333333333333334,4.000000000000001,12.845233298452376,17.975066691774664,17.975066691774664
1018985,2017,summer,266.4158578800379,296.6074498702181,417.7078670494267,427.29391540910217,555,1408.0250902087848,0.18921243643501637,0.2106549463733182,0.29666223276425285,0.30347038442741253,0.19,0.35,0,1.8,1.53,2026.1,470,0.6,0.3166666666666667,NLA17_MN-10179,22.2025,7,14.94,oligo,,United States of America,-95.40518100000001,47.013115,7010000010,7020046750.000001,7030047060,1.8421052631578947,5.526315789473684,3.6842105263157894,2.763157894736842,12.845233298452376,10.287544932226666,10.287544932226666
1019535,2007,summer,132.22952356755277,100.93899610962117,164.35104244483412,194.81915917536065,510,592.3387212973687,0.22323295576209728,0.1704075598646324,0.2774612506926182,0.32889823368065213,0.25,1.26,0,5.1,1.1,1620.8,109,0.3,0.8333333333333334,NLA06608-1489,18,25,17.94,dys,,United States of America,-122.568518,46.98572,7010000010,7020014250,7030014940,5.04,15.120000000000001,10.08,7.5600000000000005,12.845233298452376,14.95905719705467,14.95905719705467
1019950,2007,summer,195.7389595960312,104.8290775033677,210.16080346573904,284.0395036033554,497.5,794.7683441684933,0.24628429281593778,0.13189890899975706,0.2644302645013052,0.35738653368300005,0.2,1.04,0,5.3,1.26,33.4,342,18.5,0.01081081081081081,NLA06608-NELP-2155,1,9,0.728,oligo,,United States of America,-68.841231,46.962788,7010000010,7020024600,7030034529.999997,5.200000000000001,15.600000000000001,10.400000000000002,7.800000000000001,12.845233298452376,10.064728126998666,10.064728126998666
1020029,2012,summer,314,284,365,329,540,1292,0.24303405572755418,0.21981424148606812,0.2825077399380805,0.2546439628482972,0.14,0.76,0,5.3,1.58,802.2,275,5.7,0.02456140350877193,NLA12_WA-R10,20,18,2.008,oligo,,United States of America,-119.281983,46.957826,7010000010,7020014250,7030014930,5.428571428571429,16.28571428571428,10.857142857142858,8.14285714285714,12.845233298452376,8.248819833993199,8.248819833993199
1020262,2012,summer,503,285,567,236,501.5,1591,0.31615336266499056,0.1791326209930861,0.3563796354494029,0.14833438089252043,0.42,3.04,0,7.2,1.73,2514.2,261,7.2,0.05833333333333333,NLA12_WA-116,22,8,4.432,oligo,,United States of America,-119.269956,46.945124,7010000010,7020014250,7030014930,7.238095238095239,21.714285714285715,14.476190476190478,10.857142857142858,12.845233298452376,11.273185265589598,11.273185265589598
1020495,2017,summer,314.46202395329647,300.7610258930484,475.12279040354247,400.37012674902957,546,1490.7159669989169,0.2109469750876593,0.2017560907317141,0.31872120573045937,0.26857572845016725,0.57,2.47,0,4.3,1.53,4089.8,442,1.9,0.3,NLA17_MN-10191,54.91465,13,15.36,eu_mixo,,United States of America,-95.59814,46.932902,7010000010,7020021430,7030022240.000001,4.333333333333334,13.000000000000005,8.666666666666668,6.500000000000003,13.002144283848976,14.524646314636,14.524646314636
1021474,2007,summer,349.48006659614833,283.98025696788295,455.1981907913103,210.60016545868393,532,1299.2586798140255,0.26898420770694603,0.21857099081187711,0.3503522415231945,0.16209255995798236,0.56,4.44,0,7.9,2.14,458.7,207,50.6,0.01106719367588932,NLA06608-0785,15,8,6.568,oligo,,United States of America,-119.584375,46.876112,7010000010,7020014250,7030014930,7.928571428571429,23.78571428571429,15.857142857142858,11.892857142857144,13.290846197227037,13.008265855713336,13.008265855713336
1022004,2017,summer,166,133,205,282,515,786,0.21119592875318066,0.1692111959287532,0.2608142493638677,0.35877862595419846,0.2,0.73,0,3.6,1.24,12.5,402,112.8,0.00177304964539007,NLA17_MN-10189,12.475,25,3.07,dys,,United States of America,-94.000201,46.843837,7010000010,7020046750.000001,7030047060,3.6499999999999995,10.95,7.299999999999999,5.475,12.845233298452376,11.20399555156653,11.20399555156653
1022158,2012,summer,204,132,204,324,504,864,0.2361111111111111,0.1527777777777778,0.2361111111111111,0.375,0.23,0.89,0,3.9,1.17,257.4,401,2.1,0.10952380952380952,NLA12_MN-R14,30,33,14.64,dys,,United States of America,-92.692708,46.834059,7010000010,7020024600,7030034520,3.869565217391304,11.608695652173912,7.739130434782608,5.804347826086956,12.845233298452376,14.589672209051997,14.589672209051997
1022158,2017,summer,202,157,253,334,520,946,0.2135306553911205,0.16596194503171247,0.26744186046511625,0.35306553911205074,0.23,0.89,0,3.9,1.17,257.4,401,2.1,0.10952380952380952,NLA17_MN-HP003,14.845,22,2.39,dys,,United States of America,-92.692708,46.834059,7010000010,7020024600,7030034520,3.869565217391304,11.608695652173912,7.739130434782608,5.804347826086956,12.845233298452376,14.589672209051997,14.589672209051997
1022817,2012,summer,122,57,132.5,161,498,472.5,0.2582010582010582,0.12063492063492064,0.2804232804232804,0.34074074074074073,0.19,0.74,0,3.9,1.3,8,302,44.1,0.00430839002267573,NLA12_MI-125,21,70,5.84,dys,,United States of America,-88.26020599999998,46.7923,7010000010,7020024600,7030034520,3.894736842105263,11.684210526315788,7.789473684210526,5.842105263157894,12.845233298452376,9.683364722949333,9.683364722949333
1023145,2017,summer,244.08700345106556,170.4912004696478,230.09187254577907,221.2848293702804,517,865.9549058367728,0.2818703396745632,0.19688230798219455,0.26570883887243657,0.25553851347080564,0.35,2.66,0,7.6,1.77,14.1,859,107.2,0.00326492537313432,NLA17_ID-10168,48.02375,8,11.84,eu_mixo,,United States of America,-116.170009,46.769412,7010000010,7020014250,7030014930,7.6000000000000005,22.800000000000004,15.200000000000001,11.400000000000002,12.845233298452376,2.9974161708837337,2.9974161708837337
1024069,2007,summer,235.48237472491047,189.98199867773835,277.83675374542474,267.5696764846359,516,970.8708036327095,0.24254759113551005,0.19568205982390477,0.2861727355543522,0.275597613486233,0.57,1.91,0,3.4,1.21,11063.3,414,0.7,0.8142857142857143,NLA06608-1326,24,16,1.68,oligo,,United States of America,-95.747917,46.702083,7010000010,7020021430,7030022240.000001,3.3508771929824563,10.052631578947368,6.701754385964913,5.026315789473684,12.845233298452376,11.64432707286,11.64432707286
1024069,2012,summer,371,297.5,416.5,360,510,1445,0.25674740484429065,0.20588235294117646,0.28823529411764703,0.2491349480968858,0.57,1.91,0,3.4,1.21,11063.3,414,0.7,0.8142857142857143,NLA12_MN-104,38,18,1.786666667,eu_mixo,,United States of America,-95.747917,46.702083,7010000010,7020021430,7030022240.000001,3.3508771929824563,10.052631578947368,6.701754385964913,5.026315789473684,12.845233298452376,11.64432707286,11.64432707286
1024111,2012,summer,126,68.5,125.5,167,495,487,0.2587268993839836,0.1406570841889117,0.25770020533880905,0.34291581108829566,0.15,0.51,0,3.3,1.21,591.3,553,0.4,0.37499999999999994,NLA12_MI-141,19,28,2.313333333,dys,,United States of America,-88.080208,46.698115,7010000010,7020024600,7030034520,3.4000000000000004,10.200000000000001,6.800000000000001,5.1000000000000005,12.845233298452376,7.245722198969335,7.245722198969335
1024111,2017,summer,162,88,156,245,493,651,0.2488479262672811,0.13517665130568357,0.23963133640552994,0.3763440860215054,0.15,0.51,0,3.3,1.21,591.3,553,0.4,0.37499999999999994,NLA17_MI-10018,7.52125,25,2.31,dys,,United States of America,-88.080208,46.698115,7010000010,7020024600,7030034520,3.4000000000000004,10.200000000000001,6.800000000000001,5.1000000000000005,12.845233298452376,7.245722198969335,7.245722198969335
1024765,2007,summer,600,590.6796611731484,752.9796136679837,495,558,2438.659274841132,0.24603683105303317,0.24221492000420128,0.3087678633240131,0.20298038561875237,0.7,1.91,0,2.7,1.28,491.4,552,104.7,0.00668576886341929,NLA06608-0899,495,16,69.192,eu_mixo,,United States of America,-99.422917,46.647917,7010000010,7020046750.000001,7030047060,2.7285714285714286,8.185714285714285,5.457142857142857,4.0928571428571425,13.137426825228477,3.6805274486184003,3.6805274486184003
1025083,2012,summer,340,258,384,315,502,1297,0.26214340786430224,0.19892058596761758,0.29606784888203547,0.24286815728604472,0.73,17.5,17.5,24,1.36,185.5,1663,193.4,0.00377456049638055,NLA12_MT-156,28,9,1.346666667,oligo,,United States of America,-110.746167,46.621322,7010000010,7020046750.000001,7030047060,23.972602739726028,71.9178082191781,47.945205479452056,35.95890410958905,13.294337810625077,11.876864930857336,11.876864930857336
1025228,2007,summer,316,341,391,388,544,1436,0.2200557103064067,0.23746518105849582,0.2722841225626741,0.27019498607242337,0.45,0.95,0,2.1,1.93,85.6,385,5.8,0.07758620689655173,NLA06608-1742,7,4,3.372,oligo,,United States of America,-88.56770799999998,46.608788,7010000010,7020024600,7030034520,2.1111111111111107,6.333333333333333,4.222222222222221,3.1666666666666665,13.129303305430637,16.136300778286667,16.136300778286667
1025292,2007,summer,164,123,170,253,495,710,0.23098591549295774,0.1732394366197183,0.23943661971830985,0.3563380281690141,0.48,1.68,0,3.5,1.86,525.2,528,1.8,0.26666666666666666,NLA06608-1998,10.5,22.5,4.3215,dys,,United States of America,-88.11207899999998,46.604431,7010000010,7020024600,7030034520,3.5,10.5,7,5.25,13.129303305430637,7.83891413527253,7.83891413527253
1025438,2017,summer,210,126,196,315,491,847,0.24793388429752067,0.1487603305785124,0.23140495867768596,0.371900826446281,0.35,1.45,0,4.2,2.07,195.5,515,4.1,0.08536585365853659,NLA17_MI-10141,22.8925,145,11.25,dys,,United States of America,-88.08124999999998,46.594286,7010000010,7020024600,7030034520,4.142857142857142,12.428571428571427,8.285714285714285,6.2142857142857135,13.002144283848976,4.4205734835496004,4.4205734835496004
1025679,2007,summer,234.9929823732986,187.08753895602786,249.4609627760287,269.5,503.5,941.0414841053552,0.24971585880372277,0.19880902395486988,0.26509029303122633,0.286384824210181,0.26,1.23,0,4.7,1.38,3.1,234,396.6,6.555723651033787e-4,NLA06608-1654,6,25,4.48,dys,,United States of America,-87.45620099999998,46.573081,7010000010,7020024600,7030034520,4.73076923076923,14.19230769230769,9.46153846153846,7.096153846153845,12.845233298452376,4.889984049919999,4.889984049919999
1025842,2012,summer,226,177,256,404,512,1063,0.21260583254938853,0.1665098777046096,0.24082784571966134,0.38005644402634053,0.34,1.34,0,3.9,1.85,101.7,334,8.6,0.03953488372093024,NLA12_WI-135,20,12.5,7.15,oligo,,United States of America,-91.398958,46.560997,7010000010,7020024600,7030034520,3.941176470588235,11.823529411764705,7.88235294117647,5.911764705882352,12.845233298452376,5.9839017941706665,3.048000097
1025842,2017,summer,208.81458421989004,152.35947168799402,225.5450966310603,289.67710454499525,506.5,876.3962570839396,0.23826503426051276,0.17384769783812679,0.25735515733661785,0.3305321105647425,0.34,1.34,0,3.9,1.85,101.7,334,8.6,0.03953488372093024,NLA17_WI-10008,36.3,15,5.140000000000001,eu_mixo,,United States of America,-91.398958,46.560997,7010000010,7020024600,7030034520,3.941176470588235,11.823529411764705,7.88235294117647,5.911764705882352,12.845233298452376,5.9839017941706665,3.048000097
1025875,2007,summer,251,255,335,362,555,1203,0.2086450540315877,0.2119700748129676,0.27847049044056527,0.30091438071487947,0.55,2.58,0,4.7,1.82,45.1,371,143.5,0.00383275261324041,NLA06608-1262,33,40,20.8,eu_mixo,,United States of America,-94.33136,46.55702,7010000010,7020046750.000001,7030047060,4.690909090909091,14.072727272727272,9.381818181818183,7.036363636363636,13.129303305430637,15.418782755883996,15.418782755883996
1026171,2007,summer,885.0065930986636,1689,1367,1105.7362046051442,579,5046.742797703808,0.17536193710948145,0.33467130537511636,0.27086777646405213,0.2190989810513501,0.21,0.54,0,2.5,1.52,285.4,791,21.8,0.00963302752293577,NLA06608-1462,450,75,26.8,eu_mixo,,United States of America,-106.008901,46.537015,7010000010,7020046750.000001,7030047060,2.5714285714285716,7.714285714285714,5.142857142857143,3.857142857142857,12.845233298452376,4.178136509841333,4.178136509841333
1026592,2007,summer,258.41542483996625,237.65549540668073,336.79364722856195,311.9631331556174,532,1144.8277006308265,0.22572429431745353,0.20759062282972982,0.2941871925731539,0.27249789027966265,0.8,4.97,0,6.2,1.49,83.1,238,16,0.05,NLA06608-0721,21,4,7.104,oligo,,United States of America,-122.394878,46.502156,7010000010,7020014250,7030014930,6.2124999999999995,18.6375,12.424999999999999,9.31875,13.421496832206739,19.364900584509336,19.364900584509336
1026592,2012,summer,245,238,384,258,545,1125,0.21777777777777776,0.21155555555555555,0.3413333333333333,0.22933333333333333,0.8,4.97,0,6.2,1.49,83.1,238,16,0.05,NLA12_WA-106,53,25,36.64,eu_mixo,,United States of America,-122.394878,46.502156,7010000010,7020014250,7030014930,6.2124999999999995,18.6375,12.424999999999999,9.31875,13.421496832206739,19.364900584509336,19.364900584509336
1026592,2017,summer,281,259,396,245.2221453048618,543,1181.222145304862,0.2378892074762759,0.2192644296667454,0.33524600057154896,0.2076003622854297,0.8,4.97,0,6.2,1.49,83.1,238,16,0.05,NLA17_WA-10006,28.66875,27,8.08,dys,,United States of America,-122.394878,46.502156,7010000010,7020014250,7030014930,6.2124999999999995,18.6375,12.424999999999999,9.31875,13.421496832206739,19.364900584509336,19.364900584509336
1026867,2007,summer,747.5412313594554,1048.75,1066.5,673,568,3535.791231359455,0.21142120177498086,0.29660970667568864,0.3016297994466002,0.19033929210273035,0.57,1.38,0,2.4,1.3,245.6,841,59.2,0.00962837837837837,NLA06608-0718,616,35,2.64,eu_mixo,,United States of America,-103.21886300000001,46.47948,7010000010,7020046750.000001,7030047060,2.4210526315789473,7.263157894736842,4.842105263157895,3.631578947368421,12.845233298452376,3.0175763852718664,3.0175763852718664
1026918,2017,summer,156.6845522959065,109.56286470785027,142.79772536471913,217.77156225156122,488,626.8167046200372,0.2499686928268533,0.17479250935768365,0.22781416690431064,0.34742463091115233,0.21,0.74,0,3.6,1.35,219.4,216,1.8,0.11666666666666664,NLA17_ME-10019,14.585,100,5.07,dys,,United States of America,-68.278125,46.476343,7010000010,7020024600,7030034529.999997,3.5238095238095237,10.57142857142857,7.0476190476190474,5.285714285714285,12.845233298452376,13.134214704138666,13.134214704138666
1026958,2012,summer,212.5,250.5,276.5,343,567.5,1082.5,0.19630484988452657,0.23140877598152426,0.2554272517321016,0.31685912240184755,0.51,1.97,0,3.9,1.08,457.1,363,3.1,0.16451612903225807,NLA12_WI-163,59,140,14.8,eu_mixo,,United States of America,-92.047358,46.472891,7010000010,7020024600,7030034520,3.8627450980392157,11.588235294117647,7.7254901960784315,5.794117647058823,12.845233298452376,8.589471908568,8.589471908568
1027097,2012,summer,230,148,242,256,499,876,0.2625570776255708,0.1689497716894977,0.2762557077625571,0.2922374429223744,0.57,2.2,0,3.9,1.16,85.5,270,13.2,0.04318181818181818,NLA12_MI-162,5,15,2.341333333,oligo,,United States of America,-85.71132299999998,46.46134,7010000010,7020024600,7030034520,3.859649122807018,11.578947368421053,7.719298245614036,5.7894736842105265,12.845233298452376,10.701326065226668,10.701326065226668
1027287,2017,summer,182.9669502576243,113.32306717768951,160.93000243500478,255.1115517326449,487,712.3315716029635,0.2568564381414301,0.1590875256626321,0.22592007549639156,0.3581359606995462,0.12,0.38,0,3.2,1.13,59.7,478,4.4,0.02727272727272726,NLA17_MI-10097,19.80625,145,4.94,dys,,United States of America,-87.996781,46.445075,7010000010,7020024600,7030034520,3.166666666666667,9.5,6.333333333333334,4.75,12.845233298452376,6.023190044357333,6.023190044357333
1027392,2007,summer,278.5,231,315.72263724170807,331.7461249778445,510.5,1156.9687622195524,0.2407152285302154,0.19965966890657003,0.2728877801644526,0.28673732239876204,0.91,3.18,0,3.5,1.58,1269,382,5.5,0.1654545454545455,NLA06608-0771,20,18,6.4,oligo,,United States of America,-93.963153,46.437039,7010000010,7020046750.000001,7030047060,3.4945054945054945,10.483516483516484,6.989010989010989,5.241758241758242,13.716548576654093,11.715596543010799,11.715596543010799
1027392,2012,summer,219,168,226,284.5,506,897.5,0.24401114206128133,0.1871866295264624,0.2518105849582173,0.316991643454039,0.91,3.18,0,3.5,1.58,1269,382,5.5,0.1654545454545455,NLA12_MN-103,36,62,13.984,eu_mixo,,United States of America,-93.963153,46.437039,7010000010,7020046750.000001,7030047060,3.4945054945054945,10.483516483516484,6.989010989010989,5.241758241758242,13.716548576654093,11.715596543010799,11.715596543010799
1027392,2017,summer,276,259,308,340,546,1183,0.23330515638207946,0.21893491124260356,0.2603550295857988,0.2874049027895182,0.91,3.18,0,3.5,1.58,1269,382,5.5,0.1654545454545455,NLA17_MN-10006,33.565,35,5.1,eu_mixo,,United States of America,-93.963153,46.437039,7010000010,7020046750.000001,7030047060,3.4945054945054945,10.483516483516484,6.989010989010989,5.241758241758242,13.716548576654093,11.715596543010799,11.715596543010799
1027596,2007,summer,261.20271027460444,152.77392343979892,330.6257818993036,215.1187298332649,509,959.7211454469718,0.27216521331615995,0.15918574282183537,0.34450192482246594,0.22414711903953877,0.28,0.9,0,3.2,1.2,1041.1,402,3.3,0.08484848484848487,NLA06608-1198,9,5,2.64,oligo,,United States of America,-95.837094,46.421132,7010000010,7020021430,7030022240.000001,3.2142857142857144,9.642857142857142,6.428571428571429,4.821428571428571,12.845233298452376,13.207968818201332,13.207968818201332
1027596,2012,summer,210,139,249,264,507,862,0.24361948955916474,0.16125290023201855,0.2888631090487239,0.3062645011600928,0.28,0.9,0,3.2,1.2,1041.1,402,3.3,0.08484848484848487,NLA12_MN-115,56,15,3.464,eu_mixo,,United States of America,-95.837094,46.421132,7010000010,7020021430,7030022240.000001,3.2142857142857144,9.642857142857142,6.428571428571429,4.821428571428571,12.845233298452376,13.207968818201332,13.207968818201332
1027596,2017,summer,260.16365951859166,168.64742716752568,302.67074105057975,331.5,506,1062.9818277366971,0.244748924892284,0.15865504260464178,0.2847374556675412,0.3118585768355329,0.28,0.9,0,3.2,1.2,1041.1,402,3.3,0.08484848484848487,NLA17_MN-10011,16.12875,20,3.17,oligo,,United States of America,-95.837094,46.421132,7010000010,7020021430,7030022240.000001,3.2142857142857144,9.642857142857142,6.428571428571429,4.821428571428571,12.845233298452376,13.207968818201332,13.207968818201332
1027918,2007,summer,216.58183027683336,171.06530895688428,256.07812323699545,281.1393529692718,521,924.8646154399848,0.23417679372866818,0.18496254057195557,0.27688173918857484,0.30397892651080144,0.65,2.6,0,4,1.91,401.2,474,4.4,0.1477272727272727,NLA06608-R5:KATHRYN,7,5,4.096,oligo,,United States of America,-88.71948399999998,46.391952,7010000010,7020024600,7030034520,4,12.000000000000002,8,6.000000000000001,13.583039724003136,11.704914247224268,11.704914247224268
1027918,2012,summer,205,161,254,299,517,919,0.22306855277475518,0.17519042437431992,0.2763873775843308,0.3253536452665941,0.65,2.6,0,4,1.91,401.2,474,4.4,0.1477272727272727,NLA12_MI-R08,23,16,6.848,oligo,,United States of America,-88.71948399999998,46.391952,7010000010,7020024600,7030034520,4,12.000000000000002,8,6.000000000000001,13.583039724003136,11.704914247224268,11.704914247224268
1028100,2007,summer,327.5696908806481,229,411,212,537,1179.569690880648,0.2777027024457451,0.1941385928872352,0.348432147059623,0.17972655760739678,0.2,0.59,0,3,1.49,972.7,248,0.3,0.6666666666666667,NLA06608-ELS:1E3-002,14,17,11.408,oligo,,United States of America,-68.356121,46.376078,7010000010,7020024600,7030034529.999997,2.9499999999999997,8.85,5.8999999999999995,4.425,12.845233298452376,9.629548620382668,9.629548620382668
1028139,2012,summer,412,440,532,385,557,1769,0.2328999434708875,0.248728094968909,0.30073487846240815,0.21763708309779536,0.51,1.51,0,3,1.15,5841,599,14.7,0.03469387755102041,NLA12_ND-118,230,25,1.76,eu_mixo,,United States of America,-99.4004,46.371707,7010000010,7020046750.000001,7030047060,2.9607843137254903,8.882352941176471,5.921568627450981,4.4411764705882355,12.845233298452376,4.2208927704283985,4.2208927704283985
1028164,2012,summer,217,277,368,296,566,1158,0.18739205526770294,0.2392055267702936,0.3177892918825561,0.2556131260794473,0.83,3.31,0,4,1.58,60.9,305,32.4,0.02561728395061728,NLA12_ME-104,12,27,3.272,dys,,United States of America,-69.228125,46.370264,7010000010,7020024600,7030034529.999997,3.9879518072289155,11.963855421686747,7.975903614457831,5.981927710843373,13.716548576654093,11.557510786470665,11.557510786470665
1028186,2012,summer,437,502.5,632.5,814,556.5,2386,0.183151718357083,0.2106035205364627,0.26508801341156746,0.34115674769488685,0.35,0.93,0,2.7,1.45,359.1,597,121,0.00289256198347107,NLA12_ND-108,603,54,446.4,eu_mixo,,United States of America,-99.509042,46.367501,7010000010,7020046750.000001,7030047060,2.6571428571428575,7.971428571428572,5.314285714285715,3.985714285714286,12.845233298452376,3.236148063905866,3.236148063905866
1028267,2017,summer,426,573.133516658643,656.3498798002321,505.96325292697264,563,2161.4466493858476,0.19709022201452134,0.26516200009909696,0.30366230875359657,0.2340854691327851,0.58,1.25,0,2.1,1.92,2066.7,599,21.9,0.02648401826484018,NLA17_ND-10035,266.94625,14,66.8,eu_mixo,,United States of America,-99.485372,46.359605,7010000010,7020046750.000001,7030047060,2.1551724137931036,6.4655172413793105,4.310344827586207,3.2327586206896552,13.290846197227037,4.773119426930933,4.773119426930933
1028354,2007,summer,203.67325931942273,148.607180651398,217.5601434457505,249.42374678712298,491,819.2643302036943,0.24860506165181548,0.18139100553108384,0.2655554934164635,0.30444843940063715,0.35,1.66,0,4.7,1.25,639.5,345,1.5,0.2333333333333333,NLA06608-EMAP:ME254L,5,10,1.749,oligo,,United States of America,-69.059375,46.352611,7010000010,7020024600,7030034529.999997,4.742857142857143,14.22857142857143,9.485714285714286,7.114285714285715,12.845233298452376,9.965907932012135,9.965907932012135
1028354,2012,summer,158,107.5,167,241.5,499.5,674,0.2344213649851632,0.15949554896142434,0.24777448071216618,0.3583086053412463,0.35,1.66,0,4.7,1.25,639.5,345,1.5,0.2333333333333333,NLA12_ME-R07,9,20,1.708,oligo,,United States of America,-69.059375,46.352611,7010000010,7020024600,7030034529.999997,4.742857142857143,14.22857142857143,9.485714285714286,7.114285714285715,12.845233298452376,9.965907932012135,9.965907932012135
1028744,2012,summer,640,466,774,258,513,2138,0.2993451824134705,0.21796071094480823,0.36202057998129095,0.12067352666043031,0.97,3.69,0,3.8,1.26,2373.6,1494,9,0.10777777777777778,NLA12_MT-144,91,13,5,eu_mixo,,United States of America,-110.034203,46.317349,7010000010,7020046750.000001,7030047060,3.8041237113402064,11.412371134020619,7.608247422680413,5.706185567010309,13.427846663276032,6.53915037700053,6.53915037700053
1028921,2017,summer,248.76644765679814,158.78441363485967,208,270.1959084783294,487,885.7467697699872,0.2808550436163582,0.1792661503875348,0.23483009715521055,0.30504870884089647,0.88,4.79,0,5.5,2.31,35,420,86.1,0.01022067363530778,NLA17_WI-HP001,33.35375,200,15.52,eu_mixo,,United States of America,-90.825584,46.300138,7010000010,7020024600,7030034520,5.443181818181818,16.329545454545453,10.886363636363637,8.164772727272727,13.862882400047877,21.197238665511993,21.197238665511993
1029002,2007,summer,285,205,330,270,502,1090,0.26146788990825687,0.18807339449541285,0.30275229357798167,0.24770642201834864,0.9,3.53,0,3.9,1.8,2721.1,405,4.5,0.2,NLA06608-MN:56-0306,8,5,5.387,oligo,,United States of America,-95.747998,46.293654,7010000010,7020021430,7030022240.000001,3.922222222222222,11.766666666666666,7.844444444444444,5.883333333333333,13.716548576654093,16.2566349307,15.96571865772
1029192,2007,summer,183.8507710137246,119,192,269.59801500185864,499,764.4487860155832,0.24050109618458707,0.1556677205548917,0.251161364256632,0.35266981900388933,0.58,2.49,0,4.3,1.25,740.1,435,2.5,0.232,NLA06608-0926,4,4,1.472,oligo,,United States of America,-91.038992,46.277137,7010000010,7020046750.000001,7030047060,4.293103448275863,12.879310344827587,8.586206896551726,6.439655172413794,12.845233298452376,11.366119952202663,11.366119952202663
1029315,2007,summer,184,59,154,135.65758329962696,487,532.6575832996269,0.3454376803577723,0.11076534315819872,0.28911631942987465,0.2546806570541544,0.13,0.97,0,7.7,1.24,1018.5,1291,0.3,0.43333333333333335,NLA06608-R10COUNCI,1,0,0.684,oligo,,United States of America,-121.6287,46.266303,7010000010,7020014250,7030014930,7.461538461538461,22.38461538461538,14.923076923076922,11.19230769230769,12.845233298452376,7.865722253600002,7.865722253600002
1029315,2017,summer,184,56,162,137.43588790196907,490,539.4358879019691,0.3410970684869192,0.10381215127862757,0.30031372334174405,0.2547770568927092,0.13,0.97,0,7.7,1.24,1018.5,1291,0.3,0.43333333333333335,NLA17_WA-HP001,10.54875,10,1.28,oligo,,United States of America,-121.6287,46.266303,7010000010,7020014250,7030014930,7.461538461538461,22.38461538461538,14.923076923076922,11.19230769230769,12.845233298452376,7.865722253600002,7.865722253600002
1029349,2017,summer,358.48169744061795,445.6551600131081,541.0634936114664,440.6469577045511,563,1785.8473087697437,0.20073479724734877,0.24954830002802228,0.3029729870826419,0.24674391564198697,0.39,1.47,0,3.7,1.97,2122.9,409,2.2,0.17727272727272728,NLA17_MN-10034,31.87125,25,2.6,eu_mixo,,United States of America,-95.61062,46.262672,7010000010,7020021430,7030022240.000001,3.769230769230769,11.307692307692307,7.538461538461538,5.653846153846153,13.002144283848976,14.649796447914664,14.649796447914664
1029350,2017,summer,212.70220116926583,134,189.53236928348514,253.97459103786957,486,790.2091614906205,0.26917202626205,0.169575356159156,0.2398508882457886,0.32140172933300537,0.31,1.12,0,3.6,1.26,808.4,435,1,0.31,NLA17_WI-10069,24.1,100,9.03,dys,,United States of America,-91.046875,46.262897,7010000010,7020046750.000001,7030047060,3.612903225806452,10.838709677419356,7.225806451612904,5.419354838709678,12.845233298452376,15.142881673263469,15.142881673263469
1029405,2007,summer,228,172.08709537352618,242,329.33147474191384,506,971.4185701154399,0.23470829878504926,0.177150304377109,0.24912021186834177,0.33902118496950007,0.39,1.39,0,3.5,1.99,193.7,440,6.5,0.06,NLA06608-2078,7,4,8.64,oligo,,United States of America,-88.08192599999998,46.256506,7010000010,7020024600,7030034520,3.564102564102564,10.692307692307692,7.128205128205128,5.346153846153846,13.002144283848976,14.075162684378935,14.075162684378935
1029419,2007,summer,297,255,424,268,527,1244,0.2387459807073955,0.204983922829582,0.3408360128617363,0.21543408360128619,0.65,2.67,0,4.1,1.09,3091,363,3.6,0.18055555555555555,NLA06608-0174,14.666666666666666,6.333333333333333,6.181333333333333,oligo,,United States of America,-96.038352,46.255047,7010000010,7020021430,7030022240.000001,4.107692307692308,12.323076923076922,8.215384615384616,6.161538461538461,13.137426825228477,15.955905994095998,15.955905994095998
1029420,2012,summer,296.5,305,449,367,551,1417.5,0.2091710758377425,0.21516754850088182,0.31675485008818344,0.2589065255731922,0.37,1.46,0,4,1.6,2818.3,390,2.1,0.17619047619047618,NLA12_MN-157,86,28,50.4,eu_mixo,,United States of America,-95.935417,46.255263,7010000010,7020021430,7030022240.000001,3.945945945945946,11.837837837837839,7.891891891891892,5.918918918918919,12.845233298452376,13.330813930536,13.330813930536
1029786,2017,summer,362.17110253366127,323.5476879631472,542.2420767225906,504.86540670180455,543,1732.8262739212037,0.20900600826769908,0.18671674871999303,0.31292350819194,0.2913537348203679,0.56,1.71,0,3,2.45,1320.2,358,5.6,0.10000000000000002,NLA17_MN-10037,211.32125,35,21.68,eu_mixo,,United States of America,-96.053125,46.221519,7010000010,7020021430,7030022240.000001,3.053571428571428,9.160714285714285,6.107142857142856,4.580357142857142,13.290846197227037,9.787759131935998,6.249495575759999
1029912,2012,summer,463,292,527,224,511,1506,0.30743691899070386,0.19389110225763612,0.349933598937583,0.14873837981407703,0.26,2.39,0,9,1.69,251.2,1029,10.6,0.02452830188679245,NLA12_ID-148,77,15,5.546666667,eu_mixo,,United States of America,-116.839038,46.209858,7010000010,7020014250,7030014930,9.192307692307692,27.57692307692308,18.384615384615383,13.78846153846154,12.845233298452376,5.565040341284533,5.565040341284533
1030479,2007,summer,186.82129663371904,179.24194353151282,221.5075290208081,262.8699960495193,549,850.4407652355592,0.21967584841958085,0.21076358384803617,0.2604620310733269,0.3090985366590562,0.46,2.54,0,5.5,1.28,207,273,6.7,0.06865671641791045,NLA06608-0657,20,20,12.48,oligo,,United States of America,-69.008497,46.166886,7010000010,7020038339.999999,7030038340,5.521739130434783,16.565217391304348,11.043478260869566,8.282608695652174,12.845233298452376,13.074853910340929,13.074853910340929
1030479,2012,summer,137,138,174,211,552,660,0.20757575757575758,0.20909090909090908,0.2636363636363636,0.3196969696969697,0.46,2.54,0,5.5,1.28,207,273,6.7,0.06865671641791045,NLA12_ME-105,13,30,6.528,dys,,United States of America,-69.008497,46.166886,7010000010,7020038339.999999,7030038340,5.521739130434783,16.565217391304348,11.043478260869566,8.282608695652174,12.845233298452376,13.074853910340929,13.074853910340929
1030479,2017,summer,263.3045299052122,247.55985377861282,289.7875540317459,343.7412051093973,551,1144.3931428249682,0.2300822331521816,0.2163241324283926,0.25322377702858023,0.3003698573908456,0.46,2.54,0,5.5,1.28,207,273,6.7,0.06865671641791045,NLA17_ME-10004,28.675,44,8.53,dys,,United States of America,-69.008497,46.166886,7010000010,7020038339.999999,7030038340,5.521739130434783,16.565217391304348,11.043478260869566,8.282608695652174,12.845233298452376,13.074853910340929,13.074853910340929
1030635,2007,summer,216,162,257.5,338.9107868039032,505.5,974.4107868039032,0.221672422889002,0.16625431716675151,0.2642622633977686,0.3478109965464779,0.49,2.32,0,4.7,1.47,536.4,497,3.6,0.1361111111111111,NLA06608-0286,5,6,2.224,oligo,,United States of America,-88.82710799999998,46.154442,7010000010,7020024600,7030034520,4.73469387755102,14.204081632653063,9.46938775510204,7.102040816326531,12.845233298452376,4.435632113075067,4.435632113075067
1030635,2012,summer,177,99,184,222,498,682,0.2595307917888563,0.14516129032258066,0.2697947214076246,0.3255131964809384,0.49,2.32,0,4.7,1.47,536.4,497,3.6,0.1361111111111111,NLA12_MI-118,8,15,2.974117647,oligo,,United States of America,-88.82710799999998,46.154442,7010000010,7020024600,7030034520,4.73469387755102,14.204081632653063,9.46938775510204,7.102040816326531,12.845233298452376,4.435632113075067,4.435632113075067
1030635,2017,summer,259.67287394372465,163.04426648658873,258.99648068308625,350.0059543048871,496,1031.7195754182867,0.2516893932524701,0.15803157211637303,0.2510337952811278,0.33924523935002915,0.49,2.32,0,4.7,1.47,536.4,497,3.6,0.1361111111111111,NLA17_MI-10008,7.3275,18,3.95,oligo,,United States of America,-88.82710799999998,46.154442,7010000010,7020024600,7030034520,4.73469387755102,14.204081632653063,9.46938775510204,7.102040816326531,12.845233298452376,4.435632113075067,4.435632113075067
1030705,2017,summer,298.4840894280874,283,434,532.2243685043334,557,1547.7084579324207,0.19285550059397583,0.18285097464548258,0.28041456889095207,0.34387895586958955,0.3,0.8,0,2.7,1.65,104.3,438,21.9,0.0136986301369863,NLA17_MN-10180,203.05375,55,115.2,eu_mixo,,United States of America,-95.526562,46.1477,7010000010,7020046750.000001,7030047060,2.666666666666667,8.000000000000002,5.333333333333334,4.000000000000001,12.845233298452376,7.493471446571197,7.493471446571197
1030827,2007,summer,198,136,202,261.9091168425125,499,797.9091168425125,0.24814856206121066,0.1704454769713366,0.2531616643250735,0.32824429664237925,0.48,1.85,0,3.9,1.38,66.2,500,15.9,0.03018867924528301,NLA06608-ELS:2C3-018,10,10,5.448,oligo,,United States of America,-89.55916,46.137206,7010000010,7020046750.000001,7030047060,3.854166666666667,11.562500000000002,7.708333333333334,5.781250000000001,12.845233298452376,7.119448127345465,7.119448127345465
1030827,2012,summer,175,126,180,251,498,732,0.2390710382513661,0.1721311475409836,0.2459016393442623,0.34289617486338797,0.48,1.85,0,3.9,1.38,66.2,500,15.9,0.03018867924528301,NLA12_WI-R06,19,22,9.226666667,dys,,United States of America,-89.55916,46.137206,7010000010,7020046750.000001,7030047060,3.854166666666667,11.562500000000002,7.708333333333334,5.781250000000001,12.845233298452376,7.119448127345465,7.119448127345465
1030939,2012,summer,300.5,348.5,440,498,559,1587,0.18935097668557027,0.2195967233774417,0.2772526780088217,0.31379962192816635,0.13,0.22,0,1.7,1.34,365.9,339,2.7,0.04814814814814815,NLA12_MN-127,110,25,40.8,eu_mixo,,United States of America,-96.133732,46.127456,7010000010,7020021430,7030022240.000001,1.6923076923076923,5.076923076923077,3.3846153846153846,2.5384615384615383,12.845233298452376,11.001049598132536,11.001049598132536
1030939,2017,summer,349.07565074991487,511.59615004878776,597.9857498110248,534.7904331807414,565,1993.4479837904687,0.17511149204212503,0.2566388258980334,0.2999755973938064,0.2682740846660352,0.13,0.22,0,1.7,1.34,365.9,339,2.7,0.04814814814814815,NLA17_MN-10017,93.97625,15,51.2,eu_mixo,,United States of America,-96.133732,46.127456,7010000010,7020021430,7030022240.000001,1.6923076923076923,5.076923076923077,3.3846153846153846,2.5384615384615383,12.845233298452376,11.001049598132536,11.001049598132536
1031239,2017,summer,320.12798558491147,291.1972849387336,400.5649911629348,426.5912495907133,532,1438.481511277293,0.22254577697050504,0.2024338044360169,0.27846377448901305,0.2965566441044651,0.24,0.79,0,3.2,1.26,2291.5,383,1.2,0.2,NLA17_MN-10023,27.02625,10,3.74,oligo,,United States of America,-95.819792,46.102083,7010000010,7020046750.000001,7030047060,3.2916666666666665,9.875000000000002,6.583333333333333,4.937500000000001,12.845233298452376,10.176912387662666,10.176912387662666
1031578,2017,summer,266.25,200.32850964579103,276,394.5,493.5,1137.078509645791,0.23415269723366683,0.17617825677507085,0.24272730304785745,0.3469417429434049,0.12,0.37,0,3,1.3,92.8,511,2.5,0.048,NLA17_WI-10109,38.2,200,53.5,eu_mixo,,United States of America,-89.34531599999998,46.071281,7010000010,7020046750.000001,7030047060,3.0833333333333335,9.25,6.166666666666667,4.625,12.845233298452376,6.079971761950666,6.079971761950666
1031679,2017,summer,307,298,336,420,550,1361,0.22556943423952977,0.21895664952240998,0.24687729610580456,0.3085966201322557,0.73,3.84,0,5.2,1.36,38.2,443,55.3,0.0132007233273056,NLA17_ME-10040,9.32125,50,3.46,dys,,United States of America,-69.907311000000007,46.063551,7010000010,7020024600,7030034529.999997,5.260273972602739,15.780821917808222,10.520547945205479,7.890410958904111,13.294337810625077,10.119024406127467,10.119024406127467
1031783,2017,summer,168,111,178,270,490,727,0.2310866574965612,0.15268225584594222,0.24484181568088034,0.3713892709766162,0.21,0.69,0,3.3,1.07,1593.1,305,0.4,0.5249999999999999,NLA17_MN-10022,13.4,35,3.14,dys,,United States of America,-92.472917,46.052259,7010000010,7020046750.000001,7030047060,3.2857142857142856,9.857142857142856,6.571428571428571,4.928571428571428,12.845233298452376,12.850630237353466,12.850630237353466
1031968,2012,summer,352,313,472,392,550,1529,0.2302158273381295,0.20470896010464357,0.30869849574885544,0.2563767168083715,0.68,1.85,0,2.7,1.41,19.5,1554,227.3,0.00299164100307963,NLA12_MT-160,74,19,30.312,eu_mixo,,United States of America,-110.683125,46.035012,7010000010,7020046750.000001,7030047060,2.7205882352941173,8.161764705882353,5.441176470588235,4.080882352941177,13.294337810625077,3.787014816446399,3.787014816446399
1031968,2017,summer,372.94389792107586,324.37575931319054,425.8771671456746,283.2814825485575,539.5,1406.4783069284986,0.2651615002406399,0.23062976351307557,0.3027968259785787,0.20141191026770577,0.68,1.85,0,2.7,1.41,19.5,1554,227.3,0.00299164100307963,NLA17_MT-10013,59.3125,18,4.35,eu_mixo,,United States of America,-110.683125,46.035012,7010000010,7020046750.000001,7030047060,2.7205882352941173,8.161764705882353,5.441176470588235,4.080882352941177,13.294337810625077,3.787014816446399,3.787014816446399
1031996,2017,summer,300.65827228441583,187.59645910499793,288.60113471754266,354.9800928284159,493,1131.8359589353722,0.26563767470970007,0.16574527220486523,0.2549849493993871,0.3136321036860477,0.13,0.44,0,3.4,1.25,724.9,293,0.7,0.18571428571428572,NLA17_WI-10021,9.39,10,8.55,oligo,,United States of America,-92.177735,46.032654,7010000010,7020046750.000001,7030047060,3.3846153846153846,10.153846153846153,6.769230769230769,5.076923076923077,12.845233298452376,7.7268675995004,7.7268675995004
1032007,2007,summer,411.11786341602703,527.7581920037529,592.4261282526079,516.4747329290742,558.5,2047.776916601462,0.2007630128472821,0.257722502741965,0.2893020833713723,0.2522124010393806,0.73,2.15,0,2.9,1.43,24938.8,632,3,0.24333333333333332,NLA06608-0515,335,21,5.92,eu_mixo,,United States of America,-98.9505,46.031816,7010000010,7020046750.000001,7030047060,2.9452054794520546,8.835616438356166,5.890410958904109,4.417808219178083,13.294337810625077,3.6191822674759995,3.6191822674759995
1032132,2012,summer,200,133,211.75,337.5,504,882.25,0.22669311419665628,0.1507509209407764,0.24001133465570984,0.38254463020685747,0.16,0.38,0,2.4,1.22,490.4,296,0.9,0.17777777777777778,NLA12_MN-147,45,38,10.22857143,eu_mixo,,United States of America,-92.58883100000001,46.021864,7010000010,7020046750.000001,7030047060,2.375,7.124999999999999,4.75,3.5624999999999996,12.845233298452376,9.632069710255331,9.632069710255331
1032369,2017,summer,303.5896610804974,240.71083933710105,330.23015581488806,369.9153795324945,506,1244.446035764981,0.24395566569817226,0.1934281056945408,0.265363178735099,0.297253049872188,0.97,5.31,0,5.5,1.62,512,363,23.4,0.04145299145299145,NLA17_MN-10027,18.3225,10,5.84,oligo,,United States of America,-94.699083,46.002452,7010000010,7020046750.000001,7030047060,5.4742268041237105,16.422680412371136,10.948453608247421,8.211340206185568,13.716548576654093,12.630381746391993,10.091999999999999
1032388,2007,summer,252.20553828524618,99.33491810893938,212.3000403663397,273.47605843548763,490,837.3165551960128,0.30120691716910547,0.11863484305011195,0.253548122330677,0.32661011745010565,0.32,1.13,0,3.5,1.06,86.4,501,8.9,0.03595505617977528,NLA06608-1166,1,3,1.148,oligo,,United States of America,-89.617131,46.001329,7010000010,7020046750.000001,7030047060,3.5312499999999996,10.593749999999998,7.062499999999999,5.296874999999999,12.845233298452376,5.752243694535999,5.752243694535999
1032537,2012,summer,213,146,236,327,516,922,0.23101952277657267,0.15835140997830802,0.2559652928416486,0.3546637744034707,0.92,3.4,0,3.7,1.77,354.6,491,6.7,0.1373134328358209,NLA12_WI-R13,17,18,8.672,oligo,,United States of America,-89.808509,45.988486,7010000010,7020046750.000001,7030047060,3.695652173913043,11.086956521739129,7.391304347826086,5.5434782608695645,13.716548576654093,10.221084442987468,10.221084442987468
1032576,2007,summer,236,169.021987185189,250.14778777752346,307,511,962.1697749627125,0.24527895818505194,0.17566752935233204,0.2599830032981628,0.3190705091644532,0.21,0.79,0,3.7,1.3,145,500,3.7,0.05675675675675675,NLA06608-0654,22,23,9.152,dys,,United States of America,-89.35133999999998,45.985442,7010000010,7020046750.000001,7030047060,3.7619047619047623,11.285714285714286,7.523809523809525,5.642857142857143,12.845233298452376,7.335173789398664,7.335173789398664
1032674,2007,summer,255.4207781538614,228,379.0041354822494,302.3233770130234,540,1164.7482906491343,0.21929268341017352,0.19575044825601903,0.3253957430330495,0.25956112530075776,0.58,2.32,0,4,1.19,790.6,454,2.4,0.24166666666666667,NLA06608-0606,15,10,5.824,oligo,,United States of America,-90.50885,45.975359,7010000010,7020046750.000001,7030047060,4,12,8,6,12.845233298452376,11.30905351677227,11.30905351677227
1032760,2017,summer,243.56687033519395,184,262,318,497,1007.5668703351939,0.24173767271066085,0.1826181521220398,0.2600323687824697,0.31561180638482966,0.34,0.92,0,2.7,1.22,110.5,504,6.1,0.05573770491803279,NLA17_WI-10125,20.3,20,14.1,oligo,,United States of America,-89.201042,45.968024,7010000010,7020046750.000001,7030047060,2.7058823529411766,8.117647058823529,5.411764705882353,4.0588235294117645,12.845233298452376,5.404721515846666,5.404721515846666
1032867,2017,summer,220.64242882038326,125.66052506510908,170.9873887871031,257.4354191081897,489,774.7257617807852,0.2848006865206269,0.16220000839557175,0.22070698719772963,0.33229231788607166,0.14,0.41,0,2.9,1.14,94.1,498,3.1,0.04516129032258065,NLA17_WI-10077,19.1,80,1.62,dys,,United States of America,-89.438024,45.958011,7010000010,7020046750.000001,7030047060,2.9285714285714284,8.785714285714285,5.857142857142857,4.392857142857142,12.845233298452376,6.274013202879999,6.274013202879999
1032930,2012,summer,653,803.5,904,753.5,564.5,3114,0.2096981374438022,0.2580282594733462,0.29030186255619783,0.24197174052665382,0.2,0.44,0,2.2,1.21,459.1,588,47.8,0.00418410041841004,NLA12_ND-107,99,28,19.48,eu_mixo,,United States of America,-99.134375,45.952444,7010000010,7020046750.000001,7030047060,2.2,6.6,4.4,3.3,12.845233298452376,5.131894318502666,5.131894318502666
1033266,2017,summer,533,647.7646992155348,840.8752951963971,672,560,2693.639994411932,0.19787350986239088,0.2404793144441535,0.3121706304260509,0.24947654526740465,0.26,0.75,0,2.9,1.16,299.9,348,11,0.02363636363636363,NLA17_SD-10104,464.01375,29,136.08,eu_mixo,,United States of America,-96.999525,45.919723,7010000010,7020021430,7030022240.000001,2.8846153846153846,8.653846153846155,5.769230769230769,4.3269230769230775,12.845233298452376,11.129188710887467,11.129188710887467
1033320,2017,summer,256.55850598457175,140.6438359349378,231.0901932621206,231.80893583763665,493,860.1014710192668,0.2982886492224412,0.16352005045203244,0.26867782587125005,0.2695134744542763,0.26,0.83,0,3.2,1.68,3.7,486,164.9,0.0015767131594906,NLA17_WI-10089,5.49,5,1.56,oligo,,United States of America,-89.82798099999998,45.915383,7010000010,7020046750.000001,7030047060,3.192307692307692,9.576923076923077,6.384615384615384,4.788461538461538,12.845233298452376,6.600577660227998,6.600577660227998
1033331,2012,summer,638,689,751,591,563,2669,0.23904083926564257,0.25814911952041963,0.28137879355563883,0.221431247658299,0.45,1.05,0,2.4,1.11,937.1,585,65.6,0.00685975609756097,NLA12_SD-157,84,28,32.508,eu_mixo,,United States of America,-99.218464,45.914241,7010000010,7020046750.000001,7030047060,2.3333333333333335,7.000000000000001,4.666666666666667,3.5000000000000004,12.845233298452376,3.863996295326666,3.863996295326666
1033551,2007,summer,517.6607456824544,621.3259234479625,834.0110795269137,440.80512178262927,554,2413.80287043996,0.21445858401357407,0.25740541245388215,0.34551747772795544,0.18261852580458837,0.68,1.56,0,2.3,1.11,9052.6,592,7.2,0.09444444444444444,NLA06608-2131,14,7,13.44,oligo,,United States of America,-99.105433,45.89385,7010000010,7020046750.000001,7030047060,2.294117647058824,6.88235294117647,4.588235294117648,3.441176470588235,13.137426825228477,3.4549568194459996,3.4549568194459996
1033592,2007,summer,444.0082865014519,652.0425666547712,611.8733684738671,736.7443055716225,570,2444.668527201713,0.1816231041390652,0.26672023605635037,0.25028888852029657,0.30136777128428777,0.47,0.95,0,2,1.39,3658,615,9.9,0.04747474747474747,NLA06608-1107,733,55,49.032,eu_mixo,,United States of America,-99.046987,45.889699,7010000010,7020046750.000001,7030047060,2.021276595744681,6.063829787234043,4.042553191489362,3.0319148936170217,12.845233298452376,3.8419632228991984,3.8419632228991984
1033786,2007,summer,199.70518816700746,225.33530999525337,263.987778346809,389.3209041481853,559,1078.3491806572551,0.1851952890113821,0.2089632134351057,0.24480732501313548,0.36103417254037673,0.4,1.68,0,4.2,1.6,475.2,309,4.6,0.08695652173913045,NLA06608-1910,37,35,22.24,eu_mixo,,United States of America,-87.80312499999998,45.872603,7010000010,7020024600,7030034520,4.2,12.6,8.4,6.3,12.845233298452376,11.2279629449232,11.2279629449232
1033894,2017,summer,228.9873195826246,147.58686035021609,188.0585515952784,306,487,870.6327315281192,0.2630125324839443,0.16951678360538344,0.2160021611698441,0.35146852274082807,0.2,0.46,0,2.3,1.34,65.3,501,6,0.03333333333333333,NLA17_WI-10025,30,200,22.3,dys,,United States of America,-89.267824,45.862241,7010000010,7020046750.000001,7030047060,2.3,6.9,4.6,3.45,12.845233298452376,6.337763903430665,6.337763903430665
1034314,2012,summer,657,697,818,621,558,2793,0.23523093447905477,0.24955245255997136,0.292875044754744,0.22234156820622986,0.72,2.17,0,3,1.71,2508,580,44.1,0.01632653061224489,NLA12_SD-141,39,25,6.2,eu_mixo,,United States of America,-99.282263,45.81792,7010000010,7020046750.000001,7030047060,3.013888888888889,9.041666666666666,6.027777777777778,4.520833333333333,13.583039724003136,5.830773715019199,5.830773715019199
1034314,2017,summer,484.865220459304,433.4744948660476,630.5048031139147,448.24728747852555,541.5,1997.0918059177918,0.24278564411638417,0.21705286335939789,0.3157114766810419,0.22445001584317611,0.72,2.17,0,3,1.71,2508,580,44.1,0.01632653061224489,NLA17_SD-10017,40.354,7,6.51,eu_mixo,,United States of America,-99.282263,45.81792,7010000010,7020046750.000001,7030047060,3.013888888888889,9.041666666666666,6.027777777777778,4.520833333333333,13.583039724003136,5.830773715019199,5.830773715019199
1034352,2007,summer,299,206,329,364,502,1198,0.24958263772954925,0.17195325542570952,0.27462437395659434,0.3038397328881469,0.94,4.02,0,4.3,1.38,485.2,366,17.6,0.0534090909090909,NLA06608-MN:49-0140,7,4,1.212,oligo,,United States of America,-94.627851,45.814583,7010000010,7020046750.000001,7030047060,4.27659574468085,12.829787234042552,8.5531914893617,6.414893617021276,13.555005684857694,22.735876442136,30.4309368906
1034466,2007,summer,615.7618061299823,768.7614914493374,1011.8489115498742,815.425180595058,560,3211.797389724252,0.19171875788305826,0.23935553777735005,0.31504132694894127,0.25388437739065045,0.68,2.66,0,3.9,1.65,371.3,540,49.5,0.01373737373737373,NLA06608-0595,258,28,106.56,eu_mixo,,United States of America,-99.763995,45.803837,7010000010,7020046750.000001,7030047060,3.9117647058823524,11.73529411764706,7.823529411764705,5.86764705882353,13.421496832206739,6.925642231432801,6.925642231432801
1034531,2007,summer,233.7847196721583,228.32774770334038,247.4938891734045,264.48156657780874,555.5,974.087923126712,0.24000371436875617,0.23440157944924947,0.2540775666112122,0.2715171395707821,0.83,3.48,0,4.2,1.16,226.5,364,8.4,0.0988095238095238,NLA06608-ELS:1E2-027,28,34,7.936,dys,,United States of America,-69.893623,45.797923,7010000010,7020038339.999999,7030038340,4.192771084337349,12.578313253012048,8.385542168674698,6.289156626506024,13.270935677879432,13.878341517632002,13.878341517632002
1034791,2007,summer,588.7875789072766,630.8511429403495,730.7468745896488,652.5621489954582,559,2602.947745432733,0.2262003069175683,0.242360279435987,0.2807382037814071,0.25070120986503763,0.43,0.87,0,2,1.78,839.3,558,7,0.06142857142857143,NLA06608-0851,44,22,7.8,eu_mixo,,United States of America,-99.642122,45.770529,7010000010,7020046750.000001,7030047060,2.0232558139534884,6.069767441860465,4.046511627906977,3.0348837209302326,13.002144283848976,4.323779595966799,4.323779595966799
1034791,2012,summer,433.5,396,534.5,279.5,545,1643.5,0.2637663522969273,0.2409491937937329,0.3252205658655309,0.17006388804380895,0.43,0.87,0,2,1.78,839.3,558,7,0.06142857142857143,NLA12_SD-108,57,6,9.955555556,eu_mixo,,United States of America,-99.642122,45.770529,7010000010,7020046750.000001,7030047060,2.0232558139534884,6.069767441860465,4.046511627906977,3.0348837209302326,13.002144283848976,4.323779595966799,4.323779595966799
1034791,2017,summer,483,536.6115212629621,638.7920998730909,479,566,2137.403621136053,0.2259751013911356,0.2510576458075557,0.29886358082127984,0.2241036719800289,0.43,0.87,0,2,1.78,839.3,558,7,0.06142857142857143,NLA17_SD-10006,71.45,5,16.29,eu_mixo,,United States of America,-99.642122,45.770529,7010000010,7020046750.000001,7030047060,2.0232558139534884,6.069767441860465,4.046511627906977,3.0348837209302326,13.002144283848976,4.323779595966799,4.323779595966799
1034832,2007,summer,290.5,274.73788407747145,406,428.19214222842334,531.5,1399.430026305895,0.20758451265108196,0.1963212728847207,0.2901181140665724,0.3059761003976249,0.52,2.19,0,4.2,2.75,1408.2,368,3.3,0.1575757575757576,NLA06608-MN:77-0019,17,14,12.78,oligo,,United States of America,-94.678125,45.767111,7010000010,7020046750.000001,7030047060,4.211538461538462,12.634615384615385,8.423076923076923,6.3173076923076925,13.290846197227037,15.0064510920748,15.0064510920748
1034894,2007,summer,183.4253855068623,196,248.6583456408581,311.96646262578156,543.5,940.050193773502,0.195122969732675,0.20849950491816474,0.2645160304075959,0.3318614949415643,0.34,1.08,0,3.2,1.08,52,433,20.1,0.01691542288557214,NLA06608-0350,18,46,17.44,dys,,United States of America,-90.658158,45.762182,7010000010,7020046750.000001,7030047060,3.176470588235294,9.529411764705882,6.352941176470588,4.764705882352941,12.845233298452376,11.91658616742,11.91658616742
1034894,2012,summer,154,102,164.5,244,498,664.5,0.23175319789315274,0.15349887133182843,0.24755455229495862,0.3671933784800602,0.34,1.08,0,3.2,1.08,52,433,20.1,0.01691542288557214,NLA12_WI-106,24,110,7.43,dys,,United States of America,-90.658158,45.762182,7010000010,7020046750.000001,7030047060,3.176470588235294,9.529411764705882,6.352941176470588,4.764705882352941,12.845233298452376,11.91658616742,11.91658616742
1034894,2017,summer,200.90806068728062,135.7874588818391,193.03657823790127,271.68921765837024,496.5,801.4213154653912,0.25068968944332587,0.16943330088866718,0.24086778640995282,0.3390092232580541,0.34,1.08,0,3.2,1.08,52,433,20.1,0.01691542288557214,NLA17_WI-10007,38.9,200,11.6,eu_mixo,,United States of America,-90.658158,45.762182,7010000010,7020046750.000001,7030047060,3.176470588235294,9.529411764705882,6.352941176470588,4.764705882352941,12.845233298452376,11.91658616742,11.91658616742
1034957,2007,summer,266.40606288674985,174.13091926839857,292,335,497,1067.5369821551485,0.2495520692397261,0.16311464818470484,0.2735268237831996,0.3138064587923694,0.85,6.14,0,7.2,1.4,195.4,194,16,0.053125,NLA06608-NELP-3586,3,7,1.083,oligo,,United States of America,-69.070018,45.755741,7010000010,7020038339.999999,7030038340,7.223529411764706,21.67058823529412,14.447058823529412,10.83529411764706,13.555005684857694,21.156001352335995,21.156001352335995
1034957,2012,summer,176,101,164,208,492,649,0.2711864406779661,0.15562403697996918,0.2526964560862866,0.3204930662557781,0.85,6.14,0,7.2,1.4,195.4,194,16,0.053125,NLA12_ME-R15,12,30,1.38,dys,,United States of America,-69.070018,45.755741,7010000010,7020038339.999999,7030038340,7.223529411764706,21.67058823529412,14.447058823529412,10.83529411764706,13.555005684857694,21.156001352335995,21.156001352335995
1035023,2017,summer,213,139,210,344,493,906,0.23509933774834438,0.1534216335540839,0.23178807947019867,0.37969094922737306,0.24,0.93,0,3.9,2.14,138.4,304,8.5,0.02823529411764705,NLA17_WI-10020,17.8,15,4.87,oligo,,United States of America,-92.434678,45.748528,7010000010,7020046750.000001,7030047060,3.8750000000000004,11.625,7.750000000000001,5.8125,12.845233298452376,7.875087828626266,7.875087828626266
1035026,2007,summer,276.1760955418078,169.53455413743376,258.30293211789893,327.9229179178184,496,1031.9364997149587,0.26762896323377755,0.16428777757571572,0.25030894070444,0.3177743184860669,0.38,1.89,0,5,1.38,25.7,297,37.6,0.0101063829787234,NLA06608-EMAP:ME011L,13,35,4.347,dys,,United States of America,-69.215862,45.748615,7010000010,7020038339.999999,7030038340,4.973684210526316,14.921052631578945,9.947368421052632,7.460526315789473,12.845233298452376,14.519705760260662,14.519705760260662
1035157,2012,summer,154,103,173,229,496,659,0.2336874051593323,0.15629742033383914,0.26251896813353565,0.34749620637329287,0.11,0.33,0,3,1.19,955.2,285,0.4,0.27499999999999997,NLA12_WI-171,12,7.5,5.37,oligo,,United States of America,-92.539081,45.735058,7010000010,7020046750.000001,7030047060,3,9,6,4.5,12.845233298452376,6.0726954261375985,6.0726954261375985
1035446,2012,summer,319.5,272.5,416,285.5,530,1293.5,0.24700425202937765,0.21066872825666796,0.32160804020100503,0.22071897951294936,0.53,1.7,0,3.2,1.86,468.7,546,39.1,0.01355498721227621,NLA12_SD-182,35,12,1.92,eu_mixo,,United States of America,-97.470133,45.707902,7010000010,7020046750.000001,7030047060,3.20754716981132,9.622641509433961,6.41509433962264,4.811320754716981,13.129303305430637,5.836872194474533,5.836872194474533
1035989,2017,summer,236,153.45503415674372,224.59905286481887,319.1673709542681,488,933.2214579758307,0.2528874555798224,0.1644358183636172,0.24067069069755115,0.34200603535900925,0.15,0.4,0,2.7,1.16,4,455,93.7,0.00160085378868729,NLA17_WI-10127,31.1,350,7.86,eu_mixo,,United States of America,-89.70040299999998,45.649612,7010000010,7020046750.000001,7030047060,2.666666666666667,8.000000000000002,5.333333333333334,4.000000000000001,12.845233298452376,11.184922810773863,11.184922810773863
1036166,2007,summer,386,482.4014972740162,663.1733725917287,484,559,2015.5748698657449,0.1915086389352091,0.23933692788407726,0.3290244299562546,0.24013000322445907,0.56,1.54,0,2.7,2.05,1620.9,558,7.1,0.07887323943661972,NLA06608-0727,191,26,130.4,eu_mixo,,United States of America,-97.32466400000001,45.628973,7010000010,7020046750.000001,7030047060,2.75,8.25,5.5,4.125,13.290846197227037,6.2442027373163995,6.2442027373163995
1036166,2012,summer,384,451,619,470,559,1924,0.1995841995841996,0.2344074844074844,0.3217255717255717,0.2442827442827443,0.56,1.54,0,2.7,2.05,1620.9,558,7.1,0.07887323943661972,NLA12_SD-111,162,20,90.72,eu_mixo,,United States of America,-97.32466400000001,45.628973,7010000010,7020046750.000001,7030047060,2.75,8.25,5.5,4.125,13.290846197227037,6.2442027373163995,6.2442027373163995
1036166,2017,summer,495.0142183295545,736.8917045375322,971.1146468882966,556.2910849516134,561.5,2759.3116547069967,0.17939771953093087,0.2670563520001442,0.35194090715766446,0.20160502131126043,0.56,1.54,0,2.7,2.05,1620.9,558,7.1,0.07887323943661972,NLA17_SD-10007,239.6025,22,86.88,eu_mixo,,United States of America,-97.32466400000001,45.628973,7010000010,7020046750.000001,7030047060,2.75,8.25,5.5,4.125,13.290846197227037,6.2442027373163995,6.2442027373163995
1036214,2017,summer,243.90294771561125,165.92468676923102,235.25,380.5,492.5,1025.5776344848423,0.23782007281986614,0.16178656904172506,0.22938292732774773,0.37101043081066104,0.16,0.47,0,2.9,1.27,453.1,456,1.1,0.14545454545454545,NLA17_WI-10016,18.2,50,4.13,dys,,United States of America,-90.488053,45.622633,7010000010,7020046750.000001,7030047060,2.9375,8.8125,5.875,4.40625,12.845233298452376,12.130130393369063,12.130130393369063
1036340,2012,summer,473,617,688,318,565,2096,0.22566793893129772,0.2943702290076336,0.3282442748091603,0.15171755725190839,0.69,2.22,0,3.2,2.04,225.4,891,62.9,0.01096979332273449,NLA12_SD-140,68,24,8.112,eu_mixo,,United States of America,-103.610863,45.60938,7010000010,7020046750.000001,7030047060,3.2173913043478266,9.65217391304348,6.434782608695653,4.82608695652174,13.583039724003136,4.4500633791486655,4.4500633791486655
1036574,2017,summer,193.4526275316829,168.36451913779544,226.09743961547207,268,503,855.9145862849505,0.22601861287509217,0.1967071502643415,0.2641588813164587,0.3131153555441076,0.28,1.06,0,3.8,1.67,454.5,382,3,0.09333333333333334,NLA17_WI-10072,20.6,50,16.4,dys,,United States of America,-91.90084,45.58125,7010000010,7020046750.000001,7030047060,3.785714285714286,11.357142857142858,7.571428571428572,5.678571428571429,12.845233298452376,12.65667403374533,12.65667403374533
1036590,2007,summer,187.34053701195768,116.51519262630453,214.60588910719582,293.65808431570565,502,812.1197030611637,0.23068094063695974,0.1434704664683272,0.26425401119843667,0.36159458169627634,0.15,0.53,0,3.6,1.52,81,390,8.6,0.01744186046511628,NLA06608-0007,7.5,11,3.26,oligo,,United States of America,-92.036899,45.577774,7010000010,7020046750.000001,7030047060,3.533333333333334,10.600000000000001,7.066666666666668,5.300000000000001,12.845233298452376,8.129892020893864,8.129892020893864
1036603,2012,summer,307.5,243,311.75,415.5,538.5,1277.75,0.2406574055957738,0.1901780473488554,0.24398356486010567,0.3251809821952651,0.3,0.73,0,2.4,1.55,14.4,483,54.8,0.00547445255474452,NLA12_WI-170,21,20,11.9,oligo,,United States of America,-89.16875,45.576397,7010000010,7020046750.000001,7030047060,2.4333333333333336,7.300000000000001,4.866666666666667,3.6500000000000004,12.845233298452376,5.5136506352386645,5.5136506352386645
1036755,2007,summer,442.9894116929798,534,781,477,556,2234.98941169298,0.19820649233296375,0.23892730641417262,0.34944237136604644,0.2134238298868171,0.28,0.83,0,3,1.26,2389.2,557,3.6,0.07777777777777778,NLA06608-2087,197,18,64.512,eu_mixo,,United States of America,-97.41228,45.555621,7010000010,7020046750.000001,7030047060,2.964285714285714,8.892857142857142,5.928571428571428,4.446428571428571,12.845233298452376,6.891649674554667,6.891649674554667
1036947,2012,summer,261.5,221,345,304,532.5,1131.5,0.23110914714980116,0.19531595227574017,0.3049049933716306,0.26866990720282813,0.49,1.68,0,3.4,1.19,318.2,355,10.2,0.04803921568627451,NLA12_MN-132,38,25,5.245714286,eu_mixo,,United States of America,-94.538225,45.530208,7010000010,7020046750.000001,7030047060,3.428571428571429,10.285714285714286,6.857142857142858,5.142857142857143,12.845233298452376,7.6430918401599985,7.6430918401599985
1037132,2012,summer,158,93,162,262,496,675,0.23407407407407407,0.13777777777777778,0.24,0.38814814814814813,0.11,0.6,0,5.3,1.31,108.1,402,2.9,0.03793103448275862,NLA12_ME-116,13,47,3.461,dys,,United States of America,-69.952979,45.506285,7010000010,7020038339.999999,7030038340,5.454545454545454,16.36363636363636,10.909090909090908,8.18181818181818,12.845233298452376,9.134722111983733,9.134722111983733
1037268,2007,summer,315.8579043098273,275,424,303.23466952963884,521,1318.0925738394662,0.239632564949339,0.20863481477553103,0.3216769507811824,0.2300556694939475,0.64,2.96,0,4.6,1.05,20.5,359,275.9,0.00231968104385647,NLA06608-MN:61-0037,19,9,7,oligo,,United States of America,-95.364895,45.486768,7010000010,7020046750.000001,7030047060,4.625,13.874999999999998,9.25,6.937499999999999,13.137426825228477,14.8044187798772,14.8044187798772
1037404,2012,summer,426,387,479,326,548,1618,0.26328800988875156,0.2391841779975278,0.29604449938195304,0.20148331273176762,0.34,0.9,0,2.7,1.7,15.5,792,277.9,0.00122346167686218,NLA12_SD-168,293,27,16.88,eu_mixo,,United States of America,-102.39888,45.463646,7010000010,7020046750.000001,7030047060,2.6470588235294117,7.941176470588235,5.294117647058823,3.9705882352941173,12.845233298452376,2.300230209777866,2.300230209777866
1037404,2017,summer,408.02022638771075,404,465.419624053217,432,551,1709.4398504409278,0.23868650674223327,0.23633472677953157,0.27226440516942907,0.25271436130880603,0.34,0.9,0,2.7,1.7,15.5,792,277.9,0.00122346167686218,NLA17_SD-10016,93.6675,11,4.07,eu_mixo,,United States of America,-102.39888,45.463646,7010000010,7020046750.000001,7030047060,2.6470588235294117,7.941176470588235,5.294117647058823,3.9705882352941173,12.845233298452376,2.300230209777866,2.300230209777866
1037546,2012,summer,165,139.5,209.25,280.5,529,794.25,0.2077431539187913,0.17563739376770537,0.26345609065155806,0.35316336166194523,0.11,0.35,0,3.3,1.65,71.6,117,2.4,0.04583333333333334,NLA12_ME-129,13,27,3.925333333,dys,,United States of America,-68.189605,45.444263,7010000010,7020038339.999999,7030038340,3.181818181818182,9.545454545454545,6.363636363636364,4.7727272727272725,12.845233298452376,11.636867936953736,11.636867936953736
1037711,2012,summer,265,291,399,389,555,1344,0.19717261904761904,0.21651785714285715,0.296875,0.28943452380952384,0.36,0.98,0,2.7,1.69,155.8,363,14.3,0.02517482517482517,NLA12_MN-152,132,16,59.6,eu_mixo,,United States of America,-95.484127,45.424307,7010000010,7020046750.000001,7030047060,2.7222222222222223,8.166666666666668,5.444444444444445,4.083333333333334,12.845233298452376,11.572816075714261,11.572816075714261
1037774,2012,summer,180.5,119,206,282,502.5,787.5,0.22920634920634922,0.1511111111111111,0.2615873015873016,0.3580952380952381,0.3,1,0,3.3,1.97,92.2,219,17.2,0.01744186046511628,NLA12_WI-176,10,7.5,2.81,oligo,,United States of America,-87.910655,45.416113,7010000010,7020024600,7030034520,3.3333333333333335,10,6.666666666666667,5,12.845233298452376,11.655062443628797,11.655062443628797
1037918,2007,summer,346.2568393423535,399.48447729932417,593.3449077575076,701.7999019293546,555,2040.8861263285398,0.1696600485815706,0.1957406991726571,0.2907290613146103,0.343870190931162,0.85,2.33,0,2.7,1.24,1284.5,326,5.6,0.1517857142857143,NLA06608-0871,407,26,256.32,eu_mixo,,United States of America,-96.094792,45.396732,7010000010,7020046750.000001,7030047060,2.7411764705882358,8.223529411764705,5.4823529411764715,4.1117647058823525,13.270935677879432,7.102501895361999,7.102501895361999
1037968,2017,summer,387.0286341798733,250.68679926152967,331.70311585077604,465.10737394069383,486.5,1434.5259232328729,0.26979549683400544,0.17475236606151912,0.2312283873568796,0.3242237497475958,0.49,2.83,0,5.8,1.62,195.3,424,7.7,0.06363636363636363,NLA17_ME-HP002,6.78375,40,1.66,dys,,United States of America,-70.765415,45.390799,7010000010,7020038339.999999,7030038340,5.775510204081633,17.326530612244902,11.551020408163266,8.663265306122451,12.845233298452376,14.722992452109997,14.722992452109997
1038025,2012,summer,316,242,349,389,541,1296,0.24382716049382716,0.1867283950617284,0.2692901234567901,0.3001543209876543,0.38,1.64,0,4.3,1.24,903.2,321,2.7,0.14074074074074072,NLA12_WI-155,20,7.5,18,oligo,,United States of America,-92.470505,45.383851,7010000010,7020046750.000001,7030047060,4.315789473684211,12.947368421052632,8.631578947368421,6.473684210526316,12.845233298452376,9.273516133598665,9.273516133598665
1038292,2007,summer,170.99010717372767,91.62380871027263,199.80589318732152,302.3233770130234,503,764.7431860843451,0.22359154064416706,0.11980990530874407,0.261271884239168,0.395326669807921,0.2,0.45,0,2.3,1.12,654.2,468,0.8,0.25,NLA06608-1075,8,11,4.528,oligo,,United States of America,-89.472893,45.352269,7010000010,7020046750.000001,7030047060,2.2500000000000004,6.75,4.500000000000001,3.375,12.845233298452376,9.8181219410104,9.8181219410104
1038321,2017,summer,222.72958689073656,182.17344628096882,222.1011665812598,296,494,923.0041997529652,0.24130939702153942,0.19737011633286838,0.24062855471373093,0.3206919319318613,0.39,0.87,0,2.2,1.09,435.4,325,2.3,0.16956521739130437,NLA17_WI-10124,23.4,70,18.6,dys,,United States of America,-91.27603,45.349055,7010000010,7020046750.000001,7030047060,2.230769230769231,6.692307692307692,4.461538461538462,3.346153846153846,12.845233298452376,12.551775363590668,12.551775363590668
1038507,2012,summer,181.5,157,223,305.5,529,867,0.2093425605536332,0.18108419838523646,0.25720876585928487,0.35236447520184544,0.22,0.97,0,4.4,1.73,8.4,184,53.4,0.00411985018726591,NLA12_ME-120,10,55,2.72,dys,,United States of America,-69.264709,45.329821,7010000010,7020038339.999999,7030038340,4.409090909090908,13.227272727272727,8.818181818181817,6.613636363636363,12.845233298452376,6.261128569044,6.261128569044
1038507,2017,summer,202.35319584192894,148.12058421923373,217.60315991857166,369.8807546742343,502,937.9576946539687,0.21573808391921245,0.1579181929669849,0.23199677465074778,0.39434694846305485,0.22,0.97,0,4.4,1.73,8.4,184,53.4,0.00411985018726591,NLA17_ME-10010,11.4925,60,3.6,dys,,United States of America,-69.264709,45.329821,7010000010,7020038339.999999,7030038340,4.409090909090908,13.227272727272727,8.818181818181817,6.613636363636363,12.845233298452376,6.261128569044,6.261128569044
1038648,2007,summer,246.4428683620744,164,285.7543046143466,269,506,965.1971729764209,0.25532904080324614,0.16991346907312835,0.2960579585341651,0.27869953158946054,0.23,0.86,0,3.7,1.15,35.5,285,36.5,0.00630136986301369,NLA06608-1207,11,3,2.501,oligo,,United States of America,-92.56726800000001,45.315329,7010000010,7020046750.000001,7030047060,3.7391304347826084,11.217391304347824,7.478260869565217,5.608695652173912,12.845233298452376,7.375158060837333,7.375158060837333
1038648,2012,summer,236,209,373,312,527,1130,0.2088495575221239,0.18495575221238938,0.33008849557522124,0.2761061946902655,0.23,0.86,0,3.7,1.15,35.5,285,36.5,0.00630136986301369,NLA12_WI-103,77,5,5.22,eu_mixo,,United States of America,-92.56726800000001,45.315329,7010000010,7020046750.000001,7030047060,3.7391304347826084,11.217391304347824,7.478260869565217,5.608695652173912,12.845233298452376,7.375158060837333,7.375158060837333
1038648,2017,summer,338,263,378,375,513,1354,0.24963072378138848,0.19423929098966028,0.2791728212703102,0.27695716395864106,0.23,0.86,0,3.7,1.15,35.5,285,36.5,0.00630136986301369,NLA17_WI-10004,10.6,10,4.62,oligo,,United States of America,-92.56726800000001,45.315329,7010000010,7020046750.000001,7030047060,3.7391304347826084,11.217391304347824,7.478260869565217,5.608695652173912,12.845233298452376,7.375158060837333,7.375158060837333
1038857,2007,summer,318.25970894526495,338.5216382632214,463.83550181282396,493.1574399116385,548.5,1613.7742889329488,0.19721451204660284,0.20977012744889922,0.28742278582187525,0.3055925746826227,0.32,1.01,0,3.1,1.9,39,281,49.2,0.0065040650406504,NLA06608-0743,5,5,6.032,oligo,,United States of America,-93.845034,45.293384,7010000010,7020046750.000001,7030047060,3.15625,9.46875,6.3125,4.734375,12.845233298452376,7.070335917055333,7.070335917055333
1038889,2007,summer,423.8917181322571,468.3306292647914,604.8603294758402,978.0434413129005,554,2475.126118185789,0.17126065416131606,0.18921485488103817,0.24437555930248478,0.39514893165516113,0.43,0.9,0,2.1,1.4,253.4,408,127.9,0.00336200156372165,NLA06608-1255,1326,47,516,eu_mixo,,United States of America,-98.763542,45.289619,7010000010,7020046750.000001,7030047060,2.0930232558139537,6.279069767441861,4.186046511627907,3.1395348837209305,12.845233298452376,14.219592181009602,14.219592181009602
1039049,2017,summer,321.5,303.5,373.5,412,510.5,1410.5,0.22793335696561504,0.2151719248493442,0.2647997164126196,0.29209500177242115,0.35,1.71,0,4.9,1.37,124.4,282,21,0.01666666666666666,NLA17_WI-10024,25,20,6.32,oligo,,United States of America,-92.55847,45.270421,7010000010,7020046750.000001,7030047060,4.885714285714286,14.657142857142858,9.771428571428572,7.328571428571429,12.845233298452376,11.751441171877998,11.751441171877998
1039288,2017,summer,368,494,593,662.0744667252436,563,2117.074466725244,0.17382477838355576,0.2333408709822732,0.2801035151669798,0.3127308354671911,0.41,0.91,0,2.2,1.2,1166.9,549,4.5,0.0911111111111111,NLA17_SD-10097,473.0925,30,287.5,eu_mixo,,United States of America,-97.255491,45.244448,7010000010,7020046750.000001,7030047060,2.2195121951219514,6.658536585365853,4.439024390243903,3.3292682926829267,12.845233298452376,5.008615834238534,5.008615834238534
1039313,2017,summer,176.6680608548453,118.15396247957628,158.91714508665615,266.71926276681273,488,720.4584311878905,0.2452161751560813,0.16399830630722753,0.22057781296921442,0.3702077055674767,0.1,0.22,0,2.2,1.25,170,362,1.7,0.05882352941176471,NLA17_WI-10102,19.7,50,11.2,dys,,United States of America,-88.534712,45.241946,7010000010,7020024600,7030034520,2.2,6.6,4.4,3.3,12.845233298452376,8.650750755775597,8.650750755775597
1039350,2007,summer,344.18535094254537,365.66972842969255,436,477,562,1622.855079372238,0.21208631338522543,0.2253249431065299,0.26866231343876745,0.2939264300694772,0.57,1.84,0,3.2,1.86,1519.4,358,2.1,0.2714285714285714,NLA06608-1239,117,9,83.376,eu_mixo,,United States of America,-94.954861,45.238366,7010000010,7020046750.000001,7030047060,3.2280701754385968,9.684210526315791,6.4561403508771935,4.842105263157896,13.290846197227037,10.968178408338932,10.968178408338932
1039350,2012,summer,340,404,611,355,554,1710,0.19883040935672514,0.23625730994152047,0.35730994152046786,0.20760233918128654,0.57,1.84,0,3.2,1.86,1519.4,358,2.1,0.2714285714285714,NLA12_MN-114,159,32,115.7333333,eu_mixo,,United States of America,-94.954861,45.238366,7010000010,7020046750.000001,7030047060,3.2280701754385968,9.684210526315791,6.4561403508771935,4.842105263157896,13.290846197227037,10.968178408338932,10.968178408338932
1039369,2012,summer,268.5,321,546,334,553.5,1469.5,0.18271520925484858,0.2184416468186458,0.371554950663491,0.22728819326301464,0.88,3.33,0,3.8,1.49,2410.4,321,4.8,0.18333333333333335,NLA12_SD-158,610,25,17.28,eu_mixo,,United States of America,-96.526703,45.236319,7010000010,7020046750.000001,7030047060,3.784090909090909,11.352272727272728,7.568181818181818,5.676136363636364,13.555005684857694,10.3265944282528,10.3265944282528
1039376,2017,summer,238,175.94486275145928,243.5,329.45645771477155,498,986.9013204662308,0.2411588626586945,0.17828009660412614,0.24673186158568114,0.33382917915149823,0.89,5.45,0,6.1,1.33,454,665,6,0.14833333333333334,NLA17_NH-10999,2.91625,10,1.8,oligo,,United States of America,-71.197917,45.235768,7010000010,7020038339.999999,7030038340,6.123595505617977,18.370786516853933,12.247191011235953,9.185393258426966,13.427846663276032,9.832602581315731,9.832602581315731
1039439,2007,summer,337.6361585607818,160.85204758625557,274.86829611606026,202,488,975.3565022630976,0.3461669223277563,0.164916158566672,0.2818131580384091,0.2071037610671626,0.15,1.08,0,7.1,1.14,405,2388,3.5,0.04285714285714286,NLA06608-1073,3,5,0.338,oligo,,United States of America,-117.270506,45.229681,7010000010,7020014250,7030014930,7.200000000000001,21.6,14.400000000000002,10.8,12.845233298452376,5.334044607569335,5.334044607569335
1039544,2007,summer,192.83662965971138,152.02180311371927,199.29336146288858,256.0528598242639,502,800.2046540605832,0.24098413909638647,0.18997865401343914,0.2490529896965585,0.3199842171936159,0.79,3.38,0,4.3,1.57,33.4,100,48.7,0.0162217659137577,NLA06608-ELS:1E1-096,9,27,2.912,dys,,United States of America,-68.073026,45.218229,7010000010,7020038339.999999,7030038340,4.2784810126582276,12.835443037974683,8.556962025316455,6.417721518987341,13.421496832206739,14.024670447222666,14.024670447222666
1039775,2012,summer,199,199,241,288,549,927,0.21467098166127294,0.21467098166127294,0.2599784250269687,0.3106796116504854,0.41,1.17,0,2.9,2.41,100.8,438,12.7,0.03228346456692913,NLA12_WI-138,17,12.5,10.7,oligo,,United States of America,-90.444792,45.190702,7010000010,7020046750.000001,7030047060,2.853658536585366,8.560975609756099,5.707317073170732,4.2804878048780495,13.290846197227037,12.48542176471333,12.48542176471333
1039916,2012,summer,226,156,239,390,496,1011,0.22354104846686448,0.1543026706231454,0.23639960435212662,0.3857566765578635,0.47,2.24,0,4.8,1.96,1125.6,277,3.2,0.14687499999999998,NLA12_MN-145,28,15,3.008,oligo,,United States of America,-92.823504,45.173873,7010000010,7020046750.000001,7030047060,4.765957446808511,14.297872340425533,9.531914893617023,7.1489361702127665,13.129303305430637,12.598305971297334,12.598305971297334
1040193,2012,summer,178,131,216,293,512,818,0.2176039119804401,0.16014669926650366,0.26405867970660146,0.3581907090464548,0.13,0.44,0,3.3,1.27,5.4,182,105.6,0.0012310606060606,NLA12_MI-130,34,23,1.266666667,eu_mixo,,United States of America,-85.109059,45.13554,7010000010,7020024600,7030034520,3.3846153846153846,10.153846153846153,6.769230769230769,5.076923076923077,12.845233298452376,8.457533656192,8.457533656192
1040247,2017,summer,232,102,194,170,488,698,0.332378223495702,0.14613180515759314,0.27793696275071633,0.24355300859598855,0.14,1.29,0,9.5,1.27,1655.6,2270,1.1,0.1272727272727273,NLA17_OR-10029,2.2025,0,0.29,oligo,,United States of America,-117.340783,45.127768,7010000010,7020014250,7030014930,9.214285714285715,27.642857142857142,18.42857142857143,13.821428571428571,12.845233298452376,6.792109168202668,6.792109168202668
1040274,2012,summer,298,148,249,252.5,487,947.5,0.3145118733509235,0.15620052770448548,0.26279683377308705,0.26649076517150394,0.55,1.94,0,3.5,1.22,1726.2,262,2.1,0.2619047619047619,NLA12_MI-122,21,12,1.045,oligo,,United States of America,-84.17708299999998,45.123215,7010000010,7020024600,7030034520,3.527272727272727,10.58181818181818,7.054545454545454,5.29090909090909,12.845233298452376,9.900843837619197,9.900843837619197
1040274,2017,summer,329.69362992002635,150.54340582516983,277.5,233.83728798082416,487,991.5743237260203,0.3324951262162001,0.15182261402198846,0.27985799285044355,0.23582426691136793,0.55,1.94,0,3.5,1.22,1726.2,262,2.1,0.2619047619047619,NLA17_MI-10019,5.855,0,0.65,oligo,,United States of America,-84.17708299999998,45.123215,7010000010,7020024600,7030034520,3.527272727272727,10.58181818181818,7.054545454545454,5.29090909090909,12.845233298452376,9.900843837619197,9.900843837619197
1040292,2012,summer,207,110,198,198,490,713,0.2903225806451613,0.15427769985974754,0.2776998597475456,0.2776998597475456,0.96,6.97,0,7.3,1.82,46.5,1693,106.6,0.00900562851782364,NLA12_ID-168,17,12,1.296,oligo,,United States of America,-116.024302,45.120375,7010000010,7020014250,7030014930,7.260416666666667,21.78125,14.520833333333334,10.890625,13.716548576654093,6.3192571225829335,6.3192571225829335
1040292,2017,summer,236.8015931804814,130,188,215,491,769.8015931804814,0.3076137998131719,0.1688746829723971,0.2442187722985435,0.2792927449158875,0.96,6.97,0,7.3,1.82,46.5,1693,106.6,0.00900562851782364,NLA17_ID-10030,10.17875,9,0.62,oligo,,United States of America,-116.024302,45.120375,7010000010,7020014250,7030014930,7.260416666666667,21.78125,14.520833333333334,10.890625,13.716548576654093,6.3192571225829335,6.3192571225829335
1040307,2007,summer,370.4952901233224,460,576.3388715049273,446.80945394319804,558,1853.6436155714478,0.199874068030658,0.2481598922984932,0.3109221571306475,0.24104388254020126,0.98,3.06,0,3.1,1.2,621.5,532,217.9,0.00449747590637907,NLA06608-1319,241,26,169.632,eu_mixo,,United States of America,-97.522917,45.11875,7010000010,7020046750.000001,7030047060,3.1224489795918373,9.36734693877551,6.244897959183675,4.683673469387755,13.427846663276032,6.732817649937465,6.732817649937465
1040667,2012,summer,431,453,530,439,555,1853,0.2325957906098219,0.24446842957366433,0.2860226659471128,0.23691311386940098,0.2,0.43,0,2.1,1.35,176.6,727,11.5,0.01739130434782608,NLA12_SD-132,366,26,33.6,eu_mixo,,United States of America,-101.640077,45.075813,7010000010,7020046750.000001,7030047060,2.15,6.449999999999999,4.3,3.2249999999999996,12.845233298452376,5.069907718283201,5.069907718283201
1040667,2017,summer,424,511,563,411,565,1909,0.22210581456259823,0.2676794133053955,0.29491880565741224,0.21529596647459404,0.2,0.43,0,2.1,1.35,176.6,727,11.5,0.01739130434782608,NLA17_SD-10019,366.39,20,1.49,eu_mixo,,United States of America,-101.640077,45.075813,7010000010,7020046750.000001,7030047060,2.15,6.449999999999999,4.3,3.2249999999999996,12.845233298452376,5.069907718283201,5.069907718283201
1040696,2007,summer,269.20944102214696,262.35501563133266,327.7898083523752,306.53192077440997,537.5,1165.886185780265,0.2309054213915225,0.22502626656971028,0.28115077813792183,0.26291753390084527,0.63,2.94,0,4.7,1.33,895.3,267,5.3,0.11886792452830187,NLA06608-1447,13,12,5.086,oligo,,United States of America,-93.120601,45.070199,7010000010,7020046750.000001,7030047060,4.666666666666666,14,9.333333333333332,7,13.137426825228477,12.675255526383603,12.675255526383603
1040696,2012,summer,273,221,321,337,517,1152,0.23697916666666666,0.1918402777777778,0.2786458333333333,0.2925347222222222,0.63,2.94,0,4.7,1.33,895.3,267,5.3,0.11886792452830187,NLA12_MN-111,20,14,2.688,oligo,,United States of America,-93.120601,45.070199,7010000010,7020046750.000001,7030047060,4.666666666666666,14,9.333333333333332,7,13.137426825228477,12.675255526383603,12.675255526383603
1040696,2017,summer,368.5,365,423,406,553,1562.5,0.23584,0.2336,0.27072,0.25984,0.63,2.94,0,4.7,1.33,895.3,267,5.3,0.11886792452830187,NLA17_MN-10010,9.82875,2,8.19,oligo,,United States of America,-93.120601,45.070199,7010000010,7020046750.000001,7030047060,4.666666666666666,14,9.333333333333332,7,13.137426825228477,12.675255526383603,12.675255526383603
1040888,2017,summer,209.17836962496426,134.52019131057875,193.50815014332306,313.9922525378728,490,851.1989636167389,0.24574556427579133,0.15803613145744835,0.22733597950014905,0.36888232476661126,0.11,0.43,0,3.9,1.34,215.8,372,2.3,0.04782608695652174,NLA17_WI-10070,20.1,50,15.1,dys,,United States of America,-88.92236099999998,45.045355,7010000010,7020024600,7030034520,3.9090909090909087,11.727272727272727,7.8181818181818175,5.863636363636363,12.845233298452376,7.499426953739862,7.499426953739862
1040928,2012,summer,230,141,217,174,492,762,0.30183727034120733,0.18503937007874016,0.2847769028871391,0.2283464566929134,0.25,2.05,0,8.3,1.79,112.6,2681,25.2,0.00992063492063492,NLA12_MT-162,8,9,1.624,oligo,,United States of America,-109.775634,45.039677,7010000010,7020046750.000001,7030047060,8.2,24.599999999999998,16.4,12.299999999999999,12.845233298452376,4.3395587951613335,4.3395587951613335
1041215,2017,summer,391.39494204559287,485.4752140232516,557.07071450236,417.32380891250523,562,1851.2646794837096,0.2114203043914537,0.2622397647421456,0.30091359743206403,0.2254263334343367,0.49,0.77,0,1.6,1.84,4.9,334,283.5,0.00172839506172839,NLA17_MN-10192,269.23125,35,46.8,eu_mixo,,United States of America,-94.95313100000001,45.006798,7010000010,7020046750.000001,7030047060,1.5714285714285714,4.714285714285715,3.142857142857143,2.3571428571428577,13.129303305430637,12.630127640615997,12.630127640615997
1041279,2017,summer,214.27732358175064,173.8254002894748,222.54871980773603,338.5467894872893,508.5,949.1982331662507,0.22574559885871623,0.1831286597633495,0.23445968611359283,0.35666605526434153,0.12,0.32,0,2.8,1.1,22.1,218,23.5,0.0051063829787234,NLA17_WI-10118,30.5,60,14.9,eu_mixo,,United States of America,-88.136886,44.998513,7010000010,7020024600,7030034520,2.666666666666667,8.000000000000002,5.333333333333334,4.000000000000001,12.845233298452376,7.676665449387999,7.676665449387999
1041670,2007,summer,291.7075947847014,183.8564687840506,325.88198318541436,311.4889862507242,508.5,1112.9350330048906,0.2621065795701478,0.16519964178649651,0.29281312342692906,0.2798806552164267,0.79,3.41,0,4.3,1.42,790.4,298,2.1,0.3761904761904762,NLA06608-0294,1,9,2.336,oligo,,United States of America,-72.118629,44.952231,7010000010,7020024600,7030034520,4.3164556962025316,12.949367088607596,8.632911392405063,6.474683544303798,13.294337810625077,13.1092797460612,13.1092797460612
1041752,2007,summer,261,218.15410037046732,296.64580384166806,254,511,1029.7999042121353,0.25344729488946904,0.21184125137142013,0.2880615958773288,0.24664985786178212,0.19,0.84,0,4.3,1.55,691.2,2914,2.1,0.09047619047619047,NLA06608-2634,16,15,1.17,oligo,,United States of America,-109.522791,44.939515,7010000010,7020046750.000001,7030047060,4.421052631578947,13.263157894736842,8.842105263157894,6.631578947368421,12.845233298452376,7.794931278539201,7.794931278539201
1041753,2007,summer,352.7567985064253,390,564,945.7791991547565,555,2252.5359976611817,0.15660428906472273,0.17313818753837398,0.25038445582472546,0.4198730675721779,0.74,2.26,0,3.1,1.28,15.7,301,261.4,0.00283091048201989,NLA06608-0167,1107,35,724.3199999999999,eu_mixo,,United States of America,-94.030992,44.939985,7010000010,7020046750.000001,7030047060,3.054054054054054,9.162162162162161,6.108108108108108,4.581081081081081,13.137426825228477,12.177368332343729,12.177368332343729
1041753,2012,summer,365.25,416.5,609,847,556.5,2237.75,0.16322198637023796,0.18612445536811528,0.2721483633113619,0.3785051949502849,0.74,2.26,0,3.1,1.28,15.7,301,261.4,0.00283091048201989,NLA12_MN-118,524,29,122.4,eu_mixo,,United States of America,-94.030992,44.939985,7010000010,7020046750.000001,7030047060,3.054054054054054,9.162162162162161,6.108108108108108,4.581081081081081,13.137426825228477,12.177368332343729,12.177368332343729
1041753,2017,summer,403.5,483.5,689.6395538805036,1026.2609881805508,556,2602.9005420610547,0.15501936915365064,0.18575431223244135,0.2649504054174987,0.3942759131964092,0.74,2.26,0,3.1,1.28,15.7,301,261.4,0.00283091048201989,NLA17_MN-10003,769.694,49,329.6,eu_mixo,,United States of America,-94.030992,44.939985,7010000010,7020046750.000001,7030047060,3.054054054054054,9.162162162162161,6.108108108108108,4.581081081081081,13.137426825228477,12.177368332343729,12.177368332343729
1041870,2007,summer,330.3376414573529,373.0825494441878,542.0784810358081,436.5,553.5,1681.9986719373487,0.19639589909834207,0.22180906303241388,0.3222823478281554,0.2595126900410887,0.55,1.76,0,3.2,1.05,3389.2,525,18.7,0.02941176470588235,NLA06608-0663,618,36,273.6,eu_mixo,,United States of America,-97.440625,44.92434,7010000010,7020046750.000001,7030047060,3.1999999999999997,9.6,6.3999999999999995,4.8,12.845233298452376,4.961882827443601,4.961882827443601
1041956,2007,summer,372.2689317025671,363.76085013867436,597.9913806341519,323.69088294995754,533.5,1657.7120454253509,0.22456791137513085,0.21943548708746777,0.3607329646209537,0.19526363691644769,0.82,2.68,0,3.3,1.3,477.5,245,9,0.0911111111111111,NLA06608-0679,13,6,12.112,oligo,,United States of America,-93.238542,44.913703,7010000010,7020046750.000001,7030047060,3.2682926829268295,9.80487804878049,6.536585365853659,4.902439024390245,13.427846663276032,10.567903600614802,11.407426299239999
1041956,2012,summer,392.5,397,669.5,316.5,549,1775.5,0.22106448887637284,0.22359898620107013,0.37707687975218246,0.17825964517037454,0.82,2.68,0,3.3,1.3,477.5,245,9,0.0911111111111111,NLA12_MN-116,30,15,26.24,oligo,,United States of America,-93.238542,44.913703,7010000010,7020046750.000001,7030047060,3.2682926829268295,9.80487804878049,6.536585365853659,4.902439024390245,13.427846663276032,10.567903600614802,11.407426299239999
1041967,2017,summer,240.25,195,276.75,357.2714601114876,501.5,1069.2714601114876,0.224685693916258,0.18236716051475677,0.25882108549978944,0.3341260600691958,0.17,0.48,0,2.8,1.71,1106.4,301,0.5,0.34,NLA17_WI-10134,16,15,4.88,oligo,,United States of America,-88.75384699999998,44.912127,7010000010,7020024600,7030034520,2.8235294117647056,8.470588235294118,5.647058823529411,4.235294117647059,12.845233298452376,9.496930083531868,9.496930083531868
1042156,2007,summer,284.71356825608893,214.6939186792647,337.7140668059894,435.41599506270927,505,1272.5375488040522,0.22373687010152787,0.1687132288403096,0.2653863275966808,0.3421635734614818,0.77,3.55,0,4.6,1.46,586.7,254,8.2,0.09390243902439026,NLA06608-0627,11,6,3.192,oligo,,United States of America,-88.48841799999998,44.888874,7010000010,7020024600,7030034520,4.61038961038961,13.831168831168831,9.22077922077922,6.915584415584416,13.421496832206739,9.748176739423995,6.096000195
1042156,2012,summer,249,175.5,265.5,269,507.5,959,0.2596454640250261,0.1830031282586027,0.27685088633993743,0.2805005213764338,0.77,3.55,0,4.6,1.46,586.7,254,8.2,0.09390243902439026,NLA12_WI-111,13,5,3.15,oligo,,United States of America,-88.48841799999998,44.888874,7010000010,7020024600,7030034520,4.61038961038961,13.831168831168831,9.22077922077922,6.915584415584416,13.421496832206739,9.748176739423995,6.096000195
1042156,2017,summer,224.68169779889286,174.94486275145928,274.80243706424676,317.1200764939571,523.5,991.5490741085559,0.22659664928928616,0.17643590954763588,0.2771445652463602,0.31982287591671776,0.77,3.55,0,4.6,1.46,586.7,254,8.2,0.09390243902439026,NLA17_WI-10006,11.8,10,4.18,oligo,,United States of America,-88.48841799999998,44.888874,7010000010,7020024600,7030034520,4.61038961038961,13.831168831168831,9.22077922077922,6.915584415584416,13.421496832206739,9.748176739423995,6.096000195
1042171,2012,summer,211.5,193,332.75,271.5,543.5,1008.75,0.20966542750929368,0.19132589838909542,0.3298636926889715,0.26914498141263943,0.2,0.62,0,3,1.61,20.8,372,51.4,0.00389105058365758,NLA12_MI-126,39,23,4.106666667,eu_mixo,,United States of America,-84.397996,44.886333,7010000010,7020024600,7030034520,3.1,9.299999999999999,6.2,4.6499999999999995,12.845233298452376,5.443202989749732,5.443202989749732
1042249,2007,summer,207,164.93634788815277,242,288.8389054331431,494,902.7752533212958,0.22929294886900176,0.18269923470028068,0.26806228804975085,0.31994552838096674,0.91,4.09,0,4.5,1.42,78.8,100,23.3,0.03905579399141631,NLA06608-1558,8,16,2.976,oligo,,United States of America,-68.227083,44.877083,7010000010,7020038339.999999,7030038340,4.494505494505494,13.483516483516484,8.989010989010987,6.741758241758242,13.555005684857694,15.21799106820933,15.21799106820933
1042249,2012,summer,194,146,205,245,500,790,0.24556962025316456,0.1848101265822785,0.25949367088607594,0.310126582278481,0.91,4.09,0,4.5,1.42,78.8,100,23.3,0.03905579399141631,NLA12_ME-101,5,20,2.1605,oligo,,United States of America,-68.227083,44.877083,7010000010,7020038339.999999,7030038340,4.494505494505494,13.483516483516484,8.989010989010987,6.741758241758242,13.555005684857694,15.21799106820933,15.21799106820933
1042249,2017,summer,232.25,193.82043734009358,258.5,358.5,502.5,1043.0704373400936,0.2226599390471219,0.18581720888797307,0.24782602473059637,0.3436968273343087,0.91,4.09,0,4.5,1.42,78.8,100,23.3,0.03905579399141631,NLA17_ME-10001,6.355,22.5,1.81,dys,,United States of America,-68.227083,44.877083,7010000010,7020038339.999999,7030038340,4.494505494505494,13.483516483516484,8.989010989010987,6.741758241758242,13.555005684857694,15.21799106820933,15.21799106820933
1042582,2007,summer,263.4077841169651,213.64589115898679,307.5563756532964,369.08913598371544,539,1153.6991869129638,0.22831582712802662,0.18518335939080838,0.2665828139103116,0.3199179995708534,0.13,0.57,0,4.3,1.11,86,445,2.9,0.04482758620689656,NLA06608-0358,7,16,3.687,oligo,,United States of America,-71.13513500000002,44.839739,7010000010,7020038339.999999,7030038340,4.384615384615384,13.153846153846153,8.769230769230768,6.576923076923077,12.845233298452376,9.108758956319999,9.108758956319999
1042582,2012,summer,143.5,85.75,140.5,240,494,609.75,0.23534235342353424,0.14063140631406315,0.23042230422304222,0.3936039360393604,0.13,0.57,0,4.3,1.11,86,445,2.9,0.04482758620689656,NLA12_NH-102,20,42,5.408,dys,,United States of America,-71.13513500000002,44.839739,7010000010,7020038339.999999,7030038340,4.384615384615384,13.153846153846153,8.769230769230768,6.576923076923077,12.845233298452376,9.108758956319999,9.108758956319999
1042582,2017,summer,167.91896535057654,133.6763972576773,171.19676889477023,240.55701548839812,489.5,713.3491469914222,0.23539520031499486,0.18739266433760063,0.23999015014849218,0.33722198519891233,0.13,0.57,0,4.3,1.11,86,445,2.9,0.04482758620689656,NLA17_NH-10002,15.53,35,3.52,dys,,United States of America,-71.13513500000002,44.839739,7010000010,7020038339.999999,7030038340,4.384615384615384,13.153846153846153,8.769230769230768,6.576923076923077,12.845233298452376,9.108758956319999,9.108758956319999
1042744,2007,summer,335.89197081440886,466.072682832312,577.4970263782229,503.4289027249661,561,1882.8905827499098,0.1783916568980062,0.2475304126018973,0.3067076927724629,0.2673702377276337,0.49,1.34,0,2.7,1.8,343.8,509,14.2,0.03450704225352113,NLA06608-1367,242,30,184,eu_mixo,,United States of America,-96.611935,44.821624,7010000010,7020046750.000001,7030047060,2.7346938775510203,8.204081632653063,5.469387755102041,4.102040816326531,13.002144283848976,7.215425876186531,7.215425876186531
1043034,2007,summer,431,427,511,313,547,1682,0.2562425683709869,0.25386444708680145,0.3038049940546968,0.18608799048751487,0.14,0.6,0,4.1,1.62,3476.1,1469,0.5,0.28,NLA06608-1866,11,5,4.357,oligo,,United States of America,-109.264029,44.789137,7010000010,7020046750.000001,7030047060,4.285714285714285,12.857142857142856,8.57142857142857,6.428571428571428,12.845233298452376,7.715463984592003,7.715463984592003
1043034,2012,summer,394.5,311,466.5,268,517,1440,0.27395833333333336,0.21597222222222223,0.32395833333333335,0.18611111111111112,0.14,0.6,0,4.1,1.62,3476.1,1469,0.5,0.28,NLA12_WY-101,25,13,0.8067,oligo,,United States of America,-109.264029,44.789137,7010000010,7020046750.000001,7030047060,4.285714285714285,12.857142857142856,8.57142857142857,6.428571428571428,12.845233298452376,7.715463984592003,7.715463984592003
1043034,2017,summer,431.4938127701247,381.54347282981564,510.5231261897743,318.2673125600421,525.5,1641.8277243497569,0.2628130871288686,0.23238946886520953,0.3109480480919313,0.19384939591399053,0.14,0.6,0,4.1,1.62,3476.1,1469,0.5,0.28,NLA17_WY-10001,15.715625,11.5,1.6949999999999998,oligo,,United States of America,-109.264029,44.789137,7010000010,7020046750.000001,7030047060,4.285714285714285,12.857142857142856,8.57142857142857,6.428571428571428,12.845233298452376,7.715463984592003,7.715463984592003
1043099,2012,summer,338,224,395,201,504,1158,0.2918825561312608,0.19343696027633853,0.34110535405872194,0.17357512953367876,0.17,0.62,0,3.7,1.25,37.4,1465,54,0.00314814814814814,NLA12_WY-137,33,15,0.829333333,eu_mixo,,United States of America,-109.253799,44.781738,7010000010,7020046750.000001,7030047060,3.6470588235294117,10.941176470588236,7.294117647058823,5.470588235294118,12.845233298452376,3.5966400662999995,3.5966400662999995
1043224,2007,summer,226.21143565946176,149.5,237.5,302.19088294995754,497,915.4023186094194,0.24711695727742727,0.16331616925233958,0.25944876386241233,0.33011810960782073,0.81,4.29,0,5.3,1.71,645.5,72,2.9,0.2793103448275862,NLA06608-0914,10,14,1.288,oligo,,United States of America,-67.701471,44.768359,7010000010,7020038339.999999,7030038340,5.296296296296297,15.88888888888889,10.592592592592593,7.944444444444445,13.583039724003136,14.217565714310672,14.217565714310672
1043224,2012,summer,161,114,159,245,495,679,0.23711340206185566,0.16789396170839468,0.2341678939617084,0.36082474226804123,0.81,4.29,0,5.3,1.71,645.5,72,2.9,0.2793103448275862,NLA12_ME-107,4,14,1.508571429,oligo,,United States of America,-67.701471,44.768359,7010000010,7020038339.999999,7030038340,5.296296296296297,15.88888888888889,10.592592592592593,7.944444444444445,13.583039724003136,14.217565714310672,14.217565714310672
1043224,2017,summer,268.48929704676095,197,292.7614699923535,367.6138539321156,500,1125.8646209712301,0.2384738733642309,0.1749766324747441,0.2600325692264866,0.3265169249345383,0.81,4.29,0,5.3,1.71,645.5,72,2.9,0.2793103448275862,NLA17_ME-10002,3.315,22,1.27,dys,,United States of America,-67.701471,44.768359,7010000010,7020038339.999999,7030038340,5.296296296296297,15.88888888888889,10.592592592592593,7.944444444444445,13.583039724003136,14.217565714310672,14.217565714310672
1043259,2007,summer,307.4702570010897,169.021987185189,272.8896117566814,372.8467191868071,506,1122.2285751297673,0.27398184631462963,0.1506127993271285,0.2431675843979701,0.3322377699602717,0.1,0.54,0,5.1,1.28,476.8,594,0.6,0.16666666666666669,NLA06608-2086,5,9,1.592,oligo,,United States of America,-71.95339300000002,44.763262,7010000010,7020024600,7030034520,5.3999999999999995,16.2,10.799999999999999,8.1,12.845233298452376,7.312220574330667,7.312220574330667
1043259,2012,summer,251.5,158.5,252,341.5,501.5,1003.5,0.25062282012954656,0.15794718485301446,0.25112107623318386,0.3403089187842551,0.1,0.54,0,5.1,1.28,476.8,594,0.6,0.16666666666666669,NLA12_VT-R01,12,15,0.858666667,oligo,,United States of America,-71.95339300000002,44.763262,7010000010,7020024600,7030034520,5.3999999999999995,16.2,10.799999999999999,8.1,12.845233298452376,7.312220574330667,7.312220574330667
1043531,2007,summer,199.29091513841666,105.48941719502724,222.5797786785094,294.4194527165715,507,821.7795637285247,0.2425114032213297,0.12836704859927098,0.2708509538356429,0.3582705943437566,0.93,5.51,0,5.9,1.31,127.9,396,21.5,0.04325581395348837,NLA06608-0113,9,7,4.688,oligo,,United States of America,-72.23162999999998,44.723097,7010000010,7020024600,7030034520,5.924731182795699,17.774193548387096,11.849462365591398,8.887096774193548,13.427846663276032,12.792194805489332,12.792194805489332
1043531,2012,summer,306,173,319,285,500,1083,0.28254847645429365,0.15974145891043398,0.2945521698984303,0.2631578947368421,0.93,5.51,0,5.9,1.31,127.9,396,21.5,0.04325581395348837,NLA12_VT-102,14,27,3.76,dys,,United States of America,-72.23162999999998,44.723097,7010000010,7020024600,7030034520,5.924731182795699,17.774193548387096,11.849462365591398,8.887096774193548,13.427846663276032,12.792194805489332,12.792194805489332
1043734,2012,summer,302.5,362.75,499,476.75,557,1641,0.18433881779402803,0.22105423522242534,0.30408287629494213,0.29052407068860453,0.31,1.01,0,3.3,2.1,12.8,184,133.1,0.00232907588279489,NLA12_WI-132,109,35,71.3,eu_mixo,,United States of America,-87.491432,44.693607,7010000010,7020024600,7030034520,3.2580645161290325,9.774193548387096,6.516129032258065,4.887096774193548,13.002144283848976,3.25272512409624,1.219200015
1043989,2007,summer,336.62900927055773,338.7214169207941,535,320.6446070779327,549,1530.9950332692845,0.21987596429475062,0.2212426621642847,0.3494459409561648,0.20943543258479988,0.68,2.47,0,3.6,1.14,1241.4,288,3.2,0.2125,NLA06608-0935,36,19,18.72,eu_mixo,,United States of America,-93.463217,44.654987,7010000010,7020046750.000001,7030047060,3.632352941176471,10.897058823529415,7.264705882352942,5.448529411764707,13.137426825228477,11.681993698447998,9.743070739079998
1044191,2017,summer,276.7768178483664,248.60808447554479,319.48013600771844,332,498,1176.8650383316296,0.2351814429297145,0.21124604468493807,0.27146709741724173,0.2821054149681057,0.33,1.38,0,4.2,1.44,76.8,486,9.2,0.0358695652173913,NLA17_VT-10018,9.33375,20,2.02,oligo,,United States of America,-72.26223299999998,44.620001,7010000010,7020024600,7030034520,4.181818181818182,12.545454545454543,8.363636363636363,6.272727272727272,12.845233298452376,5.1048844521813335,5.1048844521813335
1044823,2007,summer,277,163.4364985654678,264.10354472712964,420.9381141561239,493,1125.4781574487213,0.24611761513694289,0.14521516697929718,0.23465896959369703,0.37400824829006296,0.47,3.23,0,6.9,1.31,127.9,329,10.1,0.04653465346534653,NLA06608-0102,1,16,1.2,oligo,,United States of America,-70.716357,44.503637,7010000010,7020038339.999999,7030038340,6.872340425531916,20.61702127659575,13.744680851063832,10.308510638297875,12.845233298452376,10.922380586261331,10.922380586261331
1044823,2012,summer,177,176,216,333,551,902,0.19623059866962306,0.1951219512195122,0.2394678492239468,0.369179600886918,0.47,3.23,0,6.9,1.31,127.9,329,10.1,0.04653465346534653,NLA12_ME-106,6,25,4.565,dys,,United States of America,-70.716357,44.503637,7010000010,7020038339.999999,7030038340,6.872340425531916,20.61702127659575,13.744680851063832,10.308510638297875,12.845233298452376,10.922380586261331,10.922380586261331
1045003,2007,summer,331.6387131615995,255.1298876744557,335.30741044065826,266.234005525689,491.5,1188.3100168024025,0.2790843369763043,0.2146997703183376,0.282171660340733,0.22404423236462506,0.73,3.72,0,5.1,1.44,500.6,2621,84.6,0.00862884160756501,NLA06608-0042,12.333333333333334,9,1.972,oligo,,United States of America,-107.036458,44.463546,7010000010,7020046750.000001,7030047060,5.095890410958905,15.287671232876711,10.19178082191781,7.643835616438356,13.294337810625077,6.302958533163465,6.302958533163465
1045064,2007,summer,183.8507710137246,92.6390675256118,216.5734104968009,294.61636653598447,501,787.6796155721217,0.23340806005267353,0.11761008625102543,0.27495114284441063,0.37403071085189044,0.84,4.79,0,5.7,1.46,135.9,312,17.8,0.04719101123595505,NLA06608-0982,6,19,2.08,oligo,,United States of America,-71.79854400000002,44.447259,7010000010,7020038339.999999,7030038340,5.7023809523809526,17.107142857142858,11.404761904761905,8.553571428571429,13.555005684857694,15.573880236357335,15.573880236357335
1045064,2012,summer,190,110.25,175,287.5,491.5,762.75,0.2490986561783022,0.14454277286135694,0.22943297279580466,0.3769255981645362,0.84,4.79,0,5.7,1.46,135.9,312,17.8,0.04719101123595505,NLA12_VT-101,16,30,0.8414999999999999,dys,,United States of America,-71.79854400000002,44.447259,7010000010,7020038339.999999,7030038340,5.7023809523809526,17.107142857142858,11.404761904761905,8.553571428571429,13.555005684857694,15.573880236357335,15.573880236357335
1045064,2017,summer,178,118,184,334,497,814,0.21867321867321868,0.14496314496314497,0.22604422604422605,0.4103194103194103,0.84,4.79,0,5.7,1.46,135.9,312,17.8,0.04719101123595505,NLA17_VT-10001,8.0525,31.5,2.215,dys,,United States of America,-71.79854400000002,44.447259,7010000010,7020038339.999999,7030038340,5.7023809523809526,17.107142857142858,11.404761904761905,8.553571428571429,13.555005684857694,15.573880236357335,15.573880236357335
1045117,2007,summer,413,432,547.6638834854673,530,559,1922.6638834854673,0.21480613618814134,0.22468825867621564,0.28484639888936,0.2756592062462831,0.31,0.9,0,2.9,1.2,1494.6,522,1.4,0.22142857142857145,NLA06608-1111,193,18,46.224,eu_mixo,,United States of America,-96.293545,44.430612000000004,7010000010,7020046750.000001,7030047060,2.903225806451613,8.70967741935484,5.806451612903226,4.35483870967742,12.845233298452376,7.824663488845336,7.824663488845336
1045117,2012,summer,387,488.75,659.5,663.5,557,2198.75,0.17600909607731666,0.2222853894258101,0.29994314951677087,0.30176236498010234,0.31,0.9,0,2.9,1.2,1494.6,522,1.4,0.22142857142857145,NLA12_MN-113,236,25,203.4,eu_mixo,,United States of America,-96.293545,44.430612000000004,7010000010,7020046750.000001,7030047060,2.903225806451613,8.70967741935484,5.806451612903226,4.35483870967742,12.845233298452376,7.824663488845336,7.824663488845336
1045127,2007,summer,205.65796492524453,146,225,330.2970152071503,495,906.9549801323949,0.2267565308426038,0.16097822185031424,0.2480828761391829,0.36418237116789903,0.94,3.75,0,4,1.98,173,271,41.4,0.02270531400966183,NLA06608-1162,8,10,3.083,oligo,,United States of America,-83.923958,44.428189,7010000010,7020024600,7030034520,3.9893617021276593,11.96808510638298,7.978723404255319,5.98404255319149,13.716548576654093,14.487569252917329,14.487569252917329
1045127,2012,summer,203.5,125,167,234,495,729.5,0.27895819054146676,0.17135023989033585,0.2289239204934887,0.3207676490747087,0.94,3.75,0,4,1.98,173,271,41.4,0.02270531400966183,NLA12_MI-103,29,26,2.56,dys,,United States of America,-83.923958,44.428189,7010000010,7020024600,7030034520,3.9893617021276593,11.96808510638298,7.978723404255319,5.98404255319149,13.716548576654093,14.487569252917329,14.487569252917329
1045127,2017,summer,222.72958689073656,166.23702653244004,238.07521809467704,293.3066979546579,495,920.3485294725115,0.24200569649238401,0.18062399320365854,0.2586794137989523,0.31869089650500526,0.94,3.75,0,4,1.98,173,271,41.4,0.02270531400966183,NLA17_MI-10009,9.775,15,1.81,oligo,,United States of America,-83.923958,44.428189,7010000010,7020024600,7030034520,3.9893617021276593,11.96808510638298,7.978723404255319,5.98404255319149,13.716548576654093,14.487569252917329,14.487569252917329
1045193,2007,summer,221.55169048255917,199,251.13606357595398,224.48676750380787,537,896.1745215623209,0.24721935867616857,0.22205496274662984,0.2802312022195665,0.2504944763576352,0.19,1.21,0,6.5,1.48,349.8,2004,4.1,0.04634146341463415,NLA06608-R10CAPEHO,10,16,0.676,oligo,,United States of America,-115.130895,44.413886,7010000010,7020014250,7030014930,6.368421052631579,19.105263157894733,12.736842105263158,9.552631578947366,12.845233298452376,6.107376634860534,6.107376634860534
1045193,2017,summer,207.93820395814288,157.2606578445592,239.2250959195996,214.54156852401218,495.5,818.9655262463139,0.2539034883570947,0.19202353799354083,0.2921064297004972,0.26196654394886726,0.19,1.21,0,6.5,1.48,349.8,2004,4.1,0.04634146341463415,NLA17_ID-HP001,17.69,15,1.03,oligo,,United States of America,-115.130895,44.413886,7010000010,7020014250,7030014930,6.368421052631579,19.105263157894733,12.736842105263158,9.552631578947366,12.845233298452376,6.107376634860534,6.107376634860534
1045327,2012,summer,214,109,222,319,496,864,0.24768518518518517,0.1261574074074074,0.2569444444444444,0.36921296296296297,0.12,0.62,0,5,1.3,2388.8,511,0.2,0.6,NLA12_NY-0106,14,18,1.844,oligo,,United States of America,-74.365565,44.380088,7010000010,7020024600,7030034520,5.166666666666667,15.500000000000002,10.333333333333334,7.750000000000001,12.845233298452376,7.992513700690669,7.992513700690669
1045327,2017,summer,172.59227614795327,115.82593992258495,186.5,260.45515206595894,506,735.3733681364972,0.23470019941749828,0.15750630216062675,0.2536126654581031,0.35418083296377173,0.12,0.62,0,5,1.3,2388.8,511,0.2,0.6,NLA17_NY-10004,9.8875,18,4.53,oligo,,United States of America,-74.365565,44.380088,7010000010,7020024600,7030034520,5.166666666666667,15.500000000000002,10.333333333333334,7.750000000000001,12.845233298452376,7.992513700690669,7.992513700690669
1045342,2017,summer,216.01486469653003,168.89624017535246,260.9736051007088,234.40446791881834,512.5,880.2891778914096,0.24539079898035177,0.19186449682355075,0.2964634936508352,0.2662812105452623,0.17,0.79,0,4.8,1.8,54.4,1482,12,0.01416666666666666,NLA17_ID-10173,43.86625,10,16.96,eu_mixo,,United States of America,-115.982403,44.375914,7010000010,7020014250,7030014930,4.647058823529411,13.941176470588236,9.294117647058822,6.970588235294118,12.845233298452376,5.0906512738752,5.0906512738752
1045344,2007,summer,255.70771241998312,89.60174348640928,220.2086004136532,142.97295813678744,489.5,708.491014456833,0.36091877977594716,0.12646842607468037,0.31081354021472923,0.20179925393464324,0.85,4.82,0,5.7,1.62,109,1417,15.3,0.05555555555555555,NLA06608-1638,6,12,0.23,oligo,,United States of America,-121.879652,44.37539,7010000010,7020014250,7030014930,5.670588235294118,17.011764705882356,11.341176470588236,8.505882352941178,13.716548576654093,7.631755346333066,7.631755346333066
1045430,2012,summer,210,144,244,376,509,974,0.21560574948665298,0.14784394250513347,0.25051334702258726,0.3860369609856263,0.11,0.32,0,2.9,1.27,416.8,399,1.1,0.1,NLA12_MI-165,17,18,16.48,oligo,,United States of America,-85.306402,44.355299,7010000010,7020024600,7030034520,2.909090909090909,8.727272727272728,5.818181818181818,4.363636363636364,12.845233298452376,9.527764684556264,9.527764684556264
1045430,2017,summer,210.4182601481079,162.2457342191168,216.35329672483948,278.58677589516327,500.5,867.6040669872275,0.24252797808888737,0.18700434955603465,0.24936869818525706,0.32109897416982086,0.11,0.32,0,2.9,1.27,416.8,399,1.1,0.1,NLA17_MI-10012,13.29,12,11.17,oligo,,United States of America,-85.306402,44.355299,7010000010,7020024600,7030034520,2.909090909090909,8.727272727272728,5.818181818181818,4.363636363636364,12.845233298452376,9.527764684556264,9.527764684556264
1045582,2007,summer,454.08165257345695,493.27133856184446,609.864099392425,613.9396229944832,562,2171.1567135222094,0.20914273472079886,0.22719287626254467,0.2808936340680166,0.28277075494863996,0.23,0.77,0,3.3,1.1,216.9,538,10.6,0.02169811320754717,NLA06608-2123,613,24,166.629,eu_mixo,,United States of America,-97.11844,44.327867,7010000010,7020046750.000001,7030047060,3.347826086956522,10.043478260869566,6.695652173913044,5.021739130434783,12.845233298452376,5.639382392658665,5.639382392658665
1045582,2012,summer,365,358,520,445,559,1688,0.21623222748815166,0.21208530805687204,0.3080568720379147,0.2636255924170616,0.23,0.77,0,3.3,1.1,216.9,538,10.6,0.02169811320754717,NLA12_SD-109,501,28,43.1,eu_mixo,,United States of America,-97.11844,44.327867,7010000010,7020046750.000001,7030047060,3.347826086956522,10.043478260869566,6.695652173913044,5.021739130434783,12.845233298452376,5.639382392658665,5.639382392658665
1045582,2017,summer,416.6451694522932,438.0305639555757,563.8523103563032,501.57012414976685,555,1920.0981679139388,0.21699159783322483,0.22812925467840392,0.2936580638316487,0.26122108365672264,0.23,0.77,0,3.3,1.1,216.9,538,10.6,0.02169811320754717,NLA17_SD-10003,223.11,20,7.98,eu_mixo,,United States of America,-97.11844,44.327867,7010000010,7020046750.000001,7030047060,3.347826086956522,10.043478260869566,6.695652173913044,5.021739130434783,12.845233298452376,5.639382392658665,5.639382392658665
1045599,2012,summer,266,170.5,260.5,214.5,490.5,911.5,0.2918266593527153,0.1870543060888645,0.28579264947888094,0.2353263850795392,0.73,6.26,0,8.6,1.51,177.3,1500,29.2,0.025,NLA12_ID-141,36,18,1.264,eu_mixo,,United States of America,-116.192256,44.325331,7010000010,7020014250,7030014930,8.575342465753424,25.72602739726027,17.15068493150685,12.863013698630136,13.421496832206739,10.27506371904213,10.27506371904213
1045599,2017,summer,245.12619789346263,156.5,240,218,498.5,859.6261978934626,0.2851544060594605,0.18205587542993398,0.27919111887018627,0.2535985996404192,0.73,6.26,0,8.6,1.51,177.3,1500,29.2,0.025,NLA17_ID-10010,19.6575,18,1.3,oligo,,United States of America,-116.192256,44.325331,7010000010,7020014250,7030014930,8.575342465753424,25.72602739726027,17.15068493150685,12.863013698630136,13.421496832206739,10.27506371904213,10.27506371904213
1045601,2007,summer,174.99218232906247,87.92252382993723,176.65748801699127,275.787277994275,500.5,715.3594721702659,0.24462132555282892,0.1229067723996117,0.24694925403174675,0.38552264801581265,0.23,1.12,0,4.8,1.38,45.4,388,14.6,0.01575342465753424,NLA06608-0806,20,39,8.32,dys,,United States of America,-72.334395,44.325341,7010000010,7020024600,7030034520,4.869565217391305,14.608695652173914,9.73913043478261,7.304347826086957,12.845233298452376,11.430867151029599,11.430867151029599
1045680,2007,summer,155.6003961284748,55.07123655349983,125.75279657931891,115,488,451.42442926129354,0.3446875845489748,0.12199436491201386,0.2785688775972969,0.25474917294171445,0.59,21.6,21.6,36.4,2.08,106.4,797,56.2,0.01049822064056939,NLA06608-0870,43,5,0.488,eu_mixo,Smith Reservoir,United States of America,-122.047767,44.307998,7010000010,7020014250,7030014930,36.61016949152543,109.83050847457628,73.22033898305087,54.91525423728814,13.290846197227037,8.410513692440398,8.410513692440398
1045680,2012,summer,174.5,104,166,190.75,490.5,635.25,0.2746950019677292,0.1637150728059819,0.261314443132625,0.3002754820936639,0.59,21.6,21.6,36.4,2.08,106.4,797,56.2,0.01049822064056939,NLA12_OR-106,62,10,0.997894737,eu_mixo,Smith Reservoir,United States of America,-122.047767,44.307998,7010000010,7020014250,7030014930,36.61016949152543,109.83050847457628,73.22033898305087,54.91525423728814,13.290846197227037,8.410513692440398,8.410513692440398
1045710,2007,summer,248,182,251.13606357595398,183,492,864.136063575954,0.2869918412775534,0.21061498029239806,0.29062097297120865,0.21177220545883982,0.23,1.59,0,6.8,1.18,170,2112,11.8,0.01949152542372881,NLA06608-R10BULLTR,3,5,0.696,oligo,,United States of America,-115.253278,44.301488,7010000010,7020014250,7030014930,6.913043478260869,20.739130434782606,13.826086956521738,10.369565217391303,12.845233298452376,5.512140797593868,5.512140797593868
1045710,2012,summer,354.5,285,348.75,343.5,490.5,1331.75,0.26619110193354606,0.21400412990426132,0.26187347475126715,0.25793129341092547,0.23,1.59,0,6.8,1.18,170,2112,11.8,0.01949152542372881,NLA12_ID-145,23,10,0.441142857,oligo,,United States of America,-115.253278,44.301488,7010000010,7020014250,7030014930,6.913043478260869,20.739130434782606,13.826086956521738,10.369565217391303,12.845233298452376,5.512140797593868,5.512140797593868
1046090,2012,summer,166,118,179,269,502,732,0.226775956284153,0.16120218579234974,0.24453551912568305,0.3674863387978142,0.32,1.32,0,4.1,1.84,288.7,54,1.8,0.17777777777777778,NLA12_ME-118,11,16,2.092,oligo,,United States of America,-69.525589,44.206903,7010000010,7020038339.999999,7030038340,4.125,12.374999999999998,8.25,6.187499999999999,12.845233298452376,13.495109950073466,13.495109950073466
1046090,2017,summer,249.8058954312225,158,229.09343682294343,326.0387001802291,491,962.9380324343952,0.2594205307268739,0.16408117103918057,0.23791088222341197,0.33858741601053344,0.32,1.32,0,4.1,1.84,288.7,54,1.8,0.17777777777777778,NLA17_ME-10009,7.57,12,1.09,oligo,,United States of America,-69.525589,44.206903,7010000010,7020038339.999999,7030038340,4.125,12.374999999999998,8.25,6.187499999999999,12.845233298452376,13.495109950073466,13.495109950073466
1046155,2017,summer,484,541.5631515162231,690.8754672934541,403.7447556833393,559,2120.183374493017,0.2282821409802514,0.255432222529206,0.3258564686456226,0.19042916784491987,0.13,0.73,0,5.8,1.21,30.8,1075,114.6,0.00113438045375218,NLA17_OR-10051,299.3525,34,34.84,eu_mixo,,United States of America,-120.452058,44.189402,7010000010,7020014250,7030014930,5.615384615384615,16.846153846153847,11.23076923076923,8.423076923076923,12.845233298452376,3.6281780353506665,3.6281780353506665
1046181,2007,summer,368.40798178915156,384.87919780641255,419.30452243932984,312.445503851816,557.5,1485.03720588671,0.24807996751110126,0.259171417578459,0.282352873569228,0.21039574134121172,0.1,0.38,0,3.6,1.25,-1,1608,0.2,0.5,NLA06608-2266,21,17,1.624,oligo,,United States of America,-106.759159,44.184462,7010000010,7020046750.000001,7030047060,3.8,11.399999999999999,7.6,5.699999999999999,12.845233298452376,7.729969682101337,7.729969682101337
1046181,2017,summer,449.5190268033419,394.3781979832098,549,337.46766386971814,512,1730.3648886562698,0.25978279480255745,0.22791620459281725,0.3172741215445783,0.19502687906004706,0.1,0.38,0,3.6,1.25,-1,1608,0.2,0.5,NLA17_WY-HP001,18.03625,9,1.71,oligo,,United States of America,-106.759159,44.184462,7010000010,7020046750.000001,7030047060,3.8,11.399999999999999,7.6,5.699999999999999,12.845233298452376,7.729969682101337,7.729969682101337
1046287,2007,summer,212,77,156.5,253.5,485,699,0.3032904148783977,0.11015736766809728,0.22389127324749641,0.3626609442060086,0.46,3.41,0,7.4,1.45,203.6,545,8,0.0575,NLA06608-0993,1,11,0.528,oligo,,United States of America,-74.440781,44.159614,7010000010,7020024600,7030034520,7.413043478260869,22.239130434782613,14.826086956521738,11.119565217391306,12.845233298452376,6.422173641629465,6.422173641629465
1046528,2017,summer,210.9339720216133,159,211,289.5,489,870.4339720216133,0.2423319617589279,0.1826675027753305,0.24240781814839457,0.3325927173173471,0.54,2.98,0,5.5,1.56,21.2,129,39.9,0.01353383458646616,NLA17_NH-10067,6.0975,40,2.99,dys,,United States of America,-71.01086599999998,44.092782,7010000010,7020038339.999999,7030038340,5.518518518518518,16.555555555555557,11.037037037037036,8.277777777777779,13.002144283848976,11.362760877160667,11.362760877160667
1046600,2012,summer,220,161,241.5,311.5,504,934,0.23554603854389722,0.17237687366167023,0.25856531049250536,0.3335117773019272,0.24,0.74,0,3.1,1.68,28.1,218,43.5,0.00551724137931034,NLA12_WI-181,24,5,17.7,oligo,,United States of America,-87.732254,44.071803,7010000010,7020024600,7030034520,3.0833333333333335,9.25,6.166666666666667,4.625,12.845233298452376,5.923817180334669,5.923817180334669
1046626,2017,summer,215.50743095255388,122.84523755063033,198.02595229880507,285.9666252017688,488,822.345246003758,0.2620644212389221,0.14938401863159667,0.24080634412508067,0.3477452160044006,0.32,1.47,0,4.6,1.23,125.1,39,4.6,0.06956521739130435,NLA17_ME-10018,26.4875,60,4.05,dys,,United States of America,-69.288504,44.065766000000004,7010000010,7020038339.999999,7030038340,4.59375,13.78125,9.1875,6.890625,12.845233298452376,11.205503200415999,11.205503200415999
1046646,2017,summer,175,130,211,337,513,853,0.205158264947245,0.15240328253223914,0.2473622508792497,0.3950762016412661,0.34,1.77,0,5.2,1.58,163.7,665,5.6,0.06071428571428572,NLA17_NH-10917,15.7975,25,2.97,dys,,United States of America,-71.889575,44.058688,7010000010,7020038339.999999,7030038340,5.205882352941177,15.617647058823529,10.411764705882353,7.8088235294117645,12.845233298452376,3.300578580139199,3.300578580139199
1046687,2017,summer,414,408.1233967650028,620.2426408546414,462.3773270129802,548,1904.7433646326244,0.21735211561156947,0.2142668688827375,0.32563055599580476,0.24275045950988824,0.85,3.44,0,4,1.55,1205.3,413,6.3,0.1349206349206349,NLA17_MN-10030,101.75625,5,20.16,eu_mixo,,United States of America,-95.369782,44.047638,7010000010,7020046750.000001,7030047060,4.047058823529412,12.141176470588235,8.094117647058823,6.070588235294117,13.716548576654093,13.419010599719995,13.419010599719995
1046781,2007,summer,299.44299066873094,283.96351952864524,334.31322983961866,271.5209054357281,548,1189.240645472723,0.2517934379460285,0.2387771731563798,0.2811148703269633,0.22831451857062837,0.21,0.38,0,1.8,1.34,1.6,1538,246,8.536585365853659e-4,NLA06608-2954,876,31,136.656,eu_mixo,,United States of America,-111.605577,44.023192,7010000010,7020014250,7030014930,1.8095238095238098,5.428571428571429,3.6190476190476195,2.7142857142857144,12.845233298452376,4.358456496674666,4.358456496674666
1046787,2007,summer,271.4038409930664,197.6589541283352,260.0325877684949,207.24907432675099,495,936.3444572166475,0.28985469919887624,0.21109641073317284,0.27771039361033956,0.2213384964576114,0.51,2.87,0,5.6,1.34,203.6,32,3.4,0.15,NLA06608-0658,5,6,1.116,oligo,,United States of America,-124.084429,44.02231,7010000010,7020014250,7030014249.999999,5.627450980392157,16.88235294117647,11.254901960784315,8.441176470588236,12.845233298452376,9.143769990235999,9.143769990235999
1046868,2007,summer,234.48639259492276,135,190.93428147610507,160,487,720.4206740710279,0.3254853740799285,0.18739051343033786,0.2650316521278517,0.2220924603618819,0.67,4.45,0,6.6,1.11,303.3,2160,29.8,0.02248322147651007,NLA06608-R10YELLOW,3,3,0.378,oligo,,United States of America,-114.86963,44.001355,7010000010,7020014250,7030014930,6.641791044776118,19.925373134328357,13.283582089552237,9.962686567164178,13.137426825228477,6.914829145934665,6.914829145934665
1046868,2017,summer,227,131.55156664350378,203,162,489,723.5515666435037,0.3137302308017027,0.18181367121318068,0.2805605147698046,0.22389558321531206,0.67,4.45,0,6.6,1.11,303.3,2160,29.8,0.02248322147651007,NLA17_ID-HP002,4.4775,15,0.8,oligo,,United States of America,-114.86963,44.001355,7010000010,7020014250,7030014930,6.641791044776118,19.925373134328357,13.283582089552237,9.962686567164178,13.137426825228477,6.914829145934665,6.914829145934665
1046912,2007,summer,265.0332533803322,248.4982765862278,372.5750108861564,292.22565519053364,540.5,1178.33219604325,0.2249223557416947,0.21088983006716286,0.3161884332255666,0.24799938096557592,0.63,2.47,0,3.9,1.13,773.4,215,4.2,0.15,NLA06608-0170,8,0,1.435,oligo,,United States of America,-86.110293,43.989646,7010000010,7020024600,7030034520,3.920634920634921,11.761904761904765,7.841269841269842,5.880952380952382,13.137426825228477,12.89147157873867,12.89147157873867
1047005,2017,summer,220.12036648368863,142.46598181898372,195.8273436304449,274.82504187972893,487.5,833.2387338128461,0.2641744287095634,0.1709785875736581,0.23501949163399033,0.32982749208278817,0.24,1.15,0,4.7,1.18,348.9,161,1.2,0.2,NLA17_ME-HP003,6.545,30,3.21,dys,,United States of America,-70.74761100000002,43.968192,7010000010,7020038339.999999,7030038340,4.791666666666667,14.375,9.583333333333334,7.1875,12.845233298452376,15.873900024236002,15.873900024236002
1047028,2007,summer,217.2570924889373,128.60383056443834,216.26687273871374,287.80818326799226,495.5,849.9359790600816,0.25561583206442834,0.1513100206755071,0.2544507799021247,0.3386233673579398,0.53,3.16,0,6,1.61,321.3,408,5.4,0.09814814814814816,NLA06608-0550,1,5,1.312,oligo,,United States of America,-71.965729,43.964126,7010000010,7020038339.999999,7030038340,5.962264150943396,17.88679245283019,11.924528301886792,8.943396226415095,13.002144283848976,12.202029192225332,12.202029192225332
1047038,2007,summer,201.68900040001037,157.78970107539263,254.10116323880112,167.11169289508706,513,780.6915576092913,0.25834658827058643,0.20211529065152364,0.3254821456209084,0.21405597545698143,0.29,1.14,0,3.9,1.62,1200.9,1514,0.5,0.58,NLA06608-0678,52,10,8.267,eu_mixo,,United States of America,-121.780723,43.961521,7010000010,7020014250,7030014930,3.931034482758621,11.793103448275861,7.862068965517242,5.896551724137931,12.845233298452376,6.110822143619201,6.110822143619201
1047051,2012,summer,341,271,436,339,534,1387,0.24585436193222782,0.19538572458543618,0.3143475126171593,0.24441240086517663,0.38,24.7,24.7,65.2,1.83,11911.6,328,3.1,0.12258064516129032,NLA12_MI-129,21,12,2.373333333,oligo,,United States of America,-85.001042,43.959385,7010000010,7020024600,7030034520,65,195,130,97.5,12.845233298452376,16.118362446985333,16.118362446985333
1047051,2017,summer,394.7505261180519,255.10913864114156,456.65393998386367,339.7150549931189,513,1446.228659736176,0.272951668783872,0.17639612997828372,0.3157550065887696,0.23489719464907463,0.38,24.7,24.7,65.2,1.83,11911.6,328,3.1,0.12258064516129032,NLA17_MI-10016,9.09875,20,2.84,oligo,,United States of America,-85.001042,43.959385,7010000010,7020024600,7030034520,65,195,130,97.5,12.845233298452376,16.118362446985333,16.118362446985333
1047125,2012,summer,452,382,440,425,494,1699,0.2660388463802237,0.2248381400824014,0.2589758681577399,0.25014714537963506,0.24,1.75,0,7.2,1.46,673.3,2620,5.6,0.04285714285714286,NLA12_ID-210,9,2,0.384,oligo,,United States of America,-114.940857,43.942298,7010000010,7020014250,7030014930,7.291666666666667,21.875000000000004,14.583333333333334,10.937500000000002,12.845233298452376,5.668735653260533,5.668735653260533
1047178,2007,summer,257,155.74855517079828,281.7951207785525,185,496,879.5436759493507,0.2921969733027784,0.1770788187439224,0.3203878653034393,0.21033634264985993,0.17,0.5,0,3,1.12,13,2140,89.2,0.00190582959641255,NLA06608-0005,3,2.3333333333333335,0.686,oligo,,United States of America,-114.84198300000001,43.929933,7010000010,7020014250,7030014930,2.941176470588235,8.823529411764707,5.88235294117647,4.411764705882353,12.845233298452376,3.7296539100213337,3.7296539100213337
1047312,2007,summer,432.25,392.4050255066504,573.5,436,541,1834.1550255066504,0.23566710228357016,0.21394321638557023,0.3126780408551243,0.23771164047573531,0.38,26.4,26.4,69.5,1.3,2182.5,365,15.6,0.02435897435897436,NLA06608-MN:74-0023,34,5,13.536,eu_mixo,,United States of America,-93.344121,43.889784,7010000010,7020046750.000001,7030047060,69.47368421052632,208.42105263157893,138.94736842105263,104.21052631578947,12.845233298452376,14.726652859243996,9.39507073908
1047316,2007,summer,199.7119442989504,115.50536300609747,221.51136345554747,293.1917616656981,498,829.9204324262935,0.24063986919214347,0.139176430044522,0.2669067476841766,0.35327695307915785,0.31,2.15,0,7,1.41,1185.4,380,1.1,0.2818181818181818,NLA06608-0177,6,19,3.576,oligo,,United States of America,-73.052222,43.889493,7010000010,7020024600,7030034520,6.935483870967742,20.806451612903224,13.870967741935484,10.403225806451612,12.845233298452376,12.32603759433733,12.32603759433733
1047316,2012,summer,191,80,160.75,213.5,492,645.25,0.2960092987214258,0.1239829523440527,0.24912824486633087,0.3308795040681906,0.31,2.15,0,7,1.41,1185.4,380,1.1,0.2818181818181818,NLA12_VT-104,9,10,3.168,oligo,,United States of America,-73.052222,43.889493,7010000010,7020024600,7030034520,6.935483870967742,20.806451612903224,13.870967741935484,10.403225806451612,12.845233298452376,12.32603759433733,12.32603759433733
1047316,2017,summer,262.25931395539783,168.06029210961685,260.1840391086495,341.0252586242932,491,1031.5289037979574,0.2542433013653739,0.1629234929732365,0.25223145774266253,0.3306017479187271,0.31,2.15,0,7,1.41,1185.4,380,1.1,0.2818181818181818,NLA17_VT-10002,9.83875,30,3.95,dys,,United States of America,-73.052222,43.889493,7010000010,7020024600,7030034520,6.935483870967742,20.806451612903224,13.870967741935484,10.403225806451612,12.845233298452376,12.32603759433733,12.32603759433733
1047354,2017,summer,236.28091442639723,131,210,332.3282269547983,492,909.6091413811955,0.25976092771848863,0.14401790180019863,0.23086839219879168,0.3653527782825211,0.18,0.98,0,5.5,1.28,17.4,338,27.1,0.0066420664206642,NLA17_NH-10063,20.32375,18,9.07,oligo,,United States of America,-71.749088,43.878314,7010000010,7020038339.999999,7030038340,5.444444444444445,16.333333333333336,10.88888888888889,8.166666666666668,12.845233298452376,13.680770645725335,13.680770645725335
1047451,2017,summer,336,193,320,348,493,1197,0.2807017543859649,0.16123642439431912,0.2673350041771094,0.2907268170426065,0.18,1.18,0,6.5,1.44,621.9,419,1.1,0.1636363636363636,NLA17_NY-10016,10.49625,2,1.14,oligo,,United States of America,-73.59099,43.853687,7010000010,7020024600,7030034520,6.555555555555555,19.666666666666668,13.11111111111111,9.833333333333334,12.845233298452376,12.547562865650935,12.547562865650935
1047484,2012,summer,136,76,158,260,503,630,0.21587301587301588,0.12063492063492064,0.2507936507936508,0.4126984126984127,0.18,0.81,0,4.5,1.18,39.2,118,7.9,0.02278481012658227,NLA12_ME-121,11,15,15.893,oligo,,United States of America,-70.89247400000002,43.845418,7010000010,7020038339.999999,7030038340,4.500000000000001,13.500000000000002,9.000000000000002,6.750000000000001,12.845233298452376,16.082294615295602,16.082294615295602
1047508,2017,summer,252.06047848584893,139.7941934367741,233.00769425304642,293.00042531831275,496.5,917.8627914939822,0.27461673010578896,0.15230402052711453,0.25385896063374097,0.3192202887333556,0.48,2.54,0,5.3,1.15,259.6,135,3.7,0.1297297297297297,NLA17_NH-10891,5.74125,0,2.26,oligo,,United States of America,-71.222916,43.839584,7010000010,7020038339.999999,7030038340,5.291666666666668,15.875,10.583333333333336,7.9375,12.845233298452376,11.688812348674668,11.688812348674668
1047562,2007,summer,401.31169379525755,292,485,247.50391946580456,517,1425.815613261062,0.28146114410782425,0.20479506416131227,0.3401561853364262,0.17358760639443735,0.39,2.61,0,6.7,1.44,59.9,1333,319.1,0.00122218740206831,NLA06608-2714,8,9,9.067,oligo,,United States of America,-104.109897,43.824432,7010000010,7020046750.000001,7030047060,6.692307692307692,20.076923076923077,13.384615384615383,10.038461538461538,12.845233298452376,3.376842915073334,3.376842915073334
1047569,2007,summer,346.46736645354974,342.23788407747145,508.36179591009,454.0605961635684,546,1651.1276426046795,0.20983681546690847,0.2072752434436782,0.30788764162905136,0.275000299460362,0.77,3.08,0,4,1.08,80.7,315,69.3,0.01111111111111111,NLA06608-MN:22-0074,62,6,47.952,eu_mixo,,United States of America,-94.073716,43.821893,7010000010,7020046750.000001,7030047060,4,12.000000000000002,8,6.000000000000001,13.137426825228477,8.155086942680802,6.959999999999999
1047578,2007,summer,195.73890376023004,88.57853438743216,207.69485596292023,140.41869622252756,497,632.43099033311,0.30950239117335426,0.1400603951124796,0.3284071450286213,0.22203006868554484,0.18,0.95,0,5.4,1.12,262,1497,1.7,0.10588235294117648,NLA06608-R10DEERLA,4,5,0.652,oligo,,United States of America,-121.893709,43.818885,7010000010,7020014250,7030014930,5.277777777777778,15.833333333333334,10.555555555555555,7.916666666666667,12.845233298452376,6.877589227967202,6.877589227967202
1047578,2017,summer,196.07161096532002,104.18683700330926,195.57938073018252,156.45930828662378,498,652.2971369854356,0.30058634301456066,0.15972297147401943,0.2998317325659968,0.23985895294542306,0.18,0.95,0,5.4,1.12,262,1497,1.7,0.10588235294117648,NLA17_OR-10106,7.505,2,0.51,oligo,,United States of America,-121.893709,43.818885,7010000010,7020014250,7030014930,5.277777777777778,15.833333333333334,10.555555555555555,7.916666666666667,12.845233298452376,6.877589227967202,6.877589227967202
1047594,2012,summer,367,233.5,404.5,439.25,502,1444.25,0.25411113034446947,0.16167561017829324,0.2800761640990133,0.304137095378224,0.1,0.33,0,3.2,1.31,190.1,241,2.2,0.04545454545454545,NLA12_WI-113,12,2.5,2.48,oligo,,United States of America,-89.302276,43.813777,7010000010,7020024600,7030034520,3.3,9.899999999999999,6.6,4.949999999999999,12.845233298452376,13.88851363942933,14.93519974
1047604,2007,summer,205.16269849806594,150.42252382993723,247.06311013498765,322.58285032374766,512.5,925.2311827867384,0.2217420924791237,0.16257831191645963,0.2670285164739574,0.3486510791304594,0.18,0.86,0,4.9,1.47,625.3,271,2,0.09,NLA06608-1242,11,10,2.896,oligo,,United States of America,-87.97708299999998,43.809244,7010000010,7020024600,7030034520,4.777777777777778,14.333333333333334,9.555555555555555,7.166666666666667,12.845233298452376,13.332865543068005,13.332865543068005
1047618,2012,summer,143,66.5,132.5,210,493,552,0.25905797101449274,0.12047101449275362,0.24003623188405798,0.3804347826086957,0.13,0.32,0,2.5,1.08,204.5,133,0.6,0.21666666666666667,NLA12_NH-115,12,22,1.984,dys,,United States of America,-71.11563200000002,43.806634,7010000010,7020038339.999999,7030038340,2.4615384615384617,7.384615384615385,4.923076923076923,3.6923076923076925,12.845233298452376,11.015048119477335,11.015048119477335
1047645,2012,summer,215.5,180,246.5,370,530,1012,0.21294466403162055,0.17786561264822134,0.24357707509881424,0.36561264822134387,0.33,1.03,0,3.1,1.22,1707.2,350,0.8,0.4125,NLA12_MI-145,29,18,5.824,oligo,,United States of America,-85.31370599999998,43.797989,7010000010,7020024600,7030034520,3.1212121212121215,9.363636363636363,6.242424242424243,4.681818181818182,12.845233298452376,7.953018064154398,7.953018064154398
1047646,2007,summer,247.43996720808573,172.08709537352618,303.5796167047504,184.29904448326266,516,907.405723769625,0.27268944941205436,0.1896473549435271,0.33455774936441124,0.20310544628000726,0.2,1.06,0,5.2,1.25,73.7,1610,6,0.03333333333333333,NLA06608-1446,4,6,0.779,oligo,,United States of America,-122.018256,43.796995,7010000010,7020014250,7030014930,5.300000000000001,15.9,10.600000000000001,7.95,12.845233298452376,5.743953352531201,5.743953352531201
1047646,2017,summer,280.8446957274576,251.70697238878114,363.42950040707535,289.8381903336307,520,1185.8193588569447,0.23683598486549773,0.21226417877965056,0.3064796486012832,0.24442018775356852,0.2,1.06,0,5.2,1.25,73.7,1610,6,0.03333333333333333,NLA17_OR-10086,9.4025,4,0.38,oligo,,United States of America,-122.018256,43.796995,7010000010,7020014250,7030014930,5.300000000000001,15.9,10.600000000000001,7.95,12.845233298452376,5.743953352531201,5.743953352531201
1047723,2017,summer,255.92957738576266,139.04340582516983,221.5352327563429,321.6331837641003,489,938.1413997313757,0.2728049070844168,0.14821156583110293,0.2361426889590168,0.34284083812546345,0.17,0.61,0,3.5,1.86,114.3,95,2.2,0.07727272727272727,NLA17_ME-10011,36.00375,105,23.73,eu_mixo,,United States of America,-70.60650800000002,43.770312,7010000010,7020038339.999999,7030038340,3.5882352941176467,10.76470588235294,7.1764705882352935,5.38235294117647,12.845233298452376,13.937158031935729,13.937158031935729
1047730,2007,summer,333.60823142949994,274.68835737846973,473.65336615732554,292,527,1373.949954965295,0.2428095945007885,0.19992602815392074,0.3447384414880596,0.2125259358572312,0.42,2.52,0,6,1.96,124,1577,199.3,0.00210737581535373,NLA06608-0979,68,14,3.754,eu_mixo,,United States of America,-103.51336,43.765816,7010000010,7020046750.000001,7030047060,6,18.000000000000004,12,9.000000000000002,13.002144283848976,4.130800291071199,4.130800291071199
1047730,2012,summer,296,307,419,343,549,1365,0.21684981684981686,0.22490842490842491,0.306959706959707,0.2512820512820513,0.42,2.52,0,6,1.96,124,1577,199.3,0.00210737581535373,NLA12_SD-107,39,15,11.04,eu_mixo,,United States of America,-103.51336,43.765816,7010000010,7020046750.000001,7030047060,6,18.000000000000004,12,9.000000000000002,13.002144283848976,4.130800291071199,4.130800291071199
1047730,2017,summer,270,224.5,318,269.5,526.5,1082,0.24953789279112754,0.20748613678373382,0.29390018484288355,0.24907578558225507,0.42,2.52,0,6,1.96,124,1577,199.3,0.00210737581535373,NLA17_SD-10009,26.03,22,17.04,dys,,United States of America,-103.51336,43.765816,7010000010,7020046750.000001,7030047060,6,18.000000000000004,12,9.000000000000002,13.002144283848976,4.130800291071199,4.130800291071199
1047783,2007,summer,278.2136155633806,108.03258546514654,195.8000403663397,148.85133590917098,481,730.8975773040378,0.380646514918806,0.1478081044729025,0.2678898472868943,0.20365553332139724,0.43,2.78,0,6.4,1.52,312.4,1737,4,0.1075,NLA06608-R10CHARLT,1,0,0.199,oligo,,United States of America,-121.977083,43.742835,7010000010,7020014250,7030014930,6.465116279069767,19.3953488372093,12.930232558139535,9.69767441860465,12.845233298452376,5.4849497625592,5.4849497625592
1047783,2017,summer,278.8026449463622,116.05009430151884,197.54138513166413,187.55239645851762,481.5,779.9465208380627,0.3574637971931526,0.14879237383714655,0.25327555140499036,0.24046827756471062,0.43,2.78,0,6.4,1.52,312.4,1737,4,0.1075,NLA17_OR-HP003,0.5575,3,0.33,oligo,,United States of America,-121.977083,43.742835,7010000010,7020014250,7030014930,6.465116279069767,19.3953488372093,12.930232558139535,9.69767441860465,12.845233298452376,5.4849497625592,5.4849497625592
1047806,2007,summer,177.91273490699945,101.78016278749303,209.667550436079,282.1015639643442,495,771.4620120949157,0.23061762227782928,0.13193152895643895,0.2717794877115516,0.36567136105418013,0.41,2.88,0,7,1.26,1148.7,192,1.6,0.25625,NLA06608-0997,4,4,1.504,oligo,,United States of America,-73.184358,43.732206,7010000010,7020024600,7030034520,7.024390243902439,21.073170731707314,14.048780487804878,10.536585365853657,12.845233298452376,14.054355012116003,14.054355012116003
1047816,2017,summer,376.4691039685448,217.60001914134085,351,405.99305507576787,497,1351.0621781856535,0.2786467640402062,0.1610584787693167,0.25979559317644374,0.30049916401403337,0.32,1.45,0,4.6,1.42,2103.6,262,0.9,0.35555555555555557,NLA17_WI-10066,10.7,10,1.65,oligo,,United States of America,-88.395071,43.728258,7010000010,7020024600,7030034520,4.53125,13.593749999999998,9.0625,6.796874999999999,12.845233298452376,12.634946850176933,12.634946850176933
1047857,2007,summer,213,86.54876994151948,191.91983459898105,133.75360425628975,491,625.2222087967903,0.34067887705062194,0.1384288157454905,0.3069625996944693,0.21392970750941823,0.37,1.68,0,4.6,1.05,671.8,1324,1.6,0.23125,NLA06608-2726,5,6,1.179,oligo,,United States of America,-121.767557,43.711539,7010000010,7020014250,7030014930,4.540540540540541,13.621621621621623,9.081081081081082,6.810810810810811,12.845233298452376,7.058838514616535,7.058838514616535
1048089,2007,summer,271.4038409930664,168,297,345.7547188097812,499,1082.1585598028475,0.2507985900351904,0.15524527203352434,0.27445146305926627,0.31950467487201906,0.87,3.82,0,4.4,1.3,280,292,18.2,0.0478021978021978,NLA06608-1450,10,0,2.944,oligo,,United States of America,-85.28761699999998,43.616332,7010000010,7020024600,7030034520,4.39080459770115,13.172413793103448,8.7816091954023,6.586206896551724,13.427846663276032,12.5845374457,12.5845374457
1048089,2012,summer,241,175,285,348,509,1049,0.22974261201143947,0.16682554814108674,0.2716873212583413,0.3317445185891325,0.87,3.82,0,4.4,1.3,280,292,18.2,0.0478021978021978,NLA12_MI-113,75,5,2.917333333,eu_mixo,,United States of America,-85.28761699999998,43.616332,7010000010,7020024600,7030034520,4.39080459770115,13.172413793103448,8.7816091954023,6.586206896551724,13.427846663276032,12.5845374457,12.5845374457
1048247,2012,summer,252,224,420,387.75,536,1283.75,0.19629990262901656,0.17448880233690361,0.32716650438169426,0.3020447906523856,0.12,0.92,0,7.6,2.16,125.1,281,11,0.0109090909090909,NLA12_WI-157,35,7.5,25.5,eu_mixo,,United States of America,-90.960078,43.536942,7010000010,7020046750.000001,7030047060,7.666666666666667,23.000000000000004,15.333333333333334,11.500000000000002,12.845233298452376,6.013627494082665,6.013627494082665
1048247,2017,summer,280,216.01862232592458,370.70208425402126,395,520,1261.7207065799457,0.22191916050817267,0.17120954043107567,0.293806769058151,0.3130645300026007,0.12,0.92,0,7.6,2.16,125.1,281,11,0.0109090909090909,NLA17_WI-10013,14.1,5,0.751,oligo,,United States of America,-90.960078,43.536942,7010000010,7020046750.000001,7030047060,7.666666666666667,23.000000000000004,15.333333333333334,11.500000000000002,12.845233298452376,6.013627494082665,6.013627494082665
1048259,2007,summer,440.5,450,548.6657272837449,487,551,1926.165727283745,0.22869267880764738,0.23362475701121754,0.28484866048232854,0.25283390369880654,0.8,2.57,0,3.2,1.27,387,474,17.7,0.04519774011299436,NLA06608-0247,202,14,55.8,eu_mixo,,United States of America,-96.964196,43.533044,7010000010,7020046750.000001,7030047060,3.2124999999999995,9.6375,6.424999999999999,4.81875,13.137426825228477,6.6236227934192,6.6236227934192
1048317,2007,summer,334.61504570491684,276.7489187125799,444,375.7525299201696,542,1431.1164943376664,0.2338139816212374,0.1933797282104989,0.31024728018768816,0.2625590099805755,0.15,0.39,0,2.6,1.23,43.9,233,11.5,0.01304347826086956,NLA06608-0874,29,14,14.16,oligo,,United States of America,-86.026176,43.499553,7010000010,7020024600,7030034520,2.6000000000000005,7.800000000000001,5.200000000000001,3.9000000000000004,12.845233298452376,12.747793752154536,12.747793752154536
1048324,2012,summer,259,209,299,466,516,1233,0.21005677210056772,0.16950527169505272,0.24249797242497972,0.37793998377939986,0.29,0.75,0,2.6,1.74,4.8,242,196.3,0.00147733061640346,NLA12_WI-172,132,15,85.3,eu_mixo,,United States of America,-89.297917,43.498004,7010000010,7020046750.000001,7030047060,2.5862068965517246,7.758620689655174,5.172413793103449,3.879310344827587,12.845233298452376,8.139386413176002,8.139386413176002
1048327,2007,summer,200.78196470130482,94.17350458169463,230.8902499755301,292.29710562025537,500,818.142824878785,0.2454118750366752,0.11510643584223483,0.2822126442406172,0.35726904488047273,0.22,1.33,0,5.9,1.41,2560.4,456,0.3,0.7333333333333334,NLA06608-4252,1,7,1.472,oligo,,United States of America,-72.917708,43.49692,7010000010,7020024600,7030034520,6.045454545454546,18.136363636363637,12.090909090909092,9.068181818181818,12.845233298452376,12.880782064835198,12.880782064835198
1048327,2012,summer,130,50,145,215,498,540,0.24074074074074073,0.09259259259259259,0.26851851851851855,0.39814814814814814,0.22,1.33,0,5.9,1.41,2560.4,456,0.3,0.7333333333333334,NLA12_VT-R02,5,10,0.912,oligo,,United States of America,-72.917708,43.49692,7010000010,7020024600,7030034520,6.045454545454546,18.136363636363637,12.090909090909092,9.068181818181818,12.845233298452376,12.880782064835198,12.880782064835198
1048363,2012,summer,284,239.5,327,447.5,530,1298,0.21879815100154082,0.18451463790446843,0.25192604006163327,0.3447611710323575,0.48,1.47,0,3.1,1.35,893.8,428,3.7,0.1297297297297297,NLA12_IA-109,59,30,5.268571429,eu_mixo,,United States of America,-95.19375,43.480832,7010000010,7020046750.000001,7030047060,3.0625,9.1875,6.125,4.59375,12.845233298452376,12.629753137999995,12.629753137999995
1048363,2017,summer,230.02972939306002,201.2369129216023,258.0013801485791,351.5,541,1040.7680224632413,0.22101921314668793,0.19335424280746458,0.24789518372975508,0.33773136031609247,0.48,1.47,0,3.1,1.35,893.8,428,3.7,0.1297297297297297,NLA17_IA-10006,69.7925,25,27.92,eu_mixo,,United States of America,-95.19375,43.480832,7010000010,7020046750.000001,7030047060,3.0625,9.1875,6.125,4.59375,12.845233298452376,12.629753137999995,12.629753137999995
1048364,2017,summer,212.2875606736835,136.90173500513527,200,306,499,855.1892956788188,0.24823458589384845,0.16008354606036965,0.2338663510062379,0.357815517039544,0.36,2.02,0,5.6,1.48,180.9,247,5.3,0.06792452830188679,NLA17_NH-10066,15.77125,35,12.75,dys,,United States of America,-71.307292,43.480703,7010000010,7020038339.999999,7030038340,5.611111111111112,16.833333333333336,11.222222222222223,8.416666666666668,12.845233298452376,10.688959265161335,10.688959265161335
1048405,2007,summer,392.1916260536624,430.3173495209752,555.3357654730667,742.8220814060232,557,2120.6668224537275,0.1849378798692551,0.2029160568575664,0.2618684649531664,0.35027759832001215,0.59,1.75,0,2.9,1.31,421.1,417,9.2,0.0641304347826087,NLA06608-1527,587,20,381.6,eu_mixo,,United States of America,-94.944121,43.463349,7010000010,7020046750.000001,7030047060,2.9661016949152543,8.898305084745763,5.932203389830509,4.4491525423728815,12.845233298452376,11.509413741099998,11.509413741099998
1048415,2007,summer,351.5,376,501,409,558,1637.5,0.21465648854961833,0.22961832061068702,0.3059541984732824,0.2497709923664122,0.19,0.51,0,2.7,1.09,372.4,436,3.1,0.06129032258064516,NLA06608-1271,604,28,98.88,eu_mixo,,United States of America,-95.172552,43.458199,7010000010,7020046750.000001,7030047060,2.68421052631579,8.052631578947368,5.36842105263158,4.026315789473684,12.845233298452376,13.455621593302267,13.455621593302267
1048415,2012,summer,313,314,441.5,371.5,550,1440,0.21736111111111112,0.21805555555555556,0.30659722222222224,0.25798611111111114,0.19,0.51,0,2.7,1.09,372.4,436,3.1,0.06129032258064516,NLA12_IA-102,684,18,88,eu_mixo,,United States of America,-95.172552,43.458199,7010000010,7020046750.000001,7030047060,2.68421052631579,8.052631578947368,5.36842105263158,4.026315789473684,12.845233298452376,13.455621593302267,13.455621593302267
1048415,2017,summer,338.4066301615617,335.78168801601987,464.1401352840601,285.4237455042379,554,1423.7521989658794,0.23768646707436739,0.23584278799352146,0.3259978355932873,0.2004729093388239,0.19,0.51,0,2.7,1.09,372.4,436,3.1,0.06129032258064516,NLA17_IA-10004,178.1825,10,25.28,eu_mixo,,United States of America,-95.172552,43.458199,7010000010,7020046750.000001,7030047060,2.68421052631579,8.052631578947368,5.36842105263158,4.026315789473684,12.845233298452376,13.455621593302267,13.455621593302267
1048417,2007,summer,144.56773795396558,76.87411123723973,152.13954197875447,229.22203111360525,497.5,602.803422283565,0.23982567551841036,0.12752766224521755,0.252386659323222,0.38026000291315004,0.13,0.7,0,5.5,1.21,187.9,283,2.2,0.05909090909090909,NLA06608-1333,3,5,1.344,oligo,,United States of America,-73.58714999999998,43.456913,7010000010,7020024600,7030034520,5.384615384615384,16.15384615384615,10.769230769230768,8.076923076923075,12.845233298452376,10.551748706437332,10.551748706437332
1048417,2012,summer,260.25,135,242,393.5,492,1030.75,0.2524860538442881,0.1309725927722532,0.23478049963618725,0.3817608537472714,0.13,0.7,0,5.5,1.21,187.9,283,2.2,0.05909090909090909,NLA12_NY-R02,12,12,1.05,oligo,,United States of America,-73.58714999999998,43.456913,7010000010,7020024600,7030034520,5.384615384615384,16.15384615384615,10.769230769230768,8.076923076923075,12.845233298452376,10.551748706437332,10.551748706437332
1048417,2017,summer,239.4723769377785,135.97939328003775,229.07267815076162,335.99819028911924,490.5,940.5226386576971,0.25461628151721116,0.14457854355755428,0.24355892004650886,0.35724625487872563,0.13,0.7,0,5.5,1.21,187.9,283,2.2,0.05909090909090909,NLA17_NY-HP001,5.03,6,1.56,oligo,,United States of America,-73.58714999999998,43.456913,7010000010,7020024600,7030034520,5.384615384615384,16.15384615384615,10.769230769230768,8.076923076923075,12.845233298452376,10.551748706437332,10.551748706437332
1048444,2017,summer,247.40294771561125,152.6609313184335,227.54871980773603,321.5,492.5,949.1125988417808,0.2606676468287551,0.16084596443533505,0.23974891923826303,0.33873746949764677,0.56,3.16,0,5.7,1.82,18.8,319,99.6,0.00562248995983935,NLA17_VT-10016,8.13375,25,1.19,dys,,United States of America,-72.699304,43.445747,7010000010,7020038339.999999,7030038340,5.642857142857142,16.928571428571427,11.285714285714285,8.464285714285714,13.129303305430637,11.556992402615201,11.556992402615201
1048593,2007,summer,191.25,116,206.5,230,513,743.75,0.2571428571428571,0.15596638655462186,0.2776470588235294,0.3092436974789916,0.55,4.5,0,8.3,2.55,169.3,219,12.3,0.04471544715447154,NLA06608-0614,8,5,1.216,oligo,,United States of America,-123.280457,43.380576,7010000010,7020014250,7030014249.999999,8.181818181818182,24.545454545454547,16.363636363636363,12.272727272727273,13.290846197227037,10.950560671719996,10.950560671719996
1048593,2012,summer,205,127,243.5,240,505,815.5,0.25137952176578787,0.15573267933782955,0.29858982219497243,0.29429797670141017,0.55,4.5,0,8.3,2.55,169.3,219,12.3,0.04471544715447154,NLA12_OR-110,21,23,3.71967655,dys,,United States of America,-123.280457,43.380576,7010000010,7020014250,7030014249.999999,8.181818181818182,24.545454545454547,16.363636363636363,12.272727272727273,13.290846197227037,10.950560671719996,10.950560671719996
1048607,2012,summer,271,194,302,435,505,1202,0.2254575707154742,0.16139767054908485,0.2512479201331115,0.36189683860232946,0.19,0.68,0,3.6,1.21,109.2,202,8.4,0.02261904761904762,NLA12_MI-124,38,12,3,eu_mixo,,United States of America,-86.14479199999998,43.373146,7010000010,7020024600,7030034520,3.5789473684210527,10.73684210526316,7.157894736842105,5.36842105263158,12.845233298452376,13.690139072960935,13.690139072960935
1048607,2017,summer,253.4810637812991,196.58031475734205,279.1459003704812,308.6609244021445,504.5,1037.8682033112668,0.2442324208146857,0.189407782346701,0.2689608367226976,0.29739896011591566,0.19,0.68,0,3.6,1.21,109.2,202,8.4,0.02261904761904762,NLA17_MI-10011,14.296875,9,2.93,oligo,,United States of America,-86.14479199999998,43.373146,7010000010,7020024600,7030034520,3.5789473684210527,10.73684210526316,7.157894736842105,5.36842105263158,12.845233298452376,13.690139072960935,13.690139072960935
1048622,2012,summer,179.5,145,192,256,510.5,772.5,0.23236245954692555,0.18770226537216828,0.24854368932038834,0.3313915857605178,0.32,1.55,0,4.9,1.25,24,186,31,0.01032258064516129,NLA12_NH-108,27,37,3.368,dys,,United States of America,-71.246932,43.368116,7010000010,7020038339.999999,7030038340,4.843750000000001,14.53125,9.687500000000002,7.265625,12.845233298452376,4.406147670577734,4.406147670577734
1048622,2017,summer,230.0234155794575,149.71027123575928,214.3307213277409,317.80657387721465,494,911.8709820201723,0.2522543431197473,0.16417922511810712,0.23504500697336533,0.34852142478878023,0.32,1.55,0,4.9,1.25,24,186,31,0.01032258064516129,NLA17_NH-10052,19.8975,39,11.725,dys,,United States of America,-71.246932,43.368116,7010000010,7020038339.999999,7030038340,4.843750000000001,14.53125,9.687500000000002,7.265625,12.845233298452376,4.406147670577734,4.406147670577734
1048635,2012,summer,180.5,145.5,202,284.25,512,812.25,0.2222222222222222,0.1791320406278855,0.2486919052016005,0.34995383194829177,0.21,0.32,0,1.5,1.09,3723.8,278,0.2,1.0499999999999998,NLA12_MI-136,17,36,6.224,dys,,United States of America,-85.38086599999998,43.364705,7010000010,7020024600,7030034520,1.5238095238095242,4.571428571428573,3.0476190476190483,2.2857142857142865,12.845233298452376,11.900901473588934,11.900901473588934
1048650,2007,summer,888.3208471567274,780.9264459239661,1127.8181919000206,292,539,3089.0654849807142,0.28756944502336224,0.25280346102110607,0.3651001240936988,0.09452696986183283,0.69,4.6,0,6.7,2.18,47.6,1976,244.1,0.00282671036460467,NLA06608-1270,15,2,1.595,oligo,,United States of America,-109.376063,43.357139,7010000010,7020046750.000001,7030047060,6.666666666666667,20,13.333333333333334,10,13.583039724003136,5.527252112614667,5.527252112614667
1048786,2007,summer,180.9189954397501,206.87762742108333,260.0331549925688,329.8152438155813,553.5,977.6450216689835,0.18505591644183367,0.21160812241227686,0.26597911228418475,0.3373568488617047,0.1,0.42,0,4.2,1.42,232.4,163,0.9,0.11111111111111112,NLA06608-ELS:1C2-032,11,12,14.184,oligo,,United States of America,-71.427294,43.2949,7010000010,7020038339.999999,7030038340,4.2,12.6,8.4,6.3,12.845233298452376,16.198824227049332,16.198824227049332
1048944,2007,summer,301.5,214,336,436,505.5,1287.5,0.2341747572815534,0.16621359223300972,0.26097087378640776,0.33864077669902914,0.23,0.77,0,3.3,1.22,221.5,270,4.2,0.05476190476190476,NLA06608-0234,14,9,4.776,oligo,,United States of America,-85.466035,43.218912,7010000010,7020024600,7030034520,3.347826086956522,10.043478260869566,6.695652173913044,5.021739130434783,12.845233298452376,13.579201459277463,13.579201459277463
1048944,2012,summer,192,136,250,239,509,817,0.2350061199510404,0.1664626682986536,0.30599755201958384,0.29253365973072215,0.23,0.77,0,3.3,1.22,221.5,270,4.2,0.05476190476190476,NLA12_MI-101,16,19,4.032,oligo,,United States of America,-85.466035,43.218912,7010000010,7020024600,7030034520,3.347826086956522,10.043478260869566,6.695652173913044,5.021739130434783,12.845233298452376,13.579201459277463,13.579201459277463
1048944,2017,summer,337.58915406673754,234.9652655821197,361.85900081415065,386,501,1320.413420463008,0.25566928420673024,0.17794825616035337,0.2740497750221771,0.2923326846107393,0.23,0.77,0,3.3,1.22,221.5,270,4.2,0.05476190476190476,NLA17_MI-10001,17.20625,4.5,4.4750000000000005,oligo,,United States of America,-85.466035,43.218912,7010000010,7020024600,7030034520,3.347826086956522,10.043478260869566,6.695652173913044,5.021739130434783,12.845233298452376,13.579201459277463,13.579201459277463
1048970,2012,summer,445,513,594,527,562,2079,0.21404521404521404,0.24675324675324675,0.2857142857142857,0.2534872534872535,0.25,0.64,0,2.6,1.95,37.9,674,61.7,0.00405186385737439,NLA12_SD-147,554,45,57,eu_mixo,,United States of America,-99.616047,43.204453,7010000010,7020046750.000001,7030047060,2.56,7.6800000000000015,5.12,3.8400000000000007,12.845233298452376,3.352571114032533,3.352571114032533
1048970,2017,summer,250.36342199287083,259.60203346322123,315.67733101711315,300.26994990695493,544,1125.9127363801601,0.22236485466697534,0.23057029650259467,0.2803745981522727,0.26669025067815727,0.25,0.64,0,2.6,1.95,37.9,674,61.7,0.00405186385737439,NLA17_SD-10015,121.2875,45,2.41,eu_mixo,,United States of America,-99.616047,43.204453,7010000010,7020046750.000001,7030047060,2.56,7.6800000000000015,5.12,3.8400000000000007,12.845233298452376,3.352571114032533,3.352571114032533
1049022,2012,summer,644,662.5,729.5,928,554.5,2964,0.21727395411605938,0.22351551956815116,0.24612010796221323,0.31309041835357626,0.19,0.37,0,1.9,1.55,106.1,1166,27.7,0.00685920577617328,NLA12_SD-119,390,30,59.73333333,eu_mixo,,United States of America,-104.019548,43.184654,7010000010,7020046750.000001,7030047060,1.9473684210526314,5.842105263157894,3.894736842105263,2.921052631578947,12.845233298452376,4.653096505174667,4.653096505174667
1049027,2012,summer,716,853,965,520,564,3054,0.23444662737393582,0.27930582842174195,0.3159790438768828,0.17026850032743943,0.32,2.12,0,6.7,1.89,59.9,1392,129.4,0.00247295208655332,NLA12_ID-175,201,16,24.48,eu_mixo,,United States of America,-116.971283,43.181836,7010000010,7020014250,7030014930,6.625000000000001,19.875000000000004,13.250000000000002,9.937500000000002,12.845233298452376,3.4026377955809344,3.4026377955809344
1049046,2017,summer,311,249,386.4001201816414,398.11892089571194,532,1344.5190410773532,0.2313094798202322,0.18519633593324059,0.28738910225624015,0.2961050819902872,0.14,0.54,0,4,1.75,172.6,352,4.4,0.03181818181818182,NLA17_IA-10034,78.3775,18,70.66,eu_mixo,,United States of America,-91.90737,43.173604,7010000010,7020046750.000001,7030047060,3.8571428571428568,11.57142857142857,7.7142857142857135,5.785714285714285,12.845233298452376,7.109324074757065,7.109324074757065
1049080,2012,summer,488,533,671,414.5,557,2106.5,0.2316638974602421,0.2530263470211251,0.3185378590078329,0.1967718965107999,0.59,1.9,0,3.2,1.39,53.6,994,97.2,0.00606995884773662,NLA12_ID-194,93,25,31.36,eu_mixo,,United States of America,-115.660417,43.160417,7010000010,7020014250,7030014930,3.2203389830508473,9.661016949152543,6.440677966101695,4.830508474576272,12.845233298452376,3.0919867133208006,3.0919867133208006
1049103,2007,summer,361.77596408642705,259.0363369140965,352.71834067936726,422.8226550516812,497,1396.3532967315718,0.2590862677326948,0.18550916699979864,0.2525996404383984,0.3028049248291083,0.39,0.85,0,2.2,1.36,470.8,269,2.2,0.17727272727272728,NLA06608-1258,16,20,4.347,oligo,,United States of America,-85.47338499999998,43.148927,7010000010,7020024600,7030034520,2.1794871794871793,6.538461538461537,4.358974358974359,3.2692307692307687,12.845233298452376,14.184809514808,14.184809514808
1049181,2017,summer,130,94,129.5,218,496,571.5,0.2274715660542432,0.16447944006999124,0.22659667541557305,0.38145231846019245,0.17,0.65,0,3.7,1.19,1074.7,244,1.1,0.15454545454545454,NLA17_MI-10030,8.415,5,3.37,oligo,,United States of America,-83.360405,43.118587,7010000010,7020024600,7030034520,3.823529411764706,11.47058823529412,7.647058823529412,5.73529411764706,12.845233298452376,12.075626954612533,12.075626954612533
1049214,2007,summer,422.63536656003373,490.77965061706703,701.4736391444176,834.3984873916073,564,2449.2871437131257,0.17255443799019718,0.20037652664646083,0.2863991022632739,0.34066993310006805,0.83,2.81,0,3.4,1.46,2320.5,422,2.5,0.33199999999999996,NLA06608-2039,277,24,338.4,eu_mixo,,United States of America,-94.897815,43.10588,7010000010,7020046750.000001,7030047060,3.3855421686746987,10.156626506024097,6.771084337349397,5.078313253012048,13.555005684857694,9.475384944164,9.475384944164
1049236,2007,summer,256.7877894873869,165.2936595201342,282.5333356514907,366.32230353896637,503.5,1070.937088197978,0.2397785942024598,0.15434488294570795,0.2638187982889807,0.34205772456285166,0.22,0.73,0,3.4,1.87,18,92,24.1,0.00912863070539419,NLA06608-0421,9,14,2.184,oligo,,United States of America,-73.766355,43.094889,7010000010,7020038339.999999,7030038340,3.3181818181818183,9.954545454545455,6.636363636363637,4.9772727272727275,12.845233298452376,11.349331052477336,11.349331052477336
1049277,2012,summer,422.5,441.5,643.25,491,551,1998.25,0.21143500562992618,0.22094332540973352,0.3219066683347929,0.24571500062554735,0.21,0.5,0,2.4,1.21,964.3,504,1.7,0.12352941176470587,NLA12_SD-131,336,28,148.32,eu_mixo,,United States of America,-98.081205,43.080806,7010000010,7020046750.000001,7030047060,2.3809523809523814,7.142857142857143,4.761904761904763,3.5714285714285716,12.845233298452376,7.104850526446667,7.104850526446667
1049277,2017,summer,374.0955162588971,493.03651953114536,589.2432895973718,461.4237232598862,563.5,1917.7990486473004,0.19506502337810702,0.25708455736220304,0.30724975591837345,0.2406006633413165,0.21,0.5,0,2.4,1.21,964.3,504,1.7,0.12352941176470587,NLA17_SD-10011,181.4875,16,66.86,eu_mixo,,United States of America,-98.081205,43.080806,7010000010,7020046750.000001,7030047060,2.3809523809523814,7.142857142857143,4.761904761904763,3.5714285714285716,12.845233298452376,7.104850526446667,7.104850526446667
1049284,2012,summer,419,349.5,519,398,531.5,1685.5,0.2485909225749036,0.2073568673983981,0.30792049836843666,0.23613171165826163,0.26,0.72,0,2.8,1.65,9.7,1336,343.5,7.569141193595342e-4,NLA12_ID-166,58,20,2.456,eu_mixo,,United States of America,-112.684375,43.077782,7010000010,7020014250,7030014930,2.769230769230769,8.307692307692307,5.538461538461538,4.153846153846153,12.845233298452376,4.074304886096,4.074304886096
1049284,2017,summer,360,319,462,386,533,1527,0.2357563850687623,0.2089063523248199,0.3025540275049116,0.25278323510150624,0.26,0.72,0,2.8,1.65,9.7,1336,343.5,7.569141193595342e-4,NLA17_ID-10007,52.46,2,3.58,eu_mixo,,United States of America,-112.684375,43.077782,7010000010,7020014250,7030014930,2.769230769230769,8.307692307692307,5.538461538461538,4.153846153846153,12.845233298452376,4.074304886096,4.074304886096
1049336,2012,summer,350,347,447,469,550,1613,0.21698698078115314,0.21512709237445754,0.27712337259764414,0.2907625542467452,0.19,0.43,0,2.2,1.55,414.4,267,1.4,0.13571428571428573,NLA12_WI-136,21,10,6.22,oligo,,United States of America,-88.45624999999998,43.053322,7010000010,7020046750.000001,7030047060,2.263157894736842,6.789473684210526,4.526315789473684,3.394736842105263,12.845233298452376,14.679549943238664,14.679549943238664
1049416,2007,summer,262.40985049053916,209.95202488819743,307.5427937980246,385,492,1164.9046691767612,0.22526293990733537,0.18023107851097434,0.2640068341518154,0.33049914742987485,0.4,2.72,0,6.8,1.2,413.7,356,3.9,0.10256410256410256,NLA06608-NH4912,4,6,0.779,oligo,,United States of America,-72.018693,43.019782,7010000010,7020038339.999999,7030038340,6.800000000000001,20.400000000000002,13.600000000000001,10.200000000000001,12.845233298452376,10.918726852733466,10.918726852733466
1049416,2012,summer,188.5,75,169,269.5,492.5,702,0.26851851851851855,0.10683760683760683,0.24074074074074073,0.3839031339031339,0.4,2.72,0,6.8,1.2,413.7,356,3.9,0.10256410256410256,NLA12_NH-R04,14,8,0.604,oligo,,United States of America,-72.018693,43.019782,7010000010,7020038339.999999,7030038340,6.800000000000001,20.400000000000002,13.600000000000001,10.200000000000001,12.845233298452376,10.918726852733466,10.918726852733466
1049469,2012,summer,288,243,371,507,521,1409,0.2044002838892832,0.17246273953158267,0.26330731014904185,0.3598296664300923,0.81,2.16,0,2.7,1.48,3.1,256,870.4,9.306066176470588e-4,NLA12_WI-140,75,12.5,13.3,eu_mixo,,United States of America,-89.282442,42.994116,7010000010,7020046750.000001,7030047060,2.6666666666666665,7.999999999999998,5.333333333333333,3.999999999999999,13.421496832206739,9.41257571006413,9.41257571006413
1049514,2007,summer,493,335,595.8035721032178,606,518,2029.803572103218,0.24288064459812192,0.16504060028472786,0.2935276990797021,0.298551056037448,0.76,3.32,0,4.3,1.39,13.7,193,127.7,0.00595144870790916,NLA06608-1365,13,7,5.36,oligo,,United States of America,-76.069136,42.980489,7010000010,7020024600,7030034520,4.368421052631579,13.105263157894736,8.736842105263158,6.552631578947368,13.294337810625077,11.696537242048668,11.696537242048668
1049550,2017,summer,372,318,432,295,522,1417,0.26252646436132676,0.2244177840508116,0.3048694424841214,0.2081863091037403,0.27,1.04,0,3.9,1.4,3009.8,746,1.6,0.16875,NLA17_ID-10059,41.60375,4,3.04,eu_mixo,,United States of America,-115.840226,42.964653,7010000010,7020014250,7030014930,3.851851851851852,11.555555555555557,7.703703703703704,5.777777777777779,12.845233298452376,7.2841948529232035,7.2841948529232035
1049671,2007,summer,227,165.95763218161756,203.7500115517136,170.92923985583417,487,767.6368835891653,0.29571273196076525,0.21619288459103939,0.265424989220241,0.22266939422795437,0.56,3.83,0,6.8,1.51,123.8,2977,53.4,0.01048689138576779,NLA06608-1818,7,0,0.68,oligo,,United States of America,-109.505293,42.92142,7010000010,7020000010,7030008710,6.8392857142857135,20.51785714285714,13.678571428571427,10.25892857142857,12.845233298452376,5.7410705601614644,5.7410705601614644
1049681,2007,summer,313,316,419,398,552,1446,0.21645919778699863,0.21853388658367912,0.2897648686030429,0.2752420470262794,0.39,1.51,0,3.9,1.36,307.6,1057,74.7,0.00522088353413654,NLA06608-0723,24,28,5.646,dys,,United States of America,-102.034655,42.916374,7010000010,7020046750.000001,7030047060,3.871794871794872,11.615384615384617,7.743589743589744,5.807692307692308,12.845233298452376,3.2760352414441343,2.743200064
1049681,2017,summer,240.4452531826455,289.33088332279834,352,301,559,1182.776136505444,0.20328889445897172,0.24462015625174616,0.2976049221283726,0.2544860271609095,0.39,1.51,0,3.9,1.36,307.6,1057,74.7,0.00522088353413654,NLA17_NE-10032,61.85125,38,7.37,eu_mixo,,United States of America,-102.034655,42.916374,7010000010,7020046750.000001,7030047060,3.871794871794872,11.615384615384617,7.743589743589744,5.807692307692308,12.845233298452376,3.2760352414441343,2.743200064
1049855,2012,summer,475,500,636,631,555,2242,0.211864406779661,0.22301516503122212,0.2836752899197145,0.2814451382694023,0.5,1.65,0,3.3,1.48,1002.1,370,2.5,0.2,NLA12_IA-132,240,17,91.2,eu_mixo,,United States of America,-93.688542,42.835869,7010000010,7020046750.000001,7030047060,3.3,9.899999999999999,6.6,4.949999999999999,12.845233298452376,12.0644473344756,12.0644473344756
1049858,2017,summer,167.2092037280058,105.26244818096899,153.88298910213808,211.91030413191785,490,638.2649451430307,0.2619746000472193,0.164919676353807,0.24109578674676233,0.33200993685221153,0.12,0.56,0,4.6,1.62,195.1,317,1.6,0.075,NLA17_NH-10530,13.395,30,2.58,dys,,United States of America,-72.47512999999998,42.835873,7010000010,7020038339.999999,7030038340,4.666666666666667,14,9.333333333333334,7,12.845233298452376,6.7621761039809325,6.7621761039809325
1049888,2007,summer,312.74769847882897,230.47667086698604,412.89537993365434,349.1756508646743,521,1305.2954001441437,0.23959917306403763,0.17657050721356599,0.3163233241211593,0.267506995601237,0.27,0.64,0,2.4,1.44,350.9,265,3.1,0.08709677419354839,NLA06608-0502,5,10,2.28,oligo,,United States of America,-83.747917,42.826974,7010000010,7020024600,7030034520,2.3703703703703702,7.111111111111112,4.7407407407407405,3.555555555555556,12.845233298452376,12.775933978151995,12.775933978151995
1049960,2017,summer,215,167.5,206.75,238.5,494.5,827.75,0.2597402597402597,0.20235578375113258,0.24977348233162186,0.2881304741769858,0.11,0.55,0,4.9,1.27,77.4,2896,11.5,0.00956521739130434,NLA17_WY-10006,14.85125,22,2.81,dys,,United States of America,-109.457582,42.801738,7010000010,7020000010,7030008710,5,15,10,7.5,12.845233298452376,4.067132648752,4.067132648752
1050018,2012,summer,289,236,343,260,520,1128,0.25620567375886527,0.20921985815602837,0.30407801418439717,0.23049645390070922,0.36,1.25,0,3.4,1.22,29.4,246,50.9,0.00707269155206286,NLA12_MI-168,23,12,13.41538462,oligo,,United States of America,-85.12097099999998,42.783699,7010000010,7020024600,7030034520,3.4722222222222223,10.416666666666666,6.944444444444445,5.208333333333333,12.845233298452376,8.450118454115868,8.450118454115868
1050018,2017,summer,347.2669325290313,289.9702792221887,499.7473105779843,337.48403850423983,542,1474.4685608334441,0.23552006584171484,0.19666087628093123,0.3389338530863634,0.22888520479099045,0.36,1.25,0,3.4,1.22,29.4,246,50.9,0.00707269155206286,NLA17_MI-10017,13.61875,30,4.26,dys,,United States of America,-85.12097099999998,42.783699,7010000010,7020024600,7030034520,3.4722222222222223,10.416666666666666,6.944444444444445,5.208333333333333,12.845233298452376,8.450118454115868,8.450118454115868
1050048,2007,summer,290.8696307247544,231.96576108722547,315.5484784506881,369.7061483299425,498.5,1208.0900185926105,0.2407681764175231,0.19201032830108042,0.2611961638573033,0.30602533142409316,0.52,2.57,0,5,1.38,2969.5,363,0.5,1.04,NLA06608-0418,8,8,2.184,oligo,,United States of America,-72.005275,42.773125,7010000010,7020038339.999999,7030038340,4.942307692307692,14.826923076923077,9.884615384615383,7.413461538461538,12.845233298452376,11.772563776120267,11.772563776120267
1050087,2012,summer,209,164.5,233,369.5,524.5,976,0.21413934426229508,0.16854508196721313,0.2387295081967213,0.3785860655737705,0.1,0.23,0,2.4,1.25,81.1,244,3.6,0.02777777777777778,NLA12_MI-152,30,110,23.3,dys,,United States of America,-85.636352,42.756856,7010000010,7020024600,7030034520,2.3,6.9,4.6,3.45,12.845233298452376,7.9180320446586645,7.9180320446586645
1050116,2007,summer,215.09141661417712,158,210.5,297.50599604434944,502,881.0974126585265,0.24411763503559034,0.179321829493595,0.23890661461013762,0.3376539208606771,0.15,0.33,0,2.3,1.12,27.4,298,22.4,0.00669642857142857,NLA06608-1034,5,11,1.984,oligo,,United States of America,-83.307884,42.744769,7010000010,7020024600,7030034520,2.2,6.6,4.4,3.3,12.845233298452376,9.520236826083998,9.520236826083998
1050116,2012,summer,325,224.5,292.5,427,488.5,1269,0.256107171000788,0.1769109535066982,0.23049645390070922,0.33648542159180456,0.15,0.33,0,2.3,1.12,27.4,298,22.4,0.00669642857142857,NLA12_MI-110,10,24,1.501714286,dys,,United States of America,-83.307884,42.744769,7010000010,7020024600,7030034520,2.2,6.6,4.4,3.3,12.845233298452376,9.520236826083998,9.520236826083998
1050116,2017,summer,224,172,217,347,505,960,0.23333333333333334,0.17916666666666667,0.22604166666666667,0.3614583333333333,0.15,0.33,0,2.3,1.12,27.4,298,22.4,0.00669642857142857,NLA17_MI-10006,12.51625,50,1.65,dys,,United States of America,-83.307884,42.744769,7010000010,7020024600,7030034520,2.2,6.6,4.4,3.3,12.845233298452376,9.520236826083998,9.520236826083998
1050146,2012,summer,443,498.25,720,674.5,553.5,2335.75,0.18966070855185702,0.21331478111955474,0.308252167398052,0.2887723429305362,0.12,0.3,0,2.6,1.27,21.7,271,19.4,0.00618556701030927,NLA12_WI-188,217,12.5,89.7,eu_mixo,,United States of America,-88.94247699999998,42.731861,7010000010,7020046750.000001,7030047060,2.5,7.5,5,3.75,12.845233298452376,8.208345712541334,8.208345712541334
1050146,2017,summer,438.48212303396474,506.51224874844286,726.7581074551238,532.381744625336,556,2204.134223862867,0.19893621644579365,0.22980099998663062,0.3297249775385457,0.24153780602903008,0.12,0.3,0,2.6,1.27,21.7,271,19.4,0.00618556701030927,NLA17_WI-10011,127,15,44.3,eu_mixo,,United States of America,-88.94247699999998,42.731861,7010000010,7020046750.000001,7030047060,2.5,7.5,5,3.75,12.845233298452376,8.208345712541334,8.208345712541334
1050149,2007,summer,272.5,162.25,244,343.5,495.5,1022.25,0.2665688432379555,0.1587185130838836,0.23868916605527024,0.3360234776228907,0.6,2.59,0,4.3,1.12,135.1,268,11,0.05454545454545454,NLA06608-0162,14,20,2.56,oligo,,United States of America,-72.099537,42.731783,7010000010,7020038339.999999,7030038340,4.316666666666666,12.95,8.633333333333333,6.475,12.845233298452376,10.4139594199676,10.4139594199676
1050149,2012,summer,145,74,148,202,496,569,0.2548330404217926,0.13005272407732865,0.2601054481546573,0.35500878734622143,0.6,2.59,0,4.3,1.12,135.1,268,11,0.05454545454545454,NLA12_NH-105,27,58,3.8,dys,,United States of America,-72.099537,42.731783,7010000010,7020038339.999999,7030038340,4.316666666666666,12.95,8.633333333333333,6.475,12.845233298452376,10.4139594199676,10.4139594199676
1050149,2017,summer,196.2330281080849,141.9248405376778,189.05020367477698,272.3829177604695,492.5,799.5909900810093,0.24541675749523376,0.1774967981108678,0.2364336342204452,0.34065281017345317,0.6,2.59,0,4.3,1.12,135.1,268,11,0.05454545454545454,NLA17_NH-10004,39.2375,65,36.8,eu_mixo,,United States of America,-72.099537,42.731783,7010000010,7020038339.999999,7030038340,4.316666666666666,12.95,8.633333333333333,6.475,12.845233298452376,10.4139594199676,10.4139594199676
1050158,2007,summer,283,356,412,457.35854813391325,563,1508.3585481339132,0.18762117293008176,0.23601815393324774,0.2731446051137586,0.3032160680229119,0.53,1.18,0,2.2,1.66,427,383,5.4,0.09814814814814816,NLA06608-0968,145,20,47.6,eu_mixo,,United States of America,-94.906286,42.728782,7010000010,7020046750.000001,7030047060,2.2264150943396226,6.679245283018868,4.452830188679245,3.339622641509434,13.002144283848976,9.89565555353253,9.89565555353253
1050199,2007,summer,331.1151492996645,246.46576108722547,334.56388080925285,436.03365420751834,498.5,1348.178445403661,0.24560187149448498,0.18281390117717736,0.2481599390272705,0.3234242883010673,0.23,0.91,0,3.9,1.46,59,352,8.7,0.0264367816091954,NLA06608-0802,18,47,5.232,dys,,United States of America,-71.92346600000002,42.706184,7010000010,7020038339.999999,7030038340,3.956521739130435,11.869565217391303,7.91304347826087,5.934782608695651,12.845233298452376,10.533200064979866,10.533200064979866
1050221,2012,summer,220.5,157,265.5,353.5,509.5,996.5,0.2212744606121425,0.15755143000501756,0.266432513798294,0.35474159558454593,0.14,0.36,0,2.5,1.22,2.7,252,171.8,8.149010477299186e-4,NLA12_MI-151,10,10,3.423,oligo,,United States of America,-84.53143799999998,42.693996,7010000010,7020024600,7030034520,2.5714285714285707,7.714285714285712,5.1428571428571415,3.857142857142856,12.845233298452376,9.295861703170667,9.295861703170667
1050238,2007,summer,302,205,348,331.5,505.5,1186.5,0.25453013063632535,0.17277707543194268,0.29329962073324906,0.27939317319848295,0.64,3.03,0,4.7,1.79,307.9,47,4.9,0.13061224489795917,NLA06608-0610,11,4,5.808,oligo,,United States of America,-71.369646,42.685564,7010000010,7020038339.999999,7030038340,4.734375,14.203124999999998,9.46875,7.101562499999999,13.583039724003136,10.518555864381332,10.518555864381332
1050238,2012,summer,204,181,251,242,504,878,0.23234624145785876,0.2061503416856492,0.285876993166287,0.275626423690205,0.64,3.03,0,4.7,1.79,307.9,47,4.9,0.13061224489795917,NLA12_MA-104,25,12,33.76,oligo,,United States of America,-71.369646,42.685564,7010000010,7020038339.999999,7030038340,4.734375,14.203124999999998,9.46875,7.101562499999999,13.583039724003136,10.518555864381332,10.518555864381332
1050358,2012,summer,179.5,153,194,259,492,785.5,0.22851686823679185,0.19478039465308722,0.24697644812221514,0.3297262889879058,0.74,4.08,0,5.5,1.3,17.6,194,132.6,0.00558069381598793,NLA12_MA-105,22.5,40,7.09,dys,,United States of America,-72.22111599999998,42.644231,7010000010,7020038339.999999,7030038340,5.513513513513514,16.540540540540544,11.027027027027028,8.270270270270272,13.137426825228477,14.392131449351067,14.392131449351067
1050358,2017,summer,166,95,163,260,487,684,0.24269005847953215,0.1388888888888889,0.23830409356725146,0.38011695906432746,0.74,4.08,0,5.5,1.3,17.6,194,132.6,0.00558069381598793,NLA17_MA-10004,18.229999999999997,60.5,6.925,dys,,United States of America,-72.22111599999998,42.644231,7010000010,7020038339.999999,7030038340,5.513513513513514,16.540540540540544,11.027027027027028,8.270270270270272,13.137426825228477,14.392131449351067,14.392131449351067
1050416,2017,summer,257,150.25497264936502,249.53838221806896,326.6108386491647,503,983.4041935165988,0.261337099937496,0.15279065682246237,0.2537495608247648,0.33212268241527676,0.13,0.46,0,3.5,1.41,72.6,245,8.1,0.01604938271604938,NLA17_MI-HP001,12.2,12,5.73,oligo,,United States of America,-85.45701699999998,42.621564,7010000010,7020024600,7030034520,3.5384615384615383,10.615384615384617,7.076923076923077,5.307692307692308,12.845233298452376,10.120495929693465,10.120495929693465
1050421,2017,summer,277.8120564137224,282,349.06921213901717,284.07633317639414,550,1192.9576017291338,0.23287672253485572,0.23638727779701035,0.2926082298591822,0.23812776980895162,0.84,4.29,0,5.1,1.37,120.3,1368,75.6,0.01111111111111111,NLA17_OR-10078,172.99375,36,38.48,eu_mixo,,United States of America,-121.638486,42.61972,7010000010,7020000010,7030008720,5.107142857142858,15.321428571428573,10.214285714285715,7.6607142857142865,13.427846663276032,5.893457975614131,5.893457975614131
1050422,2007,summer,342.6735800859372,261,370,380,519,1353.6735800859371,0.25314343511393844,0.19280866808631264,0.2733302957545428,0.28071760104520616,0.31,1.02,0,3.2,1.18,692.2,287,2.7,0.1148148148148148,NLA06608-0010,10,4.333333333333333,3.677333333333334,oligo,,United States of America,-83.503263,42.619422,7010000010,7020024600,7030034520,3.290322580645162,9.870967741935484,6.580645161290324,4.935483870967742,12.845233298452376,10.089713429699998,10.089713429699998
1050422,2012,summer,392,286,426,459,503,1563,0.2507997440818938,0.18298144593730006,0.272552783109405,0.29366602687140114,0.31,1.02,0,3.2,1.18,692.2,287,2.7,0.1148148148148148,NLA12_MI-117,18,7,3.144,oligo,,United States of America,-83.503263,42.619422,7010000010,7020024600,7030034520,3.290322580645162,9.870967741935484,6.580645161290324,4.935483870967742,12.845233298452376,10.089713429699998,10.089713429699998
1050422,2017,summer,418.1660490036548,298.6846435183848,524.4300461886575,320.8861841913084,517,1562.1669229020054,0.26768333324254256,0.19119892960191762,0.3357067919569277,0.20541094519861217,0.31,1.02,0,3.2,1.18,692.2,287,2.7,0.1148148148148148,NLA17_MI-10004,13.18125,2,7.02,oligo,,United States of America,-83.503263,42.619422,7010000010,7020024600,7030034520,3.290322580645162,9.870967741935484,6.580645161290324,4.935483870967742,12.845233298452376,10.089713429699998,10.089713429699998
1050541,2007,summer,367.4426535140125,452.106093569223,523.6338129286521,494.919739319638,560.5,1838.1022993315255,0.19990326634575384,0.24596351015590553,0.28487740487517227,0.2692558186231684,0.66,1.73,0,2.6,1.88,170.7,890,83,0.00795180722891566,NLA06608-R7103,839,36,77.2,eu_mixo,,United States of America,-100.678125,42.576075,7010000010,7020046750.000001,7030047060,2.621212121212121,7.863636363636364,5.242424242424242,3.931818181818182,13.583039724003136,4.574856270080665,4.574856270080665
1050563,2012,summer,354,206.5,354,531.5,494.5,1446,0.24481327800829875,0.14280774550484093,0.24481327800829875,0.3675656984785616,0.18,0.87,0,4.9,1.22,480.9,263,2.4,0.075,NLA12_MI-172,16,12,2.712,oligo,,United States of America,-85.451929,42.567861,7010000010,7020024600,7030034520,4.833333333333334,14.5,9.666666666666668,7.25,12.845233298452376,15.449516920076,15.449516920076
1050584,2012,summer,597.5,738.5,807,843,567,2986,0.20010046885465504,0.24732083054253182,0.27026121902210315,0.28231748158070996,0.21,0.37,0,1.8,1.33,1080.4,878,1.9,0.11052631578947368,NLA12_NE-125,455,68,212,eu_mixo,,United States of America,-100.521875,42.558773,7010000010,7020046750.000001,7030047060,1.7619047619047619,5.285714285714285,3.5238095238095237,2.6428571428571423,12.845233298452376,7.958262715831201,7.958262715831201
1050584,2017,summer,400.9088747069362,481.3079187511594,600.217393861626,518.0203787619533,562,2000.4545660816748,0.20040888781203534,0.24059927524067973,0.3000405028129593,0.2589513341343257,0.21,0.37,0,1.8,1.33,1080.4,878,1.9,0.11052631578947368,NLA17_NE-10011,266.781,43,152,eu_mixo,,United States of America,-100.521875,42.558773,7010000010,7020046750.000001,7030047060,1.7619047619047619,5.285714285714285,3.5238095238095237,2.6428571428571423,12.845233298452376,7.958262715831201,7.958262715831201
1050625,2012,summer,418,351,570,266,526,1605,0.2604361370716511,0.21869158878504674,0.35514018691588783,0.16573208722741434,0.2,0.89,0,4.4,1.08,10291.4,1821,0.3,0.6666666666666667,NLA12_WY-130,44,12,5.408,eu_mixo,,United States of America,-107.148413,42.547356,7010000010,7020046750.000001,7030047060,4.45,13.35,8.9,6.675,12.845233298452376,8.119111368239203,8.119111368239203
1050634,2007,summer,272.40574171797937,235.34460807872694,299.12218826744606,365.10082049825144,540,1171.973358562404,0.23243339085124315,0.20081054433473758,0.2552295119015017,0.31152655291251735,0.23,0.65,0,2.8,1.21,832.1,904,7.3,0.03150684931506849,NLA06608-R788,650,40,7.28,eu_mixo,,United States of America,-100.726691,42.543399,7010000010,7020046750.000001,7030047060,2.8260869565217392,8.478260869565219,5.6521739130434785,4.239130434782609,12.845233298452376,5.524624864708533,5.524624864708533
1050636,2007,summer,187.81175101938976,129.24416239408254,204.2431284475959,279.69616965546976,502,800.9952115165379,0.2344730009856146,0.1613544757020237,0.25498670342972324,0.3491858198826385,0.22,1.01,0,4.6,1.28,781.6,517,0.6,0.3666666666666667,NLA06608-0674,3,11,1.024,oligo,,United States of America,-72.95631799999998,42.54317,7010000010,7020038339.999999,7030038340,4.590909090909091,13.772727272727273,9.181818181818182,6.886363636363637,12.845233298452376,7.968718951036,7.968718951036
1050662,2007,summer,387.8343804922429,539.9233501832216,616.0428463030714,782.5799547168085,564.5,2326.3805316953444,0.16671149676859162,0.232087288741947,0.2648074284967179,0.3363937859927435,0.22,0.37,0,1.7,1.25,866.2,890,3.2,0.06874999999999999,NLA06608-0924,447,60,98,eu_mixo,,United States of America,-100.591143,42.533853,7010000010,7020046750.000001,7030047060,1.6818181818181819,5.045454545454545,3.3636363636363638,2.5227272727272725,12.845233298452376,6.217404103189866,6.217404103189866
1050662,2012,summer,475,640,658,558,565,2331,0.20377520377520378,0.27456027456027454,0.2822822822822823,0.23938223938223938,0.22,0.37,0,1.7,1.25,866.2,890,3.2,0.06874999999999999,NLA12_NE-102,498,59,182.6666667,eu_mixo,,United States of America,-100.591143,42.533853,7010000010,7020046750.000001,7030047060,1.6818181818181819,5.045454545454545,3.3636363636363638,2.5227272727272725,12.845233298452376,6.217404103189866,6.217404103189866
1050667,2007,summer,399,442,639.5,512.9789841623226,551.5,1993.4789841623226,0.20015259913445405,0.22172292936698917,0.32079595776060993,0.25732851373794685,0.31,0.88,0,2.9,1.72,0.1,257,12222.8,2.5362437412049613e-5,NLA06608-R715,54,14,70.272,eu_mixo,,United States of America,-92.4004,42.532981,7010000010,7020046750.000001,7030047060,2.838709677419355,8.516129032258066,5.67741935483871,4.258064516129033,12.845233298452376,7.858788560274933,7.858788560274933
1050669,2012,summer,610,799,851.5,417.5,566.5,2678,0.22778192681105303,0.2983569828230022,0.3179611650485437,0.15589992531740104,0.33,1.04,0,3.1,1.99,89,1773,52.8,0.00625,NLA12_ID-216,275,32,86.56,eu_mixo,,United States of America,-116.36757,42.532014,7010000010,7020014250,7030014930,3.151515151515152,9.454545454545455,6.303030303030304,4.7272727272727275,12.845233298452376,3.5055598045213334,3.5055598045213334
1050697,2007,summer,283.4107923244862,287.05678845849985,333.32225405459644,433.52224956861875,554,1337.3120844062012,0.21192569455493063,0.21465205602023704,0.24924791897218185,0.32417433045265054,0.35,1.07,0,3.1,1.93,303.4,906,32,0.0109375,NLA06608-R7104,1719,39,112.464,eu_mixo,,United States of America,-100.711628,42.525421,7010000010,7020046750.000001,7030047060,3.0571428571428574,9.17142857142857,6.114285714285715,4.585714285714285,12.845233298452376,2.2417094534678,1.828799963
1050715,2007,summer,276.7245686111032,216.62719516204152,335.3315912029274,315.0699585193373,533,1143.7533134954097,0.24194427709713806,0.1894002776700248,0.29318524129833984,0.2754702039344971,0.53,2.35,0,4.4,1.49,81.7,275,49.3,0.01075050709939148,NLA06608-1782,32,11,17.44,eu_mixo,,United States of America,-83.801429,42.51875,7010000010,7020024600,7030034520,4.433962264150943,13.301886792452832,8.867924528301886,6.650943396226416,12.845233298452376,8.443368766519066,8.443368766519066
1050715,2012,summer,296,242.5,378,333,521.5,1249.5,0.23689475790316125,0.19407763105242096,0.3025210084033613,0.2665066026410564,0.53,2.35,0,4.4,1.49,81.7,275,49.3,0.01075050709939148,NLA12_MI-114,51,18,11.2,eu_mixo,,United States of America,-83.801429,42.51875,7010000010,7020024600,7030034520,4.433962264150943,13.301886792452832,8.867924528301886,6.650943396226416,12.845233298452376,8.443368766519066,8.443368766519066
1050724,2007,summer,291,156,268,420,496,1135,0.2563876651982379,0.13744493392070484,0.23612334801762114,0.3700440528634361,0.21,0.97,0,4.7,1.19,321.4,259,1.6,0.13124999999999998,NLA06608-0354,5,5,2.088,oligo,,United States of America,-71.80369500000002,42.51415,7010000010,7020038339.999999,7030038340,4.619047619047619,13.857142857142856,9.238095238095237,6.928571428571428,12.845233298452376,12.275270621925333,12.275270621925333
1050754,2007,summer,473.22450225607986,654.9223479948647,794.1806880572982,1034.0343296965534,564,2956.361868004796,0.1600698843323439,0.22152983201507123,0.2686344647630294,0.34976581888955544,0.37,1.2,0,3.2,1.14,3463.1,887,2.5,0.148,NLA06608-0220,872,62,871.2,eu_mixo,,United States of America,-100.528281,42.50551,7010000010,7020046750.000001,7030047060,3.243243243243243,9.72972972972973,6.486486486486486,4.864864864864865,12.845233298452376,5.216830030421867,5.216830030421867
1050754,2012,summer,467,514,639,480,562,2100,0.22238095238095237,0.24476190476190476,0.30428571428571427,0.22857142857142856,0.37,1.2,0,3.2,1.14,3463.1,887,2.5,0.148,NLA12_NE-105,450,33,48.467,eu_mixo,,United States of America,-100.528281,42.50551,7010000010,7020046750.000001,7030047060,3.243243243243243,9.72972972972973,6.486486486486486,4.864864864864865,12.845233298452376,5.216830030421867,5.216830030421867
1050754,2017,summer,363,367.42551038435386,537.5,309.48403850423983,551,1577.4095488885937,0.23012412994187934,0.23292968566294872,0.34074853951449074,0.1961976448806812,0.37,1.2,0,3.2,1.14,3463.1,887,2.5,0.148,NLA17_NE-10002,133.41875,30,28.13,eu_mixo,,United States of America,-100.528281,42.50551,7010000010,7020046750.000001,7030047060,3.243243243243243,9.72972972972973,6.486486486486486,4.864864864864865,12.845233298452376,5.216830030421867,5.216830030421867
1050845,2007,summer,404,284,409,480.76085320449357,502,1577.7608532044935,0.2560590847335706,0.18000193085231198,0.25922813281195634,0.30471085160216116,0.34,1.12,0,3.3,1.04,316.5,201,4.7,0.0723404255319149,NLA06608-1515,33,15,11.6,eu_mixo,,United States of America,-86.06770799999998,42.477444,7010000010,7020024600,7030034520,3.294117647058824,9.882352941176471,6.588235294117648,4.9411764705882355,12.845233298452376,12.944126749026669,12.944126749026669
1050870,2007,summer,285,193.56394186532583,295.6554406586456,390.29057315642535,499,1164.5099556803968,0.24473813951507262,0.16621922459411761,0.25388828941861713,0.3351543464721926,0.22,0.85,0,3.8,1.36,299.4,276,3.8,0.05789473684210526,NLA06608-1643,5,10,3.168,oligo,,United States of America,-85.526622,42.469279,7010000010,7020024600,7030034520,3.8636363636363633,11.59090909090909,7.727272727272727,5.795454545454545,12.845233298452376,12.162591697903997,12.162591697903997
1050939,2017,summer,390.58302450182737,473.55527971019194,578.2265571893295,519.0676525676513,567.5,1961.432513969,0.19913151317731265,0.241433379092887,0.2947980891880271,0.2646370185417733,0.2,0.38,0,2,1.31,552.6,894,4.9,0.04081632653061224,NLA17_NE-10025,695.319,105,178.88,eu_mixo,,United States of America,-100.568437,42.4476,7010000010,7020046750.000001,7030047060,1.9,5.699999999999999,3.8,2.8499999999999996,12.845233298452376,6.0796756045338665,6.0796756045338665
1050966,2012,summer,270,302,445.5,418,554,1435.5,0.18808777429467086,0.21037965865552072,0.3103448275862069,0.29118773946360155,0.22,0.67,0,3.1,2.12,23.6,317,44.8,0.00491071428571428,NLA12_IA-150,62,20,72.8,eu_mixo,,United States of America,-93.789583,42.438633,7010000010,7020046750.000001,7030047060,3.045454545454546,9.136363636363637,6.090909090909092,4.568181818181818,12.845233298452376,7.044085902676399,7.044085902676399
1050999,2007,summer,242.5,172.08709537352618,272.5,305,504,992.0870953735262,0.24443418438851625,0.17345966516048117,0.27467346493142547,0.30743268551957714,0.48,1.27,0,2.6,1.11,15.2,272,118.8,0.00404040404040404,NLA06608-0875,16,15,6.136,oligo,,United States of America,-84.93791299999998,42.429549,7010000010,7020024600,7030034520,2.645833333333334,7.9375,5.291666666666668,3.96875,12.845233298452376,8.998960252389335,8.998960252389335
1051020,2007,summer,113.84169263993,125.17153645605362,170.24814819659494,212.99257483391847,555,622.2539521264971,0.18295053370233524,0.20115828276910272,0.2735991432674508,0.34229204026111115,0.17,0.54,0,3.2,1.41,4.3,270,181.5,9.366391184573004e-4,NLA06608-0399,13,39,3.352,dys,,United States of America,-83.997917,42.422683,7010000010,7020024600,7030034520,3.176470588235294,9.529411764705882,6.352941176470588,4.764705882352941,12.845233298452376,9.364186417074668,9.364186417074668
1051035,2007,summer,387.12327149465244,389.55577711492424,559.6890040079085,747.6736262158237,555,2084.041678833309,0.18575601218847615,0.18692321802940423,0.2685594101559592,0.3587613596261603,0.45,0.83,0,1.8,1.65,371.2,709,6.3,0.07142857142857144,NLA06608-3656,471,39,428,eu_mixo,,United States of America,-99.285283,42.418143,7010000010,7020046750.000001,7030047060,1.8444444444444443,5.533333333333334,3.6888888888888887,2.766666666666667,12.845233298452376,3.2567771097082647,3.2567771097082647
1051050,2012,summer,229,176.5,246,345,521.5,996.5,0.22980431510286,0.17711991971901656,0.24686402408429503,0.3462117410938284,0.32,0.83,0,2.6,1.53,5.7,257,210.7,0.0015187470336972,NLA12_MI-135,22,30,4.581,dys,,United States of America,-83.928003,42.415608,7010000010,7020024600,7030034520,2.59375,7.78125,5.1875,3.890625,12.845233298452376,7.3157212241272,7.3157212241272
1051060,2012,summer,286,223,336,202,515,1047,0.2731614135625597,0.21298949379178606,0.3209169054441261,0.1929321872015282,0.64,3.05,0,4.7,1.29,84.6,454,34.9,0.01833810888252149,NLA12_OR-155,51,5,15.776,eu_mixo,,United States of America,-122.772917,42.413712,7010000010,7020014250,7030014249.999999,4.765625,14.296874999999996,9.53125,7.148437499999998,13.137426825228477,14.601230404168007,14.601230404168007
1051072,2007,summer,354.5,440.59107026710325,593.795664359553,368.00503308593517,557,1756.8917677125914,0.2017768006628809,0.25077872090022746,0.3379807881578574,0.20946369027903422,0.8,2.68,0,3.3,1.38,21.8,1158,4008.4,1.9958088015168147e-4,NLA06608-1836,246,33,115.56,eu_mixo,,United States of America,-102.46028500000001,42.409555,7010000010,7020046750.000001,7030047060,3.35,10.05,6.7,5.025,13.294337810625077,5.059615172177867,4.267199993
1051247,2012,summer,423,586,696,695,563,2400,0.17625,0.24416666666666667,0.29,0.28958333333333336,0.42,1.27,0,3,1.44,2451.8,1016,4.3,0.09767441860465116,NLA12_NE-156,1156,55,424,eu_mixo,,United States of America,-101.236089,42.354377,7010000010,7020046750.000001,7030047060,3.023809523809524,9.071428571428573,6.047619047619048,4.5357142857142865,12.845233298452376,3.9907632320991997,3.9907632320991997
1051247,2017,summer,472.18137059506904,652.1161825817164,794.4638522734842,532.0801904591272,563,2450.841595909397,0.1926609093721799,0.2660784702161649,0.32415960851957654,0.21710101189207873,0.42,1.27,0,3,1.44,2451.8,1016,4.3,0.09767441860465116,NLA17_NE-10014,507.90125,30,77.68,eu_mixo,,United States of America,-101.236089,42.354377,7010000010,7020046750.000001,7030047060,3.023809523809524,9.071428571428573,6.047619047619048,4.5357142857142865,12.845233298452376,3.9907632320991997,3.9907632320991997
1051272,2017,summer,824.0433614820857,931.6504875996914,1092.777870210756,272.06978374978274,562.5,3120.5415030423155,0.2640706302667981,0.2985541088594385,0.35018853911905096,0.08718672175471251,0.39,1.26,0,3.2,1.22,1038.6,1583,6.7,0.05820895522388059,NLA17_ID-10075,147.26875,23,2.37,eu_mixo,,United States of America,-115.898694,42.347962,7010000010,7020014250,7030014930,3.230769230769231,9.692307692307693,6.461538461538462,4.846153846153847,12.845233298452376,4.3601943758309325,4.3601943758309325
1051371,2007,summer,500,290,582,330,503,1702,0.2937720329024677,0.17038777908343125,0.3419506462984724,0.19388954171562867,0.62,3.4,0,5.5,1.31,517.6,253,9.4,0.06595744680851064,NLA06608-0619,7,11,2.952,oligo,,United States of America,-85.475193,42.322268,7010000010,7020024600,7030034520,5.483870967741935,16.451612903225804,10.96774193548387,8.225806451612902,12.976146499733918,10.577047486021865,10.577047486021865
1051386,2017,summer,318.44873410521996,264.3563922784483,328.35998972667267,449.1354902410899,501.5,1360.3006063514308,0.2341017364973146,0.1943367451606887,0.24138781398281722,0.3301737043591795,0.27,0.8,0,3,1.26,249.7,224,3.7,0.07297297297297298,NLA17_IL-HP001,22.345,33,3.34,dys,,United States of America,-88.229473,42.317536,7010000010,7020046750.000001,7030047060,2.962962962962963,8.88888888888889,5.925925925925926,4.444444444444445,12.845233298452376,13.282101318775997,13.282101318775997
1051405,2007,summer,169.8445002000052,98.43899610962117,162.9383831175822,252.9459417284878,492.5,684.1678211556964,0.24824976409019622,0.14388135931815385,0.23815557832338072,0.36971329826826915,0.47,2.57,0,5.4,1.62,330.1,539,3.5,0.13428571428571429,NLA06608-0357,14,15,5.616,oligo,,United States of America,-73.132869,42.31015,7010000010,7020038339.999999,7030038340,5.468085106382979,16.404255319148938,10.936170212765958,8.202127659574469,12.845233298452376,5.079746412365466,5.079746412365466
1051405,2012,summer,246.25,176,235.5,336.5,493.5,994.25,0.24767412622579835,0.17701785265275333,0.23686195624842846,0.33844606487301987,0.47,2.57,0,5.4,1.62,330.1,539,3.5,0.13428571428571429,NLA12_MA-103,15,32,4.68,dys,,United States of America,-73.132869,42.31015,7010000010,7020038339.999999,7030038340,5.468085106382979,16.404255319148938,10.936170212765958,8.202127659574469,12.845233298452376,5.079746412365466,5.079746412365466
1051405,2017,summer,204.5,127,202,359,494,892.5,0.22913165266106442,0.142296918767507,0.22633053221288515,0.40224089635854343,0.47,2.57,0,5.4,1.62,330.1,539,3.5,0.13428571428571429,NLA17_MA-10003,23.155,35,9.68,dys,,United States of America,-73.132869,42.31015,7010000010,7020038339.999999,7030038340,5.468085106382979,16.404255319148938,10.936170212765958,8.202127659574469,12.845233298452376,5.079746412365466,5.079746412365466
1051406,2012,summer,177,94,188,222,497,681,0.2599118942731278,0.13803230543318648,0.27606461086637296,0.32599118942731276,0.41,2.77,0,6.8,1.22,458.6,339,2.9,0.1413793103448276,NLA12_MA-110,13,10,5.08,oligo,,United States of America,-72.83487499999998,42.309538,7010000010,7020038339.999999,7030038340,6.7560975609756095,20.26829268292683,13.512195121951219,10.134146341463415,12.845233298452376,11.347666549032265,11.347666549032265
1051415,2007,summer,455.2232797204012,541.1610462670494,703.491257764227,748.6676003562617,562,2448.5431841079394,0.18591596941192995,0.2210134784550295,0.287310128867719,0.30576042326532155,0.62,1.58,0,2.5,2.28,184.5,324,21.1,0.02938388625592417,NLA06608-0904,135,19,77.2,eu_mixo,,United States of America,-96.33020800000001,42.307406,7010000010,7020046750.000001,7030047060,2.548387096774194,7.645161290322581,5.096774193548388,3.8225806451612905,13.421759398508579,8.36966360686533,8.36966360686533
1051469,2007,summer,662,856,817,513,573,2848,0.2324438202247191,0.300561797752809,0.2868679775280899,0.18012640449438203,0.49,1.82,0,3.7,1.36,150.4,1649,73.5,0.00666666666666666,NLA06608-2005,276,16,194.4,eu_mixo,,United States of America,-116.121426,42.293661,7010000010,7020014250,7030014930,3.7142857142857144,11.142857142857142,7.428571428571429,5.571428571428571,12.845233298452376,3.2881093355734663,3.2881093355734663
1051503,2007,summer,368.9131756724978,505.454306795619,577.7389368315658,559.0455486907482,565,2011.1519679904309,0.18343376410342607,0.25132576495483605,0.28726766849391794,0.27797280244781986,0.21,0.52,0,2.4,1.35,1196.3,241,0.5,0.42,NLA06608-1179,133,33,349.2,eu_mixo,,United States of America,-88.120231,42.283566,7010000010,7020046750.000001,7030047060,2.4761904761904763,7.42857142857143,4.9523809523809526,3.714285714285715,12.845233298452376,12.657673102980937,12.657673102980937
1051520,2007,summer,263.4087360821883,214.05239313176287,310.5156530862023,307,518,1094.9767823001534,0.2405610240692602,0.1954857825223614,0.2835819517870692,0.2803712416213092,0.41,1.22,0,2.9,1.31,313.2,298,5.2,0.07884615384615384,NLA06608-1679,8,17,3.12,oligo,,United States of America,-84.21944399999998,42.277242,7010000010,7020024600,7030034520,2.975609756097561,8.926829268292684,5.951219512195122,4.463414634146342,12.845233298452376,10.795852884208,10.795852884208
1051525,2007,summer,453.0106840335535,581.5,629,530.5,565.5,2194.0106840335534,0.2064760610922465,0.2650397303129573,0.2866895793067071,0.24179462928808917,0.94,2.62,0,2.8,1.24,215.4,317,18.7,0.05026737967914439,NLA06608-1544,69,9,26.64,eu_mixo,,United States of America,-93.6371,42.275505,7010000010,7020046750.000001,7030047060,2.787234042553192,8.361702127659576,5.574468085106384,4.180851063829788,13.427846663276032,9.765063141287866,9.765063141287866
1051558,2012,summer,530.5,521.5,676.75,245,547.5,1973.75,0.268777707409753,0.2642178594046865,0.3428752374920836,0.12412919569347688,0.24,1.06,0,4.3,1.59,292.5,1693,21.8,0.0110091743119266,NLA12_ID-143,68,22,5.76,eu_mixo,,United States of America,-116.310417,42.264339,7010000010,7020014250,7030014930,4.416666666666668,13.250000000000004,8.833333333333336,6.625000000000002,12.845233298452376,4.4041683387559996,4.4041683387559996
1051570,2012,summer,335,406.5,494,356,557,1591.5,0.21049324536600691,0.2554194156456173,0.3103989946591266,0.22368834432924914,0.21,1.22,0,5.8,1.38,879.2,1999,4.8,0.04375,NLA12_ID-203,175,28,22.29333333,eu_mixo,,United States of America,-111.469508,42.259686,7010000010,7020000010,7030073620.000001,5.809523809523809,17.428571428571427,11.619047619047619,8.714285714285714,12.845233298452376,6.067084069556533,6.067084069556533
1051574,2012,summer,211,137.5,239.5,336.5,504.5,924.5,0.2282314764737696,0.14872904272579773,0.25905895078420765,0.363980530016225,0.27,1.09,0,4.1,1.47,371.8,306,1.4,0.1928571428571429,NLA12_MA-106,13,12,5.273846154,oligo,,United States of America,-71.9422,42.257898,7010000010,7020038339.999999,7030038340,4.037037037037037,12.111111111111112,8.074074074074074,6.055555555555556,12.845233298452376,11.226451059693334,11.226451059693334
1051622,2012,summer,375,455.5,563,460.5,558.5,1854,0.2022653721682848,0.24568500539374324,0.3036677454153182,0.2483818770226537,0.22,0.39,0,1.8,1.56,23.2,211,21.9,0.01004566210045662,NLA12_IL-118,91,25,57.28,eu_mixo,,United States of America,-87.961715,42.243287,7010000010,7020046750.000001,7030047060,1.772727272727273,5.318181818181818,3.545454545454546,2.659090909090909,12.845233298452376,7.5382007786446685,7.5382007786446685
1051633,2007,summer,512.0140942174012,610,642.0355474377124,444,565,2208.0496416551136,0.2318852278310214,0.27626190484682905,0.29077043166314603,0.20108243565900344,0.12,0.59,0,5,1.42,456.1,2341,6.5,0.01846153846153846,NLA06608-2027,49,29,3.952,eu_mixo,,United States of America,-105.631337,42.239518,7010000010,7020046750.000001,7030047060,4.916666666666667,14.750000000000002,9.833333333333334,7.375000000000001,12.845233298452376,4.7399785402768,4.7399785402768
1051658,2007,summer,343.8406997028877,351.4496954704297,446.3503581671953,298.45680889037783,544.5,1440.0975622308906,0.2387620871812571,0.24404575404321238,0.30994452728309807,0.2072476314924324,0.5,2.53,0,5.1,1.58,97.1,1511,77,0.00649350649350649,NLA06608-1521,113,12,82.512,eu_mixo,,United States of America,-111.859763,42.23397,7010000010,7020000010,7030073620.000001,5.06,15.18,10.12,7.59,12.845233298452376,3.362042817513866,3.362042817513866
1051658,2017,summer,368.10777246340103,300.04401234834575,490.6239352132941,235.82037662947636,541,1394.5960966545172,0.26395296340384944,0.21514760658524598,0.35180360563911445,0.1690958243717902,0.5,2.53,0,5.1,1.58,97.1,1511,77,0.00649350649350649,NLA17_ID-10005,68.87875,19,22.72,eu_mixo,,United States of America,-111.859763,42.23397,7010000010,7020000010,7030073620.000001,5.06,15.18,10.12,7.59,12.845233298452376,3.362042817513866,3.362042817513866
1051716,2012,summer,342.25,254,373.5,406,518.5,1375.75,0.24877339632927495,0.1846265673269126,0.27148827912047974,0.2951117572233327,0.61,2.62,0,4.3,1.82,127.2,273,28.3,0.0215547703180212,NLA12_MI-128,10,10,3.032,oligo,,United States of America,-85.69414299999998,42.209561,7010000010,7020024600,7030034520,4.2950819672131155,12.885245901639346,8.590163934426231,6.442622950819673,13.421759398508579,10.453646497542932,10.453646497542932
1051716,2017,summer,318.0647610895178,178,328.36772696079885,308,507,1132.4324880503166,0.28086862964972215,0.15718376316318738,0.2899667136238224,0.2719808935632681,0.61,2.62,0,4.3,1.82,127.2,273,28.3,0.0215547703180212,NLA17_MI-10013,9.26875,2,2.03,oligo,,United States of America,-85.69414299999998,42.209561,7010000010,7020024600,7030034520,4.2950819672131155,12.885245901639346,8.590163934426231,6.442622950819673,13.421759398508579,10.453646497542932,10.453646497542932
1051764,2007,summer,418.5699177703579,381.2425650361158,540.6522474794498,419.41160747615226,541,1759.8763377620758,0.23784052821724222,0.2166303147872981,0.3072103623865773,0.2383187946088824,0.84,3.06,0,3.6,1.22,1043.3,258,3.5,0.24,NLA06608-1435,50,9,9.4,eu_mixo,,United States of America,-88.10613999999998,42.198035,7010000010,7020046750.000001,7030047060,3.6428571428571432,10.92857142857143,7.2857142857142865,5.464285714285715,13.270935677879432,14.814908222115998,14.814908222115998
1051764,2012,summer,380.5,291,425,373.5,509.5,1470,0.25884353741496596,0.19795918367346937,0.2891156462585034,0.2540816326530612,0.84,3.06,0,3.6,1.22,1043.3,258,3.5,0.24,NLA12_IL-104,17,8,6.16,oligo,,United States of America,-88.10613999999998,42.198035,7010000010,7020046750.000001,7030047060,3.6428571428571432,10.92857142857143,7.2857142857142865,5.464285714285715,13.270935677879432,14.814908222115998,14.814908222115998
1051764,2017,summer,405,321,486.5,370,517,1582.5,0.2559241706161137,0.2028436018957346,0.3074249605055292,0.23380726698262244,0.84,3.06,0,3.6,1.22,1043.3,258,3.5,0.24,NLA17_IL-10001,22.195,3,3.42,oligo,,United States of America,-88.10613999999998,42.198035,7010000010,7020046750.000001,7030047060,3.6428571428571432,10.92857142857143,7.2857142857142865,5.464285714285715,13.270935677879432,14.814908222115998,14.814908222115998
1051773,2007,summer,694,1006,915.3447948199318,521.9045980742031,576,3137.249392894135,0.2212128884531491,0.320663063089147,0.29176666569549314,0.16635738276221082,0.55,2.14,0,3.9,1.46,291,1482,32.7,0.01681957186544342,NLA06608-0290,460,18,13.434666666666669,eu_mixo,,United States of America,-120.523958,42.195102,7010000010,7020000010,7030008720,3.8909090909090907,11.672727272727272,7.781818181818181,5.836363636363636,12.845233298452376,3.3879517491204,3.3879517491204
1051813,2017,summer,356.03403383506713,239.16670674162958,407.9368468675928,310.5634954635658,516,1313.7010829078554,0.27101601609933346,0.18205565166486587,0.3105248615344302,0.23640347070137044,0.27,1.1,0,4,2.07,707.8,1485,4.5,0.06,NLA17_ID-10088,21.1825,4,1.36,oligo,,United States of America,-111.88576800000001,42.183471,7010000010,7020000010,7030073620.000001,4.0740740740740735,12.222222222222221,8.148148148148147,6.111111111111111,12.845233298452376,4.882844322033866,4.882844322033866
1051927,2012,summer,311.5,217,322,426.5,498.5,1277,0.24393108848864525,0.16992952231793265,0.25215348472983556,0.33398590446358656,0.26,0.67,0,2.6,1.38,117.4,65,2.7,0.0962962962962963,NLA12_MA-109,7,20,1.472,oligo,,United States of America,-72.509375,42.142219,7010000010,7020038339.999999,7030038340,2.576923076923077,7.730769230769231,5.153846153846154,3.8653846153846154,12.845233298452376,12.181347522574665,12.181347522574665
1051927,2017,summer,314,269,357,487,522,1427,0.22004204625087595,0.1885073580939033,0.2501751927119832,0.34127540294323755,0.26,0.67,0,2.6,1.38,117.4,65,2.7,0.0962962962962963,NLA17_MA-10005,8.23375,10,2.35,oligo,,United States of America,-72.509375,42.142219,7010000010,7020038339.999999,7030038340,2.576923076923077,7.730769230769231,5.153846153846154,3.8653846153846154,12.845233298452376,12.181347522574665,12.181347522574665
1051944,2007,summer,360.5,579,527,443,573,1909.5,0.18879287771667977,0.3032207384131972,0.2759884786593349,0.23199790521078817,0.49,1.83,0,3.8,1.23,2652.3,1140,190.7,0.00256948085998951,NLA06608-0124,213,88,31.586,eu_mixo,,United States of America,-101.813044,42.136039,7010000010,7020046750.000001,7030047060,3.7346938775510203,11.204081632653061,7.469387755102041,5.6020408163265305,12.845233298452376,3.38701494276,3.38701494276
1051971,2012,summer,425,401,609,648,545,2083,0.20403264522323572,0.19251080172827653,0.29236677868458955,0.31108977436389823,0.37,1.77,0,4.8,1.62,85.6,287,28.5,0.01298245614035087,NLA12_IA-134,175,25,86,eu_mixo,,United States of America,-92.720179,42.126351,7010000010,7020046750.000001,7030047060,4.783783783783784,14.351351351351353,9.567567567567568,7.175675675675676,12.845233298452376,8.728727271253465,8.728727271253465
1052032,2007,summer,571,433,743,254.5,513.5,2001.5,0.28528603547339493,0.2163377466899825,0.3712215838121409,0.12715463402448163,0.22,0.77,0,3.5,1.39,1488.3,1484,1.8,0.12222222222222222,NLA06608-0497,17,3,0.858,oligo,,United States of America,-111.814588,42.106554,7010000010,7020000010,7030073620.000001,3.5000000000000004,10.500000000000002,7.000000000000001,5.250000000000001,12.845233298452376,7.920441226995204,7.920441226995204
1052105,2007,summer,257.417097606329,194.5875694002839,320.42813361197875,300.39622485734395,503,1072.8290254759356,0.23994233143732469,0.18137798733955737,0.2986758616731387,0.2800038195499792,0.71,3.17,0,4.5,1.15,321.5,232,12.9,0.05503875968992247,NLA06608-1003,12,5,3.816,oligo,,United States of America,-86.21453599999998,42.08125,7010000010,7020024600,7030034520,4.464788732394366,13.394366197183102,8.929577464788732,6.697183098591551,13.137426825228477,10.823614749384266,10.823614749384266
1052105,2012,summer,257,151,273,227,498,908,0.2830396475770925,0.16629955947136563,0.30066079295154186,0.25,0.71,3.17,0,4.5,1.15,321.5,232,12.9,0.05503875968992247,NLA12_MI-108,14,12,4.48,oligo,,United States of America,-86.21453599999998,42.08125,7010000010,7020024600,7030034520,4.464788732394366,13.394366197183102,8.929577464788732,6.697183098591551,13.137426825228477,10.823614749384266,10.823614749384266
1052136,2007,summer,967,870.1071736003903,1254.8888907904295,373,544,3464.99606439082,0.27907679605691216,0.25111346663343576,0.3621617073931803,0.1076480299164718,0.76,2.24,0,3,2.6,12.5,1405,747,0.00101740294511378,NLA06608-2801,36,7,6.816,eu_mixo,,United States of America,-112.694118,42.069489,7010000010,7020000010,7030073620.000001,2.947368421052632,8.842105263157894,5.894736842105264,4.421052631578947,13.729373547396921,5.963398137585332,5.963398137585332
1052141,2007,summer,1155.874947939125,1950.5876646911743,1690.0034160450766,858.70632483784,577,5655.172353513216,0.20439252346058912,0.34492099316467206,0.29884207065681734,0.15184441271792146,0.12,0.41,0,3.5,1.23,19.7,1635,110.1,0.00108991825613079,NLA06608-2438,636,21,4.64,eu_mixo,,United States of America,-119.561458,42.067383,7010000010,7020000010,7030073620.000001,3.416666666666667,10.25,6.833333333333334,5.125,12.845233298452376,3.892338024717333,3.892338024717333
1052156,2012,summer,450,348,474,606,502,1878,0.23961661341853036,0.1853035143769968,0.2523961661341853,0.3226837060702875,0.56,3.43,0,6.1,1.23,826,337,2.1,0.26666666666666666,NLA12_NY-R11,9,5,1.38,oligo,,United States of America,-74.183986,42.063381,7010000010,7020038339.999999,7030038340,6.125,18.375,12.25,9.1875,12.845233298452376,10.2690230051472,10.2690230051472
1052242,2007,summer,149.26890039602728,73.36346054471535,143.68109601892857,159.47979526495035,492,525.7932522246215,0.28389276538729497,0.13952910242631664,0.2732653859877747,0.3033127461986138,0.18,1.41,0,7.8,1.54,21.2,922,47.5,0.00378947368421052,NLA06608-R10SQUAWL,4,4,0.656,oligo,,United States of America,-123.021971,42.038791,7010000010,7020014250,7030014249.999999,7.833333333333335,23.500000000000004,15.66666666666667,11.750000000000002,12.845233298452376,4.114800055766666,4.114800055766666
1052286,2007,summer,343.6813994057754,259,378.0100059313765,475.8822099848001,499,1456.573615321952,0.23595195999057703,0.1778145623918584,0.25952001461170465,0.32671346300585985,0.58,3.09,0,5.3,1.22,264.7,535,5.3,0.10943396226415092,NLA06608-0101,1,9,0.695,oligo,,United States of America,-73.485346,42.022832,7010000010,7020038339.999999,7030038340,5.327586206896552,15.982758620689655,10.655172413793103,7.991379310344827,12.845233298452376,5.631890146950533,5.631890146950533
1052286,2012,summer,267.75,140.5,279,300.5,496.5,987.75,0.27107061503416857,0.1422424702606935,0.2824601366742597,0.3042267780308783,0.58,3.09,0,5.3,1.22,264.7,535,5.3,0.10943396226415092,NLA12_NY-0103,4,10,1.28,oligo,,United States of America,-73.485346,42.022832,7010000010,7020038339.999999,7030038340,5.327586206896552,15.982758620689655,10.655172413793103,7.991379310344827,12.845233298452376,5.631890146950533,5.631890146950533
1052286,2017,summer,320.333404184508,216.80906721066304,332.2340530697963,417,501,1286.3765244649674,0.2490199394129505,0.16854246255841676,0.25827123455007067,0.3241663634785621,0.58,3.09,0,5.3,1.22,264.7,535,5.3,0.10943396226415092,NLA17_CT-10002,7.96375,20,1.7,oligo,,United States of America,-73.485346,42.022832,7010000010,7020038339.999999,7030038340,5.327586206896552,15.982758620689655,10.655172413793103,7.991379310344827,12.845233298452376,5.631890146950533,5.631890146950533
1052289,2012,summer,683.5,997,1075.5,519.5,567.5,3275.5,0.20867043199511526,0.3043810105327431,0.32834681727980464,0.15860174019233705,0.87,2.84,0,3.3,1.13,32868.4,1178,18,0.04833333333333333,NLA12_NE-127,566,48,19.73333333,eu_mixo,,United States of America,-102.428923,42.020546,7010000010,7020046750.000001,7030047060,3.264367816091954,9.793103448275861,6.528735632183908,4.896551724137931,13.270935677879432,4.395651849377467,4.395651849377467
1052360,2007,summer,405.3695489159727,327.33723854991536,445.71418630595764,778.5177886419276,493,1956.9387624137732,0.20714472864545455,0.16727004689005362,0.22776092684484128,0.3978242976196506,0.21,0.77,0,3.7,1.4,1.5,78,225.1,9.32918702798756e-4,NLA06608-0690,15.333333333333334,32.666666666666664,4.8533333333333335,dys,,United States of America,-71.595418,41.992745,7010000010,7020038339.999999,7030038340,3.666666666666667,11.000000000000004,7.333333333333334,5.500000000000002,12.845233298452376,6.613662352630667,6.613662352630667
1052360,2012,summer,162.5,121,174,222,519,679.5,0.23914643119941134,0.1780721118469463,0.2560706401766004,0.32671081677704195,0.21,0.77,0,3.7,1.4,1.5,78,225.1,9.32918702798756e-4,NLA12_RI-103,20,36,3.064,dys,,United States of America,-71.595418,41.992745,7010000010,7020038339.999999,7030038340,3.666666666666667,11.000000000000004,7.333333333333334,5.500000000000002,12.845233298452376,6.613662352630667,6.613662352630667
1052360,2017,summer,232.5,177.8271054281404,251,329.58845895635886,497.5,990.9155643844992,0.23463149470703476,0.17945737439152706,0.25330109751168056,0.3326100333897577,0.21,0.77,0,3.7,1.4,1.5,78,225.1,9.32918702798756e-4,NLA17_RI-10002,47.71125,50,15.98,eu_mixo,,United States of America,-71.595418,41.992745,7010000010,7020038339.999999,7030038340,3.666666666666667,11.000000000000004,7.333333333333334,5.500000000000002,12.845233298452376,6.613662352630667,6.613662352630667
1052454,2007,summer,507.0842267067278,507,656.0659759848147,480,546.5,2150.1502026915423,0.23583665274731203,0.2357974802715369,0.30512564897259553,0.22324021800855565,0.88,2.78,0,3.2,1.29,8037.8,1255,6.9,0.12753623188405797,NLA06608-0940,37,5,22.56,eu_mixo,,United States of America,-103.526042,41.963196,7010000010,7020046750.000001,7030047060,3.159090909090909,9.477272727272728,6.318181818181818,4.738636363636364,13.427846663276032,4.388485480672533,4.388485480672533
1052454,2012,summer,654,642,853,411,548,2560,0.25546875,0.25078125,0.333203125,0.160546875,0.88,2.78,0,3.2,1.29,8037.8,1255,6.9,0.12753623188405797,NLA12_NE-111,140,15,7.428571429,eu_mixo,,United States of America,-103.526042,41.963196,7010000010,7020046750.000001,7030047060,3.159090909090909,9.477272727272728,6.318181818181818,4.738636363636364,13.427846663276032,4.388485480672533,4.388485480672533
1052497,2007,summer,271,282.5,417.41793383874557,399.6795917657529,545.5,1370.5975256044985,0.19772398164842458,0.20611448271468613,0.30455179295223406,0.29160974268465517,0.31,1.28,0,4.1,1.23,7.5,88,79.5,0.00389937106918239,NLA06608-0498,44,25,26.424,eu_mixo,,United States of America,-71.950921,41.948988,7010000010,7020038339.999999,7030038340,4.129032258064516,12.38709677419355,8.258064516129032,6.193548387096775,12.845233298452376,5.523354316231466,5.523354316231466
1052497,2012,summer,179,192,301,238,552,910,0.1967032967032967,0.210989010989011,0.33076923076923076,0.26153846153846155,0.31,1.28,0,4.1,1.23,7.5,88,79.5,0.00389937106918239,NLA12_CT-104,48,38,28.404,eu_mixo,,United States of America,-71.950921,41.948988,7010000010,7020038339.999999,7030038340,4.129032258064516,12.38709677419355,8.258064516129032,6.193548387096775,12.845233298452376,5.523354316231466,5.523354316231466
1052513,2012,summer,346,333,477,230,540,1386,0.24963924963924963,0.24025974025974026,0.34415584415584416,0.16594516594516595,0.78,4.65,0,6,1.49,35.3,2179,693.9,0.0011240812797233,NLA12_WY-131,36,15,2.36,eu_mixo,,United States of America,-110.652083,41.940331,7010000010,7020000010,7030008710,5.961538461538462,17.884615384615383,11.923076923076923,8.942307692307692,13.421496832206739,6.444837651971465,6.444837651971465
1052513,2017,summer,364.215544926802,337,401,238,525,1340.215544926802,0.27175893184158983,0.2514520901325658,0.299205602798691,0.17758337522715328,0.78,4.65,0,6,1.49,35.3,2179,693.9,0.0011240812797233,NLA17_WY-10005,73.4225,13,5.73,eu_mixo,,United States of America,-110.652083,41.940331,7010000010,7020000010,7030008710,5.961538461538462,17.884615384615383,11.923076923076923,8.942307692307692,13.421496832206739,6.444837651971465,6.444837651971465
1052540,2007,summer,285,169.021987185189,273.8789312474079,292.69027981075754,503,1020.5911982433545,0.2792499097489211,0.16561184093700818,0.26835321695778813,0.2867850323562825,0.61,4.09,0,6.7,1.38,128.3,213,14,0.04357142857142857,NLA06608-1125,17,11,4.176,oligo,,United States of America,-73.45465199999998,41.932261,7010000010,7020038339.999999,7030038340,6.704918032786885,20.114754098360656,13.40983606557377,10.057377049180328,12.976146499733918,12.751265872367602,12.751265872367602
1052566,2007,summer,170.0016070410983,128.22584899608245,210.65396573954726,324.5047712567804,517,833.3861930335084,0.203988989093155,0.15386125912326795,0.25276872535261374,0.38938102643096323,0.17,0.7,0,4.2,1.52,31.6,209,10.4,0.01634615384615384,NLA06608-1414,17,30,10.48,dys,,United States of America,-72.218591,41.923205,7010000010,7020038339.999999,7030038340,4.117647058823529,12.352941176470587,8.235294117647058,6.1764705882352935,12.845233298452376,10.809015975272533,10.809015975272533
1052566,2017,summer,252.94216164508734,173.6714871853898,237.07764492054702,384.5587881876245,494,1048.2500819386487,0.2412994437141302,0.1656775326591907,0.22616515753768626,0.3668578660889928,0.17,0.7,0,4.2,1.52,31.6,209,10.4,0.01634615384615384,NLA17_CT-10001,21.240625,68,5.74,dys,,United States of America,-72.218591,41.923205,7010000010,7020038339.999999,7030038340,4.117647058823529,12.352941176470587,8.235294117647058,6.1764705882352935,12.845233298452376,10.809015975272533,10.809015975272533
1052570,2007,summer,197.38268150348588,126.25,206.72139099648152,262.0331329542591,497.5,792.3872054542264,0.24909877411553943,0.1593286705426152,0.2608843120807093,0.33068824326113616,0.82,3.65,0,4.4,1.65,209.9,175,7.8,0.10512820512820512,NLA06608-4413,8,7,2.56,oligo,,United States of America,-71.776639,41.922484,7010000010,7020038339.999999,7030038340,4.451219512195123,13.353658536585366,8.902439024390246,6.676829268292683,13.716548576654093,17.007757936620003,17.007757936620003
1052588,2017,summer,381,394.88793857929375,533.5816810985693,234.72812070770757,553,1544.1977403855708,0.2467300592635682,0.2557236863205707,0.3455397370063107,0.15200651740955035,0.28,1.15,0,4.1,1.17,70.2,1767,112.8,0.00248226950354609,NLA17_NV-10079,70.35,15,2.33,eu_mixo,,United States of America,-119.46367900000001,41.917076,7010000010,7020000010,7030073620.000001,4.107142857142857,12.32142857142857,8.214285714285714,6.160714285714285,12.845233298452376,4.1290164824746665,4.1290164824746665
1052619,2007,summer,258.41542483996625,215.0776944106447,315.4713261250166,468.0798434822612,498,1257.0442888578887,0.2055738426485788,0.17109794485129687,0.25096277746239476,0.3723654350377296,0.14,0.97,0,7,1.33,80.2,416,7.3,0.01917808219178082,NLA06608-0469,11,5,3.352,oligo,,United States of America,-75.336769,41.909298,7010000010,7020038339.999999,7030038340,6.928571428571427,20.78571428571428,13.857142857142854,10.39285714285714,12.845233298452376,8.804624935771196,8.804624935771196
1052623,2017,summer,402.6757316581019,349.5,530.2330562070232,240.3198807806461,532,1522.7286686457712,0.2644435216526257,0.22952217765153496,0.3482124341157788,0.1578218665800605,0.34,2.49,0,7.3,1.2,505.7,1531,15.6,0.02179487179487179,NLA17_CA-10020,48.8175,10,8.72,eu_mixo,,United States of America,-120.106441,41.907007,7010000010,7020000010,7030073620.000001,7.323529411764707,21.97058823529412,14.647058823529415,10.98529411764706,12.845233298452376,5.417464634935333,5.417464634935333
1052629,2007,summer,395.4895937177655,274.6514341041912,526.350699727055,455.34915715275247,520.5,1651.840884701764,0.2394235409599819,0.1662699093162226,0.3186449158643306,0.275661633859465,0.9,3.85,0,4.3,1.75,139.2,260,36.4,0.02472527472527472,NLA06608-1707,8,2,3.288,oligo,,United States of America,-85.892708,41.906296,7010000010,7020024600,7030034520,4.277777777777778,12.833333333333334,8.555555555555555,6.416666666666667,13.716548576654093,19.82638910271066,19.82638910271066
1052666,2007,summer,255.42217404889095,211.56508606509948,313.53486592569686,399.5387865488976,525.5,1180.0609125885849,0.21644829629056705,0.17928319106935736,0.2656937981598983,0.3385747144801773,0.11,0.5,0,4.4,1.28,192.1,261,1.1,0.1,NLA06608-0805,51,6,2.272,eu_mixo,,United States of America,-73.44753,41.897009,7010000010,7020038339.999999,7030038340,4.545454545454545,13.636363636363637,9.09090909090909,6.818181818181818,12.845233298452376,8.860802178635998,8.860802178635998
1052666,2012,summer,292,248.5,418.5,418,541.5,1377,0.2120551924473493,0.1804647785039942,0.30392156862745096,0.30355846042120554,0.11,0.5,0,4.4,1.28,192.1,261,1.1,0.1,NLA12_CT-105,69,15,26.08,eu_mixo,,United States of America,-73.44753,41.897009,7010000010,7020038339.999999,7030038340,4.545454545454545,13.636363636363637,9.09090909090909,6.818181818181818,12.845233298452376,8.860802178635998,8.860802178635998
1052676,2017,summer,437.40016245178765,447.624113489108,596.3973107763475,485.054474167576,560,1966.4760608848192,0.22242841962438065,0.22762754268551777,0.3032822634555732,0.24666177423452842,0.3,1.29,0,4.3,1.15,14921.5,1183,3,0.1,NLA17_NE-10046,358.63375,41,192,eu_mixo,,United States of America,-102.619413,41.893005,7010000010,7020046750.000001,7030047060,4.300000000000001,12.900000000000002,8.600000000000001,6.450000000000001,12.845233298452376,6.258735684641867,6.258735684641867
1052695,2012,summer,253,148,216,378,493,995,0.2542713567839196,0.1487437185929648,0.21708542713567838,0.3798994974874372,0.19,0.33,0,1.7,1.27,40.8,333,9.8,0.01938775510204081,NLA12_MI-123,22,22,6.186666667,dys,,United States of America,-84.59784299999998,41.885731,7010000010,7020024600,7030034520,1.736842105263158,5.2105263157894735,3.473684210526316,2.6052631578947367,12.845233298452376,11.791688840199999,11.791688840199999
1052725,2007,summer,213,142,227,285,498,867,0.24567474048442905,0.1637831603229527,0.2618223760092272,0.328719723183391,0.88,5.8,0,6.6,1.35,713.7,288,3.4,0.25882352941176473,NLA06608-0134,4,0,1.576,oligo,,United States of America,-73.043332,41.877304,7010000010,7020038339.999999,7030038340,6.590909090909091,19.772727272727273,13.181818181818182,9.886363636363637,13.427846663276032,14.965660332152002,14.965660332152002
1052725,2012,summer,202.5,121.5,212,249.5,500,785.5,0.25779758115849777,0.15467854869509867,0.2698917886696372,0.3176320814767664,0.88,5.8,0,6.6,1.35,713.7,288,3.4,0.25882352941176473,NLA12_CT-102,7,8,1.52,oligo,,United States of America,-73.043332,41.877304,7010000010,7020038339.999999,7030038340,6.590909090909091,19.772727272727273,13.181818181818182,9.886363636363637,13.427846663276032,14.965660332152002,14.965660332152002
1052725,2017,summer,332.4565343486472,196.7038842914357,305.7692801254683,333.1728953028206,492.5,1168.102594068372,0.284612444178159,0.16839606836788015,0.2617657744089993,0.2852257130449615,0.88,5.8,0,6.6,1.35,713.7,288,3.4,0.25882352941176473,NLA17_CT-10003,4.07125,0,2.09,oligo,,United States of America,-73.043332,41.877304,7010000010,7020038339.999999,7030038340,6.590909090909091,19.772727272727273,13.181818181818182,9.886363636363637,13.427846663276032,14.965660332152002,14.965660332152002
1052757,2007,summer,362.85118408714976,313,444.7170164340487,557,507,1677.5682005211984,0.21629593597113767,0.18657959771933863,0.26509623650226616,0.33202822980725755,0.35,1.08,0,3,1.4,138.7,88,3.5,0.1,NLA06608-1906,14,13,2.104,oligo,,United States of America,-71.553482,41.866853,7010000010,7020038339.999999,7030038340,3.085714285714286,9.257142857142858,6.171428571428572,4.628571428571429,12.845233298452376,11.649952420023999,11.649952420023999
1052808,2007,summer,399.26100186496296,305,458.5,355.13131113089503,510.5,1517.892312995858,0.2630364476100041,0.20093652058756575,0.30206358914557013,0.23396344265686,0.8,3.94,0,4.9,1.82,103.5,22,17.4,0.04597701149425288,NLA06608-ELS:1D1-035,23,5,31.36,oligo,,United States of America,-70.61833900000002,41.848259,7010000010,7020038339.999999,7030038340,4.925,14.775,9.85,7.3875,13.583039724003136,17.132670617135997,17.132670617135997
1052823,2012,summer,206,108.25,211,322.5,497,847.75,0.2429961663226187,0.12769094662341493,0.248894131524624,0.3804187555293424,0.27,1.45,0,5.3,1.47,246,161,2.7,0.1,NLA12_CT-126,15,18,2.82,oligo,,United States of America,-72.107617,41.843184,7010000010,7020038339.999999,7030038340,5.37037037037037,16.111111111111107,10.74074074074074,8.055555555555554,12.845233298452376,12.202053357291996,12.202053357291996
1052823,2017,summer,222.72958689073656,156.65327029874058,242.06413071326804,290,502,911.4469879027451,0.24436921713158666,0.17187315595743247,0.2655822378329009,0.31817538907807996,0.27,1.45,0,5.3,1.47,246,161,2.7,0.1,NLA17_CT-10005,16.525,15.5,2.3899999999999997,oligo,,United States of America,-72.107617,41.843184,7010000010,7020038339.999999,7030038340,5.37037037037037,16.111111111111107,10.74074074074074,8.055555555555554,12.845233298452376,12.202053357291996,12.202053357291996
1052854,2012,summer,136,76,133,205,494,550,0.24727272727272728,0.13818181818181818,0.24181818181818182,0.37272727272727274,0.85,3.42,0,4,2.1,26.4,93,58.4,0.01455479452054794,NLA12_RI-112,47,32,9.5,eu_mixo,,United States of America,-71.595045,41.832967,7010000010,7020038339.999999,7030038340,4.023529411764706,12.070588235294117,8.047058823529412,6.035294117647059,13.716548576654093,15.2440443683768,15.2440443683768
1052923,2012,summer,264,210,310,398,512,1182,0.2233502538071066,0.17766497461928935,0.2622673434856176,0.33671742808798644,0.11,0.32,0,2.9,1.54,4.6,18,32.5,0.00338461538461538,NLA12_MA-111,29,20,5.533333333,oligo,,United States of America,-70.639477,41.810993,7010000010,7020038339.999999,7030038340,2.909090909090909,8.727272727272728,5.818181818181818,4.363636363636364,12.845233298452376,7.090174309697066,7.090174309697066
1052954,2012,summer,472,669,845,545.5,562.5,2531.5,0.1864507209164527,0.2642701955362433,0.33379419316610703,0.21548489038119692,0.31,0.85,0,2.7,1.85,0.3,1343,13646.5,2.271644744073572e-5,NLA12_UT-148,265,25,74.8,eu_mixo,,United States of America,-111.900773,41.802169,7010000010,7020000010,7030073620.000001,2.7419354838709675,8.225806451612902,5.483870967741935,4.112903225806451,12.845233298452376,5.944766926532534,5.944766926532534
1052962,2007,summer,230.20553828524618,234.75434093442396,327.4408197299388,331.8606956474368,538,1124.2613945970459,0.20476157892778638,0.20880761543765705,0.29124972297683416,0.29518108265772236,0.18,0.54,0,3,1.54,1.7,48,140.5,0.00128113879003558,NLA06608-0582,315,15,15.696,eu_mixo,,United States of America,-72.526194,41.800911,7010000010,7020038339.999999,7030038340,3,9,6,4.5,12.845233298452376,6.525740146481332,6.525740146481332
1053016,2012,summer,158,69,162,236,496,625,0.2528,0.1104,0.2592,0.3776,0.22,0.84,0,3.8,1.52,237.3,64,1.6,0.13749999999999998,NLA12_CT-118,5,0,2.112,oligo,,United States of America,-71.888057,41.777036,7010000010,7020038339.999999,7030038340,3.8181818181818183,11.454545454545455,7.636363636363637,5.7272727272727275,12.845233298452376,12.924408666569331,12.924408666569331
1053026,2007,summer,717,1118,1045,763,574,3643,0.19681581114466098,0.30688992588525943,0.28685149601976395,0.20944276695031566,0.97,2.29,0,2.4,1.61,427.3,1165,856,0.00113317757009345,NLA06608-R791,2147,84,101.25,eu_mixo,,United States of America,-102.444831,41.774098,7010000010,7020046750.000001,7030047060,2.3608247422680413,7.082474226804123,4.721649484536083,3.5412371134020617,13.716548576654093,5.910605369899199,5.910605369899199
1053045,2017,summer,347.33024604876834,360.110072980591,482.87704301622887,487.8116238430804,553,1678.1289858886685,0.20697470156910283,0.2145902228069146,0.2877472751360152,0.29068780048796744,0.3,0.96,0,3.2,1.54,2.2,608,1333.4,2.2498875056247184e-4,NLA17_NE-10003,295.09,20,27.2,eu_mixo,,United States of America,-98.658031,41.766889,7010000010,7020046750.000001,7030047060,3.2,9.600000000000001,6.4,4.800000000000001,12.845233298452376,3.6304775567759995,3.6304775567759995
1053075,2007,summer,378.28182915322384,310.60272805649834,389.1971982021074,391.3636681661245,494.5,1469.445423577954,0.25743169707667335,0.2113741164338118,0.2648599205913009,0.266334265898214,0.14,0.34,0,2.4,1.17,73.5,3,2.1,0.06666666666666667,NLA06608-0710,21,14,7.44,oligo,,United States of America,-70.65980999999998,41.760799,7010000010,7020038339.999999,7030038340,2.4285714285714284,7.285714285714285,4.857142857142857,3.6428571428571423,12.845233298452376,15.974531288514664,15.974531288514664
1053075,2012,summer,274.5,232.5,314.5,307.5,514,1129,0.24313551815766166,0.20593445527015058,0.2785651018600531,0.27236492471213464,0.14,0.34,0,2.4,1.17,73.5,3,2.1,0.06666666666666667,NLA12_MA-101,34,18,11.894,eu_mixo,,United States of America,-70.65980999999998,41.760799,7010000010,7020038339.999999,7030038340,2.4285714285714284,7.285714285714285,4.857142857142857,3.6428571428571423,12.845233298452376,15.974531288514664,15.974531288514664
1053075,2017,summer,282.9859107910197,220.23466640848923,267.9472102014177,273,496,1044.1677874009267,0.2710157449842515,0.21091884758931587,0.2566131740841902,0.2614522333422424,0.14,0.34,0,2.4,1.17,73.5,3,2.1,0.06666666666666667,NLA17_MA-10001,12.55,31.5,5.33,dys,,United States of America,-70.65980999999998,41.760799,7010000010,7020038339.999999,7030038340,2.4285714285714284,7.285714285714285,4.857142857142857,3.6428571428571423,12.845233298452376,15.974531288514664,15.974531288514664
1053110,2007,summer,469,783.5,944,1000.297324004484,564,3196.797324004484,0.1467093320174908,0.24508904399936898,0.2952955424829666,0.3129060815001736,0.47,1.59,0,3.4,1.37,18372.6,1159,3,0.15666666666666665,NLA06608-1596,1491,58,684,eu_mixo,,United States of America,-102.406969,41.749648,7010000010,7020046750.000001,7030047060,3.3829787234042556,10.148936170212767,6.765957446808511,5.074468085106384,12.845233298452376,4.626466643548533,4.626466643548533
1053171,2012,summer,336.5,292.5,399.5,575.5,529,1604,0.20978802992518703,0.182356608478803,0.2490648379052369,0.3587905236907731,0.13,0.68,0,5,1.15,977.6,386,0.5,0.26,NLA12_PA-110,77,20,24.92,eu_mixo,,United States of America,-75.69382299999998,41.727301,7010000010,7020038339.999999,7030038340,5.230769230769231,15.692307692307693,10.461538461538462,7.846153846153847,12.845233298452376,9.457571423915198,9.457571423915198
1053183,2012,summer,608.5,300.5,729.5,375.5,505,2014,0.30213505461767626,0.14920556107249255,0.36221449851042703,0.18644488579940416,0.37,1.14,0,3.1,1.18,530.1,256,2.9,0.12758620689655173,NLA12_IN-186,15,16,2.736,oligo,,United States of America,-85.464583,41.72392,7010000010,7020024600,7030034520,3.081081081081081,9.243243243243244,6.162162162162162,4.621621621621622,12.845233298452376,9.018837946856,9.018837946856
1053184,2007,summer,334.008445083345,286.11711003085236,414.3274628517456,465,511,1499.453017965943,0.22275352483963679,0.19081432135765053,0.2763190696123273,0.3101130841903854,0.39,1.49,0,3.8,1.53,42.9,290,41.8,0.00933014354066985,NLA06608-0555,8,6,5.653,oligo,,United States of America,-85.013935,41.723867,7010000010,7020024600,7030034520,3.8205128205128203,11.46153846153846,7.6410256410256405,5.73076923076923,12.845233298452376,10.4155440186184,10.4155440186184
1053184,2017,summer,234.05704066201722,196.11851326622002,282.016228112597,294.68394412750143,535.5,1006.8757261683356,0.232458718170435,0.19477926438106596,0.28009040319783,0.29267161425066907,0.39,1.49,0,3.8,1.53,42.9,290,41.8,0.00933014354066985,NLA17_IN-10082,13.6825,25,3.59,dys,,United States of America,-85.013935,41.723867,7010000010,7020024600,7030034520,3.8205128205128203,11.46153846153846,7.6410256410256405,5.73076923076923,12.845233298452376,10.4155440186184,10.4155440186184
1053204,2007,summer,282.9375923552169,191.0075928618068,324.89500065787223,221.61235367409284,509,1020.4525395489889,0.2772667825201036,0.18717930080925346,0.3183832545524034,0.21717066211823946,0.58,2.22,0,3.8,1.14,449.8,11,2.4,0.24166666666666667,NLA06608-0198,25,4,10.672,oligo,,United States of America,-70.091224,41.716819,7010000010,7020038339.999999,7030038340,3.8275862068965525,11.482758620689657,7.655172413793105,5.741379310344828,12.845233298452376,10.092586011441334,10.092586011441334
1053216,2012,summer,316,213,342,467,502,1338,0.23617339312406577,0.1591928251121076,0.2556053811659193,0.34902840059790735,0.96,5.56,0,5.8,1.54,374.4,153,6.7,0.14328358208955222,NLA12_CT-115,12,10.5,3.796,oligo,,United States of America,-72.33134699999998,41.714467,7010000010,7020038339.999999,7030038340,5.791666666666666,17.375,11.583333333333332,8.6875,13.716548576654093,18.676254495330806,18.676254495330806
1053254,2007,summer,175.34851922385388,110.29365952013423,169.45991729949054,244.87651660347967,493,699.9786126469583,0.2505055383917748,0.15756718495020935,0.2420929928968551,0.3498342837611608,0.28,1.33,0,4.7,1.11,296.8,442,2.4,0.11666666666666668,NLA06608-1189,9,11,1.868,oligo,,United States of America,-74.673979,41.701171,7010000010,7020038339.999999,7030038340,4.75,14.25,9.5,7.125,12.845233298452376,12.413569075879733,12.413569075879733
1053259,2012,summer,338,249,339,236,500,1162,0.2908777969018933,0.21428571428571427,0.2917383820998279,0.20309810671256454,0.21,0.93,0,4.3,1.32,63.2,1625,76.4,0.00274869109947643,NLA12_UT-160,30,12,0.704,oligo,,United States of America,-113.958189,41.699803,7010000010,7020000010,7030073620.000001,4.42857142857143,13.285714285714286,8.85714285714286,6.642857142857143,12.845233298452376,4.287336488808001,4.287336488808001
1053269,2012,summer,429.5,358.5,480.5,270,512,1538.5,0.27916802079948,0.23301917452063697,0.31231719207019826,0.17549561260968477,0.32,2.03,0,6.4,1.34,1466.8,2152,8.7,0.0367816091954023,NLA12_NV-177,88,20,1.771428571,eu_mixo,,United States of America,-118.739583,41.69713,7010000010,7020000010,7030073620.000001,6.343749999999999,19.031249999999996,12.687499999999998,9.515624999999998,12.845233298452376,5.804456802325869,5.804456802325869
1053280,2007,summer,438.0581932118098,334.14004354807565,545.9884749952531,585.6989947076938,522.5,1903.8857064628326,0.23008639212154383,0.17550425554108687,0.28677586744932676,0.30763348488804243,0.17,0.81,0,4.8,1.15,493.5,386,1,0.17,NLA06608-1637,32,10,19.872,eu_mixo,,United States of America,-75.131139,41.694342,7010000010,7020038339.999999,7030038340,4.764705882352941,14.294117647058824,9.529411764705882,7.147058823529412,12.845233298452376,10.753482295535198,10.753482295535198
1053280,2012,summer,301.5,240.5,361.5,508,518.5,1411.5,0.21360255047821466,0.17038611406305348,0.2561105207226355,0.35990081473609636,0.17,0.81,0,4.8,1.15,493.5,386,1,0.17,NLA12_PA-103,35,15,28.93,eu_mixo,,United States of America,-75.131139,41.694342,7010000010,7020038339.999999,7030038340,4.764705882352941,14.294117647058824,9.529411764705882,7.147058823529412,12.845233298452376,10.753482295535198,10.753482295535198
1053280,2017,summer,264,218,336,427,499,1245,0.21204819277108433,0.1751004016064257,0.26987951807228916,0.3429718875502008,0.17,0.81,0,4.8,1.15,493.5,386,1,0.17,NLA17_PA-10002,28.7175,13,19.2,oligo,,United States of America,-75.131139,41.694342,7010000010,7020038339.999999,7030038340,4.764705882352941,14.294117647058824,9.529411764705882,7.147058823529412,12.845233298452376,10.753482295535198,10.753482295535198
1053304,2007,summer,332,333.54553508063367,454.69075715980347,393,554,1513.2362922404373,0.2193973285615917,0.22041867274198101,0.30047571518827804,0.25970828350814923,0.36,1.26,0,3.5,1.8,1455.4,217,1,0.36,NLA06608-2987,29,18,15.184,oligo,,United States of America,-86.369792,41.685417,7010000010,7020046750.000001,7030047060,3.5,10.5,7,5.25,12.845233298452376,14.009609161815202,14.009609161815202
1053330,2017,summer,419.8511771454091,327.44652410602157,434.4451047012957,468.01456295082045,508,1649.7573689035469,0.2544926818083852,0.19848162540631498,0.26333878719998344,0.2836869055853164,0.23,0.33,0,1.4,1.82,0.1,1120,63816.2,3.604100526198677e-6,NLA17_NE-10061,21.2175,8,0.92,oligo,,United States of America,-103.107775,41.677785,7010000010,7020046750.000001,7030047060,1.434782608695652,4.304347826086957,2.869565217391304,2.1521739130434785,12.845233298452376,13.348795525741334,13.348795525741334
1053336,2007,summer,225.52958873598237,148.607180651398,234.34154640055826,314.85635849175964,496,923.3346742796982,0.24425551754776248,0.1609461712973444,0.25379914014749877,0.3409991710073944,0.46,3.68,0,8.1,1.79,63.4,198,23.4,0.01965811965811966,NLA06608-0006,5.666666666666667,8.333333333333334,3.352,oligo,,United States of America,-73.143823,41.677083,7010000010,7020038339.999999,7030038340,8,24,16,12,13.002144283848976,11.064579915150267,11.064579915150267
1053336,2012,summer,213,152,238,314,496,917,0.23227917121046893,0.16575790621592149,0.2595419847328244,0.34242093784078514,0.46,3.68,0,8.1,1.79,63.4,198,23.4,0.01965811965811966,NLA12_CT-103,19,18,2.324,oligo,,United States of America,-73.143823,41.677083,7010000010,7020038339.999999,7030038340,8,24,16,12,13.002144283848976,11.064579915150267,11.064579915150267
1053336,2017,summer,261,195.94809711863857,280,378,497,1114.9480971186385,0.23409161437604364,0.17574638462994593,0.25113276638043,0.3390292346135805,0.46,3.68,0,8.1,1.79,63.4,198,23.4,0.01965811965811966,NLA17_CT-10004,10.87125,17,4.88,oligo,,United States of America,-73.143823,41.677083,7010000010,7020038339.999999,7030038340,8,24,16,12,13.002144283848976,11.064579915150267,11.064579915150267
1053399,2007,summer,307.49488058941074,187.16848225208722,299.3882904208525,275.6202697660897,493.5,1069.6719230284402,0.28746653433590696,0.17497746572816308,0.27988795814442674,0.25766804179150316,0.16,0.44,0,2.8,1.71,269.7,9,0.8,0.2,NLA06608-1222,12,7,10.4,oligo,,United States of America,-70.330706,41.655484,7010000010,7020038339.999999,7030038340,2.75,8.25,5.5,4.125,12.845233298452376,11.72868016999973,11.72868016999973
1053402,2012,summer,279,199.5,305.5,465.5,506,1249.5,0.22328931572629052,0.15966386554621848,0.24449779911964786,0.37254901960784315,0.4,2.36,0,6,2.19,175.1,274,5.5,0.07272727272727274,NLA12_CT-108,28,30,7.84,dys,,United States of America,-73.209103,41.652901,7010000010,7020038339.999999,7030038340,5.8999999999999995,17.7,11.799999999999999,8.85,13.129303305430637,10.466204212938267,10.466204212938267
1053415,2007,summer,325.5,240.77371397053298,334.3472208529075,513.5,512,1414.1209348234406,0.23017833339737676,0.17026387775002755,0.2364346730321564,0.3631231158204392,0.12,0.41,0,3.5,1.12,79.8,297,6.6,0.01818181818181818,NLA06608-0107,3,4,2.315,oligo,,United States of America,-85.082413,41.649268,7010000010,7020024600,7030034520,3.416666666666667,10.25,6.833333333333334,5.125,12.845233298452376,6.045459781370533,6.045459781370533
1053419,2017,summer,289.17185308379686,204.6081315411657,315.86948338558034,282.9237455042379,511.5,1092.573213514781,0.2646704582419133,0.18727178097561664,0.2891060109092699,0.2589517498732,0.18,0.59,0,3.2,1.1,10.8,13,31.1,0.00578778135048231,NLA17_MA-10019,8.4975,34,4.14,dys,,United States of America,-70.443221,41.648322,7010000010,7020038339.999999,7030038340,3.2777777777777777,9.833333333333334,6.555555555555555,4.916666666666667,12.845233298452376,8.29984729466267,8.29984729466267
1053422,2007,summer,347.8218915122391,292.49150100381667,365.61744267886024,477.8335007991693,519,1483.7643359940853,0.23441855493797611,0.1971280033549631,0.24641207084540526,0.3220413708616556,0.39,0.91,0,2.3,1.6,2632.2,176,0.5,0.78,NLA06608-1115,19,13,4.416,oligo,,United States of America,-87.527439,41.647051,7010000010,7020024600,7030034520,2.333333333333333,6.999999999999999,4.666666666666666,3.4999999999999996,12.845233298452376,12.987509840740534,12.987509840740534
1053425,2012,summer,366,343.5,473,458,554,1640.5,0.22310271258762573,0.20938738189576347,0.2883267296555928,0.279183175861018,0.59,2.05,0,3.4,2.21,244.5,211,9.8,0.06020408163265305,NLA12_IL-123,384,39,234.4,eu_mixo,,United States of America,-87.905904,41.646331000000004,7010000010,7020046750.000001,7030047060,3.4745762711864407,10.42372881355932,6.9491525423728815,5.21186440677966,13.290846197227037,9.370413340455997,9.370413340455997
1053432,2012,summer,463,319,545,332,505,1659,0.27908378541289935,0.19228450874020495,0.3285111512959614,0.2001205545509343,0.41,1.68,0,4.1,1.55,109.9,283,19.3,0.02124352331606217,NLA12_IN-199,31,22,4.18,eu_mixo,,United States of America,-85.168728,41.642579,7010000010,7020024600,7030034520,4.097560975609756,12.292682926829269,8.195121951219512,6.146341463414634,12.845233298452376,8.484780217332666,8.484780217332666
1053473,2007,summer,347,211.5,393.05175400969597,491.5,512,1443.051754009696,0.24046261614375092,0.1465643899550528,0.2723753690174684,0.3405976248837279,0.5,2.52,0,5,1.31,1213.2,309,2.6,0.1923076923076923,NLA06608-2155,1,7,1.464,oligo,,United States of America,-85.030072,41.626728,7010000010,7020024600,7030034520,5.04,15.120000000000001,10.08,7.5600000000000005,12.845233298452376,11.220691445242668,11.220691445242668
1053476,2017,summer,232.11408132403443,236.01593009956082,344.1448873563475,330.0421435708116,555,1142.3170423507545,0.20319584906688504,0.20661158097918922,0.30126915260595055,0.2889234173479751,0.33,1.12,0,3.4,1.23,89.3,283,15.9,0.02075471698113207,NLA17_IN-10175,17.19875,27,18.56,dys,,United States of America,-85.32836899999998,41.625923,7010000010,7020024600,7030034520,3.393939393939394,10.181818181818182,6.787878787878788,5.090909090909091,12.845233298452376,13.727219042379996,13.727219042379996
1053480,2012,summer,237,194,244,385,491,1060,0.22358490566037736,0.1830188679245283,0.23018867924528302,0.3632075471698113,0.53,2.68,0,5.1,1.53,757.6,502,2.4,0.22083333333333335,NLA12_PA-114,5,5,2.35,oligo,,United States of America,-75.546176,41.624477,7010000010,7020038339.999999,7030038340,5.056603773584906,15.169811320754716,10.113207547169813,7.584905660377358,12.845233298452376,4.763803498808932,4.763803498808932
1053480,2017,summer,389.7184597277065,259.0792364341977,369.7199794533453,433.9987044261186,492,1452.5163800413682,0.26830572452243684,0.17836579331850222,0.25453756290363866,0.2987909192554222,0.53,2.68,0,5.1,1.53,757.6,502,2.4,0.22083333333333335,NLA17_PA-10008,6.41125,18,1.93,oligo,,United States of America,-75.546176,41.624477,7010000010,7020038339.999999,7030038340,5.056603773584906,15.169811320754716,10.113207547169813,7.584905660377358,12.845233298452376,4.763803498808932,4.763803498808932
1053569,2017,summer,266.4158578800379,277.3549491901729,399.62243732743684,300,555,1243.3932443976478,0.2142651643640713,0.22306293720015774,0.32139666121560023,0.24127523722017058,0.12,0.28,0,2.5,1.3,68.5,257,4.8,0.025,NLA17_OH-10028,28.1525,18,11.47,oligo,,United States of America,-84.619555,41.593773,7010000010,7020024600,7030034520,2.3333333333333335,7,4.666666666666667,3.5,12.845233298452376,9.11743241979733,9.11743241979733
1053610,2007,summer,343,383.38171294653415,568.8158522992269,525.5,545.5,1820.697565245761,0.18838933304867755,0.21056858660366506,0.31241644035617033,0.28862563999148705,0.12,0.27,0,2.3,1.34,287.3,275,1.1,0.10909090909090909,NLA06608-0987,40,19,38.304,eu_mixo,,United States of America,-85.66376599999998,41.580194,7010000010,7020024600,7030034520,2.2500000000000004,6.75,4.500000000000001,3.375,12.845233298452376,9.52604131635813,9.52604131635813
1053669,2007,summer,571.2142176703079,409,700.4648979014016,598,514,2278.6791155717096,0.25067777808943187,0.17948994977179306,0.30739953384163016,0.26243273829714486,0.35,1.28,0,3.6,1.37,110,272,14.5,0.02413793103448276,NLA06608-IN:646,4,10,1.012,oligo,,United States of America,-85.39676,41.563733,7010000010,7020024600,7030034520,3.6571428571428575,10.971428571428573,7.314285714285715,5.485714285714287,12.845233298452376,13.674466584416002,13.674466584416002
1053681,2017,summer,325.0031439997412,236.43166404605512,362.10347039215526,348.2981129577031,506,1271.8363913956546,0.2555384845082926,0.1858978604839306,0.2847091597959385,0.2738544952118384,0.12,0.27,0,2.3,1.56,309.2,185,1,0.12,NLA17_IN-10141,17.405,21,4.84,dys,,United States of America,-87.30104199999998,41.559373,7010000010,7020024600,7030034520,2.2500000000000004,6.75,4.500000000000001,3.375,12.845233298452376,14.74160082842947,14.74160082842947
1053702,2007,summer,374.25,228.25,388,624.8491977740523,500,1615.3491977740523,0.2316836511360613,0.14130071709233397,0.24019574252716575,0.386819889244439,0.23,0.63,0,2.8,1.1,402.3,294,1.9,0.12105263157894738,NLA06608-3035,7,8,3.251,oligo,,United States of America,-85.28437499999998,41.551444,7010000010,7020024600,7030034520,2.7391304347826084,8.217391304347826,5.478260869565217,4.108695652173913,12.845233298452376,13.438067277309466,13.438067277309466
1053708,2007,summer,407.8520324339746,327.1807659166467,509.16546158028956,539.467452851321,518.5,1783.6657127822318,0.22865945648402414,0.18343166187026003,0.28546013859630304,0.3024487430494128,0.2,0.46,0,2.4,1.37,4,272,143.8,0.00139082058414464,NLA06608-0043,10,15,5.3629999999999995,oligo,,United States of America,-85.44209499999998,41.549455,7010000010,7020024600,7030034520,2.3,6.9,4.6,3.45,12.845233298452376,7.3586959663173355,7.3586959663173355
1053781,2007,summer,389,248.95958513080697,406,251.34384046605447,500,1295.3034255968614,0.3003157347636544,0.19220174996147266,0.3134400727867447,0.19404244248812824,0.51,17.9,17.9,34.9,1.86,202.1,1635,186.4,0.00273605150214592,NLA06608-0962,6,4,1.396,oligo,,United States of America,-111.745961,41.519174,7010000010,7020000010,7030073620.000001,35.09803921568627,105.29411764705881,70.19607843137254,52.647058823529406,13.129303305430637,10.9201782666788,10.9201782666788
1053781,2012,summer,392,208.5,416.5,212,497,1229,0.31895850284784377,0.16965012205044752,0.338893409275834,0.1724979658258747,0.51,17.9,17.9,34.9,1.86,202.1,1635,186.4,0.00273605150214592,NLA12_UT-103,23,9,6.353333333,oligo,,United States of America,-111.745961,41.519174,7010000010,7020000010,7030073620.000001,35.09803921568627,105.29411764705881,70.19607843137254,52.647058823529406,13.129303305430637,10.9201782666788,10.9201782666788
1053781,2017,summer,374.42090772457874,218.39966657467386,443.232685463611,238.3633764603053,498.5,1274.4166362231688,0.2937978813853245,0.17137226584072066,0.34779260790032135,0.18703724487363363,0.51,17.9,17.9,34.9,1.86,202.1,1635,186.4,0.00273605150214592,NLA17_UT-10002,8.45125,2,8.64,oligo,,United States of America,-111.745961,41.519174,7010000010,7020000010,7030073620.000001,35.09803921568627,105.29411764705881,70.19607843137254,52.647058823529406,13.129303305430637,10.9201782666788,10.9201782666788
1053783,2007,summer,404.18356444897705,386.5,564.8338082299742,556.9947575760957,545,1912.512130255047,0.2113364710502915,0.20209022148709588,0.2953360657402208,0.29123724172239185,0.3,0.94,0,3.1,1.3,38.1,283,30.2,0.00993377483443708,NLA06608-2267,25,17,8.5,oligo,,United States of America,-85.304692,41.518621,7010000010,7020024600,7030034520,3.1333333333333333,9.4,6.266666666666667,4.7,12.845233298452376,5.627094527803067,5.627094527803067
1053800,2007,summer,256,156.5,237.5,339.5,493.5,989.5,0.25871652349671553,0.15816068721576554,0.24002021222839817,0.3431025770591208,0.49,2.21,0,4.5,1.12,2130.4,43,0.5,0.98,NLA06608-2162,21,21,3.744,dys,,United States of America,-71.57318,41.513961,7010000010,7020038339.999999,7030038340,4.510204081632653,13.530612244897961,9.020408163265307,6.7653061224489806,12.845233298452376,9.563357618197598,9.563357618197598
1053834,2007,summer,393.7070564041669,371.8571958235185,504.33016601134494,315.8574622624643,541.5,1585.7518805014947,0.2482778429874268,0.23449897830543232,0.3180385104458147,0.19918466826132614,0.23,1.59,0,7.1,1.54,62.2,2109,70.7,0.00325318246110325,NLA06608-2322,31,11,3.568,eu_mixo,,United States of America,-111.32060799999999,41.505019,7010000010,7020000010,7030073620.000001,6.913043478260869,20.739130434782606,13.826086956521738,10.369565217391303,12.845233298452376,4.445256517974667,4.445256517974667
1053837,2017,summer,198.6889185101614,115.73871764700866,185.52239878698282,251.31098013358013,492.5,751.261015077733,0.2644738839397956,0.15405926212613757,0.24694799152833297,0.3345188624057339,0.34,1.66,0,4.9,1.68,426,115,1.8,0.18888888888888888,NLA17_CT-10023,10.55625,8,1.6,oligo,,United States of America,-71.876784,41.503471,7010000010,7020038339.999999,7030038340,4.88235294117647,14.647058823529411,9.76470588235294,7.323529411764706,12.845233298452376,12.776860417317332,12.776860417317332
1053882,2007,summer,363.8612368390352,330.4410102228917,482,532.5768192460889,546,1708.8790663080158,0.21292392423364806,0.1933671122420617,0.2820562376256075,0.3116527258986827,0.65,3.22,0,5,2.91,517.6,242,8.4,0.07738095238095238,NLA06608-1268,69,4,37.84,eu_mixo,,United States of America,-92.461458,41.478016,7010000010,7020046750.000001,7030047060,4.953846153846154,14.86153846153846,9.907692307692308,7.43076923076923,13.729373547396921,8.869019736366665,8.869019736366665
1053882,2012,summer,354,285,407.5,505.5,537,1552,0.22809278350515463,0.18363402061855671,0.26256443298969073,0.32570876288659795,0.65,3.22,0,5,2.91,517.6,242,8.4,0.07738095238095238,NLA12_IA-104,22,12,4.8,oligo,,United States of America,-92.461458,41.478016,7010000010,7020046750.000001,7030047060,4.953846153846154,14.86153846153846,9.907692307692308,7.43076923076923,13.729373547396921,8.869019736366665,8.869019736366665
1053882,2017,summer,403.39494204559287,393.5,543.6970810328721,556.6615659527524,548,1897.2535890312174,0.2126204659080792,0.20740506291566982,0.28657059033974297,0.293403880836508,0.65,3.22,0,5,2.91,517.6,242,8.4,0.07738095238095238,NLA17_IA-10003,32.85375,5,24.16,eu_mixo,,United States of America,-92.461458,41.478016,7010000010,7020046750.000001,7030047060,4.953846153846154,14.86153846153846,9.907692307692308,7.43076923076923,13.729373547396921,8.869019736366665,8.869019736366665
1053928,2007,summer,454.25,359,545,663.5,526,2021.75,0.22468158773339927,0.17756893780140967,0.269568443180413,0.32818103128477805,0.33,1.11,0,3.4,1.88,38,289,34.6,0.00953757225433526,NLA06608-0299,18,16,3.776,oligo,,United States of America,-85.248226,41.459111,7010000010,7020024600,7030034520,3.3636363636363638,10.090909090909092,6.7272727272727275,5.045454545454546,12.845233298452376,9.496583220217868,9.496583220217868
1054054,2007,summer,553.6731295264219,405.15748580403255,545.6603320226899,982.0788688011867,495,2486.569816154331,0.22266542685808013,0.16293831091002278,0.21944299672494016,0.394953265506957,0.26,1.22,0,4.8,1.67,37,356,19.6,0.01326530612244897,NLA06608-0869,44,52,11.657,eu_mixo,,United States of America,-75.019807,41.4145,7010000010,7020038339.999999,7030038340,4.692307692307692,14.076923076923077,9.384615384615383,7.038461538461538,12.845233298452376,9.836065011769596,9.836065011769596
1054068,2017,summer,238.36339559778574,126.73207987525358,202.09219985161872,296,497,863.187675324658,0.27614318694730394,0.14681868555130576,0.2341231294522466,0.3429149980491437,0.15,0.82,0,5.3,1.42,50.9,100,7.1,0.02112676056338028,NLA17_CT-HP001,11.54375,46,8.07,dys,,United States of America,-72.527083,41.409816,7010000010,7020038339.999999,7030038340,5.466666666666667,16.400000000000002,10.933333333333334,8.200000000000001,12.845233298452376,10.0912523601944,10.0912523601944
1054078,2007,summer,133,69,124,160,492,486,0.2736625514403292,0.1419753086419753,0.2551440329218107,0.3292181069958848,0.33,1.18,0,3.6,1.72,116.3,21,4.8,0.06875,NLA06608-3846,3,15,0.896,oligo,,United States of America,-71.665722,41.404909,7010000010,7020038339.999999,7030038340,3.5757575757575757,10.727272727272728,7.151515151515151,5.363636363636364,12.845233298452376,9.804492185091599,9.804492185091599
1054080,2007,summer,429.43915144922164,408.7845429148142,519.6380317956117,523,546,1880.8617261596476,0.22832042647071804,0.2173389660862909,0.2762765728965154,0.2780640345464756,0.47,1.38,0,3,1.43,46.4,282,34.6,0.01358381502890173,NLA06608-0219,36,31,55.584,eu_mixo,,United States of America,-85.376034,41.403923,7010000010,7020024600,7030034520,2.9361702127659575,8.808510638297872,5.872340425531915,4.404255319148936,12.845233298452376,9.061157816063465,9.061157816063465
1054080,2017,summer,365,460,540,467,560,1832,0.19923580786026202,0.25109170305676853,0.29475982532751094,0.2549126637554585,0.47,1.38,0,3,1.43,46.4,282,34.6,0.01358381502890173,NLA17_IN-10005,74.015,53,92.6,eu_mixo,,United States of America,-85.376034,41.403923,7010000010,7020024600,7030034520,2.9361702127659575,8.808510638297872,5.872340425531915,4.404255319148936,12.845233298452376,9.061157816063465,9.061157816063465
1054096,2017,summer,415.6310548805953,344,471,566.4380216871524,552,1797.0690765677477,0.23128273715243933,0.19142280309948428,0.2620934309879567,0.3152010287601197,0.21,1,0,4.7,1.36,258.3,422,2.4,0.0875,NLA17_PA-10011,43.61,30,9.44,eu_mixo,,United States of America,-75.36160099999998,41.396189,7010000010,7020038339.999999,7030038340,4.761904761904763,14.285714285714286,9.5238095238095255,7.142857142857143,12.845233298452376,13.469406916326669,13.469406916326669
1054106,2012,summer,374,216.5,430.5,299,502,1320,0.2833333333333333,0.1640151515151515,0.3261363636363636,0.2265151515151515,0.65,1.88,0,2.9,1.56,46.6,252,43.3,0.01501154734411085,NLA12_IN-172,11,12,2.16,oligo,,United States of America,-85.835417,41.392595,7010000010,7020024600,7030034520,2.8923076923076922,8.676923076923076,5.7846153846153845,4.338461538461538,13.294337810625077,13.426387412090662,13.426387412090662
1054106,2017,summer,296.1113796303426,224.4125397935436,360.0724436781737,312,512.5,1192.59636310206,0.24829136562191745,0.18817141049283817,0.30192314417393495,0.2616140797113094,0.65,1.88,0,2.9,1.56,46.6,252,43.3,0.01501154734411085,NLA17_IN-10055,11.125,2,4.37,oligo,,United States of America,-85.835417,41.392595,7010000010,7020024600,7030034520,2.8923076923076922,8.676923076923076,5.7846153846153845,4.338461538461538,13.294337810625077,13.426387412090662,13.426387412090662
1054126,2007,summer,493.0456031124925,388.51633269988656,571.7206589516805,742.704754354683,513,2195.9873491187427,0.22452114913610652,0.17692102500308096,0.2603478836893637,0.33820994217144873,0.2,0.84,0,4.2,1.34,37.5,135,9.8,0.02040816326530612,NLA06608-0293,30,12,21.888,oligo,,United States of America,-73.499733,41.383617,7010000010,7020038339.999999,7030038340,4.2,12.6,8.4,6.3,12.845233298452376,11.575710030068933,11.575710030068933
1054127,2007,summer,354,258,329,459,491,1400,0.25285714285714284,0.18428571428571427,0.235,0.32785714285714285,0.65,2.38,0,3.7,1.06,207,13,5.5,0.11818181818181818,NLA06608-2566,9,59,4.432,dys,,United States of America,-71.79270800000002,41.383811,7010000010,7020038339.999999,7030038340,3.661538461538461,10.984615384615383,7.323076923076922,5.4923076923076914,13.137426825228477,11.197237491494667,11.197237491494667
1054136,2017,summer,238.88391845523773,164.64087468018712,236.08007174641702,356.8301988644449,495,996.4350637462868,0.23973857117904732,0.16522990877216676,0.23692469317451473,0.3581068268742712,0.12,0.77,0,6.3,1.27,177.8,300,2.1,0.05714285714285714,NLA17_NY-10007,16.48125,10,3.03,oligo,,United States of America,-74.028333,41.378846,7010000010,7020038339.999999,7030038340,6.416666666666668,19.250000000000004,12.833333333333336,9.625000000000002,12.845233298452376,9.249445673519865,9.249445673519865
1054154,2007,summer,255.75,174.05448273868217,248.5,238.0362931148717,495.5,916.3407758535539,0.2790992245889896,0.18994514630930154,0.271187320861638,0.2597683082400709,0.15,0.77,0,5.3,1.32,1268.9,3212,2.7,0.05555555555555555,NLA06608-1259,9,8,3.008,oligo,,United States of America,-106.247756,41.370679,7010000010,7020046750.000001,7030047060,5.133333333333335,15.400000000000004,10.26666666666667,7.700000000000002,12.845233298452376,5.029430000605334,5.029430000605334
1054192,2012,summer,335.5,325.75,437,536.5,547.5,1634.75,0.20523015751643983,0.1992659428047102,0.26731916195136873,0.32818473772748125,0.12,0.28,0,2.4,1.31,3.3,269,100,0.0012,NLA12_IN-120,44,14,21.7,eu_mixo,,United States of America,-85.44466199999998,41.353451,7010000010,7020024600,7030034520,2.3333333333333335,7,4.666666666666667,3.5,12.845233298452376,10.090276880380534,10.090276880380534
1054192,2017,summer,270.19362992002635,264.06362561882713,372.04514492695563,410.4264737987337,552.5,1316.7288742645428,0.20520065687094668,0.20054517735575558,0.2825525832983354,0.3117015824749623,0.12,0.28,0,2.4,1.31,3.3,269,100,0.0012,NLA17_IN-10053,62.285,33,20.96,eu_mixo,,United States of America,-85.44466199999998,41.353451,7010000010,7020024600,7030034520,2.3333333333333335,7,4.666666666666667,3.5,12.845233298452376,10.090276880380534,10.090276880380534
1054197,2007,summer,394.2147466906971,285,418,556.1021815339346,501,1653.3169282246317,0.23843870461909175,0.17238074269646492,0.25282508928814856,0.3363554633962948,0.23,0.6,0,2.6,1.88,7.4,9,38.3,0.00600522193211488,NLA06608-0326,5,11,1.262,oligo,,United States of America,-72.03524,41.35165,7010000010,7020038339.999999,7030038340,2.6086956521739126,7.826086956521738,5.217391304347825,3.913043478260869,12.845233298452376,6.084523288075333,6.084523288075333
1054207,2007,summer,443,368.51522131979027,545,667.2457279514873,543.5,2023.7609492712777,0.21889937156832523,0.18209424460556292,0.26930058127480194,0.3297058025513099,0.24,0.77,0,3.2,1.1,425.5,269,2.1,0.11428571428571428,NLA06608-2523,56,18,13.5,eu_mixo,,United States of America,-85.430655,41.347911,7010000010,7020024600,7030034520,3.208333333333334,9.625000000000002,6.416666666666668,4.812500000000001,12.845233298452376,12.223610786825336,12.223610786825336
1054230,2012,summer,325.5,220.5,337.5,449,498.5,1332.5,0.24427767354596622,0.16547842401500937,0.25328330206378985,0.3369606003752345,0.97,4.92,0,5.1,2.28,981.5,681,3.7,0.26216216216216215,NLA12_PA-109,10,20,11.19,oligo,,United States of America,-76.298938,41.336733,7010000010,7020038339.999999,7030038340,5.072164948453608,15.216494845360824,10.144329896907216,7.608247422680412,13.862882400047877,8.39963411204613,8.39963411204613
1054250,2017,summer,418.9980573346375,485.864622354202,563.353868813544,518.7190108435761,564,1986.9355593459595,0.21087652056142137,0.2445296326138198,0.28352900835847106,0.2610648384662878,0.59,1.94,0,3.3,2.73,32.3,211,59.1,0.00998307952622673,NLA17_IN-10171,244.5375,36,174.4,eu_mixo,,United States of America,-87.408815,41.328476,7010000010,7020046750.000001,7030047060,3.288135593220339,9.864406779661017,6.576271186440678,4.932203389830509,13.290846197227037,9.208704676962666,9.208704676962666
1054251,2012,summer,324.5,317,459.75,406,547,1507.25,0.2152927517001161,0.21031680212307183,0.30502570907281473,0.26936473710399733,0.15,0.46,0,3,1.5,15.7,269,32.7,0.00458715596330275,NLA12_IN-185,64,22,30,eu_mixo,,United States of America,-85.45847399999998,41.328016,7010000010,7020024600,7030034520,3.066666666666667,9.200000000000001,6.133333333333334,4.6000000000000005,12.845233298452376,6.7923931506116,6.7923931506116
1054334,2007,summer,282.9093254808688,254.10115522053007,366.0839907991224,381.56594930078325,539,1284.6604208013046,0.22022109570745912,0.19779636011673415,0.28496557134591116,0.29701697282989553,0.36,1.25,0,3.5,1.75,240.3,234,4.4,0.0818181818181818,NLA06608-2219,33,16,20.52,eu_mixo,,United States of America,-86.412822,41.294483,7010000010,7020046750.000001,7030047060,3.4722222222222223,10.416666666666666,6.944444444444445,5.208333333333333,12.845233298452376,10.507673412590398,10.507673412590398
1054337,2007,summer,314.5,306,456.5,438,549.5,1515,0.2075907590759076,0.201980198019802,0.30132013201320135,0.2891089108910891,0.37,1.95,0,5.3,2.29,256.5,260,12.4,0.02983870967741935,NLA06608-0008,72.5,10,89.22,eu_mixo,,United States of America,-93.594445,41.292817,7010000010,7020046750.000001,7030047060,5.27027027027027,15.810810810810809,10.54054054054054,7.905405405405404,13.129303305430637,10.471227296495602,10.471227296495602
1054349,2012,summer,251,196.25,302.75,282.5,515.5,1032.5,0.2430992736077482,0.1900726392251816,0.29322033898305083,0.2736077481840194,0.47,1.37,0,2.9,1.17,14.9,253,98.5,0.00477157360406091,NLA12_IN-128,41,17.5,4.84,eu_mixo,,United States of America,-85.69666999999998,41.285143,7010000010,7020046750.000001,7030047060,2.914893617021277,8.744680851063832,5.829787234042554,4.372340425531916,12.845233298452376,9.841859011401867,9.841859011401867
1054349,2017,summer,288.9172730699504,191.9060275597709,296.7493230898044,337.8332723394266,503.5,1115.4058960589523,0.2590243373204119,0.1720503972928866,0.2660460413005746,0.30287922408612694,0.47,1.37,0,2.9,1.17,14.9,253,98.5,0.00477157360406091,NLA17_IN-10011,19.31625,13,6.13,oligo,,United States of America,-85.69666999999998,41.285143,7010000010,7020046750.000001,7030047060,2.914893617021277,8.744680851063832,5.829787234042554,4.372340425531916,12.845233298452376,9.841859011401867,9.841859011401867
1054354,2012,summer,254,232,288,352,495,1126,0.2255772646536412,0.20603907637655416,0.2557726465364121,0.31261101243339257,0.24,0.87,0,3.6,1.18,841.7,581,0.6,0.4,NLA12_PA-118,14,10,5.19,oligo,,United States of America,-75.485372,41.281276,7010000010,7020038339.999999,7030038340,3.625,10.875,7.25,5.4375,12.845233298452376,7.844961708896535,7.844961708896535
1054360,2012,summer,373,329.5,459,343,526,1504.5,0.2479228979727484,0.21900963775340646,0.3050847457627119,0.22798271851113328,0.78,2.6,0,3.3,2.01,147.4,272,19.2,0.040625,NLA12_IN-144,31,30,7.4,eu_mixo,,United States of America,-85.54238599999998,41.277322,7010000010,7020046750.000001,7030047060,3.3333333333333335,10.000000000000002,6.666666666666667,5.000000000000001,13.583039724003136,15.58931135780533,15.58931135780533
1054418,2007,summer,304.2523351579998,259.049071515638,338.5617168204973,252.5,510.5,1154.363123494135,0.2635672683627143,0.2244086511803356,0.29328874938044347,0.2187353310765067,0.42,0.79,0,1.9,1.6,16.2,2194,263.2,0.00159574468085106,NLA06608-2379,12,20,1.416,oligo,,United States of America,-105.716356,41.251336,7010000010,7020046750.000001,7030047060,1.8809523809523812,5.642857142857143,3.7619047619047623,2.8214285714285716,12.845233298452376,2.800674666157867,2.800674666157867
1054435,2007,summer,442.1116398602006,365,511.8146165950567,555.6182716815092,510.5,1874.5445281367665,0.23585016692009153,0.19471396625760476,0.2730341205091474,0.29640174631315636,0.45,1.55,0,3.4,1.16,172.6,274,9.8,0.04591836734693877,NLA06608-1499,17,10,2.907,oligo,,United States of America,-85.431224,41.24442,7010000010,7020046750.000001,7030047060,3.4444444444444446,10.333333333333336,6.888888888888889,5.166666666666668,12.845233298452376,11.643862833659597,11.643862833659597
1054453,2012,summer,383,248.5,473.5,309.5,513.5,1414.5,0.27076705549664193,0.17568045245669847,0.33474726051608344,0.21880523153057618,0.4,0.88,0,2.2,1.08,1020.7,226,1.3,0.3076923076923077,NLA12_OH-112,26,18,8.587,oligo,,United States of America,-83.021724,41.23653,7010000010,7020024600,7030034520,2.2,6.6,4.4,3.3,12.845233298452376,14.941287327017335,14.941287327017335
1054453,2017,summer,376.93782843565555,222.78839943937936,389.4710757267982,346.84088202214,499.5,1336.0381856239733,0.2821310292561835,0.16675301786777144,0.2915119342527643,0.25960401862328064,0.4,0.88,0,2.2,1.08,1020.7,226,1.3,0.3076923076923077,NLA17_OH-10007,26.82625,16,0.63,oligo,,United States of America,-83.021724,41.23653,7010000010,7020024600,7030034520,2.2,6.6,4.4,3.3,12.845233298452376,14.941287327017335,14.941287327017335
1054458,2012,summer,298,241,386,429,542,1354,0.22008862629246675,0.1779911373707533,0.28508124076809455,0.3168389955686854,0.93,5.59,0,6,1.74,300.8,419,11.3,0.08230088495575222,NLA12_PA-111,36,10,19.22,eu_mixo,,United States of America,-79.66041699999998,41.236013,7010000010,7020046750.000001,7030047060,6.010752688172043,18.032258064516128,12.021505376344086,9.016129032258064,13.716548576654093,19.602779356394798,19.602779356394798
1054467,2012,summer,172,92,173,159,495.5,596,0.28859060402684567,0.15436241610738255,0.2902684563758389,0.26677852348993286,0.16,1.34,0,8.5,1.2,554.5,1657,1.5,0.10666666666666667,NLA12_CA-116,62.6,25,1.4,eu_mixo,,United States of America,-122.381764,41.229395,7010000010,7020000010,7030008720,8.375,25.125,16.75,12.5625,12.845233298452376,6.152229063031601,6.152229063031601
1054471,2007,summer,474.62645805071423,406.1982692142093,583.7588483167837,710.9433953701254,530,2175.5269709518325,0.2181662026663161,0.18671258717444913,0.2683298603562605,0.3267913498029743,0.23,0.98,0,4.2,1.29,75.5,261,13.7,0.01678832116788321,NLA06608-1755,30,10,12.6,oligo,,United States of America,-85.649304,41.226923,7010000010,7020046750.000001,7030047060,4.260869565217391,12.782608695652172,8.521739130434781,6.391304347826086,12.845233298452376,11.005140797900001,11.005140797900001
1054471,2012,summer,294,241,363.5,393,530.5,1291.5,0.22764227642276422,0.18660472319008906,0.28145567169957414,0.3042973286875726,0.23,0.98,0,4.2,1.29,75.5,261,13.7,0.01678832116788321,NLA12_IN-106,29,22,8.48,dys,,United States of America,-85.649304,41.226923,7010000010,7020046750.000001,7030047060,4.260869565217391,12.782608695652172,8.521739130434781,6.391304347826086,12.845233298452376,11.005140797900001,11.005140797900001
1054471,2017,summer,210,238,298,336,558,1082,0.19408502772643252,0.2199630314232902,0.2754158964879852,0.31053604436229204,0.23,0.98,0,4.2,1.29,75.5,261,13.7,0.01678832116788321,NLA17_IN-10031,67.7125,20,22.08,eu_mixo,,United States of America,-85.649304,41.226923,7010000010,7020046750.000001,7030047060,4.260869565217391,12.782608695652172,8.521739130434781,6.391304347826086,12.845233298452376,11.005140797900001,11.005140797900001
1054473,2007,summer,775,866,1007,486,562,3134,0.24728781110402043,0.2763241863433312,0.3213146139119336,0.15507338864071474,0.72,1.76,0,2.4,2.19,6,1467,3216.3,2.2385971457886388e-4,NLA06608-0891,133,5,30.677,eu_mixo,,United States of America,-103.811508,41.226195,7010000010,7020046750.000001,7030047060,2.4444444444444446,7.333333333333333,4.888888888888889,3.6666666666666665,13.583039724003136,6.593440181000001,6.400800228
1054521,2017,summer,235,205,244,326,492,1010,0.23267326732673269,0.20297029702970298,0.24158415841584158,0.3227722772277228,0.45,2.29,0,5.1,1.27,28,380,48.9,0.00920245398773006,NLA17_PA-10030,50.275,210,30.72,eu_mixo,,United States of America,-74.99564599999998,41.199805,7010000010,7020038339.999999,7030038340,5.088888888888889,15.266666666666664,10.177777777777777,7.633333333333332,12.845233298452376,9.565576169139332,9.565576169139332
1054554,2007,summer,435,428.5,473,403,554,1739.5,0.2500718597298074,0.2463351537798218,0.27191721759126186,0.23167576889910893,0.5,2.26,0,4.5,1.94,179.2,2197,76.9,0.00650195058517555,NLA06608-0955,10,14,2.784,oligo,,United States of America,-105.228125,41.177163,7010000010,7020046750.000001,7030047060,4.52,13.559999999999999,9.04,6.779999999999999,13.129303305430637,4.5672959014008,4.5672959014008
1054555,2007,summer,331,228,345,549,517,1453,0.2278045423262216,0.15691672401927048,0.23743977976600136,0.3778389538885065,0.84,2.91,0,3.4,2.33,46.2,249,60.8,0.01381578947368421,NLA06608-0139,33,16,12.8,eu_mixo,,United States of America,-85.94374999999998,41.176752,7010000010,7020046750.000001,7030047060,3.464285714285715,10.392857142857144,6.92857142857143,5.196428571428572,13.716548576654093,14.115990506884001,14.115990506884001
1054567,2012,summer,854,1069.5,1090,399,570,3412.5,0.25025641025641027,0.3134065934065934,0.3194139194139194,0.11692307692307692,0.65,4.5,0,6.9,1.45,108.7,1569,262.1,0.00247996947729874,NLA12_NV-137,230,15,4.288,eu_mixo,,United States of America,-119.821875,41.167674,7010000010,7020000010,7030073620.000001,6.923076923076923,20.769230769230774,13.846153846153847,10.384615384615387,13.294337810625077,6.197539789484797,6.197539789484797
1054643,2007,summer,389,353,470.65818092960023,375,545,1587.6581809296003,0.24501495641349827,0.2223400504215036,0.2964480557483866,0.23619693741661146,0.49,1.45,0,3,1.57,13.1,1770,918.4,5.335365853658537e-4,NLA06608-1723,1537,19,2.824,eu_mixo,,United States of America,-104.63715800000001,41.127151,7010000010,7020046750.000001,7030047060,2.9591836734693877,8.877551020408163,5.918367346938775,4.438775510204081,12.845233298452376,3.0851077751164,3.0851077751164
1054643,2012,summer,402,356,409,277,556,1444,0.278393351800554,0.24653739612188366,0.2832409972299169,0.19182825484764543,0.49,1.45,0,3,1.57,13.1,1770,918.4,5.335365853658537e-4,NLA12_WY-107,1528,30,3.44,eu_mixo,,United States of America,-104.63715800000001,41.127151,7010000010,7020046750.000001,7030047060,2.9591836734693877,8.877551020408163,5.918367346938775,4.438775510204081,12.845233298452376,3.0851077751164,3.0851077751164
1054666,2012,summer,419,485.5,593.5,656.5,559.5,2154.5,0.19447667672313762,0.2253423067997215,0.2754699466233465,0.30471106985379437,0.32,1.18,0,3.7,1.35,6,260,224.7,0.00142412105028927,NLA12_OH-136,185,25,204.48,eu_mixo,,United States of America,-82.085417,41.11403,7010000010,7020024600,7030034520,3.6875000000000004,11.062500000000002,7.375000000000001,5.531250000000001,12.845233298452376,5.209461044637199,5.209461044637199
1054666,2017,summer,356.5,369.5,510,657,552,1893,0.18832540940306391,0.19519281563655574,0.2694136291600634,0.347068145800317,0.32,1.18,0,3.7,1.35,6,260,224.7,0.00142412105028927,NLA17_OH-10024,175.50375,55,205.92,eu_mixo,,United States of America,-82.085417,41.11403,7010000010,7020024600,7030034520,3.6875000000000004,11.062500000000002,7.375000000000001,5.531250000000001,12.845233298452376,5.209461044637199,5.209461044637199
1054690,2007,summer,308.47416781484515,316,448.7059681892397,395,551,1468.180136004085,0.2101064850628022,0.21523244474622205,0.3056205142581981,0.2690405559327776,0.63,2.01,0,3.2,2.99,54.5,255,49.5,0.01272727272727272,NLA06608-0303,79,15,84.24,eu_mixo,,United States of America,-82.730658,41.100834,7010000010,7020024600,7030034520,3.19047619047619,9.57142857142857,6.38095238095238,4.785714285714285,13.729373547396921,13.357194580126398,13.357194580126398
1054690,2012,summer,308,268,434,341,550,1351,0.22797927461139897,0.19837157660991858,0.32124352331606215,0.2524056254626203,0.63,2.01,0,3.2,2.99,54.5,255,49.5,0.01272727272727272,NLA12_OH-104,88,36,53.92,eu_mixo,,United States of America,-82.730658,41.100834,7010000010,7020024600,7030034520,3.19047619047619,9.57142857142857,6.38095238095238,4.785714285714285,13.729373547396921,13.357194580126398,13.357194580126398
1054690,2017,summer,274,311,445.5,437.5,553.5,1468,0.18664850136239783,0.21185286103542234,0.3034741144414169,0.29802452316076294,0.63,2.01,0,3.2,2.99,54.5,255,49.5,0.01272727272727272,NLA17_OH-10002,85.02125,25,49.12,eu_mixo,,United States of America,-82.730658,41.100834,7010000010,7020024600,7030034520,3.19047619047619,9.57142857142857,6.38095238095238,4.785714285714285,13.729373547396921,13.357194580126398,13.357194580126398
1054708,2012,summer,473,319,633,325,514,1750,0.2702857142857143,0.18228571428571427,0.3617142857142857,0.18571428571428572,0.28,0.49,0,1.7,1.53,196,323,5,0.05600000000000001,NLA12_NE-157,47,15,15.76,eu_mixo,,United States of America,-96.353574,41.091558,7010000010,7020046750.000001,7030047060,1.7499999999999998,5.249999999999999,3.4999999999999996,2.6249999999999996,12.845233298452376,11.149099019322668,11.149099019322668
1054708,2017,summer,412.0804261936743,388.2573558718754,586.3608378081293,318.5942878855435,550,1705.2929077592225,0.24164788601340836,0.2276778107181896,0.3438475789936963,0.18682672427470576,0.28,0.49,0,1.7,1.53,196,323,5,0.05600000000000001,NLA17_NE-10012,47.36,7,30.4,eu_mixo,,United States of America,-96.353574,41.091558,7010000010,7020046750.000001,7030047060,1.7499999999999998,5.249999999999999,3.4999999999999996,2.6249999999999996,12.845233298452376,11.149099019322668,11.149099019322668
1054733,2007,summer,331.71143565946176,376.2996301301871,467.9360610399965,416.76267012560896,558,1592.7097969552544,0.20826859751449175,0.23626377564170836,0.29379869574139544,0.2616689311024044,0.87,2.95,0,3.4,1.41,57.5,219,43.7,0.01990846681922196,NLA06608-3147,46,20,37.656,eu_mixo,,United States of America,-86.467708,41.079446,7010000010,7020046750.000001,7030047060,3.3908045977011496,10.172413793103448,6.781609195402299,5.086206896551724,13.555005684857694,10.990664665255999,10.990664665255999
1054733,2012,summer,287,290,441,265,552,1283,0.22369446609508964,0.2260327357755261,0.34372564302416214,0.20654715510522215,0.87,2.95,0,3.4,1.41,57.5,219,43.7,0.01990846681922196,NLA12_IN-108,58,16,17.2,eu_mixo,,United States of America,-86.467708,41.079446,7010000010,7020046750.000001,7030047060,3.3908045977011496,10.172413793103448,6.781609195402299,5.086206896551724,13.555005684857694,10.990664665255999,10.990664665255999
1054733,2017,summer,378,507,651,661.0187641829673,561,2197.018764182967,0.17205132981218374,0.2307672598274528,0.29631062356542753,0.300870786794936,0.87,2.95,0,3.4,1.41,57.5,219,43.7,0.01990846681922196,NLA17_IN-10008,56.1925,29,38.4,eu_mixo,,United States of America,-86.467708,41.079446,7010000010,7020046750.000001,7030047060,3.3908045977011496,10.172413793103448,6.781609195402299,5.086206896551724,13.555005684857694,10.990664665255999,10.990664665255999
1054770,2017,summer,376.97918175164193,406.59797782129647,557.1353656614522,696.749598164484,549,2037.4621233988746,0.1850238968480891,0.19956099951591427,0.27344575354954054,0.3419693500864561,0.69,2.89,0,4.2,2.71,110.7,378,42.5,0.01623529411764705,NLA17_IA-10039,460.86965,35,137.6,eu_mixo,,United States of America,-94.396875,41.060616,7010000010,7020046750.000001,7030047060,4.18840579710145,12.56521739130435,8.3768115942029,6.282608695652175,13.729373547396921,17.3741345515788,17.3741345515788
1054774,2012,summer,460,370,523.5,415.5,513,1769,0.26003391746749577,0.2091577162238553,0.2959299039005088,0.2348784624081402,0.33,1.23,0,3.7,1.52,6.9,290,162.2,0.00203452527743526,NLA12_OH-137,41,20,36.25714286,eu_mixo,,United States of America,-81.544971,41.058818,7010000010,7020024600,7030034520,3.727272727272727,11.18181818181818,7.454545454545454,5.59090909090909,12.845233298452376,11.268283600002402,11.268283600002402
1054796,2007,summer,294,259.2448174901579,354,460,564,1367.2448174901579,0.21503098511625288,0.18961111731697905,0.25891485962977384,0.33644303793699426,0.18,0.49,0,2.7,1.37,91.7,258,5,0.036,NLA06608-1867,74,64,52.704,eu_mixo,,United States of America,-85.978369,41.04261,7010000010,7020046750.000001,7030047060,2.7222222222222223,8.166666666666668,5.444444444444445,4.083333333333334,12.845233298452376,13.8505609533948,13.8505609533948
1054806,2007,summer,391.53064110848857,442.07827240603626,572.3456961706485,626.6182716815092,557,2032.5728813666824,0.1926280945189169,0.21749688606924003,0.28158680134795894,0.3082882180638842,0.28,0.86,0,3.1,1.31,90.6,399,19.9,0.01407035175879397,NLA06608-3160,237,21,271.44,eu_mixo,,United States of America,-96.839583,41.035417,7010000010,7020046750.000001,7030047060,3.0714285714285707,9.214285714285714,6.1428571428571415,4.607142857142857,12.845233298452376,6.788068269456534,6.705599785
1054806,2012,summer,365,402,544,560,551,1871,0.19508284339925175,0.21485836451095672,0.290753607696419,0.2993051843933725,0.28,0.86,0,3.1,1.31,90.6,399,19.9,0.01407035175879397,NLA12_NE-106,144,12,98.66666667,eu_mixo,,United States of America,-96.839583,41.035417,7010000010,7020046750.000001,7030047060,3.0714285714285707,9.214285714285714,6.1428571428571415,4.607142857142857,12.845233298452376,6.788068269456534,6.705599785
1054890,2007,summer,398,345,576.7357770734368,662,540,1981.7357770734368,0.20083403882820014,0.1740898075269574,0.2910255664481879,0.33405058719665454,0.45,1.14,0,2.6,2.34,55.9,233,27.2,0.01654411764705882,NLA06608-1532,59,9,42.66,eu_mixo,,United States of America,-90.408829,40.988194,7010000010,7020046750.000001,7030047060,2.533333333333333,7.599999999999999,5.066666666666666,3.7999999999999994,13.290846197227037,11.744599200481735,11.744599200481735
1054890,2012,summer,421,389,598,461,543,1869,0.2252541466024612,0.2081326912787587,0.31995719636169073,0.24665596575708934,0.45,1.14,0,2.6,2.34,55.9,233,27.2,0.01654411764705882,NLA12_IL-103,71.5,15,36.96,eu_mixo,,United States of America,-90.408829,40.988194,7010000010,7020046750.000001,7030047060,2.533333333333333,7.599999999999999,5.066666666666666,3.7999999999999994,13.290846197227037,11.744599200481735,11.744599200481735
1054890,2017,summer,368.30255895349757,267,419,347,513,1401.3025589534975,0.2628287207500345,0.19053701022240155,0.2990075179145552,0.24762675111300875,0.45,1.14,0,2.6,2.34,55.9,233,27.2,0.01654411764705882,NLA17_IL-10002,58.55125,10,50.72,eu_mixo,,United States of America,-90.408829,40.988194,7010000010,7020046750.000001,7030047060,2.533333333333333,7.599999999999999,5.066666666666666,3.7999999999999994,13.290846197227037,11.744599200481735,11.744599200481735
1054943,2007,summer,366.8920651243057,289,429,721.853671444988,522,1806.7457365692935,0.20306790141980469,0.15995609905174726,0.23744348267543108,0.39953251685301705,0.25,0.95,0,3.8,1.72,40.8,176,12.8,0.01953125,NLA06608-0781,34,7,17.92,eu_mixo,,United States of America,-74.787771,40.949399,7010000010,7020038339.999999,7030038340,3.8,11.4,7.6,5.7,12.845233298452376,10.640812010357335,10.640812010357335
1054943,2012,summer,262,210,308,346,516,1126,0.23268206039076378,0.18650088809946713,0.27353463587921845,0.30728241563055064,0.25,0.95,0,3.8,1.72,40.8,176,12.8,0.01953125,NLA12_NJ-101,49.5,13.5,16.52952381,eu_mixo,,United States of America,-74.787771,40.949399,7010000010,7020038339.999999,7030038340,3.8,11.4,7.6,5.7,12.845233298452376,10.640812010357335,10.640812010357335
1054943,2017,summer,294.838227385994,250.89948953975755,351.2626093065125,371.9940176039674,527,1268.9943438362316,0.23234006425488368,0.19771521501134212,0.27680392037416696,0.2931408003596071,0.25,0.95,0,3.8,1.72,40.8,176,12.8,0.01953125,NLA17_NJ-10001,35.159375,8.5,17.15,eu_mixo,,United States of America,-74.787771,40.949399,7010000010,7020038339.999999,7030038340,3.8,11.4,7.6,5.7,12.845233298452376,10.640812010357335,10.640812010357335
1054950,2012,summer,344,326.5,391.5,331.5,530.5,1393.5,0.2468604233943308,0.2343021169716541,0.28094725511302476,0.2378902045209903,0.18,0.48,0,2.7,1.12,367.1,2409,7.5,0.024,NLA12_CO-131,47.5,24,12.5737362615,eu_mixo,,United States of America,-106.012975,40.946384,7010000010,7020046750.000001,7030047060,2.666666666666667,8,5.333333333333334,4,12.845233298452376,4.7376035610152005,4.7376035610152005
1054967,2007,summer,412.5,305.5,465.31814859661347,549.3679747222918,521.5,1732.6861233189052,0.2380696621554684,0.1763158346387772,0.2685530531665547,0.3170614500391998,0.25,1.11,0,4.4,1.45,100,53,5.7,0.04385964912280701,NLA06608-1273,197,16,195.84,eu_mixo,,United States of America,-74.25624999999998,40.934757,7010000010,7020038339.999999,7030038340,4.44,13.320000000000002,8.88,6.660000000000001,12.845233298452376,12.141641405037335,12.141641405037335
1054982,2007,summer,438.91703926395746,403.61580980547944,516.3792458726457,704.0238652939469,531,2062.9359602360296,0.21276328869352737,0.1956511581480697,0.2503127851887193,0.34127276796968353,0.8,4.56,0,5.7,1.88,467.4,246,5.2,0.15384615384615383,NLA06608-0077,151.66666666666666,15.666666666666666,80.592,eu_mixo,,United States of America,-74.533018,40.924775,7010000010,7020038339.999999,7030038340,5.699999999999999,17.099999999999998,11.399999999999999,8.549999999999999,13.583039724003136,16.552572696057336,16.552572696057336
1054982,2017,summer,406,384.84174639238336,444.88973946499874,488.94998209743926,547,1724.6814679548213,0.23540578799251952,0.22313786837910432,0.25795472829690824,0.28350161533146795,0.8,4.56,0,5.7,1.88,467.4,246,5.2,0.15384615384615383,NLA17_NJ-10002,36.11375,13,16.32,eu_mixo,,United States of America,-74.533018,40.924775,7010000010,7020038339.999999,7030038340,5.699999999999999,17.099999999999998,11.399999999999999,8.549999999999999,13.583039724003136,16.552572696057336,16.552572696057336
1054986,2012,summer,370.5,426,479,235.5,560.5,1511,0.24520185307743217,0.2819324950363997,0.3170086035737922,0.1558570483123759,0.71,4.31,0,6,1.32,49836.3,2803,1.1,0.6454545454545454,NLA12_UT-343,85,35,0.3148,eu_mixo,,United States of America,-110.122586,40.922759,7010000010,7020000010,7030008710,6.070422535211267,18.211267605633804,12.140845070422534,9.105633802816902,13.137426825228477,7.747073757180531,7.747073757180531
1055002,2007,summer,248.4371777256994,243.82010722098858,366.0839907991224,419.41160747615226,527,1277.7528832219625,0.19443288368815412,0.19081945376337203,0.28650609644958147,0.3282415660988925,0.15,0.28,0,1.9,1.31,141.7,241,1.8,0.08333333333333333,NLA06608-1163,11,10,4.005,oligo,,United States of America,-86.335755,40.91153,7010000010,7020046750.000001,7030047060,1.866666666666667,5.6000000000000005,3.733333333333334,2.8000000000000003,12.845233298452376,16.783374063977465,16.783374063977465
1055043,2012,summer,236,192,253,215,533,896,0.26339285714285715,0.21428571428571427,0.28236607142857145,0.23995535714285715,0.31,1.18,0,3.8,1.67,-1,2624,0.5,0.62,NLA12_UT-229,37,25,3.516,eu_mixo,,United States of America,-109.855208,40.889554,7010000010,7020000010,7030008710,3.806451612903226,11.419354838709678,7.612903225806452,5.709677419354839,12.845233298452376,6.110822143619201,6.110822143619201
1055071,2012,summer,459,528,615,338,557,1940,0.2365979381443299,0.2721649484536082,0.3170103092783505,0.17422680412371133,0.19,0.96,0,5,1.29,173.4,2528,86.6,0.00219399538106235,NLA12_UT-412,54,22,9.28,eu_mixo,,United States of America,-109.81077,40.863438,7010000010,7020000010,7030008710,5.052631578947368,15.157894736842106,10.105263157894736,7.578947368421053,12.845233298452376,4.348296479641335,4.348296479641335
1055073,2007,summer,267.20436804109414,258.76279361614337,374.9581898470699,469.5,550.5,1370.4253515043074,0.19497914844306227,0.18881932775988203,0.2736071610434531,0.34259436275360255,0.1,0.4,0,4,1.37,0.8,135,340,2.9411764705882356e-4,NLA06608-0377,46,12,44.928,eu_mixo,,United States of America,-76.772209,40.861506,7010000010,7020038339.999999,7030038340,4,12,8,6,12.845233298452376,5.424778517035999,5.424778517035999
1055089,2017,summer,309.82712721020437,314,455,267.29888537253777,552,1346.126012582742,0.2301620534141192,0.23326196586718095,0.33800698875658386,0.198568991962116,0.58,3.37,0,5.8,1.14,299.9,1698,81.3,0.0071340713407134,NLA17_CA-10089,190.6225,30,8.85,eu_mixo,,United States of America,-120.092803,40.851638,7010000010,7020000010,7030073620.000001,5.810344827586207,17.431034482758623,11.620689655172415,8.715517241379311,12.845233298452376,5.688990537828133,5.688990537828133
1055151,2007,summer,431.2839512832459,476.9853678906505,778.5382696384274,460.288264463054,553,2147.095853275378,0.20086851298479555,0.22215373718085898,0.36260061163583984,0.2143771381985056,0.86,6.11,0,7.1,2.29,83.6,197,57,0.01508771929824561,NLA06608-1401,29,5,37.296,oligo,,United States of America,-77.19388399999998,40.798369,7010000010,7020038339.999999,7030038340,7.104651162790699,21.313953488372096,14.209302325581397,10.656976744186048,13.716548576654093,20.469400827507993,20.469400827507993
1055152,2017,summer,253,170,257,350,499,1030,0.24563106796116504,0.1650485436893204,0.24951456310679612,0.33980582524271846,0.23,1.03,0,4.5,1.46,137.7,334,4.4,0.05227272727272727,NLA17_PA-10042,9.9175,12,2.37,oligo,,United States of America,-75.922285,40.797561,7010000010,7020038339.999999,7030038340,4.478260869565218,13.434782608695652,8.956521739130435,6.717391304347826,12.845233298452376,11.803009353960402,11.803009353960402
1055195,2012,summer,372,396,551,488,553,1807,0.2058660763696735,0.21914775871610404,0.30492529053680134,0.27006087437742116,0.6,1.66,0,2.7,1.32,88.1,377,39.2,0.01530612244897959,NLA12_NE-170,319,35,248.76,eu_mixo,,United States of America,-96.848228,40.765187,7010000010,7020046750.000001,7030047060,2.766666666666667,8.3,5.533333333333334,4.15,12.845233298452376,6.616757168256797,4.87680006
1055202,2007,summer,406.38429187515743,361.52015211476817,523,520.8285214132751,541,1811.7329654032005,0.22430694789765376,0.19954383952731797,0.288673888474291,0.2874753241007374,0.2,1.07,0,5.2,1.56,51.2,100,10.9,0.01834862385321101,NLA06608-0761,12,19,54,oligo,,United States of America,-74.28632,40.761097,7010000010,7020038339.999999,7030038340,5.35,16.049999999999997,10.7,8.024999999999999,12.845233298452376,9.892430054658266,9.892430054658266
1055202,2012,summer,411,375,581,429,542,1796,0.22884187082405344,0.20879732739420936,0.3234966592427617,0.2388641425389755,0.2,1.07,0,5.2,1.56,51.2,100,10.9,0.01834862385321101,NLA12_NJ-103,57,16,35.76,eu_mixo,,United States of America,-74.28632,40.761097,7010000010,7020038339.999999,7030038340,5.35,16.049999999999997,10.7,8.024999999999999,12.845233298452376,9.892430054658266,9.892430054658266
1055205,2012,summer,332.5,317.5,392,402,554.5,1444,0.23026315789473684,0.21987534626038782,0.27146814404432135,0.278393351800554,0.33,1.21,0,3.6,2.07,215,250,7.8,0.04230769230769231,NLA12_IA-127,50,15,14.34666667,eu_mixo,,United States of America,-92.442333,40.759388,7010000010,7020046750.000001,7030047060,3.666666666666666,10.999999999999998,7.333333333333332,5.499999999999999,13.002144283848976,8.51737836016627,8.51737836016627
1055205,2017,summer,410.04564939172764,401.9879263783166,497.38170721354425,436.0102725791311,549.5,1745.4255555627196,0.23492588846593931,0.23030940798200758,0.2849630026490531,0.249801700903,0.33,1.21,0,3.6,2.07,215,250,7.8,0.04230769230769231,NLA17_IA-10007,53.68,0,22.27,eu_mixo,,United States of America,-92.442333,40.759388,7010000010,7020046750.000001,7030047060,3.666666666666666,10.999999999999998,7.333333333333332,5.499999999999999,13.002144283848976,8.51737836016627,8.51737836016627
1055207,2007,summer,340,318,446,506,544,1610,0.2111801242236025,0.19751552795031055,0.27701863354037265,0.3142857142857143,0.23,0.62,0,2.7,1.51,342.5,306,2.6,0.08846153846153847,NLA06608-1460,22,10,4.459,oligo,,United States of America,-93.234375,40.756928,7010000010,7020046750.000001,7030047060,2.6956521739130435,8.08695652173913,5.391304347826087,4.043478260869565,12.845233298452376,14.29782322756933,14.29782322756933
1055252,2017,summer,375.19198028997903,424.52976497317604,527.8440171623885,452.5787760111722,560,1780.1445384367157,0.21076489700070336,0.23848050301914747,0.29651750504817415,0.25423709493197505,0.55,1.55,0,2.8,1.56,142.2,379,22.1,0.0248868778280543,NLA17_NE-10060,279.9625,20,85.28,eu_mixo,,United States of America,-96.783017,40.729534,7010000010,7020046750.000001,7030047060,2.8181818181818183,8.454545454545455,5.636363636363637,4.2272727272727275,13.002144283848976,6.696795619578665,4.267199993
1055263,2007,summer,344.5,326.32495063004086,416.8490792369275,319.78975489135144,546,1407.46378475832,0.24476651103257707,0.2318531774414893,0.2961703766385051,0.2272099348874284,0.32,1.63,0,5.1,1.42,53.8,2185,201.9,0.00158494304110946,NLA06608-2655,102,30,29.457,eu_mixo,,United States of America,-109.18266,40.719853,7010000010,7020000010,7030008710,5.093749999999999,15.28125,10.187499999999998,7.640625,12.845233298452376,3.5103529363160013,3.5103529363160013
1055263,2012,summer,307,274,367,324,534,1272,0.24135220125786164,0.21540880503144655,0.28852201257861637,0.25471698113207547,0.32,1.63,0,5.1,1.42,53.8,2185,201.9,0.00158494304110946,NLA12_UT-109,96,31,33.6,eu_mixo,,United States of America,-109.18266,40.719853,7010000010,7020000010,7030008710,5.093749999999999,15.28125,10.187499999999998,7.640625,12.845233298452376,3.5103529363160013,3.5103529363160013
1055263,2017,summer,264.5,257,334.5,228.5,532.5,1084.5,0.24389119409866297,0.23697556477639464,0.3084370677731674,0.210696173351775,0.32,1.63,0,5.1,1.42,53.8,2185,201.9,0.00158494304110946,NLA17_UT-10003,142.31125,32,109.03,eu_mixo,,United States of America,-109.18266,40.719853,7010000010,7020000010,7030008710,5.093749999999999,15.28125,10.187499999999998,7.640625,12.845233298452376,3.5103529363160013,3.5103529363160013
1055291,2007,summer,331.7926304397047,207.38998515533757,399.945669175733,208.68573187903144,506.5,1147.8140166498067,0.2890648011148423,0.18068256890664142,0.348441178949076,0.18181145102944024,0.23,0.87,0,3.7,1.21,834.6,2476,5.4,0.04259259259259259,NLA06608-1675,16,6,3.008,oligo,,United States of America,-106.45523,40.704002,7010000010,7020046750.000001,7030047060,3.782608695652174,11.34782608695652,7.565217391304348,5.67391304347826,12.845233298452376,6.176924084856534,6.176924084856534
1055318,2007,summer,281.40777257587683,244.8478354285599,301.5983004256687,216.82290696009574,511,1044.676815390201,0.26937304286854225,0.2343766338272817,0.2887000993824273,0.20755022392174888,0.2,1.16,0,5.9,1.12,406.5,2994,8.1,0.02469135802469136,NLA06608-2685,7,11,2.432,oligo,,United States of America,-110.95585,40.681882,7010000010,7020000010,7030073620.000001,5.8,17.4,11.6,8.7,12.845233298452376,5.011740028989867,5.011740028989867
1055321,2012,summer,247.5,201.5,255,198.75,502,902.75,0.27416228191636666,0.22320686790362781,0.28247022985322623,0.2201606203267793,0.37,2,0,5.4,1.26,2099.2,3047,2.8,0.13214285714285717,NLA12_UT-324,19,15,1.850666667,oligo,,United States of America,-110.964956,40.677587,7010000010,7020000010,7030073620.000001,5.405405405405405,16.216216216216218,10.81081081081081,8.108108108108109,12.845233298452376,5.370417452100268,5.370417452100268
1055324,2012,summer,276.5,158,296,504,499,1234.5,0.22397731875253138,0.1279870392871608,0.2397731875253139,0.4082624544349939,0.14,0.73,0,5.4,1.51,21.4,429,23.3,0.00600858369098712,NLA12_PA-R10,10,5,0.396,oligo,,United States of America,-78.326857,40.677257,7010000010,7020038339.999999,7030038340,5.2142857142857135,15.642857142857142,10.428571428571427,7.821428571428571,12.845233298452376,9.423948098034797,9.423948098034797
1055394,2012,summer,643,761.5,836,291.5,563.5,2532,0.2539494470774092,0.30075039494470773,0.330173775671406,0.11512638230647709,0.29,1.71,0,5.8,1.49,34.4,1329,311.7,9.30381777350016e-4,NLA12_CA-154,166,60,3.3,eu_mixo,,United States of America,-119.998958,40.628135,7010000010,7020000010,7030073620.000001,5.896551724137931,17.689655172413794,11.793103448275861,8.844827586206897,12.845233298452376,4.050760244869334,4.050760244869334
1055402,2007,summer,256,310.4314647595195,368.5,473.5,565.5,1408.4314647595195,0.1817624828792861,0.22040935077556198,0.2616385739883474,0.33618959235680457,0.85,3.34,0,4,1.8,171.2,391,38.1,0.02230971128608924,NLA06608-R7106,318,12,30.672,eu_mixo,,United States of America,-96.58437,40.622999,7010000010,7020046750.000001,7030047060,3.9294117647058826,11.788235294117648,7.858823529411765,5.894117647058824,13.716548576654093,7.624606934898664,5.486400127
1055437,2012,summer,383.5,290.5,453,636.5,514,1763.5,0.2174652679330876,0.1647292316416218,0.2568755316132691,0.36092996881202155,0.2,0.87,0,4.3,1.47,272.9,291,4.9,0.04081632653061224,NLA12_IA-R03,16,15,2.176,oligo,,United States of America,-93.772281,40.597053,7010000010,7020046750.000001,7030047060,4.35,13.049999999999999,8.7,6.5249999999999995,12.845233298452376,10.79927559388933,10.79927559388933
1055437,2017,summer,254.36342199287083,200.23860343480385,296.5,372.140932537881,507.5,1123.2429579655557,0.22645449961563072,0.1782682918373072,0.26396782450079,0.33130938404627214,0.2,0.87,0,4.3,1.47,272.9,291,4.9,0.04081632653061224,NLA17_IA-HP002,11.1925,0,1.79,oligo,,United States of America,-93.772281,40.597053,7010000010,7020046750.000001,7030047060,4.35,13.049999999999999,8.7,6.5249999999999995,12.845233298452376,10.79927559388933,10.79927559388933
1055448,2012,summer,394,361.5,540.5,628,540,1924,0.2047817047817048,0.18788981288981288,0.28092515592515593,0.3264033264033264,0.39,1.49,0,3.8,1.22,138.9,406,22.2,0.01756756756756757,NLA12_NE-154,873,28,114.9333333,eu_mixo,,United States of America,-96.84466800000001,40.584221,7010000010,7020046750.000001,7030047060,3.8205128205128203,11.46153846153846,7.6410256410256405,5.73076923076923,12.845233298452376,8.026621706055998,3.657599926
1055448,2017,summer,400.2003143546335,462.5887872545717,605.8460679253726,571.8329381571418,557,2040.4681076917198,0.19613161942891638,0.22670718817451913,0.2969152351078578,0.28024595728870666,0.39,1.49,0,3.8,1.22,138.9,406,22.2,0.01756756756756757,NLA17_NE-10041,290.5725,18,59.8,eu_mixo,,United States of America,-96.84466800000001,40.584221,7010000010,7020046750.000001,7030047060,3.8205128205128203,11.46153846153846,7.6410256410256405,5.73076923076923,12.845233298452376,8.026621706055998,3.657599926
1055507,2017,summer,669.181558230976,575,812,365.3457906056412,525,2421.527348836617,0.27634689261406575,0.2374534403983706,0.33532555409300335,0.15087411289456035,0.37,0.8,0,2.2,1.76,2307.2,1478,2.6,0.1423076923076923,NLA17_CO-10057,47.865,29,15.2,eu_mixo,,United States of America,-105.003888,40.533486,7010000010,7020046750.000001,7030047060,2.1621621621621623,6.486486486486487,4.324324324324325,3.2432432432432434,12.845233298452376,4.219404467409865,4.219404467409865
1055537,2012,summer,239.75,134.75,275,170,500.5,819.5,0.2925564368517389,0.1644295302013423,0.33557046979865773,0.20744356314826112,0.31,1.98,0,6.4,1.84,34.2,616,32,0.0096875,NLA12_CA-132,11.6,5,4,oligo,,United States of America,-122.696971,40.502405,7010000010,7020000010,7030008720,6.387096774193549,19.161290322580644,12.774193548387098,9.580645161290322,12.845233298452376,3.4288792829136003,3.4288792829136003
1055537,2017,summer,294.35467151744353,152,295.7343508945143,233,497,975.0890224119578,0.3018746645196913,0.1558832029756794,0.3032895911011208,0.23895254140350852,0.31,1.98,0,6.4,1.84,34.2,616,32,0.0096875,NLA17_CA-10010,12.83375,20,1.31,oligo,,United States of America,-122.696971,40.502405,7010000010,7020000010,7030008720,6.387096774193549,19.161290322580644,12.774193548387098,9.580645161290322,12.845233298452376,3.4288792829136003,3.4288792829136003
1055538,2017,summer,342,376,508.5,549.5,559.5,1776,0.19256756756756757,0.21171171171171171,0.28631756756756754,0.30940315315315314,0.19,0.71,0,3.7,1.73,392.6,195,2.8,0.06785714285714287,NLA17_MO-HP005,56.62875,12,97.28,eu_mixo,,United States of America,-91.769369,40.501776,7010000010,7020046750.000001,7030047060,3.736842105263158,11.210526315789473,7.473684210526316,5.605263157894736,12.845233298452376,13.759334555811998,13.759334555811998
1055544,2007,summer,329,226,311,248,489,1114,0.29533213644524237,0.20287253141831238,0.2791741472172352,0.22262118491921004,0.3,1.64,0,5.5,1.18,104.1,1978,17,0.01764705882352941,NLA06608-1481,3,6,0.489,oligo,,United States of America,-121.16209,40.49654,7010000010,7020000010,7030073620.000001,5.466666666666667,16.400000000000002,10.933333333333334,8.200000000000001,12.845233298452376,5.104670663132533,5.104670663132533
1055548,2007,summer,296,214.41422377282743,337.15661491980933,428.7962861294165,499.5,1276.3671248220533,0.23190819807527346,0.1679878928272462,0.26415332106490486,0.3359505880325755,0.3,2,0,6.6,1.08,41,417,32.3,0.00928792569659442,NLA06608-0386,9,8,0.832,oligo,,United States of America,-78.457333,40.490363,7010000010,7020038339.999999,7030038340,6.666666666666667,20,13.333333333333334,10,12.845233298452376,11.857057211634933,11.857057211634933
1055554,2007,summer,406.431249783951,413,626.9693158820269,458,553,1904.4005656659779,0.21341689196664362,0.2168661401628874,0.32922134512324763,0.2404956227472214,0.73,1.57,0,2.1,1.27,394.6,1462,38.7,0.01886304909560723,NLA06608-1147,775,8,42.24,eu_mixo,,United States of America,-104.895425,40.484039,7010000010,7020046750.000001,7030047060,2.1506849315068495,6.4520547945205475,4.301369863013699,3.2260273972602738,13.137426825228477,3.355788891701733,3.355788891701733
1055669,2012,summer,680,818,832,741.5,570,3071.5,0.22139020022790168,0.2663193879212111,0.270877421455315,0.2414129903955722,0.36,1.34,0,3.8,1.51,406.8,1633,48.7,0.00739219712525667,NLA12_UT-359,542,32,173.2,eu_mixo,,United States of America,-109.940625,40.350738,7010000010,7020000010,7030008710,3.7222222222222228,11.166666666666666,7.4444444444444455,5.583333333333333,12.845233298452376,3.2728352634441324,3.2728352634441324
1055697,2007,summer,467,672.2054252896596,626,654,572,2419.2054252896596,0.19303858825634226,0.2778620691995076,0.2587626472129984,0.27033669533115173,0.14,0.32,0,2.3,1.31,35.4,426,18,0.00777777777777777,NLA06608-0216,619,30,19.2,eu_mixo,,United States of America,-96.534089,40.328441,7010000010,7020046750.000001,7030047060,2.285714285714286,6.857142857142858,4.571428571428572,3.428571428571429,12.845233298452376,9.526129503557332,9.526129503557332
1055697,2012,summer,456,580,588,712,569,2336,0.1952054794520548,0.2482876712328767,0.2517123287671233,0.3047945205479452,0.14,0.32,0,2.3,1.31,35.4,426,18,0.00777777777777777,NLA12_NE-110,1399,55,257.6,eu_mixo,,United States of America,-96.534089,40.328441,7010000010,7020046750.000001,7030047060,2.285714285714286,6.857142857142858,4.571428571428572,3.428571428571429,12.845233298452376,9.526129503557332,9.526129503557332
1055707,2017,summer,300.5473758266408,268.7825864362645,386.7294905359236,399.5,540.5,1355.559452798829,0.22171463981612866,0.1982816658327365,0.2852914268993822,0.29471226745175266,0.24,0.79,0,3.3,1.59,539.1,284,2.3,0.10434782608695652,NLA17_MO-HP002,25.2025,4,2.88,oligo,,United States of America,-94.031007,40.314672,7010000010,7020046750.000001,7030047060,3.2916666666666665,9.875000000000002,6.583333333333333,4.937500000000001,12.845233298452376,12.824581467744,12.824581467744
1055708,2017,summer,475,804,857,821.6891596946792,568,2957.6891596946793,0.1605983503854861,0.27183383938932804,0.2897532342744454,0.27781457595074044,0.12,0.28,0,2.3,2.01,6.4,309,47.1,0.00254777070063694,NLA17_OH-10009,237.0775,53,64.16,eu_mixo,,United States of America,-84.635487,40.314186,7010000010,7020046750.000001,7030047060,2.3333333333333335,7,4.666666666666667,3.5,12.845233298452376,5.896951035489065,5.896951035489065
1055731,2007,summer,255,155.5,287.5,455,500,1153,0.22116218560277537,0.13486556808326106,0.24934952298352125,0.39462272333044235,0.14,0.73,0,5.3,1.55,31.3,726,16.1,0.00869565217391304,NLA06608-R34,3,7,2.51,oligo,,United States of America,-78.68395099999998,40.272005,7010000010,7020046750.000001,7030047060,5.2142857142857135,15.642857142857142,10.428571428571427,7.821428571428571,12.845233298452376,6.287305692653335,6.287305692653335
1055731,2017,summer,289.03154611485047,238.80163366525971,305.9477182264424,416.33296787011614,522.5,1250.1138658766688,0.23120417587893963,0.19102390604858624,0.24473588092864654,0.33303603714382757,0.14,0.73,0,5.3,1.55,31.3,726,16.1,0.00869565217391304,NLA17_PA-HP001,7.115,13,0.79,oligo,,United States of America,-78.68395099999998,40.272005,7010000010,7020046750.000001,7030047060,5.2142857142857135,15.642857142857142,10.428571428571427,7.821428571428571,12.845233298452376,6.287305692653335,6.287305692653335
1055773,2007,summer,512.5,590.5,814.5,469.5,556,2387,0.21470465018852117,0.24738165060745707,0.34122329283619607,0.19669040636782573,0.76,2.29,0,3,1.69,698,1489,33.1,0.0229607250755287,NLA06608-1339,184,21,147.6,eu_mixo,,United States of America,-104.944612,40.222946,7010000010,7020046750.000001,7030047060,3.013157894736842,9.039473684210526,6.026315789473684,4.519736842105263,13.583039724003136,5.375893983685999,5.375893983685999
1055773,2012,summer,516,543,808,535,556,2402,0.21482098251457118,0.2260616153205662,0.33638634471273937,0.22273105745212324,0.76,2.29,0,3,1.69,698,1489,33.1,0.0229607250755287,NLA12_CO-104,435,27,218,eu_mixo,,United States of America,-104.944612,40.222946,7010000010,7020046750.000001,7030047060,3.013157894736842,9.039473684210526,6.026315789473684,4.519736842105263,13.583039724003136,5.375893983685999,5.375893983685999
1055773,2017,summer,494.2535252218464,533.1130559070425,782.3334533321705,426.1748520194438,554,2235.874886480503,0.22105598493476186,0.2384359961868069,0.34990037146651076,0.19060764741192063,0.76,2.29,0,3,1.69,698,1489,33.1,0.0229607250755287,NLA17_CO-10004,377.02,20,144.5,eu_mixo,,United States of America,-104.944612,40.222946,7010000010,7020046750.000001,7030047060,3.013157894736842,9.039473684210526,6.026315789473684,4.519736842105263,13.583039724003136,5.375893983685999,5.375893983685999
1055776,2007,summer,249.43449991491548,177,243,201,497,870.4344999149155,0.2865632048583754,0.20334671938819252,0.279170919838027,0.23091915591540507,0.68,25.2,25.2,37.3,2.02,484.5,1953,257.5,0.00264077669902912,NLA06608-0715,4,15,3.545,oligo,,United States of America,-105.370092,40.21813,7010000010,7020046750.000001,7030047060,37.05882352941176,111.17647058823529,74.11764705882352,55.588235294117645,13.583039724003136,10.582073352321865,10.582073352321865
1055776,2012,summer,352.5,268.5,345.5,289.5,494,1256,0.2806528662420382,0.21377388535031847,0.2750796178343949,0.2304936305732484,0.68,25.2,25.2,37.3,2.02,484.5,1953,257.5,0.00264077669902912,NLA12_CO-R04,20,15,2.293333333,oligo,,United States of America,-105.370092,40.21813,7010000010,7020046750.000001,7030047060,37.05882352941176,111.17647058823529,74.11764705882352,55.588235294117645,13.583039724003136,10.582073352321865,10.582073352321865
1055826,2012,summer,345,354,458,611,553,1768,0.19513574660633484,0.2002262443438914,0.25904977375565613,0.34558823529411764,0.12,0.27,0,2.3,2.01,12.2,284,20.8,0.00576923076923076,NLA12_OH-134,289,24,77.44,eu_mixo,,United States of America,-84.26586,40.176713,7010000010,7020046750.000001,7030047060,2.2500000000000004,6.75,4.500000000000001,3.375,12.845233298452376,5.598612259066133,5.598612259066133
1055826,2017,summer,301.5795159464325,302.836596994209,380.0263439115505,308.84075850432527,548,1293.2832153565173,0.23318907441576633,0.23416108196434493,0.29384618883095087,0.2388036547889378,0.12,0.27,0,2.3,2.01,12.2,284,20.8,0.00576923076923076,NLA17_OH-10023,157.94125,32,80.32,eu_mixo,,United States of America,-84.26586,40.176713,7010000010,7020046750.000001,7030047060,2.2500000000000004,6.75,4.500000000000001,3.375,12.845233298452376,5.598612259066133,5.598612259066133
1055839,2012,summer,643,1084,846,1154,581,3727,0.17252481888918703,0.29085055004024685,0.2269922189428495,0.30963241212771664,0.17,0.42,0,2.4,1.7,26.7,406,33.8,0.00502958579881656,NLA12_NE-158,697,26,5.48,eu_mixo,,United States of America,-96.82836,40.168429,7010000010,7020046750.000001,7030047060,2.4705882352941178,7.411764705882353,4.9411764705882355,3.7058823529411766,12.845233298452376,8.185933650695599,8.185933650695599
1055846,2007,summer,461,390,521,534.5,533,1906.5,0.24180435352740623,0.2045633359559402,0.27327563598216625,0.28035667453448726,0.13,0.5,0,3.8,1.66,12.4,558,24.9,0.00522088353413654,NLA06608-0765,29,16,11.392,oligo,,United States of America,-79.048997,40.160174,7010000010,7020046750.000001,7030047060,3.846153846153846,11.538461538461538,7.692307692307692,5.769230769230769,12.845233298452376,5.005704660406667,5.005704660406667
1055846,2012,summer,337,292,414,482,539,1525,0.22098360655737706,0.19147540983606556,0.27147540983606555,0.3160655737704918,0.13,0.5,0,3.8,1.66,12.4,558,24.9,0.00522088353413654,NLA12_PA-107,41,40,5.79,eu_mixo,,United States of America,-79.048997,40.160174,7010000010,7020046750.000001,7030047060,3.846153846153846,11.538461538461538,7.692307692307692,5.769230769230769,12.845233298452376,5.005704660406667,5.005704660406667
1055846,2017,summer,388,428,502,566,559,1884,0.2059447983014862,0.22717622080679406,0.2664543524416136,0.30042462845010615,0.13,0.5,0,3.8,1.66,12.4,558,24.9,0.00522088353413654,NLA17_PA-10004,22.70875,20,4.48,oligo,,United States of America,-79.048997,40.160174,7010000010,7020046750.000001,7030047060,3.846153846153846,11.538461538461538,7.692307692307692,5.769230769230769,12.845233298452376,5.005704660406667,5.005704660406667
1055892,2012,summer,430,403,583,365.5,550,1781.5,0.24136963233230424,0.22621386472074095,0.32725231546449624,0.2051641874824586,0.22,0.37,0,1.7,1.15,240,1509,16.3,0.01349693251533742,NLA12_CO-127,712,18,97.2,eu_mixo,,United States of America,-104.944523,40.121967,7010000010,7020046750.000001,7030047060,1.6818181818181819,5.045454545454545,3.3636363636363638,2.5227272727272725,12.845233298452376,5.041350247909866,5.041350247909866
1055911,2007,summer,576.379503180169,543,797.5109805730747,815,543,2731.8904837532436,0.2109819213500471,0.19876345820934677,0.29192640968440425,0.29832821075620186,0.59,2.41,0,4.1,1.2,125.4,184,11.5,0.05130434782608695,NLA06608-1145,60,2,17.829,eu_mixo,,United States of America,-75.86354199999998,40.110425,7010000010,7020038339.999999,7030038340,4.084745762711865,12.254237288135595,8.16949152542373,6.127118644067798,12.845233298452376,8.310329630275332,8.310329630275332
1055911,2012,summer,398,447,611,527,556,1983,0.20070600100857286,0.2254160363086233,0.308119011598588,0.2657589510842158,0.59,2.41,0,4.1,1.2,125.4,184,11.5,0.05130434782608695,NLA12_PA-102,83,20,42.29,eu_mixo,,United States of America,-75.86354199999998,40.110425,7010000010,7020038339.999999,7030038340,4.084745762711865,12.254237288135595,8.16949152542373,6.127118644067798,12.845233298452376,8.310329630275332,8.310329630275332
1055911,2017,summer,447.50077504440446,484,584,511,554,2026.5007750444045,0.22082437892706894,0.23883533920158243,0.2881814836647193,0.25215879820662934,0.59,2.41,0,4.1,1.2,125.4,184,11.5,0.05130434782608695,NLA17_PA-10005,48.26,10,21.07,eu_mixo,,United States of America,-75.86354199999998,40.110425,7010000010,7020038339.999999,7030038340,4.084745762711865,12.254237288135595,8.16949152542373,6.127118644067798,12.845233298452376,8.310329630275332,8.310329630275332
1055952,2007,summer,365.42559204357485,204.32383087704807,412.4157700389225,301,501.5,1283.1651929595455,0.28478452661324305,0.15923423733602615,0.32140504769125605,0.23457618835947466,0.12,0.29,0,2.4,1.39,0.2,227,1311.9,9.14703864623828e-5,NLA06608-OH:22,3,7,0.996,oligo,,United States of America,-83.034091,40.081665,7010000010,7020046750.000001,7030047060,2.416666666666667,7.25,4.833333333333334,3.625,12.845233298452376,5.927755315229865,5.927755315229865
1055955,2012,summer,446,442.5,547,607.25,549.5,2042.75,0.21833312935993146,0.21661975278423692,0.26777628197283077,0.29727083588300085,0.17,0.51,0,3,2,298,244,2.6,0.06538461538461539,NLA12_MO-115,50,18,18.08,eu_mixo,,United States of America,-93.579262,40.080437,7010000010,7020046750.000001,7030047060,3,9,6,4.5,12.845233298452376,11.27684966636773,11.27684966636773
1055955,2017,summer,375,360,478,476.2193880702279,546,1689.219388070228,0.2219960312132113,0.21311618996468285,0.28297094111977333,0.2819168377023325,0.17,0.51,0,3,2,298,244,2.6,0.06538461538461539,NLA17_MO-10007,62.12625,20,22.24,eu_mixo,,United States of America,-93.579262,40.080437,7010000010,7020046750.000001,7030047060,3,9,6,4.5,12.845233298452376,11.27684966636773,11.27684966636773
1055971,2012,summer,276,256,345,241,537,1118,0.24686940966010734,0.22898032200357782,0.3085867620751342,0.21556350626118068,0.1,0.84,0,8,1.38,92,2045,67.1,0.0014903129657228,NLA12_UT-400,1208,19,10.24,eu_mixo,,United States of America,-110.624031,40.059802,7010000010,7020000010,7030008710,8.4,25.2,16.8,12.6,12.845233298452376,3.842649244661333,3.842649244661333
1055976,2007,summer,347,314.5,332.5,303,524,1297,0.26754047802621433,0.24248265227447957,0.256360832690825,0.2336160370084811,0.51,3.37,0,6.7,1.32,591.6,3050,17.9,0.02849162011173184,NLA06608-1483,13,30,4.805,dys,,United States of America,-105.75106100000001,40.05299,7010000010,7020000010,7030008710,6.6078431372549025,19.82352941176471,13.215686274509805,9.911764705882355,12.845233298452376,6.330977932917865,6.330977932917865
1055976,2012,summer,261.5,222.75,257,242.5,497.5,983.75,0.26581956797966966,0.2264294790343075,0.2612452350698856,0.24650571791613723,0.51,3.37,0,6.7,1.32,591.6,3050,17.9,0.02849162011173184,NLA12_CO-109,16,28,5.993,dys,,United States of America,-105.75106100000001,40.05299,7010000010,7020000010,7030008710,6.6078431372549025,19.82352941176471,13.215686274509805,9.911764705882355,12.845233298452376,6.330977932917865,6.330977932917865
1055985,2007,summer,467,386,590,746,527,2189,0.21333942439470077,0.17633622658748288,0.269529465509365,0.34079488350845133,0.29,1.56,0,5.3,2,122.7,335,11.5,0.02521739130434782,NLA06608-0445,15,6,6.848,oligo,,United States of America,-81.01019499999998,40.035748,7010000010,7020046750.000001,7030047060,5.379310344827587,16.13793103448276,10.758620689655174,8.06896551724138,12.845233298452376,7.8428461332840005,7.8428461332840005
1055985,2012,summer,300.5,239.5,389.75,428,526,1357.75,0.2213220401399374,0.17639477076044927,0.287055790830418,0.3152273982691954,0.29,1.56,0,5.3,2,122.7,335,11.5,0.02521739130434782,NLA12_OH-103,17,9,3.76,oligo,,United States of America,-81.01019499999998,40.035748,7010000010,7020046750.000001,7030047060,5.379310344827587,16.13793103448276,10.758620689655174,8.06896551724138,12.845233298452376,7.8428461332840005,7.8428461332840005
1056028,2007,summer,485.8783028984433,469.8443097229827,734.7875571803769,320.6446070779327,543,2011.1547768797357,0.24159170069062175,0.23361917000338298,0.3653560460027767,0.15943308330321848,0.19,0.49,0,2.6,1.11,5614.6,1623,0.5,0.38,NLA06608-0827,23,5,11.6,oligo,,United States of America,-105.111057,39.994528,7010000010,7020046750.000001,7030047060,2.5789473684210527,7.7368421052631575,5.157894736842105,3.8684210526315788,12.845233298452376,7.292944914800535,7.292944914800535
1056028,2012,summer,624,626,837,472,551,2559,0.24384525205158264,0.24462680734661976,0.32708089097303633,0.18444704962876124,0.19,0.49,0,2.6,1.11,5614.6,1623,0.5,0.38,NLA12_CO-110,43,1,15.62,eu_mixo,,United States of America,-105.111057,39.994528,7010000010,7020046750.000001,7030047060,2.5789473684210527,7.7368421052631575,5.157894736842105,3.8684210526315788,12.845233298452376,7.292944914800535,7.292944914800535
1056028,2017,summer,552.3677044750709,380.04431155256805,677.3974208868149,368.30832459010776,514.5,1978.1177615045615,0.27923903987138693,0.1921242096645982,0.34244544691393125,0.18619130355008365,0.19,0.49,0,2.6,1.11,5614.6,1623,0.5,0.38,NLA17_CO-10005,14.26875,0,3.59,oligo,,United States of America,-105.111057,39.994528,7010000010,7020046750.000001,7030047060,2.5789473684210527,7.7368421052631575,5.157894736842105,3.8684210526315788,12.845233298452376,7.292944914800535,7.292944914800535
1056048,2012,summer,246,204.5,254.5,383,495,1088,0.2261029411764706,0.1879595588235294,0.2339154411764706,0.35202205882352944,0.21,0.54,0,2.6,1.69,6,19,56.4,0.00372340425531914,NLA12_NJ-104,39,55,21.64,eu_mixo,,United States of America,-74.575395,39.972295,7010000010,7020038339.999999,7030038340,2.5714285714285716,7.714285714285714,5.142857142857143,3.857142857142857,12.845233298452376,3.8336738791680003,3.8336738791680003
1056048,2017,summer,276.7768178483664,224.44746539704175,270,398.11892089571194,492,1169.3432041411202,0.23669425440553898,0.19194319050402134,0.23089884906657013,0.3404637060238695,0.21,0.54,0,2.6,1.69,6,19,56.4,0.00372340425531914,NLA17_NJ-10003,60.2175,80,3.9,eu_mixo,,United States of America,-74.575395,39.972295,7010000010,7020038339.999999,7030038340,2.5714285714285716,7.714285714285714,5.142857142857143,3.857142857142857,12.845233298452376,3.8336738791680003,3.8336738791680003
1056049,2012,summer,152,107,155.5,197,497,611.5,0.24856909239574815,0.1749795584627964,0.2542927228127555,0.3221586263286999,0.27,2.36,0,8.7,1.48,514.5,1865,2.6,0.10384615384615384,NLA12_CA-212,8.3,20,2,oligo,,United States of America,-121.22199800000001,39.969229,7010000010,7020000010,7030008720,8.74074074074074,26.22222222222222,17.48148148148148,13.11111111111111,12.845233298452376,6.0051703857325345,6.0051703857325345
1056052,2007,summer,334.3406997028877,238.9395646253218,304.86208447970716,253.93499802475964,499.5,1132.0773468326763,0.2953337955558473,0.2110629324876312,0.26929439523955645,0.224308876716965,0.44,15.3,15.3,35.1,1.44,390.9,2487,105.8,0.00415879017013232,NLA06608-1739,7,5,2.23,oligo,Barker,United States of America,-105.48645800000001,39.965712,7010000010,7020046750.000001,7030047060,34.77272727272727,104.31818181818183,69.54545454545455,52.159090909090914,12.845233298452376,8.8649771894028,8.8649771894028
1056105,2007,summer,386.5,291,484.8161782930506,299.8451399053788,515.5,1462.1613181984294,0.2643347181938978,0.1990204475923008,0.33157502681742834,0.205069807396373,0.62,1.95,0,3.2,1.5,0.5,208,4410.2,1.4058319350596346e-4,NLA06608-0479,14,4,5.296,oligo,,United States of America,-83.005115,39.915483,7010000010,7020046750.000001,7030047060,3.1451612903225805,9.43548387096774,6.290322580645161,4.71774193548387,13.133057485130518,7.216651719096666,7.216651719096666
1056133,2012,summer,445,285,472,447,499,1649,0.2698605215281989,0.17283201940570042,0.2862340812613705,0.2710733778047301,0.17,0.25,0,1.5,1.55,0.1,222,3159.6,5.3804279022661104e-5,NLA12_IN-193,9,15,5.104,oligo,,United States of America,-86.116866,39.890958,7010000010,7020046750.000001,7030047060,1.4705882352941175,4.411764705882353,2.941176470588235,2.2058823529411766,12.845233298452376,5.201199535726399,5.201199535726399
1056158,2017,summer,408.27394015788593,496.15495342920894,587.7917157467564,546.8076798172517,560.5,2039.028289151103,0.20022965955409097,0.24332911714323016,0.28827050555118505,0.26817071775149376,0.33,0.96,0,2.9,2,6.2,294,142.2,0.00232067510548523,NLA17_OH-10013,176.175,26,63.36,eu_mixo,,United States of America,-83.374745,39.868848,7010000010,7020046750.000001,7030047060,2.9090909090909087,8.727272727272728,5.8181818181818175,4.363636363636364,13.002144283848976,16.156141879027736,16.156141879027736
1056181,2017,summer,321.1513014998297,220.23466640848923,302,232.9768277702317,496,1076.3627956785506,0.2983671516603958,0.20461006947908392,0.2805745434647952,0.2164482353957251,0.31,0.71,0,2.3,1.65,2746.7,1551,1.8,0.17222222222222222,NLA17_CO-10058,25.71,12,23.85,oligo,,United States of America,-104.940784,39.848173,7010000010,7020046750.000001,7030047060,2.2903225806451615,6.870967741935484,4.580645161290323,3.435483870967742,12.845233298452376,6.396019308423198,6.396019308423198
1056204,2017,summer,155,79.39180204542565,158.91714508665615,131.47581011209675,492,524.7847572441785,0.2953591884298568,0.15128450464594043,0.3028234774218359,0.2505328295023668,0.19,1.42,0,7.4,1.46,81.6,2634,33,0.00575757575757575,NLA17_CO-10038,5.363,25,1.45,dys,,United States of America,-106.32002600000001,39.834334,7010000010,7020000010,7030008710,7.473684210526316,22.421052631578945,14.947368421052632,11.210526315789473,12.845233298452376,4.2873364966746665,4.2873364966746665
1056305,2012,summer,263,143,276,341,497,1023,0.2570869990224829,0.13978494623655913,0.2697947214076246,0.3333333333333333,0.93,4.94,0,5.3,1.99,204.7,637,14.5,0.06413793103448276,NLA12_PA-R11,22,2,4.2,oligo,,United States of America,-79.55104199999998,39.753379,7010000010,7020046750.000001,7030047060,5.311827956989248,15.935483870967746,10.623655913978496,7.967741935483873,13.716548576654093,5.843944608897999,5.843944608897999
1056316,2007,summer,585.790344461555,635,782.5,470.5,555,2473.790344461555,0.2367987027571078,0.2566911142739601,0.316316215621061,0.1901939673478712,0.72,2.43,0,3.4,1.46,1340.8,1621,12,0.06,NLA06608-1476,183,15,62,eu_mixo,,United States of America,-105.03729000000001,39.745008,7010000010,7020046750.000001,7030047060,3.3750000000000004,10.125000000000002,6.750000000000001,5.062500000000001,13.294337810625077,4.428397854112933,4.428397854112933
1056354,2007,summer,642.5,443.25,878.5,306,519.5,2270.25,0.2830084792423742,0.1952428146679881,0.38696178834930073,0.13478691774033696,0.41,1.37,0,3.3,1.3,0.3,204,4855,8.444902162718846e-5,NLA06608-0660,8,3,2.904,oligo,,United States of America,-86.21167,39.715262,7010000010,7020046750.000001,7030047060,3.3414634146341466,10.024390243902442,6.682926829268293,5.012195121951221,12.845233298452376,6.755125499562398,6.755125499562398
1056354,2012,summer,599,487,655,459,509,2200,0.2722727272727273,0.22136363636363637,0.29772727272727273,0.20863636363636365,0.41,1.37,0,3.3,1.3,0.3,204,4855,8.444902162718846e-5,NLA12_IN-117,9,7,4.284,oligo,,United States of America,-86.21167,39.715262,7010000010,7020046750.000001,7030047060,3.3414634146341466,10.024390243902442,6.682926829268293,5.012195121951221,12.845233298452376,6.755125499562398,6.755125499562398
1056355,2012,summer,271.5,278,349.5,294.5,552,1193.5,0.2274821952241307,0.23292836196062003,0.2928361960620025,0.24675324675324675,0.28,1.04,0,3.7,1.76,100.6,2570,42.5,0.00658823529411764,NLA12_UT-196,17,20,1.34,oligo,,United States of America,-111.293693,39.714583,7010000010,7020000010,7030008710,3.7142857142857144,11.142857142857144,7.428571428571429,5.571428571428572,12.845233298452376,3.665096503974666,3.665096503974666
1056355,2017,summer,299.51605416416794,291,369,385.1519258364837,549,1344.6679800006516,0.22274350145827285,0.2164102992917694,0.27441718363801687,0.28642901561194095,0.28,1.04,0,3.7,1.76,100.6,2570,42.5,0.00658823529411764,NLA17_UT-10009,11.38875,9,2.59,oligo,,United States of America,-111.293693,39.714583,7010000010,7020000010,7030008710,3.7142857142857144,11.142857142857144,7.428571428571429,5.571428571428572,12.845233298452376,3.665096503974666,3.665096503974666
1056372,2007,summer,298.44008489939677,195,332,428,497,1253.4400848993969,0.23809680932882407,0.15557185568678458,0.2648710568616025,0.34146027812278873,0.83,4.48,0,5.4,1.9,176.4,358,23.3,0.03562231759656652,NLA06608-1538,1,0,2.616,oligo,,United States of America,-78.65966199999998,39.701322,7010000010,7020038339.999999,7030038340,5.397590361445784,16.192771084337352,10.795180722891567,8.096385542168676,13.716548576654093,16.687953876534134,16.687953876534134
1056372,2012,summer,225,115,215,255,493,810,0.2777777777777778,0.1419753086419753,0.2654320987654321,0.3148148148148148,0.83,4.48,0,5.4,1.9,176.4,358,23.3,0.03562231759656652,NLA12_MD-101,5,11,1.722,oligo,,United States of America,-78.65966199999998,39.701322,7010000010,7020038339.999999,7030038340,5.397590361445784,16.192771084337352,10.795180722891567,8.096385542168676,13.716548576654093,16.687953876534134,16.687953876534134
1056372,2017,summer,255,173.58985066480406,274.97058033549206,397.86444047482826,497,1101.4248714751243,0.23151828745112843,0.1576048037051473,0.24964987395574922,0.36122703488797514,0.83,4.48,0,5.4,1.9,176.4,358,23.3,0.03562231759656652,NLA17_MD-10001,4.315625,7.5,1.225,oligo,,United States of America,-78.65966199999998,39.701322,7010000010,7020038339.999999,7030038340,5.397590361445784,16.192771084337352,10.795180722891567,8.096385542168676,13.716548576654093,16.687953876534134,16.687953876534134
1056390,2007,summer,258,191.5169378569983,285.7543046143466,476,509,1211.271242471345,0.21299936046826728,0.15811234605574237,0.2359127292012026,0.3929755642747877,0.11,0.49,0,4.7,1.45,67.1,780,4.6,0.02391304347826087,NLA06608-2114,1,0,3.408,oligo,,United States of America,-79.228764,39.688588,7010000010,7020046750.000001,7030047060,4.454545454545454,13.363636363636363,8.909090909090908,6.681818181818182,12.845233298452376,4.974947211296001,4.974947211296001
1056390,2012,summer,296,195,281,424,504,1196,0.24749163879598662,0.16304347826086957,0.23494983277591974,0.35451505016722407,0.11,0.49,0,4.7,1.45,67.1,780,4.6,0.02391304347826087,NLA12_MD-103,5,10,0.842666667,oligo,,United States of America,-79.228764,39.688588,7010000010,7020046750.000001,7030047060,4.454545454545454,13.363636363636363,8.909090909090908,6.681818181818182,12.845233298452376,4.974947211296001,4.974947211296001
1056390,2017,summer,490.37248692848453,450.5139536169073,536.9349894692438,577.3837638473502,528,2055.2051938619857,0.23860025674955296,0.21920631329776646,0.26125614662362556,0.2809372833290551,0.11,0.49,0,4.7,1.45,67.1,780,4.6,0.02391304347826087,NLA17_MD-10002,7.7675,2,5.52,oligo,,United States of America,-79.228764,39.688588,7010000010,7020046750.000001,7030047060,4.454545454545454,13.363636363636363,8.909090909090908,6.681818181818182,12.845233298452376,4.974947211296001,4.974947211296001
1056399,2007,summer,337.6363819039865,299.5,419,530.1285413615008,534,1586.2649232654874,0.21284993253770482,0.18880831039461482,0.26414251103620573,0.3341992460314746,0.64,2.27,0,3.6,2.2,98.5,314,20.1,0.03184079601990049,NLA06608-0175,55,8,19.68,eu_mixo,,United States of America,-84.685685,39.677162,7010000010,7020046750.000001,7030047060,3.5468749999999996,10.640624999999998,7.093749999999999,5.320312499999999,13.583039724003136,11.984204060965732,11.984204060965732
1056400,2017,summer,413.5742187051976,291.9182984971045,457.4003875791441,297.7949541514539,503.5,1460.6878589329003,0.2831366168863296,0.19984988354073419,0.31314040490026124,0.20387309467267484,0.21,0.54,0,2.6,1.17,-1,1681,0.2,1.0499999999999998,NLA17_CO-10022,9.825,5,3.89,oligo,,United States of America,-105.069792,39.675928999999996,7010000010,7020046750.000001,7030047060,2.5714285714285716,7.714285714285714,5.142857142857143,3.857142857142857,12.845233298452376,8.553439147872536,8.553439147872536
1056428,2012,summer,356,213,364,493,507,1426,0.2496493688639551,0.14936886395511922,0.2552594670406732,0.34572230014025246,0.37,2.32,0,6.3,2.07,478.8,254,5.1,0.07254901960784314,NLA12_OH-115,9,5,3.188,oligo,,United States of America,-82.473713,39.648729,7010000010,7020046750.000001,7030047060,6.27027027027027,18.81081081081081,12.54054054054054,9.405405405405405,13.002144283848976,9.870271414011466,9.870271414011466
1056428,2017,summer,289,212.5,385.5,403.5,523.5,1290.5,0.22394420767144518,0.164664858581945,0.29872142580395195,0.3126695079426579,0.37,2.32,0,6.3,2.07,478.8,254,5.1,0.07254901960784314,NLA17_OH-10005,30.965,14,5.71,eu_mixo,,United States of America,-82.473713,39.648729,7010000010,7020046750.000001,7030047060,6.27027027027027,18.81081081081081,12.54054054054054,9.405405405405405,13.002144283848976,9.870271414011466,9.870271414011466
1056442,2007,summer,438.91502917511497,541,599,611,565,2189.915029175115,0.20042559794680392,0.2470415485498453,0.27352659442025384,0.279006259083097,0.26,0.82,0,3.2,1.42,55,320,25,0.0104,NLA06608-0140,173,20,52.56,eu_mixo,,United States of America,-95.458853,39.638036,7010000010,7020046750.000001,7030047060,3.1538461538461537,9.46153846153846,6.3076923076923075,4.73076923076923,12.845233298452376,12.229258657626001,12.229258657626001
1056442,2012,summer,455,611,693,634,565,2393,0.19013790221479315,0.25532804011700794,0.289594651065608,0.2649394066025909,0.26,0.82,0,3.2,1.42,55,320,25,0.0104,NLA12_KS-108,261,17,50.4,eu_mixo,,United States of America,-95.458853,39.638036,7010000010,7020046750.000001,7030047060,3.1538461538461537,9.46153846153846,6.3076923076923075,4.73076923076923,12.845233298452376,12.229258657626001,12.229258657626001
1056487,2012,summer,430,400,598,609,542,2037,0.2110947471772214,0.19636720667648502,0.2935689739813451,0.29896907216494845,0.7,4.02,0,5.7,1.7,65.1,253,52.5,0.01333333333333333,NLA12_IN-111,46,15,38.4,eu_mixo,,United States of America,-84.971213,39.603629,7010000010,7020046750.000001,7030047060,5.742857142857142,17.228571428571428,11.485714285714284,8.614285714285714,13.583039724003136,23.74220189892266,23.74220189892266
1056487,2017,summer,326.29241758437286,305.9484325081316,470,348,548,1450.2408500925044,0.22499188156474845,0.21096387713021358,0.32408409952734457,0.23996014177769343,0.7,4.02,0,5.7,1.7,65.1,253,52.5,0.01333333333333333,NLA17_IN-10029,40.77125,10,9.33,eu_mixo,,United States of America,-84.971213,39.603629,7010000010,7020046750.000001,7030047060,5.742857142857142,17.228571428571428,11.485714285714284,8.614285714285714,13.583039724003136,23.74220189892266,23.74220189892266
1056529,2017,summer,340,206.52065826517205,359,220.11403097679622,499,1125.6346892419683,0.30205181418934846,0.18347041028404024,0.3189311802764003,0.195546595250211,0.24,0.67,0,2.7,1.3,0.9,1634,7878.2,3.0463811530552664e-5,NLA17_CO-10050,22.1475,5,5.5,oligo,,United States of America,-105.040365,39.574398,7010000010,7020046750.000001,7030047060,2.7916666666666665,8.375,5.583333333333333,4.1875,12.845233298452376,5.092776446774668,5.092776446774668
1056570,2007,summer,229.8073809305833,165.10978565224877,232.19590058667671,382.9658976143808,505.5,1010.0789647838897,0.22751427258932322,0.16346225533720984,0.22987895865780744,0.3791445134156594,0.81,4.28,0,5.3,2.66,194.1,339,22.2,0.03648648648648649,NLA06608-R334,12,7,8.48,oligo,,United States of America,-78.150672,39.530342,7010000010,7020038339.999999,7030038340,5.28395061728395,15.851851851851853,10.5679012345679,7.9259259259259265,13.729373547396921,11.947226244394935,11.947226244394935
1056588,2007,summer,370.2293928378149,244.533339097712,370.1515371219891,482.3466377254242,497.5,1467.2609067829403,0.25232689777686884,0.16665975217309265,0.2522738358330347,0.32873951421700376,0.71,39.2,39.2,55.4,2.46,93.8,434,289.9,0.00244912038634011,NLA06608-R32,3,5,1.68,oligo,Savage Reservoir,United States of America,-79.133083,39.508121,7010000010,7020038339.999999,7030038340,55.211267605633815,165.63380281690144,110.42253521126763,82.81690140845072,13.583039724003136,27.70133481941468,27.70133481941468
1056608,2012,summer,766,969,1082,377,565,3194,0.2398246712586099,0.3033813400125235,0.33876017532874136,0.11803381340012524,0.37,0.39,0,1.1,1.38,759.3,1206,6.1,0.06065573770491803,NLA12_NV-106,173,13,3.84,eu_mixo,,United States of America,-118.723958,39.483021,7010000010,7020000010,7030073620.000001,1.0540540540540542,3.1621621621621623,2.1081081081081083,1.5810810810810811,12.845233298452376,4.333403241599199,4.333403241599199
1056629,2007,summer,372.45119397100683,275.71859620192674,451.69815847385496,690.137060539436,513,1790.0050091862245,0.20807271044472178,0.15403230426001682,0.2523446337612244,0.385550351534037,0.61,3.5,0,5.7,1.44,405,782,5.1,0.11960784313725492,NLA06608-1346,3,8,2.164,oligo,,United States of America,-79.50139699999998,39.465563,7010000010,7020046750.000001,7030047060,5.7377049180327875,17.213114754098363,11.475409836065575,8.606557377049182,12.976146499733918,6.463852991896264,6.463852991896264
1056629,2012,summer,279,170,307,346,501,1102,0.2531760435571688,0.1542649727767695,0.27858439201451907,0.3139745916515426,0.61,3.5,0,5.7,1.44,405,782,5.1,0.11960784313725492,NLA12_WV-101,8,8,3.382,oligo,,United States of America,-79.50139699999998,39.465563,7010000010,7020046750.000001,7030047060,5.7377049180327875,17.213114754098363,11.475409836065575,8.606557377049182,12.976146499733918,6.463852991896264,6.463852991896264
1056629,2017,summer,397,316,424,414,505,1551,0.2559638942617666,0.20373952288845906,0.2733720180528691,0.26692456479690524,0.61,3.5,0,5.7,1.44,405,782,5.1,0.11960784313725492,NLA17_WV-10001,8.288125,10,5.3100000000000005,oligo,,United States of America,-79.50139699999998,39.465563,7010000010,7020046750.000001,7030047060,5.7377049180327875,17.213114754098363,11.475409836065575,8.606557377049182,12.976146499733918,6.463852991896264,6.463852991896264
1056655,2017,summer,219.68945222586407,211.72077753903264,286.0346060695086,339.44845298485245,544.5,1056.8932888192576,0.20786341871022498,0.20032370323361912,0.27063716753189093,0.3211757105242652,0.15,0.45,0,3,1.61,24,168,16.7,0.00898203592814371,NLA17_IN-10102,133.13375,18,57.12,eu_mixo,,United States of America,-87.35093999999998,39.446491,7010000010,7020046750.000001,7030047060,3.0000000000000004,9.000000000000002,6.000000000000001,4.500000000000001,12.845233298452376,10.62835918713893,10.62835918713893
1056675,2007,summer,317.57442445346953,288.29892326270647,355.3614064120044,407.3194229154706,538.5,1368.554177043651,0.23205104319618053,0.2106594887500102,0.2596619208599075,0.2976275471939018,0.42,0.95,0,2.2,2.27,17,11,34.8,0.01206896551724138,NLA06608-0141,73,9,110.16,eu_mixo,,United States of America,-75.68520499999998,39.430926,7010000010,7020038339.999999,7030038340,2.261904761904762,6.7857142857142865,4.523809523809524,3.3928571428571432,13.290846197227037,10.362869297064002,10.362869297064002
1056675,2012,summer,447.5,375.5,485.5,642,519,1950.5,0.2294283517046911,0.19251473981030506,0.24891053576006153,0.32914637272494235,0.42,0.95,0,2.2,2.27,17,11,34.8,0.01206896551724138,NLA12_DE-101,132,20,79.066666665,eu_mixo,,United States of America,-75.68520499999998,39.430926,7010000010,7020038339.999999,7030038340,2.261904761904762,6.7857142857142865,4.523809523809524,3.3928571428571432,13.290846197227037,10.362869297064002,10.362869297064002
1056675,2017,summer,349.8901056846578,310.6121294115003,408.9139488857762,423.6812473279763,543.5,1493.0974313099107,0.23433842852284287,0.2080320566481699,0.273869568261886,0.2837599465671012,0.42,0.95,0,2.2,2.27,17,11,34.8,0.01206896551724138,NLA17_DE-10001,104.829,26.5,98.8,eu_mixo,,United States of America,-75.68520499999998,39.430926,7010000010,7020038339.999999,7030038340,2.261904761904762,6.7857142857142865,4.523809523809524,3.3928571428571432,13.290846197227037,10.362869297064002,10.362869297064002
1056710,2017,summer,186.11429035447958,126.73207987525358,177.01630028664616,309.4150768189276,488,799.2777473353069,0.23285308639576366,0.1585582487411449,0.22147032227132132,0.38711834259177014,0.1,0.18,0,1.9,1.57,40.2,15,2.8,0.03571428571428572,NLA17_NJ-10004,9.168575,66,3.72,dys,,United States of America,-74.777501,39.407082,7010000010,7020038339.999999,7030038340,1.7999999999999998,5.399999999999999,3.5999999999999996,2.6999999999999993,12.845233298452376,11.24592259535,11.24592259535
1056731,2007,summer,254.4227859350312,145.54784687959787,288.72416895941427,279.21513074733684,505,967.9099325213801,0.262857914136976,0.1503733374245365,0.2982965245612217,0.28847222387726584,0.9,5.03,0,5.6,2.24,120.8,157,29.5,0.03050847457627118,NLA06608-R31,8,7,2.872,oligo,,United States of America,-76.97764599999998,39.389862,7010000010,7020038339.999999,7030038340,5.5888888888888895,16.76666666666667,11.177777777777779,8.383333333333335,13.716548576654093,14.224994207730667,14.224994207730667
1056731,2017,summer,321.44373552991283,244.4276270672645,361.15738860777196,379.2949541514539,518.5,1306.323705356403,0.24606744424209437,0.18711107060602375,0.27646852547105677,0.29035295968082525,0.9,5.03,0,5.6,2.24,120.8,157,29.5,0.03050847457627118,NLA17_MD-10026,9.41125,10,3.7,oligo,,United States of America,-76.97764599999998,39.389862,7010000010,7020038339.999999,7030038340,5.5888888888888895,16.76666666666667,11.177777777777779,8.383333333333335,13.716548576654093,14.224994207730667,14.224994207730667
1056750,2012,summer,219.5,144.5,246.5,175,508.5,785.5,0.279439847231063,0.1839592616168046,0.31381285805219605,0.22278803309993633,0.31,1.74,0,5.6,1.66,8.7,432,130.5,0.00237547892720306,NLA12_CA-112,7.5,5,3.4,oligo,,United States of America,-121.283641,39.368616,7010000010,7020000010,7030008720,5.612903225806451,16.838709677419352,11.225806451612902,8.419354838709676,12.845233298452376,11.651942843689865,11.651942843689865
1056753,2007,summer,288,298.4050231786156,453.19440676666255,444,548,1483.5994299452782,0.1941224795500378,0.20113584378340055,0.3054695206935867,0.29927215597297496,0.79,2.46,0,3.1,2.64,137.6,198,24.1,0.03278008298755187,NLA06608-0624,49,12,35.2,eu_mixo,,United States of America,-89.021752,39.36574,7010000010,7020046750.000001,7030047060,3.113924050632911,9.341772151898732,6.227848101265822,4.670886075949366,13.729373547396921,12.18132562243707,12.18132562243707
1056775,2007,summer,704.8481554795385,546.4201968674176,894.4665563242594,289,521,2434.7349086712156,0.28949687827173654,0.2244269776234624,0.3673773900964129,0.11869875400838814,0.91,3.05,0,3.4,1.13,11751.8,1778,2.5,0.364,NLA06608-2345,15,5,3.04,oligo,,United States of America,-110.951796,39.347914,7010000010,7020000010,7030008710,3.3516483516483513,10.054945054945053,6.703296703296703,5.0274725274725265,13.270935677879432,5.455802478856933,5.455802478856933
1056778,2007,summer,285,240,297,421,505,1243,0.22928399034593724,0.19308125502815768,0.23893805309734514,0.33869670152855996,0.19,0.75,0,3.9,1.97,80.8,239,9,0.02111111111111111,NLA06608-0148,16,0,1.866,oligo,,United States of America,-86.10335399999998,39.346941,7010000010,7020046750.000001,7030047060,3.947368421052632,11.842105263157896,7.894736842105264,5.921052631578948,12.845233298452376,10.554588299119603,10.554588299119603
1056882,2007,summer,373.59911927495966,368.8725093551659,542.8663313466168,560.0357967657795,555.5,1845.373756742522,0.20245173527038868,0.19989040594481225,0.29417690013371145,0.30348095865108765,0.41,1.02,0,2.5,2.64,70,293,12.1,0.03388429752066115,NLA06608-1492,41,11,40.608,eu_mixo,,United States of America,-85.19683499999998,39.276071,7010000010,7020046750.000001,7030047060,2.487804878048781,7.463414634146342,4.975609756097562,3.731707317073171,13.290846197227037,10.447027680414665,10.447027680414665
1056949,2007,summer,266.40606288674985,291.1822210173238,398.8962558641489,452.4878956426136,557,1408.9724354108362,0.18907826455034207,0.20666282299015964,0.28311146892510813,0.32114744353439006,0.11,0.36,0,3.3,1.6,3.6,94,66.3,0.00165912518853695,NLA06608-1821,255,14,197,eu_mixo,,United States of America,-76.853654,39.215413,7010000010,7020038339.999999,7030038340,3.2727272727272725,9.818181818181817,6.545454545454545,4.909090909090908,12.845233298452376,8.554407516915735,8.554407516915735
1056949,2012,summer,319,380,472,443,560,1614,0.1976456009913259,0.23543990086741015,0.29244114002478316,0.27447335811648077,0.11,0.36,0,3.3,1.6,3.6,94,66.3,0.00165912518853695,NLA12_MD-102,81,14,42.56,eu_mixo,,United States of America,-76.853654,39.215413,7010000010,7020038339.999999,7030038340,3.2727272727272725,9.818181818181817,6.545454545454545,4.909090909090908,12.845233298452376,8.554407516915735,8.554407516915735
1056957,2012,summer,852,514,1081,271,509,2718,0.31346578366445915,0.18910963944076528,0.39771891096394407,0.0997056659308315,0.28,1.36,0,4.9,1.14,-1,1790,0.2,1.4,NLA12_UT-169,23,10,1.56,oligo,,United States of America,-111.66847000000001,39.205939,7010000010,7020000010,7030073620.000001,4.857142857142857,14.57142857142857,9.714285714285714,7.285714285714285,12.845233298452376,7.7717359971258695,7.7717359971258695
1056981,2007,summer,318.5,232,353.25,479,500,1382.75,0.230338094377147,0.1677815946483457,0.255469173747966,0.3464111372265413,0.16,0.42,0,2.6,1.57,306.1,203,1.3,0.12307692307692308,NLA06608-0724,9,8,2.968,oligo,,United States of America,-85.982292,39.18937,7010000010,7020046750.000001,7030047060,2.625,7.875,5.25,3.9375,12.845233298452376,13.1759142729848,13.1759142729848
1056993,2012,summer,302.5,257,378.5,546.5,538,1484.5,0.20377231391040754,0.17312226338834624,0.2549680026945099,0.36813742000673627,0.38,2.38,0,6.3,1.69,116.7,182,20.5,0.01853658536585365,NLA12_IN-146,24,12,2.56,oligo,,United States of America,-86.33927699999998,39.178563,7010000010,7020046750.000001,7030047060,6.263157894736841,18.789473684210524,12.526315789473681,9.394736842105262,12.845233298452376,8.789654184270802,8.789654184270802
1056993,2017,summer,198,172,247,275,533,892,0.2219730941704036,0.19282511210762332,0.2769058295964126,0.30829596412556054,0.38,2.38,0,6.3,1.69,116.7,182,20.5,0.01853658536585365,NLA17_IN-10047,5.66,10,2.93,oligo,,United States of America,-86.33927699999998,39.178563,7010000010,7020046750.000001,7030047060,6.263157894736841,18.789473684210524,12.526315789473681,9.394736842105262,12.845233298452376,8.789654184270802,8.789654184270802
1057004,2007,summer,441.08165257345695,458.55833854936657,583.4120677880417,616.3782081790041,547.5,2099.430267089869,0.21009588148162855,0.218420371344364,0.27789066249708777,0.2935930846769197,0.53,1.16,0,2.2,2.1,8.8,6,83.4,0.00635491606714628,NLA06608-0717,225,35,216,eu_mixo,,United States of America,-75.522796,39.169996,7010000010,7020038339.999999,7030038340,2.188679245283019,6.566037735849056,4.377358490566038,3.283018867924528,13.290846197227037,9.7203949774776,9.7203949774776
1057009,2017,summer,340,404.5,483,452.9387853306166,556,1680.4387853306166,0.20232810797276793,0.24071094022054304,0.2874249298554321,0.2695360219512569,0.16,0.56,0,3.4,1.48,40.5,116,10.5,0.01523809523809523,NLA17_MD-10034,58.1925,15,44,eu_mixo,,United States of America,-77.20463499999998,39.165666,7010000010,7020038339.999999,7030038340,3.5000000000000004,10.5,7.000000000000001,5.25,12.845233298452376,9.519313887831869,9.519313887831869
1057010,2017,summer,255.00079585386177,224,262,229,497,970.0007958538617,0.26288720271553223,0.23092764558282627,0.27010287117277,0.2360822805288715,0.18,0.51,0,2.8,1.3,5928,1994,0.3,0.6,NLA17_NV-10243,14.055,17,0.98,oligo,,United States of America,-114.814497,39.164029,7010000010,7020000010,7030073620.000001,2.8333333333333335,8.5,5.666666666666667,4.25,12.845233298452376,8.533302676097868,8.533302676097868
1057019,2012,summer,357,371.5,479.5,412.5,556.5,1620.5,0.2203023758099352,0.22925023141005862,0.2958963282937365,0.2545510644862697,0.35,1.34,0,3.8,1.22,118,230,14.5,0.02413793103448276,NLA12_MO-109,67,16,29.4,eu_mixo,,United States of America,-91.872741,39.155786,7010000010,7020046750.000001,7030047060,3.828571428571429,11.485714285714286,7.657142857142858,5.742857142857143,12.845233298452376,10.28895480508267,10.28895480508267
1057043,2012,summer,286,200.5,349.5,417.25,511.5,1253.25,0.2282066626770397,0.15998404149212048,0.2788749251944943,0.3329343706363455,0.23,1.39,0,6,1.48,72.6,393,22.5,0.01022222222222222,NLA12_WV-115,14,8,1.66,oligo,,United States of America,-78.598836,39.131261,7010000010,7020038339.999999,7030038340,6.0434782608695645,18.130434782608695,12.086956521739129,9.065217391304348,12.845233298452376,6.348790042826933,6.348790042826933
1057043,2017,summer,284.846190671589,203.67609616367648,293.09654676346196,457.3104337363993,499,1238.9292673351267,0.22991319858338527,0.1643968719875133,0.23657246179509311,0.3691174676340084,0.23,1.39,0,6,1.48,72.6,393,22.5,0.01022222222222222,NLA17_WV-10003,10.578125,6,3.885,oligo,,United States of America,-78.598836,39.131261,7010000010,7020038339.999999,7030038340,6.0434782608695645,18.130434782608695,12.086956521739129,9.065217391304348,12.845233298452376,6.348790042826933,6.348790042826933
1057061,2017,summer,318,395,503,442,556,1658,0.19179734620024125,0.2382388419782871,0.3033775633293124,0.26658624849215923,0.26,1.22,0,4.7,1.91,22.6,108,40.3,0.0064516129032258,NLA17_MD-10003,45.565625,18,18.4,eu_mixo,,United States of America,-77.129587,39.116072,7010000010,7020038339.999999,7030038340,4.692307692307692,14.076923076923077,9.384615384615383,7.038461538461538,12.845233298452376,7.069112841956668,7.069112841956668
1057072,2012,summer,322.5,251.5,337,216,501.5,1127,0.28615794143744455,0.22315882874889087,0.2990239574090506,0.19165927240461403,0.48,3.14,0,6.6,1.13,1254.3,2131,2.5,0.192,NLA12_NV-193,21,4,2.064,oligo,,United States of America,-119.910367,39.106307,7010000010,7020000010,7030073620.000001,6.541666666666667,19.625,13.083333333333334,9.8125,12.845233298452376,6.421283465814933,6.421283465814933
1057101,2007,summer,408.41411280833387,439.0155619697016,526.8378134720108,669.7810744977292,560.5,2044.0485627477753,0.19980646265043261,0.21477746173483342,0.25774231741529313,0.32767375819944083,0.58,3.7,0,6.4,2.48,7.2,241,430.5,0.00134727061556329,NLA06608-2644,121,11,4.427,eu_mixo,,United States of America,-85.24375,39.078971,7010000010,7020046750.000001,7030047060,6.379310344827586,19.13793103448276,12.758620689655173,9.56896551724138,13.290846197227037,7.819905298333198,7.819905298333198
1057134,2017,summer,313.40844804658235,288.01127798249684,468.0891089249679,278.3816445430199,546,1347.8904794970667,0.23251773998991615,0.21367557851581637,0.34727532840770875,0.20653135308655893,0.62,1.85,0,3,2.6,34.1,141,49.3,0.01257606490872211,NLA17_IN-10133,14.315,5,5.84,oligo,,United States of America,-87.362633,39.058976,7010000010,7020046750.000001,7030047060,2.9838709677419355,8.951612903225806,5.967741935483871,4.475806451612903,13.421759398508579,11.771390104470667,11.771390104470667
1057141,2012,summer,351,269,405,409,511,1434,0.24476987447698745,0.18758716875871687,0.2824267782426778,0.28521617852161785,0.55,2.83,0,5.2,2.46,780.8,213,4.2,0.13095238095238096,NLA12_OH-127,8,11,1.712,oligo,,United States of America,-82.698605,39.051035,7010000010,7020046750.000001,7030047060,5.1454545454545455,15.436363636363637,10.290909090909091,7.718181818181819,13.290846197227037,9.30404147821333,9.30404147821333
1057141,2017,summer,273,241,392,310,540,1216,0.22450657894736842,0.1981907894736842,0.3223684210526316,0.25493421052631576,0.55,2.83,0,5.2,2.46,780.8,213,4.2,0.13095238095238096,NLA17_OH-10003,8.098125,7.5,3.665,oligo,,United States of America,-82.698605,39.051035,7010000010,7020046750.000001,7030047060,5.1454545454545455,15.436363636363637,10.290909090909091,7.718181818181819,13.290846197227037,9.30404147821333,9.30404147821333
1057152,2007,summer,290.42085892240823,208.92714204529653,347.2144973055672,311.9631331556174,514,1158.5256314288895,0.25068142736230375,0.18033881718060246,0.29970376820867023,0.2692759872484235,0.51,2.86,0,5.6,1.65,324.3,253,12.8,0.03984375,NLA06608-1100,8,8,2.896,oligo,,United States of America,-94.77296,39.043729,7010000010,7020046750.000001,7030047060,5.6078431372549025,16.823529411764707,11.215686274509805,8.411764705882353,13.002144283848976,9.598968020389329,9.598968020389329
1057156,2012,summer,296,407,380,345,575,1428,0.20728291316526612,0.2850140056022409,0.2661064425770308,0.2415966386554622,0.11,0.47,0,4.3,1.71,676.3,3107,1.8,0.06111111111111111,NLA12_CO-114,37,33,5.8,eu_mixo,,United States of America,-107.912846,39.042008,7010000010,7020000010,7030008710,4.2727272727272725,12.818181818181818,8.545454545454545,6.409090909090909,12.845233298452376,7.190791080909336,7.190791080909336
1057156,2017,summer,230,260,284,260.91904032584017,563,1034.9190403258401,0.2222396062281214,0.25122738095352853,0.27441760073385424,0.25211541208449584,0.11,0.47,0,4.3,1.71,676.3,3107,1.8,0.06111111111111111,NLA17_CO-10009,30.475,32.5,3.145,eu_mixo,,United States of America,-107.912846,39.042008,7010000010,7020000010,7030008710,4.2727272727272725,12.818181818181818,8.545454545454545,6.409090909090909,12.845233298452376,7.190791080909336,7.190791080909336
1057197,2012,summer,231,163,280,175,513,849,0.27208480565371024,0.19199057714958775,0.3297997644287397,0.2061248527679623,0.78,5.05,0,6.5,2.61,6.9,494,355.2,0.00219594594594594,NLA12_CA-111,5.65,7.5,2.35,oligo,,United States of America,-121.055899,39.010041,7010000010,7020000010,7030008720,6.4743589743589745,19.42307692307692,12.948717948717949,9.71153846153846,13.729373547396921,16.5999390035296,16.5999390035296
1057197,2017,summer,344,220.23466640848923,381,218,523,1163.2346664084894,0.2957270875206178,0.1893295246164458,0.3275349428644052,0.18740844499853104,0.78,5.05,0,6.5,2.61,6.9,494,355.2,0.00219594594594594,NLA17_CA-10012,11.555,2,0.82,oligo,,United States of America,-121.055899,39.010041,7010000010,7020000010,7030008720,6.4743589743589745,19.42307692307692,12.948717948717949,9.71153846153846,13.729373547396921,16.5999390035296,16.5999390035296
1057206,2007,summer,402.2167286485888,314.72050511144585,463.31378181555556,579.579567794439,516.5,1759.8305833700292,0.2285542326911687,0.1788356834376434,0.2632718093399206,0.3293382745312673,0.47,1.26,0,2.7,1.64,16.7,146,69,0.00681159420289855,NLA06608-1556,19,8,5.387,oligo,,United States of America,-87.18445,39.002182,7010000010,7020046750.000001,7030047060,2.6808510638297873,8.042553191489363,5.361702127659575,4.021276595744681,12.845233298452376,7.775824837758,7.775824837758
1057208,2007,summer,355.2964476944461,297.41483897825964,498.6293295297716,301,536.5,1452.3406162024773,0.24463713520831026,0.20478311744522312,0.34332808982067015,0.20725165752579644,0.83,3.2,0,3.8,1.63,251.7,309,19.5,0.04256410256410256,NLA06608-1292,17,13,7.08,oligo,,United States of America,-95.778125,39.00161,7010000010,7020046750.000001,7030047060,3.8554216867469884,11.566265060240966,7.710843373493977,5.783132530120483,13.716548576654093,13.353275872509334,13.353275872509334
1057208,2012,summer,422,366,589,331,538,1708,0.24707259953161592,0.21428571428571427,0.344847775175644,0.19379391100702575,0.83,3.2,0,3.8,1.63,251.7,309,19.5,0.04256410256410256,NLA12_KS-103,28,4,12.59354839,oligo,,United States of America,-95.778125,39.00161,7010000010,7020046750.000001,7030047060,3.8554216867469884,11.566265060240966,7.710843373493977,5.783132530120483,13.716548576654093,13.353275872509334,13.353275872509334
1057223,2007,summer,359.73395314800973,399.89710051813523,483,677.25,560,1919.881053666145,0.18737304191896317,0.2082926438356711,0.2515780855682066,0.3527562286771592,0.22,0.48,0,2.2,1.94,5,8,63.1,0.00348652931854199,NLA06608-1741,124,50,116.4,eu_mixo,,United States of America,-75.511877,38.98951,7010000010,7020038339.999999,7030038340,2.181818181818182,6.545454545454546,4.363636363636364,3.272727272727273,12.845233298452376,7.5569702806146655,7.5569702806146655
1057223,2012,summer,425,445,596,765.5,553,2231.5,0.19045485099708717,0.1994174322204795,0.26708492045709165,0.3430427963253417,0.22,0.48,0,2.2,1.94,5,8,63.1,0.00348652931854199,NLA12_DE-102,227,30,78,eu_mixo,,United States of America,-75.511877,38.98951,7010000010,7020038339.999999,7030038340,2.181818181818182,6.545454545454546,4.363636363636364,3.272727272727273,12.845233298452376,7.5569702806146655,7.5569702806146655
1057229,2017,summer,417.9114972890817,346.750667414995,549.9376260142662,384.8400980923864,544,1699.4398888107294,0.24591131468706245,0.20403820676331874,0.3235993397795985,0.22645113877002035,0.44,2.14,0,4.9,1.65,405.4,271,7.7,0.05714285714285714,NLA17_KS-10041,22.6925,4,7.62,oligo,,United States of America,-94.808926,38.984188,7010000010,7020046750.000001,7030047060,4.863636363636363,14.590909090909092,9.727272727272727,7.295454545454546,12.845233298452376,10.208148423343335,10.208148423343335
1057287,2007,summer,464.0553251479563,490.51434995576074,608.3632850333026,657.5134021275798,553.5,2220.4463622645994,0.20899190948016116,0.220907993226863,0.2739824277551304,0.29611766953784546,0.99,3.77,0,3.8,2.36,214.8,219,22.5,0.044,NLA06608-1740,67,12,27.132,eu_mixo,,United States of America,-93.58185700000001,38.935417,7010000010,7020046750.000001,7030047060,3.808080808080808,11.424242424242426,7.616161616161616,5.712121212121213,13.862882400047877,11.226665348423733,11.226665348423733
1057373,2012,summer,420.5,331,440,668,503,1859.5,0.22613605808012907,0.1780048400107556,0.23662274805055122,0.3592363538585641,0.19,0.32,0,1.7,1.94,3.5,5,66.4,0.00286144578313253,NLA12_DE-107,30,25,8.48,dys,,United States of America,-75.378173,38.868277,7010000010,7020038339.999999,7030038340,1.6842105263157896,5.052631578947369,3.368421052631579,2.5263157894736845,12.845233298452376,6.098063402183332,6.098063402183332
1057373,2017,summer,251.88432329017468,183.234251717198,248.04404944633214,379.50211274652145,501,1062.6647372002262,0.23703084752186981,0.1724290317564882,0.23341703244980821,0.3571230882718338,0.19,0.32,0,1.7,1.94,3.5,5,66.4,0.00286144578313253,NLA17_DE-10005,20.89,18,1.15,oligo,,United States of America,-75.378173,38.868277,7010000010,7020038339.999999,7030038340,1.6842105263157896,5.052631578947369,3.368421052631579,2.5263157894736845,12.845233298452376,6.098063402183332,6.098063402183332
1057407,2007,summer,361,448,517,458,561,1784,0.2023542600896861,0.25112107623318386,0.2897982062780269,0.25672645739910316,0.15,0.44,0,3,1.22,49.5,304,12.4,0.01209677419354838,NLA06608-0184,100,15,40.752,eu_mixo,,United States of America,-94.74939,38.832726,7010000010,7020046750.000001,7030047060,2.9333333333333336,8.8,5.866666666666667,4.4,12.845233298452376,10.392137162384266,10.392137162384266
1057440,2017,summer,387,374,485,551,549,1797,0.21535893155258765,0.20812465219810797,0.26989426822481916,0.30662214802448523,0.29,0.9,0,3.1,1.48,163.1,163,9,0.03222222222222222,NLA17_MO-10039,38.1825,7,18.08,eu_mixo,,United States of America,-90.791206,38.800357,7010000010,7020046750.000001,7030047060,3.1034482758620694,9.310344827586208,6.206896551724139,4.655172413793104,12.845233298452376,10.774320643995601,10.774320643995601
1057449,2007,summer,470.6416229279119,541,671.7237757745738,555.3329496590354,560,2238.6983483615213,0.21023003088931982,0.24165828343776283,0.3000510436192536,0.24806064205366368,0.1,0.31,0,3.1,1.57,401.1,354,1.2,0.08333333333333334,NLA06608-R728,19,7,21.28,oligo,,United States of America,-95.979901,38.792731,7010000010,7020046750.000001,7030047060,3.1,9.299999999999999,6.2,4.6499999999999995,12.845233298452376,5.994640883924799,5.994640883924799
1057449,2012,summer,446,493,658,487,556,2084,0.21401151631477927,0.23656429942418425,0.31573896353166986,0.2336852207293666,0.1,0.31,0,3.1,1.57,401.1,354,1.2,0.08333333333333334,NLA12_KS-R08,37,3,16.16,eu_mixo,,United States of America,-95.979901,38.792731,7010000010,7020046750.000001,7030047060,3.1,9.299999999999999,6.2,4.6499999999999995,12.845233298452376,5.994640883924799,5.994640883924799
1057451,2007,summer,465.09159249990364,507.05473360428215,708.0348457056073,633.8444191045745,553,2314.0255909143675,0.20098809379032262,0.21912235352761322,0.30597537403457725,0.2739141786474869,0.51,2.47,0,4.8,2.92,105.7,237,21.2,0.0240566037735849,NLA06608-1263,33,7,14,eu_mixo,,United States of America,-84.655482,38.790059,7010000010,7020046750.000001,7030047060,4.843137254901961,14.529411764705886,9.686274509803923,7.264705882352943,13.290846197227037,8.124883784122664,8.124883784122664
1057453,2012,summer,449,414.5,549.25,360,538,1772.75,0.25327880411789594,0.23381751516006205,0.3098293611620364,0.20307431956000563,0.1,0.33,0,3.2,1.23,73.7,2211,71.7,0.00139470013947001,NLA12_UT-210,51,10,2.72,eu_mixo,,United States of America,-111.775361,38.787352,7010000010,7020000010,7030073620.000001,3.3,9.899999999999999,6.6,4.949999999999999,12.845233298452376,3.8395978241813333,3.8395978241813333
1057458,2007,summer,274,259.2448174901579,383,361.2294692996523,548,1277.47428678981,0.21448572611863673,0.2029354486199634,0.29981033979356886,0.28276848546783107,0.42,0.81,0,1.9,2.65,67.5,145,11.5,0.03652173913043478,NLA06608-0196,94,19,31.4,eu_mixo,,United States of America,-88.068713,38.775671,7010000010,7020046750.000001,7030047060,1.9285714285714288,5.7857142857142865,3.8571428571428577,2.8928571428571432,13.290846197227037,9.535135424638266,9.535135424638266
1057477,2007,summer,419,456.5,571,560,557,2006.5,0.20882133067530526,0.22751059058061301,0.28457513082481933,0.2790929479192624,0.61,1.33,0,2.2,2.67,35.6,5,25.8,0.02364341085271317,NLA06608-0029,188.66666666666663,14.666666666666666,126.72,eu_mixo,,United States of America,-75.203224,38.759904,7010000010,7020038339.999999,7030038340,2.1803278688524594,6.540983606557378,4.360655737704919,3.270491803278689,13.421759398508579,10.041125600594134,10.041125600594134
1057557,2017,summer,323,293.3280561770505,350.7279806324863,403.94045218568414,534,1370.996488995221,0.23559505993827962,0.21395244884399772,0.2558197511428557,0.29463274007486695,0.27,0.72,0,2.7,2.08,79.3,180,8.9,0.03033707865168539,NLA17_IN-10132,35.07625,18,19.44,eu_mixo,,United States of America,-85.78801699999998,38.668171,7010000010,7020046750.000001,7030047060,2.666666666666666,7.999999999999998,5.333333333333332,3.999999999999999,12.845233298452376,7.645782108879201,7.645782108879201
1057565,2012,summer,332,297,361,621,551,1611,0.20608317815021726,0.18435754189944134,0.22408441961514589,0.3854748603351955,0.13,0.36,0,2.8,1.5,47.8,172,7.4,0.01756756756756757,NLA12_IN-142,125,28,12.48,eu_mixo,,United States of America,-85.753271,38.659878,7010000010,7020046750.000001,7030047060,2.769230769230769,8.307692307692307,5.538461538461538,4.153846153846153,12.845233298452376,10.291246311287868,10.291246311287868
1057586,2007,summer,338.73115380155735,372.14004354807565,454.56501045153334,469.8149588753297,529,1635.251166676496,0.2071431965341438,0.2275736297466875,0.2779787103747473,0.2873044633444214,0.18,0.38,0,2.1,1.74,1.8,7,152.2,0.00118265440210249,NLA06608-2333,75,20,68.88,eu_mixo,,United States of America,-75.551945,38.642315,7010000010,7020038339.999999,7030038340,2.111111111111111,6.333333333333333,4.222222222222222,3.1666666666666665,12.845233298452376,4.549290483078666,4.549290483078666
1057586,2012,summer,494,482,559,803,551,2338,0.21129170230966637,0.20615911035072712,0.23909324208725408,0.34345594525235246,0.18,0.38,0,2.1,1.74,1.8,7,152.2,0.00118265440210249,NLA12_DE-103,81,30,12.72,eu_mixo,,United States of America,-75.551945,38.642315,7010000010,7020038339.999999,7030038340,2.111111111111111,6.333333333333333,4.222222222222222,3.1666666666666665,12.845233298452376,4.549290483078666,4.549290483078666
1057586,2017,summer,289,339,398,463,562,1489,0.19408999328408327,0.22766957689724648,0.26729348556077903,0.3109469442578912,0.18,0.38,0,2.1,1.74,1.8,7,152.2,0.00118265440210249,NLA17_DE-10002,72.99,18,49.28,eu_mixo,,United States of America,-75.551945,38.642315,7010000010,7020038339.999999,7030038340,2.111111111111111,6.333333333333333,4.222222222222222,3.1666666666666665,12.845233298452376,4.549290483078666,4.549290483078666
1057607,2012,summer,231,213,346,325,544,1115,0.20717488789237667,0.19103139013452916,0.31031390134529147,0.2914798206278027,0.25,0.87,0,3.5,1.79,27.2,66,27.5,0.00909090909090909,NLA12_VA-110,19,12,6.848,oligo,,United States of America,-77.344289,38.610555,7010000010,7020038339.999999,7030038340,3.48,10.44,6.96,5.22,12.845233298452376,5.918342556294667,5.918342556294667
1057607,2017,summer,306.04017349389693,281.6654416613992,411.3421682659463,365.81008500899577,535,1364.8578684302383,0.22422860326539523,0.20636979730742996,0.3013809553217747,0.2680206441054,0.25,0.87,0,3.5,1.79,27.2,66,27.5,0.00909090909090909,NLA17_VA-10010,16.07,5,13.52,oligo,,United States of America,-77.344289,38.610555,7010000010,7020038339.999999,7030038340,3.48,10.44,6.96,5.22,12.845233298452376,5.918342556294667,5.918342556294667
1057649,2007,summer,544.9250957280992,503.5860586383504,634.2780218245114,780.7070729248039,535,2463.496249115765,0.22119988854202313,0.20441925122439503,0.25747066676158975,0.3169101934719921,0.19,0.35,0,1.9,1.51,1.2,6,213.6,8.895131086142323e-4,NLA06608-0285,138,15,35.28,eu_mixo,,United States of America,-75.566947,38.559335,7010000010,7020038339.999999,7030038340,1.8421052631578947,5.526315789473684,3.6842105263157894,2.763157894736842,12.845233298452376,6.120877156957333,6.120877156957333
1057649,2012,summer,509,452,564,767,514,2292,0.22207678883071552,0.19720767888307156,0.24607329842931938,0.33464223385689357,0.19,0.35,0,1.9,1.51,1.2,6,213.6,8.895131086142323e-4,NLA12_DE-104,182,32,45.12,eu_mixo,,United States of America,-75.566947,38.559335,7010000010,7020038339.999999,7030038340,1.8421052631578947,5.526315789473684,3.6842105263157894,2.763157894736842,12.845233298452376,6.120877156957333,6.120877156957333
1057649,2017,summer,301.57172111482436,302.31349573762174,350.02837314412375,398.3723778416696,546,1352.2859678382395,0.22300883710042194,0.22355737094639772,0.2588419768221644,0.29459181513101595,0.19,0.35,0,1.9,1.51,1.2,6,213.6,8.895131086142323e-4,NLA17_DE-10003,144.93625,27,82.13,eu_mixo,,United States of America,-75.566947,38.559335,7010000010,7020038339.999999,7030038340,1.8421052631578947,5.526315789473684,3.6842105263157894,2.763157894736842,12.845233298452376,6.120877156957333,6.120877156957333
1057685,2007,summer,367.9093206945435,346.49469633420415,415.32786810206045,257.26045271786404,539.5,1386.992337848672,0.2652569236721222,0.24981731108309016,0.29944496214468264,0.18548080310010515,0.55,3.71,0,6.8,1.92,417,2438,199.6,0.00275551102204408,NLA06608-0169,51,7.333333333333333,10.745,eu_mixo,,United States of America,-111.530798,38.51875,7010000010,7020000010,7030008710,6.745454545454545,20.236363636363635,13.49090909090909,10.118181818181817,13.290846197227037,5.654051329207465,5.654051329207465
1057695,2007,summer,351.74797414216584,376.0495273207367,484.63920609261345,399.02059075373325,557,1611.4572983092494,0.21827942602712583,0.23335990827388978,0.3007459189896622,0.24761474670932207,0.95,3.66,0,3.9,1.89,237.8,303,19.8,0.04797979797979797,NLA06608-R733,62,30,14.256,eu_mixo,,United States of America,-94.684929,38.505316,7010000010,7020046750.000001,7030047060,3.852631578947369,11.557894736842105,7.705263157894738,5.778947368421052,13.716548576654093,16.041053627652,16.041053627652
1057695,2012,summer,433,394,527.5,325,547.5,1679.5,0.2578148258410241,0.23459362905626674,0.31408157189639774,0.19350997320631141,0.95,3.66,0,3.9,1.89,237.8,303,19.8,0.04797979797979797,NLA12_KS-114,46,2,15.408,eu_mixo,,United States of America,-94.684929,38.505316,7010000010,7020046750.000001,7030047060,3.852631578947369,11.557894736842105,7.705263157894738,5.778947368421052,13.716548576654093,16.041053627652,16.041053627652
1057696,2017,summer,280,207,346.5,357,534,1190.5,0.23519529609407813,0.1738765224695506,0.29105417891642166,0.2998740025199496,0.3,1.25,0,4.2,2.35,218.5,263,4.9,0.06122448979591836,NLA17_KY-10027,35.195,25,28.08,eu_mixo,,United States of America,-84.58829699999998,38.50515,7010000010,7020046750.000001,7030047060,4.166666666666667,12.5,8.333333333333334,6.25,13.002144283848976,10.345863727462266,10.345863727462266
1057709,2007,summer,441.5,528.2728193613488,672.0866862958644,697.5879045232257,558,2339.447410180439,0.18871977975600127,0.225810940251315,0.28728437466522366,0.29818490532746,0.14,0.4,0,2.8,1.37,27.8,114,11.8,0.01186440677966101,NLA06608-0489,107,38,24.32,eu_mixo,,United States of America,-78.005114,38.490654,7010000010,7020038339.999999,7030038340,2.857142857142857,8.571428571428571,5.714285714285714,4.285714285714286,12.845233298452376,12.340470993479732,12.340470993479732
1057710,2007,summer,230.03769531168115,152.20046345406908,251.14116859261884,330.8266310849775,501,964.2059584433465,0.23857734262819055,0.1578505734395043,0.26046423629042015,0.34310784764188507,0.75,6.1,0,8.1,3.24,487.1,197,13.9,0.0539568345323741,NLA06608-0447,3,5,1.205,oligo,,United States of America,-82.865684,38.490367,7010000010,7020046750.000001,7030047060,8.133333333333333,24.399999999999995,16.266666666666666,12.199999999999998,13.729373547396921,14.818165496492263,14.818165496492263
1057710,2017,summer,238,145,275,374.41106840540493,501,1032.4110684054049,0.23052833051044228,0.14044793245384088,0.2663667684469396,0.36265696858877733,0.75,6.1,0,8.1,3.24,487.1,197,13.9,0.0539568345323741,NLA17_KY-10002,9.94125,5,2.16,oligo,,United States of America,-82.865684,38.490367,7010000010,7020046750.000001,7030047060,8.133333333333333,24.399999999999995,16.266666666666666,12.199999999999998,13.729373547396921,14.818165496492263,14.818165496492263
1057728,2007,summer,263.4087360821883,169,267.94369497193765,212.99257483391847,498,913.3450058880444,0.28840003983607077,0.1850341315828201,0.29336525983564804,0.2332005687454611,0.69,4.88,0,7.1,1.26,348.6,2235,11.1,0.06216216216216216,NLA06608-0649,9,6,3.64,oligo,,United States of America,-120.00208300000001,38.473296,7010000010,7020000010,7030008720,7.072463768115942,21.217391304347828,14.144927536231885,10.608695652173914,13.137426825228477,6.9438578463498635,6.9438578463498635
1057728,2012,summer,247.5,188.5,252,189,498,877,0.282212086659065,0.21493728620296465,0.28734321550741165,0.21550741163055873,0.69,4.88,0,7.1,1.26,348.6,2235,11.1,0.06216216216216216,NLA12_CA-107,10.2,5,3.8,oligo,,United States of America,-120.00208300000001,38.473296,7010000010,7020000010,7030008720,7.072463768115942,21.217391304347828,14.144927536231885,10.608695652173914,13.137426825228477,6.9438578463498635,6.9438578463498635
1057740,2012,summer,578,758,837,676,568,2849,0.20287820287820288,0.26605826605826605,0.2937872937872938,0.23727623727623728,0.11,0.29,0,2.6,1.23,80.5,323,4.7,0.02340425531914893,NLA12_KS-121,68,15,21.71428571,eu_mixo,,United States of America,-95.735586,38.465444,7010000010,7020046750.000001,7030047060,2.6363636363636362,7.909090909090909,5.2727272727272725,3.9545454545454546,12.845233298452376,5.611265908513198,5.611265908513198
1057740,2017,summer,508.27701217457053,629.8254475185423,744.5,546.3792390576881,566,2428.981698750801,0.20925518394641338,0.259296086027513,0.3065070438294732,0.2249416861966004,0.11,0.29,0,2.6,1.23,80.5,323,4.7,0.02340425531914893,NLA17_KS-10006,118.22875,10,19.71,eu_mixo,,United States of America,-95.735586,38.465444,7010000010,7020046750.000001,7030047060,2.6363636363636362,7.909090909090909,5.2727272727272725,3.9545454545454546,12.845233298452376,5.611265908513198,5.611265908513198
1057745,2007,summer,416.11413063112786,327.5,484.82185995804576,289,509.5,1517.4359905891736,0.27422186715735114,0.21582458965721635,0.319500699182576,0.19045284400285656,0.5,2.27,0,4.5,1.69,1140,1676,25,0.02,NLA06608-0372,16,12,3.16,oligo,,United States of America,-105.05168800000001,38.460618,7010000010,7020046750.000001,7030047060,4.54,13.620000000000001,9.08,6.8100000000000005,13.002144283848976,4.0362901250768,4.0362901250768
1057787,2007,summer,489.9732329911429,388.51633269988656,599.8199321256583,485.6411611592691,538,1963.950658975957,0.24948347391101194,0.1978238765440608,0.3054149702714102,0.24727767927351701,0.29,1.44,0,4.9,1.73,339.7,242,5.2,0.05576923076923076,NLA06608-R772,16,3,7.6,oligo,,United States of America,-91.480602,38.430142,7010000010,7020046750.000001,7030047060,4.9655172413793105,14.896551724137929,9.931034482758621,7.448275862068964,12.845233298452376,10.61284731669693,10.61284731669693
1057787,2012,summer,404,431.5,554,454,555,1843.5,0.21914835909953892,0.23406563601844319,0.300515324111744,0.24627068077027395,0.29,1.44,0,4.9,1.73,339.7,242,5.2,0.05576923076923076,NLA12_MO-110,29,19,6.656,oligo,,United States of America,-91.480602,38.430142,7010000010,7020046750.000001,7030047060,4.9655172413793105,14.896551724137929,9.931034482758621,7.448275862068964,12.845233298452376,10.61284731669693,10.61284731669693
1057841,2012,summer,380.5,319,438.5,237,524,1375,0.2767272727272727,0.232,0.3189090909090909,0.17236363636363636,0.5,1.25,0,2.5,1.91,5.9,1576,921.3,5.427113860848801e-4,NLA12_NV-103,27,15,0.334,oligo,,United States of America,-115.115331,38.39056,7010000010,7020000010,7030008710,2.5,7.5,5,3.75,13.129303305430637,4.404495562573467,4.404495562573467
1057841,2017,summer,334.7656422503726,286.02218933748316,345.0346060695086,322.20612118062326,534.5,1288.0285588379877,0.25990545004094157,0.22206199340449556,0.2678780712601483,0.2501544852944145,0.5,1.25,0,2.5,1.91,5.9,1576,921.3,5.427113860848801e-4,NLA17_NV-10002,20.4925,13.5,1.7799999999999998,oligo,,United States of America,-115.115331,38.39056,7010000010,7020000010,7030008710,2.5,7.5,5,3.75,13.129303305430637,4.404495562573467,4.404495562573467
1057883,2007,summer,303.4557304620914,273.658202242209,343.2440597441474,348.6549360332681,555,1269.0129284817158,0.2391273750261589,0.21564650453925766,0.27048113698480175,0.27474498344978177,0.54,1.54,0,2.9,1.31,1112.2,261,1.7,0.31764705882352945,NLA06608-0632,44,8,34,eu_mixo,,United States of America,-94.642568,38.355512,7010000010,7020046750.000001,7030047060,2.851851851851852,8.555555555555555,5.703703703703704,4.277777777777778,12.845233298452376,9.283230116152799,9.283230116152799
1057910,2007,summer,329,225.5,334.16855167038773,229.5,502.5,1118.1685516703878,0.29423113314045535,0.2016690593409504,0.29885346996317014,0.205246337555424,0.46,1.2,0,2.6,1.87,871.6,73,2,0.23,NLA06608-1417,7,9,1.989,oligo,,United States of America,-121.100168,38.335949,7010000010,7020000010,7030008720,2.6086956521739126,7.826086956521738,5.217391304347825,3.913043478260869,13.002144283848976,10.479523867391466,10.479523867391466
1057919,2007,summer,313.49539695765793,198.68291641207801,327.3695699666139,477.8334675044676,498,1317.3813508408175,0.23796860093515804,0.15081655458783352,0.24850023097538956,0.3627146135016188,0.21,1.71,0,8.1,1.19,26.9,621,58.7,0.00357751277683134,NLA06608-R315,4,0,2.48,oligo,,United States of America,-79.22441399999998,38.327224,7010000010,7020038339.999999,7030038340,8.142857142857142,24.428571428571427,16.285714285714285,12.214285714285714,12.845233298452376,4.459391806914667,4.459391806914667
1057919,2017,summer,227,170.4912004696478,288,295.03532049719894,503,980.5265209668466,0.231508271470482,0.17387719436852683,0.29371974530175693,0.3008947888592343,0.21,1.71,0,8.1,1.19,26.9,621,58.7,0.00357751277683134,NLA17_VA-HP001,5.21375,0,1.6,oligo,,United States of America,-79.22441399999998,38.327224,7010000010,7020038339.999999,7030038340,8.142857142857142,24.428571428571427,16.285714285714285,12.214285714285714,12.845233298452376,4.459391806914667,4.459391806914667
1057946,2017,summer,308.7967214404454,388.2573558718754,405.0032981864081,370.4472982059585,567,1472.5046737046875,0.2097084830729542,0.26367139120520094,0.2750438116895457,0.251576314032299,0.22,0.85,0,3.8,1.34,83.6,86,8.3,0.02650602409638554,NLA17_VA-10014,45,41,22.24,eu_mixo,,United States of America,-77.648898,38.298123,7010000010,7020038339.999999,7030038340,3.8636363636363633,11.59090909090909,7.727272727272727,5.795454545454545,12.845233298452376,10.2086356885836,10.2086356885836
1057990,2017,summer,261.2293563884564,221.0246549518822,313.79698605584286,292.153883287925,526,1088.2048806841065,0.240055306703121,0.2031094133789712,0.2883620461788156,0.26847323373909215,0.15,0.83,0,5.6,1.61,131.9,150,6.1,0.02459016393442623,NLA17_IN-10085,52.91375,20,25.28,eu_mixo,,United States of America,-86.773399,38.254697,7010000010,7020046750.000001,7030047060,5.533333333333334,16.6,11.066666666666668,8.3,12.845233298452376,10.857703184453602,10.857703184453602
1058018,2007,summer,480.6421296691549,415.2976526085791,678.2194732199548,243.73189991588106,533,1817.8911554135698,0.26439543876861477,0.22845023002166429,0.37308035258340866,0.13407397862631226,0.8,15.8,15.8,19.7,1.82,243.2,2719,156,0.00512820512820512,NLA06608-0511,13,4,2.352,oligo,Silver Jack,United States of America,-107.540387,38.230238,7010000010,7020000010,7030008710,19.75,59.25000000000001,39.5,29.625000000000004,13.583039724003136,7.994733942203466,7.994733942203466
1058041,2007,summer,311.48657028572575,237.65549540668073,333.3211422954117,468.0798434822612,539,1350.5430514700793,0.23063801627550456,0.1759703218257207,0.24680526987465404,0.3465863920241208,0.11,0.31,0,2.7,1.47,272.1,153,1,0.11,NLA06608-2916,15,7,1.984,oligo,,United States of America,-87.11354199999998,38.213428,7010000010,7020046750.000001,7030047060,2.8181818181818183,8.454545454545455,5.636363636363637,4.2272727272727275,12.845233298452376,14.160529463252265,14.160529463252265
1058041,2012,summer,301,226,371.5,564,516,1462.5,0.2058119658119658,0.15452991452991452,0.254017094017094,0.38564102564102565,0.11,0.31,0,2.7,1.47,272.1,153,1,0.11,NLA12_IN-104,40,12,16.24,eu_mixo,,United States of America,-87.11354199999998,38.213428,7010000010,7020046750.000001,7030047060,2.8181818181818183,8.454545454545455,5.636363636363637,4.2272727272727275,12.845233298452376,14.160529463252265,14.160529463252265
1058041,2017,summer,287.6390474400749,192,344,367,526,1190.6390474400748,0.24158375122881381,0.16125793993805954,0.2889204757223567,0.30823783311077,0.11,0.31,0,2.7,1.47,272.1,153,1,0.11,NLA17_IN-10002,11.9225,3,4.23,oligo,,United States of America,-87.11354199999998,38.213428,7010000010,7020046750.000001,7030047060,2.8181818181818183,8.454545454545455,5.636363636363637,4.2272727272727275,12.845233298452376,14.160529463252265,14.160529463252265
1058053,2012,summer,352.5,332,497,599,544.5,1780.5,0.1979780960404381,0.18646447627071047,0.2791350744172985,0.33642235327155295,0.78,2.83,0,3.6,4.17,33.1,236,72.3,0.01078838174273859,NLA12_KY-122,95,6,48.54545455,eu_mixo,,United States of America,-85.151983,38.206309,7010000010,7020046750.000001,7030047060,3.628205128205128,10.884615384615385,7.256410256410256,5.4423076923076925,14.147813144003745,10.368723572041466,10.368723572041466
1058075,2017,summer,469.2733238299138,489.3829234700656,551.9788051165858,416.17916391481253,559,1926.8142163313778,0.24354881744821377,0.2539855266388072,0.28647225063947485,0.21599340527350414,0.24,1.04,0,4.3,1.07,571.1,2790,3.9,0.06153846153846153,NLA17_CO-10053,38.655,41,10.49,eu_mixo,,United States of America,-106.836195,38.193078,7010000010,7020000010,7030008710,4.333333333333334,13.000000000000004,8.666666666666668,6.500000000000002,12.845233298452376,5.960501230316534,5.960501230316534
1058178,2007,summer,313.0048878900225,302.25088256355605,435.75272030916153,363.25214423810706,548.5,1414.2606350008473,0.2213205120354884,0.21371653504544794,0.30811344777965943,0.25684950513940413,0.5,2.9,0,5.8,1.64,239.8,277,14.7,0.03401360544217687,NLA06608-R746,37,16,17.28,eu_mixo,,United States of America,-94.891076,38.129256,7010000010,7020046750.000001,7030047060,5.8,17.4,11.6,8.7,13.002144283848976,8.859580013591998,8.859580013591998
1058178,2012,summer,467,380,530,543,531,1920,0.24322916666666666,0.19791666666666666,0.2760416666666667,0.2828125,0.5,2.9,0,5.8,1.64,239.8,277,14.7,0.03401360544217687,NLA12_KS-R02,47,14,10.576,eu_mixo,,United States of America,-94.891076,38.129256,7010000010,7020046750.000001,7030047060,5.8,17.4,11.6,8.7,13.002144283848976,8.859580013591998,8.859580013591998
1058185,2012,summer,332,241,387,540,514,1500,0.22133333333333333,0.16066666666666668,0.258,0.36,0.53,3.4,0,6.5,1.67,144.1,140,22.8,0.02324561403508772,NLA12_IN-130,19,15,5.893333333,oligo,,United States of America,-86.647667,38.12642,7010000010,7020046750.000001,7030047060,6.41509433962264,19.245283018867923,12.83018867924528,9.622641509433961,13.002144283848976,10.045515053689334,10.045515053689334
1058185,2017,summer,284.4757258544123,256.5,407,371,532.5,1318.9757258544123,0.2156792731497263,0.19446908307114086,0.3085727750875412,0.28127886869159163,0.53,3.4,0,6.5,1.67,144.1,140,22.8,0.02324561403508772,NLA17_IN-10039,30.0975,3,12.8,eu_mixo,,United States of America,-86.647667,38.12642,7010000010,7020046750.000001,7030047060,6.41509433962264,19.245283018867923,12.83018867924528,9.622641509433961,13.002144283848976,10.045515053689334,10.045515053689334
1058225,2007,summer,421.6188368552112,252.04427612305233,431.7579374904911,517.8929452166454,502,1623.3139956854002,0.2597272234304825,0.15526526401728796,0.2659731503812933,0.31903436217093617,0.21,1.13,0,5.4,1.46,655.4,262,2.7,0.07777777777777777,NLA06608-1312,5,5,1.6,oligo,,United States of America,-91.063396,38.099001,7010000010,7020046750.000001,7030047060,5.380952380952381,16.142857142857142,10.761904761904763,8.071428571428571,12.845233298452376,11.054700924997332,11.054700924997332
1058245,2017,summer,466.64898944821573,448,598.7850783418229,323,540,1836.4340677900386,0.25410604041438867,0.24395103960313827,0.32605857669717475,0.17588434328529834,0.36,0.39,0,1.1,1.76,2.3,0,110,0.00327272727272727,NLA17_CA-10064,362.0075,5,9.95,eu_mixo,,United States of America,-122.515532,38.08478,7010000010,7020000010,7030008720,1.0833333333333335,3.2500000000000004,2.166666666666667,1.6250000000000002,12.845233298452376,7.699863400594667,7.699863400594667
1058282,2007,summer,248,165,289,366.06882477140937,506,1068.0688247714093,0.23219477457651438,0.15448442663356804,0.27058181392182523,0.3427389848680925,0.16,0.86,0,5.4,1.55,109.2,157,7.6,0.02105263157894737,NLA06608-1908,10,9,0.944,oligo,,United States of America,-86.664349,38.063752,7010000010,7020046750.000001,7030047060,5.375,16.124999999999996,10.75,8.062499999999998,12.845233298452376,9.174552569326401,9.174552569326401
1058292,2012,summer,553,874,911,696,568,3034,0.18226763348714567,0.2880685563612393,0.3002636783124588,0.22940013183915622,0.58,2.14,0,3.7,1.53,191.8,40,18.8,0.03085106382978723,NLA12_CA-190,123,30,33,eu_mixo,,United States of America,-121.02725400000001,38.060849,7010000010,7020000010,7030008720,3.689655172413793,11.06896551724138,7.379310344827586,5.53448275862069,13.002144283848976,6.459759290304801,6.459759290304801
1058426,2007,summer,342.6735800859372,240.7374247214518,378.0100059313765,504.2015137713644,500,1465.62252451013,0.2338075284428864,0.16425608961073787,0.2579177104675862,0.3440186714787894,0.84,5.81,0,6.9,1.67,123.8,259,70.3,0.01194879089615931,NLA06608-1376,18,7,9.12,oligo,,United States of America,-90.924671,37.950765,7010000010,7020046750.000001,7030047060,6.916666666666667,20.75,13.833333333333334,10.375,13.716548576654093,22.017973526270136,22.017973526270136
1058426,2017,summer,313.3884089241832,244.29799388247255,368.4207353462166,398.66411347739916,525,1324.7712516302713,0.23656039375743212,0.18440768063304364,0.27810139666967854,0.30093052893984584,0.84,5.81,0,6.9,1.67,123.8,259,70.3,0.01194879089615931,NLA17_MO-HP010,8.5,3,3.33,oligo,,United States of America,-90.924671,37.950765,7010000010,7020046750.000001,7030047060,6.916666666666667,20.75,13.833333333333334,10.375,13.716548576654093,22.017973526270136,22.017973526270136
1058442,2007,summer,212.11134307218063,87,186.99252276386028,135.65758329962696,491,621.7614491356678,0.3411458580570474,0.13992504701110325,0.30074640848802237,0.2181826864438271,0.75,11,11,14.7,3.68,402.9,208,17.1,0.04385964912280701,NLA06608-0501,6,9,0.634,oligo,,United States of America,-122.637992,37.939238,7010000010,7020000010,7030008720,14.666666666666666,44.00000000000001,29.333333333333332,22.000000000000004,14.003706257196628,19.106192942415998,19.106192942415998
1058442,2012,summer,184,93,172,134,493.5,583,0.3156089193825043,0.1595197255574614,0.2950257289879931,0.22984562607204118,0.75,11,11,14.7,3.68,402.9,208,17.1,0.04385964912280701,NLA12_CA-R01,31,15,0.636,eu_mixo,,United States of America,-122.637992,37.939238,7010000010,7020000010,7030008720,14.666666666666666,44.00000000000001,29.333333333333332,22.000000000000004,14.003706257196628,19.106192942415998,19.106192942415998
1058547,2017,summer,468.38807503611633,582.9535962788059,650.570490624501,544.3849577915439,569,2246.297119730967,0.20851563709978577,0.25951758169401234,0.2896190735010238,0.2423477077051781,0.16,0.88,0,5.5,1.17,37.4,2983,45.8,0.00349344978165938,NLA17_CO-10037,406.815,33,181.2,eu_mixo,,United States of America,-107.182124,37.828392,7010000010,7020047840,7030049270.000001,5.5,16.5,11,8.25,12.845233298452376,3.7059293783199996,3.7059293783199996
1058550,2007,summer,350.5,208.75,373.9201203275316,212.5,497,1145.6701203275315,0.3059344865342188,0.18220777193728435,0.32637677608335713,0.18548096544513976,0.48,3.81,0,7.9,1.18,203.2,2960,36.6,0.01311475409836065,NLA06608-0068,0.6666666666666666,2.6666666666666665,0.6203333333333333,oligo,,United States of America,-107.885529,37.826569,7010000010,7020000010,7030008710,7.9375,23.8125,15.875,11.90625,12.845233298452376,6.092190092348131,6.092190092348131
1058550,2012,summer,363.5,235.5,347.5,241,500,1187.5,0.3061052631578947,0.19831578947368422,0.2926315789473684,0.20294736842105263,0.48,3.81,0,7.9,1.18,203.2,2960,36.6,0.01311475409836065,NLA12_CO-107,16,8,1.224,oligo,,United States of America,-107.885529,37.826569,7010000010,7020000010,7030008710,7.9375,23.8125,15.875,11.90625,12.845233298452376,6.092190092348131,6.092190092348131
1058550,2017,summer,382,267,405,267,500,1321,0.2891748675246026,0.20211960635881907,0.3065859197577593,0.20211960635881907,0.48,3.81,0,7.9,1.18,203.2,2960,36.6,0.01311475409836065,NLA17_CO-10003,7.81,0,2.56,oligo,,United States of America,-107.885529,37.826569,7010000010,7020000010,7030008710,7.9375,23.8125,15.875,11.90625,12.845233298452376,6.092190092348131,6.092190092348131
1058615,2007,summer,302.7370839074226,291.94813238437746,370.4739633884518,426.5150177857381,553,1391.67419746599,0.21753445199936672,0.2097819539343095,0.2662073954256133,0.3064761986407105,0.28,0.67,0,2.4,1.43,95.2,278,7.8,0.0358974358974359,NLA06608-0168,61,29,21.76,eu_mixo,,United States of America,-94.852658,37.759869,7010000010,7020046750.000001,7030047060,2.392857142857143,7.178571428571428,4.785714285714286,3.589285714285714,12.845233298452376,11.298296310876932,11.298296310876932
1058669,2007,summer,686,1005,923.5,838.397956602121,575,3452.8979566021208,0.19867369630438464,0.2910598612039454,0.2674564993252175,0.24280994316645252,0.9,2.31,0,2.6,1.58,50.8,392,96.1,0.00936524453694068,NLA06608-0872,276,35,14.32,eu_mixo,,United States of America,-97.053194,37.709003,7010000010,7020046750.000001,7030047060,2.566666666666667,7.7,5.133333333333334,3.85,13.716548576654093,13.348290587756003,13.348290587756003
1058680,2007,summer,390.16180512048595,300.4694341237504,475.650383198772,484,508,1650.2816224430082,0.23642134761393432,0.18207161131622368,0.2882237654047428,0.2932832756650992,0.55,3.78,0,6.8,3.07,47.6,827,62,0.00887096774193548,NLA06608-0537,11,14,2.335,oligo,,United States of America,-81.053488,37.701291,7010000010,7020046750.000001,7030047060,6.872727272727271,20.618181818181817,13.745454545454542,10.309090909090909,13.43718002062082,5.2463938583325325,5.2463938583325325
1058682,2012,summer,255.5,208,326,350.5,526,1140,0.22412280701754386,0.1824561403508772,0.28596491228070176,0.3074561403508772,0.35,1.11,0,3.2,1.99,84.3,274,10.5,0.03333333333333333,NLA12_KY-107,47,8.5,27.84761905,eu_mixo,,United States of America,-84.219988,37.699378,7010000010,7020046750.000001,7030047060,3.171428571428572,9.514285714285716,6.342857142857144,4.757142857142858,13.002144283848976,7.324810701236135,7.324810701236135
1058708,2007,summer,370.93473290709943,262.332019098289,421,708,508,1762.2667520053883,0.2104872786625468,0.14886056200048361,0.2388968636677274,0.4017552956692423,0.27,1.17,0,4.3,2.12,21.3,855,42.8,0.00630841121495327,NLA06608-1561,10,0,3.235,oligo,,United States of America,-81.063542,37.672674,7010000010,7020046750.000001,7030047060,4.333333333333333,13,8.666666666666666,6.5,12.845233298452376,2.9538964693413328,2.9538964693413328
1058711,2007,summer,270.7018658145684,271.67047349113284,355.0419953995612,427.24060974000395,541,1324.6549444452662,0.20435651333180346,0.20508772841587206,0.26802602208852533,0.3225297361637993,0.49,1.49,0,3,1.89,139,252,11.6,0.04224137931034483,NLA06608-1704,42,13,32.544,eu_mixo,,United States of America,-94.407806,37.671322,7010000010,7020046750.000001,7030047060,3.0408163265306123,9.122448979591837,6.081632653061225,4.561224489795919,13.129303305430637,9.354750891501332,9.354750891501332
1058713,2017,summer,372.3870786340785,249.656112354101,379.53585216787116,259.758123899379,497,1261.3371670554295,0.2952319874180905,0.19792972004219855,0.3008996024860595,0.20593869005365154,0.32,1.08,0,3.3,1.4,7.9,102,429.2,7.455731593662628e-4,NLA17_CA-10081,8.25125,2,1.41,oligo,,United States of America,-121.838542,37.669658,7010000010,7020000010,7030008720,3.375,10.124999999999998,6.75,5.062499999999999,12.845233298452376,5.356137423591198,5.356137423591198
1058728,2017,summer,271.99295539550985,235.13310520556496,306.8530983691142,329.22959282227043,532,1143.2087517924595,0.23792063782668454,0.20567818855208653,0.26841388144378114,0.2879872921774478,0.66,1.85,0,2.8,2.43,5.1,125,334.1,0.00197545645016462,NLA17_IL-10021,22.43625,10,92.16,oligo,,United States of America,-88.75308099999998,37.66076,7010000010,7020046750.000001,7030047060,2.8030303030303028,8.40909090909091,5.6060606060606055,4.204545454545455,13.583039724003136,10.993093969073199,10.993093969073199
1058744,2007,summer,552.6423058564969,695,883,343.82157360780644,562,2474.4638794643033,0.22333819880859948,0.2808689210490559,0.35684497451268543,0.13894790562965922,0.42,3.14,0,7.4,1.5,42,1659,344.5,0.00121915820029027,NLA06608-0825,88,8,39.696,eu_mixo,,United States of America,-113.527117,37.651701,7010000010,7020000010,7030073620.000001,7.476190476190476,22.42857142857143,14.952380952380953,11.214285714285715,12.845233298452376,5.111021602853333,5.111021602853333
1058745,2012,summer,374.25,335,448.25,367,533,1524.5,0.24549032469662185,0.2197441784191538,0.2940308297802558,0.2407346671039685,0.5,1.87,0,3.7,1.09,392.9,327,5.8,0.08620689655172414,NLA12_MO-104,25,14,2.136,oligo,,United States of America,-90.581937,37.651275,7010000010,7020046750.000001,7030047060,3.74,11.22,7.48,5.61,12.845233298452376,8.865896194209467,8.865896194209467
1058745,2017,summer,492.7602978356148,414.6256286832453,636.6315796631313,336.5,534.5,1880.5175061819914,0.2620344113871423,0.22048485447235125,0.33854062914611327,0.1789401049943932,0.5,1.87,0,3.7,1.09,392.9,327,5.8,0.08620689655172414,NLA17_MO-10005,21.22,0,4.79,oligo,,United States of America,-90.581937,37.651275,7010000010,7020046750.000001,7030047060,3.74,11.22,7.48,5.61,12.845233298452376,8.865896194209467,8.865896194209467
1058747,2007,summer,386.7990703843876,470.91241700271496,565.850699727055,489.55622830112287,564.5,1913.1184154152804,0.20218250332425197,0.24614912135509084,0.29577400707014045,0.25589436825051676,0.47,1.73,0,3.7,1.73,6.1,481,1037.7,4.529247374000193e-4,NLA06608-0104,94.33333333333331,15.333333333333334,36.201,eu_mixo,,United States of America,-98.255665,37.6496,7010000010,7020046750.000001,7030047060,3.6808510638297873,11.042553191489363,7.361702127659575,5.521276595744681,13.002144283848976,6.2484135728386665,6.2484135728386665
1058747,2012,summer,675,825,835,913,570,3248,0.20782019704433496,0.25400246305418717,0.2570812807881773,0.2810960591133005,0.47,1.73,0,3.7,1.73,6.1,481,1037.7,4.529247374000193e-4,NLA12_KS-105,190,20,44.4,eu_mixo,,United States of America,-98.255665,37.6496,7010000010,7020046750.000001,7030047060,3.6808510638297873,11.042553191489363,7.361702127659575,5.521276595744681,13.002144283848976,6.2484135728386665,6.2484135728386665
1058747,2017,summer,472.15751841034813,601.1520028120283,687.7233542470567,634.5,563.5,2395.532875469433,0.19709916037692587,0.2509470894630179,0.2870857508529451,0.26486799930711125,0.47,1.73,0,3.7,1.73,6.1,481,1037.7,4.529247374000193e-4,NLA17_KS-10004,153.62625,4,80.4,eu_mixo,,United States of America,-98.255665,37.6496,7010000010,7020046750.000001,7030047060,3.6808510638297873,11.042553191489363,7.361702127659575,5.521276595744681,13.002144283848976,6.2484135728386665,6.2484135728386665
1058777,2012,summer,463,392,583,395,530,1833,0.25259138025095473,0.2138570649208947,0.3180578286961266,0.215493726132024,0.1,0.2,0,1.9,1.28,14,391,33.5,0.00298507462686567,NLA12_KS-138,12,7,3.588571429,oligo,,United States of America,-97.397154,37.632026,7010000010,7020046750.000001,7030047060,2,6,4,3,12.845233298452376,10.662360014450798,10.662360014450798
1058780,2007,summer,326.5071951803754,221,338.69303777354435,507.03992174113057,502,1393.2401546950505,0.23435097967861873,0.15862304804757227,0.2430973846340775,0.36392858763973135,0.78,4.65,0,6,2.76,591.7,891,6.1,0.1278688524590164,NLA06608-0793,19,11,3.072,oligo,,United States of America,-81.101042,37.62557,7010000010,7020046750.000001,7030047060,5.961538461538462,17.884615384615383,11.923076923076923,8.942307692307692,13.729373547396921,8.857797626444798,8.857797626444798
1058783,2007,summer,379.1147659914907,368.5055854196247,553.8481525709258,517.9249647124976,549.5,1819.3934686945386,0.2083742590675096,0.20254309568563908,0.30441362030848995,0.2846690249383615,0.26,0.88,0,3.4,1.65,268.9,140,3.2,0.08125,NLA06608-0868,61,15,29.48,eu_mixo,,United States of America,-87.85525599999998,37.621853,7010000010,7020046750.000001,7030047060,3.3846153846153846,10.153846153846153,6.769230769230769,5.076923076923077,12.845233298452376,12.220216409939999,12.220216409939999
1058798,2012,summer,195,97,178,89,491,559,0.3488372093023256,0.1735241502683363,0.3184257602862254,0.1592128801431127,0.38,2.05,0,5.5,1.25,112.5,2725,21.8,0.01743119266055046,NLA12_CA-223,4.1,5,0.8,oligo,,United States of America,-119.003231,37.605065,7010000010,7020000010,7030073620.000001,5.394736842105262,16.184210526315788,10.789473684210524,8.092105263157894,12.845233298452376,3.996430128494934,3.996430128494934
1058829,2007,summer,464,522.2454273553351,544.65862435819,401,570,1931.904051713525,0.24017755932984858,0.2703267933477977,0.2819284031601355,0.20756724416221828,0.59,2.4,0,4.1,1.59,5.1,1172,5624.9,1.0489075361339758e-4,NLA06608-2477,32,47,1.832,eu_mixo,,United States of America,-115.224208,37.565706,7010000010,7020000010,7030008710,4.067796610169491,12.203389830508474,8.135593220338983,6.101694915254237,13.002144283848976,4.622962937260934,4.622962937260934
1058854,2017,summer,376.4691039685448,232.8633280921102,389.3402242329889,338.0383491082092,502,1336.711005401853,0.2816383664435886,0.17420618753872302,0.29126731407133305,0.2528881319463554,0.5,3.12,0,6.2,1.67,136.7,247,18.4,0.02717391304347826,NLA17_KY-10024,8.94625,4,2.87,oligo,,United States of America,-84.182292,37.54375,7010000010,7020046750.000001,7030047060,6.240000000000001,18.72,12.480000000000002,9.36,13.002144283848976,9.352657412142666,9.352657412142666
1058855,2017,summer,474,483,548,437,559,1942,0.24407826982492276,0.24871266735324407,0.282183316168898,0.22502574665293512,0.38,0.95,0,2.5,1.52,1101,124,1.2,0.3166666666666667,NLA17_CA-10082,35.15625,17,16.41,eu_mixo,,United States of America,-120.35605,37.543442,7010000010,7020000010,7030008720,2.5,7.500000000000001,5,3.7500000000000004,12.845233298452376,14.065867321047998,14.065867321047998
1058861,2012,summer,252,182,274,201,503,909,0.27722772277227725,0.2002200220022002,0.30143014301430143,0.22112211221122113,0.13,1.12,0,8.5,1.57,209.4,3334,13.1,0.0099236641221374,NLA12_CO-133,14,19,1.104,oligo,,United States of America,-107.600241,37.539499,7010000010,7020000010,7030008710,8.615384615384617,25.846153846153847,17.230769230769234,12.923076923076923,12.845233298452376,4.531141307510667,4.531141307510667
1058886,2007,summer,510,645.6816246782048,674,645,565,2474.6816246782046,0.2060871163846452,0.2609150277107529,0.272358267535786,0.26063958836881596,0.17,0.43,0,2.6,1.34,51.8,318,12.1,0.0140495867768595,NLA06608-0744,100,27,97.488,eu_mixo,,United States of America,-96.23062,37.507316,7010000010,7020046750.000001,7030047060,2.529411764705882,7.588235294117646,5.058823529411764,3.794117647058823,12.845233298452376,10.882240965937463,10.882240965937463
1058904,2017,summer,339.6410794982221,297.64614810348934,440.13756850314047,355.1251186551055,540,1432.5499147599576,0.23708847838306102,0.20777366640893893,0.30724065107140874,0.2478972041365912,0.1,0.53,0,5.1,1.36,219.9,324,1.9,0.05263157894736842,NLA17_KY-10006,16.17625,0,16.88,oligo,,United States of America,-84.678092,37.487964,7010000010,7020046750.000001,7030047060,5.300000000000001,15.9,10.600000000000001,7.95,12.845233298452376,8.653476534659331,8.653476534659331
1058964,2007,summer,378,314.9296837056671,440.7287907256723,283.06384154882,509,1416.7223159801595,0.26681304849672016,0.22229457399898653,0.3110904555920361,0.1998019219122572,0.97,6.05,0,6.3,1.95,1148,2480,21,0.04619047619047619,NLA06608-2457,16,6,3.688,oligo,,United States of America,-113.048593,37.432655,7010000010,7020000010,7030008710,6.237113402061856,18.711340206185568,12.474226804123711,9.355670103092784,13.716548576654093,4.825154996643465,4.825154996643465
1058980,2017,summer,242.52648718097663,160.91474569747572,225.09854386666012,279,500,907.5397767451125,0.26723510461524547,0.17730875254261116,0.2480316010764565,0.3074245417656869,0.44,2.58,0,5.8,1.55,138.9,265,18.2,0.02417582417582417,NLA17_MO-HP008,13.47625,17,5.35,oligo,,United States of America,-90.616439,37.418559,7010000010,7020046750.000001,7030047060,5.863636363636364,17.59090909090909,11.727272727272728,8.795454545454545,12.845233298452376,12.704918868921464,12.704918868921464
1058981,2007,summer,357.80259540175797,370.8585817852623,497.629550427123,260.94830422490895,554,1487.2390318390521,0.24058176778706214,0.2493604416276484,0.33459957664759304,0.17545821393769645,0.36,1.2,0,3.3,1.56,577.8,2214,11.3,0.03185840707964602,NLA06608-0004,36,10.333333333333334,10.58,eu_mixo,,United States of America,-108.4093,37.418181,7010000010,7020000010,7030008710,3.333333333333333,10,6.666666666666666,5,12.845233298452376,3.8934032364325333,3.8934032364325333
1058981,2012,summer,430.5,482,691,350.5,555,1954,0.22031729785056295,0.24667349027635618,0.35363357215967245,0.1793756397134084,0.36,1.2,0,3.3,1.56,577.8,2214,11.3,0.03185840707964602,NLA12_CO-105,114,18,101.3,eu_mixo,,United States of America,-108.4093,37.418181,7010000010,7020000010,7030008710,3.333333333333333,10,6.666666666666666,5,12.845233298452376,3.8934032364325333,3.8934032364325333
1058981,2017,summer,421.86329152660267,412.2639814846399,566.7649774155482,356.640932537881,551.5,1757.5331829646716,0.24003148026769439,0.234569671560464,0.32247754005958973,0.20292130811225195,0.36,1.2,0,3.3,1.56,577.8,2214,11.3,0.03185840707964602,NLA17_CO-10008,31.5025,11,8.64,eu_mixo,,United States of America,-108.4093,37.418181,7010000010,7020000010,7030008710,3.333333333333333,10,6.666666666666666,5,12.845233298452376,3.8934032364325333,3.8934032364325333
1058994,2017,summer,336.56295750604704,211.27169383160287,319.48013600771844,475,502,1342.3147873453684,0.250733256222001,0.15739355315411876,0.23800686621320696,0.3538663244106732,0.16,0.51,0,3.2,1.62,282.2,152,1.7,0.09411764705882351,NLA17_KY-10023,11.0875,10,4.2,oligo,,United States of America,-87.519011,37.405556,7010000010,7020046750.000001,7030047060,3.1875000000000004,9.5625,6.375000000000001,4.78125,12.845233298452376,13.701969311147867,13.701969311147867
1059004,2007,summer,252.7103890769307,260.5,328,491.5,553.5,1332.7103890769308,0.18962138447195895,0.1954663234676432,0.24611498693814576,0.36879730512225195,0.15,0.62,0,4.1,1.59,19.9,114,28.1,0.00533807829181494,NLA06608-0980,176,30,84,eu_mixo,,United States of America,-88.68651699999998,37.394713,7010000010,7020046750.000001,7030047060,4.133333333333334,12.400000000000002,8.266666666666667,6.200000000000001,12.845233298452376,5.489571006598799,5.489571006598799
1059005,2007,summer,366.2481592645263,229.32774770334038,391.4115105061652,608.9828331681485,501,1595.9702506421804,0.2294830740843426,0.1436917433837281,0.24524987877980214,0.38157530375212717,0.35,1.96,0,5.6,1.71,47.6,137,35.3,0.00991501416430594,NLA06608-R314,11,16,3.968,oligo,,United States of America,-78.63661399999998,37.39416,7010000010,7020038339.999999,7030038340,5.6,16.8,11.2,8.4,12.845233298452376,7.966047114721335,7.966047114721335
1059008,2012,summer,721.5,1015,953,771.5,570,3461,0.20846576134065298,0.2932678416642589,0.27535394394683615,0.22291245304825194,0.15,0.34,0,2.3,1.41,35.1,397,16.9,0.00887573964497041,NLA12_KS-124,103,16,19.71,eu_mixo,,United States of America,-96.850886,37.39314,7010000010,7020046750.000001,7030047060,2.2666666666666666,6.800000000000001,4.533333333333333,3.4000000000000004,12.845233298452376,8.402045846466931,8.402045846466931
1059078,2012,summer,348.5,286.5,370.5,259.5,507,1265,0.2754940711462451,0.22648221343873517,0.2928853754940711,0.20513833992094863,0.44,1.69,0,3.8,1.3,609.8,2358,7.3,0.06027397260273973,NLA12_CO-117,33,22,6.102857143,eu_mixo,,United States of America,-107.11080500000001,37.31489,7010000010,7020000010,7030008710,3.8409090909090904,11.522727272727273,7.681818181818181,5.761363636363637,12.845233298452376,4.448098607505867,4.448098607505867
1059085,2007,summer,361,304.59926026037425,412.83154007784503,626,510,1704.4308003382193,0.21180091320126626,0.17871025341711202,0.2422107955312264,0.36727803785039526,0.22,1.21,0,5.4,2.08,520.5,588,2,0.11,NLA06608-R318,8,10,5.344,oligo,,United States of America,-79.816315,37.313,7010000010,7020038339.999999,7030042040.000001,5.5,16.499999999999996,11,8.249999999999998,12.845233298452376,6.386854085243732,6.386854085243732
1059085,2017,summer,420.1933427672576,443.08208225889894,593,460.7132279021769,552,1916.9886529283333,0.21919448616734538,0.23113443138125012,0.3093393375564072,0.2403317448949974,0.22,1.21,0,5.4,2.08,520.5,588,2,0.11,NLA17_VA-HP003,13.58375,2,8.94,oligo,,United States of America,-79.816315,37.313,7010000010,7020038339.999999,7030042040.000001,5.5,16.499999999999996,11,8.249999999999998,12.845233298452376,6.386854085243732,6.386854085243732
1059136,2007,summer,341,312.862929519039,384,449,534,1486.862929519039,0.22934192065055017,0.21041813828813524,0.25826186958888936,0.3019780714724253,0.54,1.83,0,3.4,1.47,154.4,130,11.1,0.04864864864864865,NLA06608-1572,26,5,4.453,oligo,,United States of America,-87.52395799999998,37.272289,7010000010,7020046750.000001,7030047060,3.388888888888889,10.166666666666666,6.777777777777778,5.083333333333333,12.845233298452376,8.791640448538265,8.791640448538265
1059156,2017,summer,271.0792642197368,165.169325271435,283.58416878165895,339.43923103328507,501,1059.2719893061158,0.25591091519120535,0.15592720938427765,0.2677161027994547,0.32044577262506235,0.31,1.79,0,5.8,1.52,469.6,223,3.2,0.096875,NLA17_MO-10038,12.64,0,3.22,oligo,,United States of America,-90.634436,37.254723,7010000010,7020046750.000001,7030047060,5.774193548387097,17.322580645161292,11.548387096774194,8.661290322580646,12.845233298452376,12.118098159270666,12.118098159270666
1059159,2012,summer,467,360,575,251,518,1653,0.2825166364186328,0.2177858439201452,0.34785238959467635,0.15184513006654568,0.69,18.5,18.5,26.7,1.62,109.5,1093,796.1,8.667252857681195e-4,NLA12_UT-173,36,8,2.392,eu_mixo,,United States of America,-113.77703,37.252699,7010000010,7020000010,7030008710,26.81159420289855,80.43478260869564,53.6231884057971,40.21739130434782,13.421496832206739,12.133824625783468,12.133824625783468
1059167,2007,summer,323.5,337,584,290,549,1534.5,0.2108178559791463,0.2196155099380906,0.3805799934832193,0.18898664059954381,0.17,0.79,0,4.6,1.35,9.6,87,113.9,0.00149253731343283,NLA06608-0565,81,16,40.896,eu_mixo,,United States of America,-121.965432,37.246291,7010000010,7020000010,7030008720,4.647058823529411,13.941176470588236,9.294117647058822,6.970588235294118,12.845233298452376,7.182824029001334,7.182824029001334
1059208,2007,summer,391,276,430,755,503,1852,0.2111231101511879,0.1490280777537797,0.23218142548596113,0.40766738660907126,0.25,1.18,0,4.7,1.64,26.5,139,38.3,0.00652741514360313,NLA06608-0153,34,18,10.4,eu_mixo,,United States of America,-78.616545,37.214084,7010000010,7020038339.999999,7030038340,4.720000000000001,14.16,9.440000000000001,7.08,12.845233298452376,6.1846916731293335,6.1846916731293335
1059208,2012,summer,337.5,248.5,365.5,602.5,503.5,1554,0.2171814671814672,0.15990990990990991,0.2351994851994852,0.38770913770913773,0.25,1.18,0,4.7,1.64,26.5,139,38.3,0.00652741514360313,NLA12_VA-108,61,13,11.456,eu_mixo,,United States of America,-78.616545,37.214084,7010000010,7020038339.999999,7030038340,4.720000000000001,14.16,9.440000000000001,7.08,12.845233298452376,6.1846916731293335,6.1846916731293335
1059208,2017,summer,273,201,268,417,548,1159,0.2355478861087144,0.1734253666954271,0.23123382226056946,0.359792924935289,0.25,1.18,0,4.7,1.64,26.5,139,38.3,0.00652741514360313,NLA17_VA-10005,36.69625,15,19.68,eu_mixo,,United States of America,-78.616545,37.214084,7010000010,7020038339.999999,7030038340,4.720000000000001,14.16,9.440000000000001,7.08,12.845233298452376,6.1846916731293335,6.1846916731293335
1059283,2012,summer,295,299,339,451.5,546.5,1384.5,0.21307331166486096,0.215962441314554,0.24485373781148428,0.3261105092091008,0.26,0.82,0,3.1,1.36,9.2,51,76.3,0.00340760157273918,NLA12_VA-127,81,17,35.4,eu_mixo,,United States of America,-77.519754,37.155711,7010000010,7020038339.999999,7030042040.000001,3.1538461538461537,9.46153846153846,6.3076923076923075,4.73076923076923,12.845233298452376,6.0449111000496,6.0449111000496
1059283,2017,summer,251.36148147031923,226.01524802898507,268.1663432469164,288.14895459604486,548,1033.6920273422656,0.2431686371003527,0.21864853558955544,0.25942576333533424,0.27875706397475764,0.26,0.82,0,3.1,1.36,9.2,51,76.3,0.00340760157273918,NLA17_VA-10006,40.5275,49,17.215,eu_mixo,,United States of America,-77.519754,37.155711,7010000010,7020038339.999999,7030042040.000001,3.1538461538461537,9.46153846153846,6.3076923076923075,4.73076923076923,12.845233298452376,6.0449111000496,6.0449111000496
1059296,2007,summer,360.9306184195176,296.17047349113284,377.0293015648629,284.99192595614534,523.5,1319.1223194316585,0.27361421537846764,0.2245208568821255,0.2858183020717179,0.2160466256676891,0.32,1.67,0,5.2,2.08,0.5,310,3759.5,8.511770182205081e-5,NLA06608-0693,4,6,1.464,oligo,,United States of America,-119.518657,37.14146,7010000010,7020000010,7030008720,5.21875,15.65625,10.4375,7.828125,13.002144283848976,7.769925001609066,7.769925001609066
1059296,2012,summer,285,267,354,260,536,1166,0.2444253859348199,0.22898799313893653,0.30360205831903947,0.22298456260720412,0.32,1.67,0,5.2,2.08,0.5,310,3759.5,8.511770182205081e-5,NLA12_CA-108,4.8,5,9,oligo,,United States of America,-119.518657,37.14146,7010000010,7020000010,7030008720,5.21875,15.65625,10.4375,7.828125,13.002144283848976,7.769925001609066,7.769925001609066
1059320,2007,summer,384.4408386788066,312.71859340379245,440.9223295052806,700.6182716815092,515,1838.7000332693888,0.2090829562858239,0.17007591654183427,0.23980112118738448,0.38104000598495735,0.23,0.7,0,3.1,1.87,51,66,11.8,0.01949152542372881,NLA06608-0989,56,26,65.2,eu_mixo,,United States of America,-77.62861599999998,37.11894,7010000010,7020038339.999999,7030042040.000001,3.043478260869565,9.130434782608695,6.08695652173913,4.565217391304348,12.845233298452376,10.587114060062667,10.587114060062667
1059320,2012,summer,289.5,243,348,375.5,528,1256,0.2304936305732484,0.19347133757961785,0.2770700636942675,0.2989649681528662,0.23,0.7,0,3.1,1.87,51,66,11.8,0.01949152542372881,NLA12_VA-102,70,34,64,eu_mixo,,United States of America,-77.62861599999998,37.11894,7010000010,7020038339.999999,7030042040.000001,3.043478260869565,9.130434782608695,6.08695652173913,4.565217391304348,12.845233298452376,10.587114060062667,10.587114060062667
1059320,2017,summer,231.0719833068633,160.38223873871263,205.09647752666396,304,515,900.5506995722399,0.25658964388859185,0.1780935141296253,0.22774562012342497,0.3375712218583579,0.23,0.7,0,3.1,1.87,51,66,11.8,0.01949152542372881,NLA17_VA-10004,35.00125,45,38.08,eu_mixo,,United States of America,-77.62861599999998,37.11894,7010000010,7020038339.999999,7030042040.000001,3.043478260869565,9.130434782608695,6.08695652173913,4.565217391304348,12.845233298452376,10.587114060062667,10.587114060062667
1059335,2012,summer,464,491,580,646,559,2181,0.21274644658413572,0.22512608895002292,0.26593305823016966,0.2961944062356717,0.24,0.81,0,3.4,2.11,77.2,357,18,0.01333333333333333,NLA12_KS-R07,71,16,24.64,eu_mixo,,United States of America,-96.804649,37.097985,7010000010,7020046750.000001,7030047060,3.3750000000000004,10.125000000000002,6.750000000000001,5.062500000000001,12.845233298452376,14.937356574794665,14.937356574794665
1059352,2007,summer,319.7370019850394,262.38980120950555,360.36708439989957,516.1756508646743,512,1458.6695384591187,0.2191976959516115,0.1798829647780839,0.24705190236616392,0.35386743690414074,0.15,0.74,0,4.8,1.82,71.7,145,9.6,0.015625,NLA06608-0804,13,8,5.013,oligo,,United States of America,-87.664265,37.071699,7010000010,7020046750.000001,7030047060,4.933333333333334,14.799999999999999,9.866666666666667,7.3999999999999995,12.845233298452376,8.193755569835735,8.193755569835735
1059352,2012,summer,271,254,373,397,541,1295,0.20926640926640927,0.19613899613899613,0.28803088803088805,0.3065637065637066,0.15,0.74,0,4.8,1.82,71.7,145,9.6,0.015625,NLA12_KY-102,25,14,13.376,oligo,,United States of America,-87.664265,37.071699,7010000010,7020046750.000001,7030047060,4.933333333333334,14.799999999999999,9.866666666666667,7.3999999999999995,12.845233298452376,8.193755569835735,8.193755569835735
1059370,2007,summer,394.01271435480015,233.57705018523365,410.4607620482262,600.146036717044,497.5,1638.1965633053042,0.2405161402364446,0.14258182163070673,0.25055647853396834,0.3663455595988802,0.54,4.11,0,7.6,2.53,68.5,663,40.8,0.01323529411764706,NLA06608-R328,9,9,2.24,oligo,,United States of America,-80.861087,37.041322,7010000010,7020046750.000001,7030047060,7.611111111111112,22.833333333333336,15.222222222222223,11.416666666666668,13.290846197227037,5.522678683742131,5.522678683742131
1059370,2012,summer,163,92,193,296,504,744,0.21908602150537634,0.12365591397849462,0.2594086021505376,0.3978494623655914,0.54,4.11,0,7.6,2.53,68.5,663,40.8,0.01323529411764706,NLA12_VA-R01,9,10,1.68,oligo,,United States of America,-80.861087,37.041322,7010000010,7020046750.000001,7030047060,7.611111111111112,22.833333333333336,15.222222222222223,11.416666666666668,13.290846197227037,5.522678683742131,5.522678683742131
1059370,2017,summer,337,223.39456987746726,353.49864617960884,384,530,1297.8932160570762,0.2596515613386025,0.17212091650816,0.2723634285211206,0.2958640936321168,0.54,4.11,0,7.6,2.53,68.5,663,40.8,0.01323529411764706,NLA17_VA-HP004,9.7875,8,3.96,oligo,,United States of America,-80.861087,37.041322,7010000010,7020046750.000001,7030047060,7.611111111111112,22.833333333333336,15.222222222222223,11.416666666666668,13.290846197227037,5.522678683742131,5.522678683742131
1059376,2017,summer,236.5,226,325,340,554,1127.5,0.2097560975609756,0.20044345898004434,0.28824833702882485,0.30155210643015523,0.17,0.7,0,4.1,1.62,38.8,80,15.8,0.01075949367088607,NLA17_VA-10020,25.365,11,4.09,oligo,,United States of America,-77.905309,37.036454,7010000010,7020038339.999999,7030042040.000001,4.117647058823529,12.352941176470587,8.235294117647058,6.1764705882352935,12.845233298452376,12.063770963473331,12.063770963473331
1059433,2007,summer,389.11413063112786,471.22423676835547,569.3367781280572,533.1280661914213,560,1962.8032117189618,0.1982440869812689,0.2400771681821694,0.29006309686514614,0.2716156479714155,0.11,0.46,0,4.2,1.31,72.5,112,4.3,0.02558139534883721,NLA06608-1504,68,12,155.077,eu_mixo,,United States of America,-90.353083,36.969051,7010000010,7020046750.000001,7030047060,4.181818181818182,12.545454545454547,8.363636363636363,6.272727272727273,12.845233298452376,11.665440317709333,11.665440317709333
1059450,2007,summer,390.98395314800973,343.5659773791299,527.3338082299742,555,522,1816.8837387571139,0.2151948112076078,0.189096291661543,0.29024081011959,0.3054680870112592,0.29,2.12,0,7.3,1.68,63.1,475,24.7,0.0117408906882591,NLA06608-0324,21,5,4.816,oligo,,United States of America,-82.195671,36.947588,7010000010,7020046750.000001,7030047060,7.310344827586209,21.931034482758626,14.620689655172418,10.965517241379313,12.845233298452376,5.865234257994666,5.865234257994666
1059450,2012,summer,477,322.5,530.5,738,506.5,2068,0.23065764023210833,0.1559477756286267,0.25652804642166344,0.3568665377176016,0.29,2.12,0,7.3,1.68,63.1,475,24.7,0.0117408906882591,NLA12_VA-104,19,10,7.376,oligo,,United States of America,-82.195671,36.947588,7010000010,7020046750.000001,7030047060,7.310344827586209,21.931034482758626,14.620689655172418,10.965517241379313,12.845233298452376,5.865234257994666,5.865234257994666
1059455,2017,summer,397.5,333.60321070867053,467.11410577530154,277.67710454499525,529.5,1475.8944210289674,0.2693282082622618,0.22603460380051324,0.31649561047167446,0.1881415774655505,0.22,0.58,0,2.6,1.23,6.7,18,143.8,0.0015299026425591,NLA17_CA-10055,648.653,3,25.6,eu_mixo,,United States of America,-121.732626,36.94053,7010000010,7020000010,7030008720,2.6363636363636362,7.909090909090909,5.2727272727272725,3.9545454545454546,12.845233298452376,7.243427698478667,7.243427698478667
1059460,2017,summer,279.8820658545378,255.94002043954737,297.71569646348445,429.5300076657966,527,1263.0677904233662,0.2215891086579957,0.2026336372284176,0.23570840672272506,0.3400688473908617,0.12,0.37,0,3.2,1.78,11.6,133,28.1,0.00427046263345195,NLA17_VA-10034,73.72125,70,27.52,eu_mixo,,United States of America,-78.564583,36.938584,7010000010,7020038339.999999,7030042040.000001,3.0833333333333335,9.25,6.166666666666667,4.625,12.845233298452376,5.098943836521199,5.098943836521199
1059472,2007,summer,499.0842267067278,562.7809900917928,750.3302164129698,733.9846319544978,553.5,2546.1800651659883,0.1960129346445857,0.22102953274638276,0.2946885912265812,0.2882689413824503,0.47,2.19,0,4.7,1.91,98.7,182,20.1,0.02338308457711442,NLA06608-1316,269,20,62.4,eu_mixo,,United States of America,-87.455949,36.920501,7010000010,7020046750.000001,7030047060,4.659574468085107,13.978723404255321,9.319148936170214,6.989361702127661,13.129303305430637,11.02106334428267,11.02106334428267
1059489,2012,summer,387,333,416,271,535,1407,0.27505330490405117,0.23667377398720682,0.2956645344705046,0.19260838663823737,0.24,1.23,0,5.2,1.09,-1,2664,0.5,0.48,NLA12_NM-117,26.5,10.5,7.7291666665,oligo,,United States of America,-105.136458,36.894624,7010000010,7020046750.000001,7030047060,5.125,15.375,10.25,7.6875,12.845233298452376,7.2795349665685345,7.2795349665685345
1059502,2012,summer,378.5,281.5,476.5,261,514.5,1397.5,0.2708407871198569,0.20143112701252236,0.3409660107334526,0.18676207513416815,0.14,0.6,0,4.1,1.1,95.7,2232,20.1,0.00696517412935323,NLA12_NM-162,56,23,1.93,eu_mixo,,United States of America,-106.927899,36.872717,7010000010,7020000010,7030008710,4.285714285714285,12.857142857142856,8.57142857142857,6.428571428571428,12.845233298452376,3.6148424970413324,3.6148424970413324
1059538,2012,summer,638,947.5,990.5,553,569,3129,0.20389900926813678,0.3028124001278364,0.31655480984340045,0.1767337807606264,0.37,1.71,0,4.6,1.21,3306.5,2066,121.2,0.00305280528052805,NLA12_NM-132,231,6,23.521,eu_mixo,,United States of America,-104.22644,36.828381,7010000010,7020046750.000001,7030047060,4.621621621621622,13.864864864864865,9.243243243243244,6.9324324324324325,12.845233298452376,3.667850951826667,3.667850951826667
1059552,2012,summer,465.5,526.5,600.5,495,562.5,2087.5,0.2229940119760479,0.2522155688622755,0.2876646706586826,0.237125748502994,0.91,5.22,0,5.7,2.09,208.4,232,35.4,0.02570621468926554,NLA12_OK-120,30,40,11.4,dys,,United States of America,-96.03484,36.807024,7010000010,7020046750.000001,7030047060,5.736263736263735,17.208791208791208,11.47252747252747,8.604395604395604,13.716548576654093,15.091941772222663,15.091941772222663
1059552,2017,summer,474.14895594855363,544.9678640779472,576.249064337911,515.2671891394102,568.5,2110.633073503822,0.22464774285064526,0.2582011392313001,0.2730219058783585,0.2441292120396962,0.91,5.22,0,5.7,2.09,208.4,232,35.4,0.02570621468926554,NLA17_OK-10008,36.75875,30,12.59,eu_mixo,,United States of America,-96.03484,36.807024,7010000010,7020046750.000001,7030047060,5.736263736263735,17.208791208791208,11.47252747252747,8.604395604395604,13.716548576654093,15.091941772222663,15.091941772222663
1059559,2012,summer,430,293,511,206,502,1440,0.2986111111111111,0.20347222222222222,0.3548611111111111,0.14305555555555555,0.62,2.5,0,4.1,1.23,9629.8,1718,3.3,0.1878787878787879,NLA12_NM-134,17,5,1.83,oligo,,United States of America,-108.103628,36.79535,7010000010,7020000010,7030008710,4.032258064516129,12.096774193548386,8.064516129032258,6.048387096774193,12.976146499733918,4.626782692917334,4.626782692917334
1059611,2017,summer,353.5,247.47001021977368,394,183.4274643704649,505,1178.3974745902385,0.2999836707244487,0.21000555038173843,0.3343523798173487,0.15565839907646417,0.15,0.95,0,6.3,1.67,1102.1,1823,10.2,0.01470588235294117,NLA17_NM-10024,13.85625,12,0.34,oligo,,United States of America,-107.685417,36.688553,7010000010,7020000010,7030008710,6.333333333333333,19.000000000000004,12.666666666666666,9.500000000000002,12.845233298452376,4.6518259510040005,4.6518259510040005
1059615,2007,summer,397.25562542018025,225.33530999525337,432.75451744936316,484.6649663895074,498,1540.010419254304,0.2579564530560367,0.14632063989824437,0.28100752568863097,0.3147153813570881,0.86,13.9,13.9,16.2,2.43,773.5,406,12.4,0.06935483870967742,NLA06608-0388,17.666666666666668,0.3333333333333333,0.3556666666666667,oligo,,United States of America,-83.691103,36.684612,7010000010,7020046750.000001,7030047060,16.16279069767442,48.48837209302326,32.32558139534884,24.24418604651163,13.862882400047877,40.000760928111994,40.000760928111994
1059615,2012,summer,325,164,357,298,498,1144,0.2840909090909091,0.14335664335664336,0.3120629370629371,0.26048951048951047,0.86,13.9,13.9,16.2,2.43,773.5,406,12.4,0.06935483870967742,NLA12_KY-101,14.5,8.5,0.89025,oligo,,United States of America,-83.691103,36.684612,7010000010,7020046750.000001,7030047060,16.16279069767442,48.48837209302326,32.32558139534884,24.24418604651163,13.862882400047877,40.000760928111994,40.000760928111994
1059615,2017,summer,371.3380432167762,195.68433182096135,393.1757181884743,367.3067855177241,498,1327.504878743936,0.279726311490569,0.14740761782067027,0.29617647700134325,0.2766895936874175,0.86,13.9,13.9,16.2,2.43,773.5,406,12.4,0.06935483870967742,NLA17_KY-10001,7.186875,11,2.1500000000000004,oligo,,United States of America,-83.691103,36.684612,7010000010,7020046750.000001,7030047060,16.16279069767442,48.48837209302326,32.32558139534884,24.24418604651163,13.862882400047877,40.000760928111994,40.000760928111994
1059618,2017,summer,231.5930518025279,165.1729760021987,265.9589642428026,334.04202654680495,509,996.7670185943341,0.2323442163336486,0.1657087091777272,0.26682159349319623,0.335125480995428,0.16,1.12,0,6.9,1.87,20.1,773,37.9,0.00422163588390501,NLA17_VA-10008,15.03625,35,18,dys,,United States of America,-80.39372299999998,36.678248,7010000010,7020038339.999999,7030042040.000001,7.000000000000001,21,14.000000000000002,10.5,12.845233298452376,3.873336464441333,3.873336464441333
1059621,2012,summer,413,377,474,515.5,533.5,1779.5,0.2320876650744591,0.2118572632762012,0.2663669570103962,0.2896881146389435,0.14,0.45,0,3.3,1.37,326,313,2.8,0.05000000000000001,NLA12_OK-302,24,27,4.42,dys,,United States of America,-96.995164,36.66904,7010000010,7020046750.000001,7030047060,3.2142857142857144,9.642857142857142,6.428571428571429,4.821428571428571,12.845233298452376,10.98554817405333,10.98554817405333
1059628,2012,summer,328.5,260.25,366.5,397.5,509.5,1352.75,0.2428386619848457,0.19238588061356496,0.27092958787654775,0.2938458695250416,0.2,0.59,0,3,1.37,45.1,327,11.4,0.0175438596491228,NLA12_MO-108,26.5,15.5,4.5600000000000005,oligo,,United States of America,-91.884167,36.657579,7010000010,7020046750.000001,7030047060,2.9499999999999997,8.85,5.8999999999999995,4.425,12.845233298452376,11.762053316911997,11.762053316911997
1059628,2017,summer,240,213.90938337438766,306,345,529,1104.9093833743877,0.21721238285355238,0.1935990286561867,0.2769457881382793,0.31224280035198154,0.2,0.59,0,3,1.37,45.1,327,11.4,0.0175438596491228,NLA17_MO-10006,18.125625,26.5,9.305,dys,,United States of America,-91.884167,36.657579,7010000010,7020046750.000001,7030047060,2.9499999999999997,8.85,5.8999999999999995,4.425,12.845233298452376,11.762053316911997,11.762053316911997
1059630,2007,summer,376,300.4694341237504,448.7059681892397,615,521,1740.1754023129902,0.21607017286891414,0.17266617705570095,0.25785100030309177,0.3534126497722931,0.1,0.42,0,4.2,1.58,23.3,222,15.3,0.0065359477124183,NLA06608-0345,22,10,6.048,oligo,,United States of America,-79.84138699999998,36.656795,7010000010,7020038339.999999,7030042040.000001,4.2,12.6,8.4,6.3,12.845233298452376,10.682236430186,10.682236430186
1059636,2007,summer,342.6735800859372,244.8478354285599,372.04618156258306,436.91299469020623,504,1396.4805917672863,0.24538370393839412,0.1753320718325902,0.26641700841094246,0.31286721581807325,0.17,0.72,0,4.3,1.54,30.1,181,21.2,0.0080188679245283,NLA06608-R769,8,10,1.494,oligo,,United States of America,-91.053597,36.638034,7010000010,7020046750.000001,7030047060,4.235294117647059,12.705882352941172,8.470588235294118,6.352941176470586,12.845233298452376,7.587128116186667,7.587128116186667
1059652,2007,summer,396.2856627735432,472.5063556552879,575.7689650339616,647.9111027237568,559.5,2092.47208618655,0.189386355684084,0.22581250128713193,0.2751620768730437,0.3096390661557402,0.34,0.58,0,1.7,2.1,64,92,5,0.068,NLA06608-0608,327,15,102.6,eu_mixo,,United States of America,-89.27187499999998,36.590936,7010000010,7020046750.000001,7030047060,1.7058823529411764,5.117647058823529,3.411764705882353,2.5588235294117645,13.002144283848976,8.955479619071468,8.955479619071468
1059652,2012,summer,394,486,568,687,563,2135,0.1845433255269321,0.22763466042154568,0.26604215456674474,0.3217798594847775,0.34,0.58,0,1.7,2.1,64,92,5,0.068,NLA12_MO-107,200,12,65.2,eu_mixo,,United States of America,-89.27187499999998,36.590936,7010000010,7020046750.000001,7030047060,1.7058823529411764,5.117647058823529,3.411764705882353,2.5588235294117645,13.002144283848976,8.955479619071468,8.955479619071468
1059659,2017,summer,237.32223296040755,187,258,294,513,976.3222329604075,0.2430777718139208,0.19153512404708636,0.26425701606496405,0.3011300880740288,0.36,1.09,0,3.1,1.68,274.1,184,3.8,0.09473684210526316,NLA17_TN-10023,39.8275,3,13.78,eu_mixo,,United States of America,-87.65630299999998,36.580451,7010000010,7020046750.000001,7030047060,3.027777777777778,9.083333333333334,6.055555555555556,4.541666666666667,12.845233298452376,10.401914911116132,10.401914911116132
1059666,2007,summer,340,285,423,257,523,1305,0.26053639846743293,0.21839080459770116,0.32413793103448274,0.19693486590038314,0.76,1.32,0,1.7,1.2,610.7,1830,88.9,0.00854893138357705,NLA06608-0356,167,12,110.7,eu_mixo,,United States of America,-104.590822,36.560845,7010000010,7020046750.000001,7030047060,1.736842105263158,5.2105263157894735,3.473684210526316,2.6052631578947367,13.137426825228477,3.1892009430390664,3.1892009430390664
1059790,2007,summer,266,265.2247297649384,356.38526123159136,448.2439478213068,547.5,1335.8539388178365,0.19912356603551779,0.19854321049474086,0.26678460187569186,0.3355486215940495,0.25,0.91,0,3.6,1.51,29.5,129,22,0.01136363636363636,NLA06608-0484,190,15,126.4,eu_mixo,,United States of America,-88.48947699999998,36.306542,7010000010,7020046750.000001,7030047060,3.64,10.92,7.28,5.46,12.845233298452376,6.858614028831337,6.858614028831337
1059825,2007,summer,621,721,846,380.5968795971728,561,2568.596879597173,0.24176623624077204,0.2806979973101395,0.32936269864684886,0.14817306780223952,0.67,2.08,0,3.1,1.67,964.8,2141,157.7,0.00424857324032974,NLA06608-2372,54,6,4.837,eu_mixo,,United States of America,-109.204533,36.271254,7010000010,7020000010,7030008710,3.1044776119402986,9.313432835820898,6.208955223880597,4.656716417910449,13.421496832206739,4.802401762166666,4.802401762166666
1059851,2007,summer,563.6601435328198,439.5600694601087,707.8098352152977,223.9154709229647,529,1934.9455191311908,0.2913054336464774,0.22716922265463857,0.3658034958695432,0.11572184782934089,0.68,2.77,0,4.1,1.24,1232.9,2220,141.4,0.00480905233380481,NLA06608-0132,56,5,8.107,eu_mixo,,United States of America,-109.096986,36.206034,7010000010,7020000010,7030008710,4.073529411764705,12.220588235294116,8.14705882352941,6.110294117647058,13.137426825228477,4.9194419648508,4.9194419648508
1059868,2012,summer,643,1157.5,941,913,579.5,3654.5,0.17594746203310987,0.3167327951840197,0.2574907648105076,0.24982897797236284,0.3,0.86,0,2.9,1.46,9902.2,2035,1.9,0.15789473684210523,NLA12_NM-152,256,23,12.88,eu_mixo,,United States of America,-104.817926,36.177117,7010000010,7020046750.000001,7030047060,2.8666666666666667,8.6,5.733333333333333,4.3,12.845233298452376,7.316194889039199,7.316194889039199
1059868,2017,summer,546.6556994324777,821.0130504487355,862.1279051831805,396.99288199991975,569,2626.7895370643137,0.2081079171814493,0.31255379955803214,0.32820593085911637,0.1511323524014021,0.3,0.86,0,2.9,1.46,9902.2,2035,1.9,0.15789473684210523,NLA17_NM-10004,137.59750000000005,19.5,4.365,eu_mixo,,United States of America,-104.817926,36.177117,7010000010,7020046750.000001,7030047060,2.8666666666666667,8.6,5.733333333333333,4.3,12.845233298452376,7.316194889039199,7.316194889039199
1059887,2007,summer,370.73754736695753,333,436.5,538.6625051821491,542,1678.9000525491067,0.22082169025134013,0.1983441477021813,0.2599916530690755,0.32084250897740296,0.6,2.28,0,3.8,2.31,100.2,190,28.4,0.02112676056338028,NLA06608-0217,6,12,17.6,oligo,,United States of America,-79.149152,36.148326,7010000010,7020038339.999999,7030042040.000001,3.8,11.4,7.6,5.7,13.290846197227037,10.252282407252265,10.252282407252265
1059938,2007,summer,558.3592247850343,471.05746418501826,740.5,332.5,535,2102.4166889700527,0.265579714865452,0.22405523446248105,0.3522137185672558,0.15815133210481103,0.43,1.43,0,3.3,1.69,501.7,688,37.1,0.01159029649595687,NLA06608-3616,15,5,1.688,oligo,,United States of America,-99.918696,36.056098,7010000010,7020046750.000001,7030047060,3.3255813953488373,9.976744186046512,6.651162790697675,4.988372093023256,12.845233298452376,2.3994617093892,2.3994617093892
1059945,2007,summer,264.40823586765043,311.84177075636853,321.9155388814746,296.06178059479646,566.5,1194.2273261002902,0.22140528029204187,0.26112429680760824,0.2695596825209813,0.2479107403793685,0.18,1.02,0,5.6,1.11,1478.1,2872,11.5,0.01565217391304347,NLA06608-1279,40,25,10.672,eu_mixo,,United States of America,-106.848153,36.039988,7010000010,7020047840,7030049270.000001,5.666666666666667,17,11.333333333333334,8.5,12.845233298452376,4.816624608876534,4.816624608876534
1059945,2017,summer,302.5441763289061,371.6570966456825,383.30544157999486,409.682488369569,571,1467.1892029241526,0.20620665400612706,0.2533123171196725,0.2612515419388689,0.27922948693533145,0.18,1.02,0,5.6,1.11,1478.1,2872,11.5,0.01565217391304347,NLA17_NM-10037,36.915,53,8.72,eu_mixo,,United States of America,-106.848153,36.039988,7010000010,7020047840,7030049270.000001,5.666666666666667,17,11.333333333333334,8.5,12.845233298452376,4.816624608876534,4.816624608876534
1059965,2007,summer,347.7137934011517,306.66467545186333,429.76491370652474,622.9656663362972,508,1707.109048895837,0.20368575377539822,0.17963976914668392,0.2517501233939905,0.3649243536839273,0.15,0.39,0,2.6,1.44,1135.8,598,0.2,0.7499999999999999,NLA06608-1791,5,7,1.627,oligo,,United States of America,-84.89895799999998,36.007318,7010000010,7020046750.000001,7030047060,2.6000000000000005,7.800000000000001,5.200000000000001,3.9000000000000004,12.845233298452376,8.506879454765336,8.506879454765336
1059986,2012,summer,409,375,555.75,292.5,542,1632.25,0.2505743605452596,0.22974421810384438,0.34048093122989737,0.17920049012099862,0.13,0.54,0,4.2,1.32,331.6,2297,55.2,0.00235507246376811,NLA12_NM-138,152,8,1.915,eu_mixo,,United States of America,-108.930429,35.980862,7010000010,7020000010,7030008710,4.153846153846154,12.46153846153846,8.307692307692308,6.23076923076923,12.845233298452376,3.69576937722,3.69576937722
1059986,2017,summer,305.6648086175817,387.4376594486499,478.15105328757693,313.94148906518024,559.5,1485.1950104189887,0.20580786123927963,0.26086652374313446,0.32194496341102413,0.21138065160656186,0.13,0.54,0,4.2,1.32,331.6,2297,55.2,0.00235507246376811,NLA17_NM-10005,168.465,18,51.09,eu_mixo,,United States of America,-108.930429,35.980862,7010000010,7020000010,7030008710,4.153846153846154,12.46153846153846,8.307692307692308,6.23076923076923,12.845233298452376,3.69576937722,3.69576937722
1059989,2007,summer,417,311,388,277,505,1393,0.29935391241923903,0.22325915290739412,0.2785355348169419,0.19885139985642497,0.26,1.87,0,7.2,1.3,1029,1918,254.4,0.00102201257861635,NLA06608-0564,14,12,6.648,oligo,,United States of America,-105.917852,35.97684000000001,7010000010,7020047840,7030049270.000001,7.1923076923076925,21.576923076923077,14.384615384615385,10.788461538461538,12.845233298452376,4.359655415573333,4.359655415573333
1059989,2012,summer,370,319,411,230,527,1330,0.2781954887218045,0.23984962406015037,0.3090225563909774,0.17293233082706766,0.26,1.87,0,7.2,1.3,1029,1918,254.4,0.00102201257861635,NLA12_NM-104,33,19,13.26,eu_mixo,,United States of America,-105.917852,35.97684000000001,7010000010,7020047840,7030049270.000001,7.1923076923076925,21.576923076923077,14.384615384615385,10.788461538461538,12.845233298452376,4.359655415573333,4.359655415573333
1059989,2017,summer,308.7967214404454,220,314.53856025093654,173,498,1016.3352816913821,0.3038335153794394,0.2164639995906436,0.3094830671700016,0.1702194178599152,0.26,1.87,0,7.2,1.3,1029,1918,254.4,0.00102201257861635,NLA17_NM-10001,12.68875,12,3.4,oligo,,United States of America,-105.917852,35.97684000000001,7010000010,7020047840,7030049270.000001,7.1923076923076925,21.576923076923077,14.384615384615385,10.788461538461538,12.845233298452376,4.359655415573333,4.359655415573333
1060020,2007,summer,398.5,299,419.5,692,504.5,1809,0.2202874516307352,0.16528468767274737,0.23189607517965727,0.3825317855168601,0.26,0.69,0,2.7,1.66,398.3,570,1,0.26,NLA06608-0255,4,16,2.438,oligo,,United States of America,-85.32326999999998,35.951374,7010000010,7020046750.000001,7030047060,2.6538461538461537,7.961538461538461,5.3076923076923075,3.9807692307692304,12.845233298452376,7.1108960106679975,7.1108960106679975
1060030,2007,summer,394.2147466906971,427.03151172894354,644,428.15960421234627,552,1893.4058626319868,0.20820403827349876,0.22553617275449614,0.3401278155465242,0.22613197342548094,0.42,1.44,0,3.4,1.69,1388.4,278,2.6,0.16153846153846152,NLA06608-4206,61,9,66.96,eu_mixo,,United States of America,-97.406082,35.929673,7010000010,7020046750.000001,7030047060,3.4285714285714284,10.285714285714283,6.857142857142857,5.1428571428571415,12.845233298452376,10.139564905251335,10.139564905251335
1060061,2007,summer,709.0678661904553,899.5912818452457,1031.9953522391365,602.8126200239465,563.5,3243.467120298784,0.2186141680773804,0.2773548331090764,0.31817660360437705,0.18585439520916622,0.16,0.42,0,2.6,1.17,63.5,693,109.4,0.00146252285191956,NLA06608-2704,105,9,25.88,eu_mixo,,United States of America,-100.184375,35.884503,7010000010,7020046750.000001,7030047060,2.625,7.875,5.25,3.9375,12.845233298452376,3.31816933002,3.31816933002
1060076,2007,summer,483.31691525930603,884.7947602097811,794.6885754680641,492.78507250248686,574.5,2655.5853234396377,0.18200014550211907,0.3331825765115141,0.29925175758945166,0.18556552039691523,0.24,0.72,0,3,1.19,68.3,269,19.1,0.01256544502617801,NLA06608-1016,69,42,21.44,eu_mixo,,United States of America,-96.556303,35.872864,7010000010,7020046750.000001,7030047060,3,9,6,4.5,12.845233298452376,10.952740239484665,10.952740239484665
1060087,2012,summer,370,524,563,544.5,566.5,2001.5,0.18486135398451162,0.2618036472645516,0.2812890332250812,0.2720459655258556,0.12,0.44,0,3.7,1.29,18.4,81,22.6,0.00530973451327433,NLA12_NC-114,116,30,56.26666667,eu_mixo,,United States of America,-78.661517,35.85759,7010000010,7020038339.999999,7030042040.000001,3.666666666666667,11.000000000000002,7.333333333333334,5.500000000000001,12.845233298452376,8.678832560170667,8.678832560170667
1060112,2007,summer,383.20210241522966,372.51575586447177,492.24869124751325,566.6418935501711,547.5,1814.6084430773858,0.21117619279085853,0.2052871280774623,0.2712699222388225,0.3122667568928566,0.16,0.51,0,3.1,1.65,22.4,60,19.8,0.00808080808080808,NLA06608-1181,9,16,82.224,oligo,,United States of America,-78.52999599999998,35.814368,7010000010,7020038339.999999,7030042040.000001,3.1875000000000004,9.5625,6.375000000000001,4.78125,12.845233298452376,7.647402703774802,7.647402703774802
1060150,2017,summer,290.86772110551556,259.1083135317331,343.2279806324863,389.9264737987337,525,1283.1304890684687,0.22668600238521389,0.20193449983395015,0.26749265453248183,0.30388684324835413,0.19,0.61,0,3.3,1.4,234.8,243,3.8,0.05,NLA17_OK-10082,29.76125,20,11.82,oligo,,United States of America,-96.025541,35.743758,7010000010,7020046750.000001,7030047060,3.2105263157894735,9.631578947368421,6.421052631578947,4.815789473684211,12.845233298452376,12.160587013971998,12.160587013971998
1060162,2012,summer,263.5,135,249,264,492,911.5,0.2890839275918815,0.14810751508502468,0.27317608337904553,0.2896324739440483,0.54,3.68,0,6.8,1.4,28.7,434,61.5,0.00878048780487805,NLA12_NC-108,26,1,2.034285714,oligo,,United States of America,-82.08149299999998,35.727083,7010000010,7020038339.999999,7030042040.000001,6.814814814814814,20.444444444444446,13.629629629629628,10.222222222222223,12.845233298452376,10.964238931961598,10.964238931961598
1060200,2007,summer,330,381,411,424,563,1546,0.21345407503234154,0.24644243208279432,0.26584734799482534,0.2742561448900388,0.4,1.61,0,4.1,1.73,95.8,137,14.1,0.02836879432624113,NLA06608-1220,31,6,22.4,eu_mixo,,United States of America,-88.318475,35.672423,7010000010,7020046750.000001,7030047060,4.025,12.075,8.05,6.0375,12.845233298452376,7.484714762413867,7.484714762413867
1060204,2012,summer,416,528,699,599,560,2242,0.1855486173059768,0.23550401427297057,0.3117752007136485,0.2671721677074041,0.32,1.15,0,3.6,1.07,147.6,195,6.6,0.04848484848484849,NLA12_TN-108,646,9.5,60.266666665,eu_mixo,,United States of America,-87.03294699999998,35.670747,7010000010,7020046750.000001,7030047060,3.5937499999999996,10.78125,7.187499999999999,5.390625,12.845233298452376,12.601803442001334,12.601803442001334
1060204,2017,summer,393,445,616,352,556,1806,0.21760797342192692,0.24640088593576967,0.34108527131782945,0.19490586932447398,0.32,1.15,0,3.6,1.07,147.6,195,6.6,0.04848484848484849,NLA17_TN-10003,527.420625,4,48.239999999999995,eu_mixo,,United States of America,-87.03294699999998,35.670747,7010000010,7020046750.000001,7030047060,3.5937499999999996,10.78125,7.187499999999999,5.390625,12.845233298452376,12.601803442001334,12.601803442001334
1060283,2007,summer,442,398.9145427740922,567.709381256942,555,535,1963.6239240310342,0.22509401855964267,0.20315221152692958,0.28911309050030176,0.282640679413126,0.29,1.7,0,5.8,1.56,41.8,211,46.3,0.00626349892008639,NLA06608-1484,11,0,3.795,oligo,,United States of America,-93.634375,35.55994900000001,7010000010,7020046750.000001,7030047060,5.862068965517241,17.586206896551726,11.724137931034482,8.793103448275863,12.845233298452376,6.435825697827867,6.435825697827867
1060283,2012,summer,306.5,249.5,367,344.5,521,1267.5,0.2418145956607495,0.1968441814595661,0.28954635108481264,0.2717948717948718,0.29,1.7,0,5.8,1.56,41.8,211,46.3,0.00626349892008639,NLA12_AR-104,30,16,6.624,oligo,,United States of America,-93.634375,35.55994900000001,7010000010,7020046750.000001,7030047060,5.862068965517241,17.586206896551726,11.724137931034482,8.793103448275863,12.845233298452376,6.435825697827867,6.435825697827867
1060309,2007,summer,678.730669857624,1344.571379106111,1011.2623841935065,1132.240032547687,581,4166.804465704929,0.16288997370621713,0.3226864591733704,0.2426949458552104,0.27172862126520203,0.18,0.32,0,1.7,1.44,89.3,423,15.2,0.01184210526315789,NLA06608-0972,619,34,13.36,eu_mixo,,United States of America,-98.026073,35.530224,7010000010,7020046750.000001,7030047060,1.7777777777777781,5.333333333333334,3.5555555555555562,2.666666666666667,12.845233298452376,11.649992537176,11.649992537176
1060309,2012,summer,625,810,886,858.5,565.5,3179.5,0.1965717880169838,0.25475703727001103,0.27866016669287624,0.27001100802012895,0.18,0.32,0,1.7,1.44,89.3,423,15.2,0.01184210526315789,NLA12_OK-117,490,56,109,eu_mixo,,United States of America,-98.026073,35.530224,7010000010,7020046750.000001,7030047060,1.7777777777777781,5.333333333333334,3.5555555555555562,2.666666666666667,12.845233298452376,11.649992537176,11.649992537176
1060309,2017,summer,521,991.0797976223984,787.9435686835135,703,576,3003.023366305912,0.17349182355543707,0.3300273346995459,0.262383429154859,0.2340974125901579,0.18,0.32,0,1.7,1.44,89.3,423,15.2,0.01184210526315789,NLA17_OK-10006,561.47375,65,22.29,eu_mixo,,United States of America,-98.026073,35.530224,7010000010,7020046750.000001,7030047060,1.7777777777777781,5.333333333333334,3.5555555555555562,2.666666666666667,12.845233298452376,11.649992537176,11.649992537176
1060342,2007,summer,380.03726820712353,372,498,509.0898124545338,554,1759.1270806616574,0.2160374155937505,0.2114685198638863,0.28309495401133167,0.2893991105310315,0.86,3.68,0,4.3,2.14,59.3,201,50.8,0.01692913385826771,NLA06608-0281,44,17,25.097,eu_mixo,,United States of America,-80.578722,35.486993,7010000010,7020038339.999999,7030042040.000001,4.279069767441861,12.837209302325583,8.558139534883722,6.418604651162791,13.716548576654093,14.800905127022798,14.800905127022798
1060385,2007,summer,487.36962895373233,784.7364423157318,830.3629931533177,595.8070304559603,567,2698.276094878742,0.18062259450719192,0.2908288161486296,0.30773833512787113,0.22081025421630746,0.25,0.49,0,2,1.06,105.8,537,34.1,0.00733137829912023,NLA06608-0204,125,17,68.85,eu_mixo,,United States of America,-99.239635,35.435589,7010000010,7020046750.000001,7030047060,1.96,5.88,3.92,2.94,12.845233298452376,4.369346304010667,4.369346304010667
1060464,2012,summer,214.5,172,240,358.5,510.5,985,0.21776649746192894,0.1746192893401015,0.2436548223350254,0.36395939086294415,0.2,0.81,0,4.2,1.12,96.8,139,4.4,0.04545454545454545,NLA12_TN-122,48,19,19.04,eu_mixo,,United States of America,-88.887804,35.34548,7010000010,7020046750.000001,7030047060,4.05,12.15,8.1,6.075,12.845233298452376,16.264215412593337,16.264215412593337
1060479,2017,summer,239.30354879638958,186.73772263917851,248,342.5,500.5,1016.5412714355681,0.23540957511586627,0.18369910586656846,0.24396451670847788,0.3369268023090874,0.17,0.49,0,2.9,1.49,46.1,120,12.1,0.0140495867768595,NLA17_NC-10023,15.49,19,6.89,oligo,,United States of America,-79.54549699999998,35.333,7010000010,7020038339.999999,7030042040.000001,2.8823529411764706,8.647058823529411,5.764705882352941,4.323529411764706,12.845233298452376,11.67190539654,11.67190539654
1060524,2017,summer,304.1579662557073,311.64872340412296,361,371,558,1347.8066896598302,0.22566883558982262,0.23122657410372346,0.26784256434512277,0.27526202596133115,0.15,0.52,0,3.4,1.1,57.6,250,14,0.01071428571428571,NLA17_OK-10095,79.5575,40,23.2,eu_mixo,,United States of America,-96.42877,35.285039,7010000010,7020046750.000001,7030047060,3.4666666666666672,10.400000000000002,6.9333333333333345,5.200000000000001,12.845233298452376,8.709024320155999,8.709024320155999
1060527,2012,summer,793,1352,1160,681,576,3986,0.19894631209232314,0.3391871550426493,0.29101856497742096,0.17084796788760662,0.18,0.9,0,5,1.68,176.4,2073,44.4,0.00405405405405405,NLA12_AZ-127,147,10,13.056,eu_mixo,,United States of America,-112.160072,35.284279,7010000010,7020000010,7030008710,5.000000000000001,15.000000000000002,10.000000000000002,7.500000000000001,12.845233298452376,4.6676800601999995,4.6676800601999995
1060527,2017,summer,565.5106722711911,881.5453048379256,847.3499212082172,500,574,2794.4058983173336,0.20237241576526743,0.3154678800845478,0.30323079468106384,0.17892890946912102,0.18,0.9,0,5,1.68,176.4,2073,44.4,0.00405405405405405,NLA17_AZ-10007,518.85125,36,145.07,eu_mixo,,United States of America,-112.160072,35.284279,7010000010,7020000010,7030008710,5.000000000000001,15.000000000000002,10.000000000000002,7.500000000000001,12.845233298452376,4.6676800601999995,4.6676800601999995
1060623,2012,summer,305,230,331,409,504,1275,0.23921568627450981,0.1803921568627451,0.2596078431372549,0.3207843137254902,0.2,0.69,0,3.4,1.29,165.5,119,5.1,0.03921568627450981,NLA12_NC-127,19,22,7.725714286,dys,,United States of America,-79.403011,35.21493000000001,7010000010,7020038339.999999,7030042040.000001,3.4499999999999993,10.349999999999998,6.899999999999999,5.174999999999999,12.845233298452376,14.945079973633334,14.945079973633334
1060690,2007,summer,448.71522680975613,386.7976526085791,531.813864223065,466.5,532,1833.8267436414003,0.2446879065133217,0.2109237712612486,0.29000224043360323,0.2543860817918264,0.27,1.34,0,5,1.49,54.9,164,27.4,0.00985401459854014,NLA06608-2076,11,6,3.59,oligo,,United States of America,-93.427083,35.152019,7010000010,7020046750.000001,7030047060,4.962962962962963,14.88888888888889,9.925925925925926,7.444444444444445,12.845233298452376,5.345423560150266,5.345423560150266
1060692,2012,summer,227,149,259,385,504,1020,0.22254901960784312,0.14607843137254903,0.25392156862745097,0.37745098039215685,0.31,1.7,0,5.5,1.75,265.5,889,2.6,0.11923076923076922,NLA12_NC-109,12,10,2.05,oligo,,United States of America,-82.718451,35.151926,7010000010,7020046750.000001,7030047060,5.483870967741935,16.451612903225804,10.96774193548387,8.225806451612902,12.845233298452376,4.647293012927199,4.647293012927199
1060692,2017,summer,217,135,237.5,314,501.5,903.5,0.2401770890979524,0.14941892639734367,0.2628666297731046,0.34753735473159936,0.31,1.7,0,5.5,1.75,265.5,889,2.6,0.11923076923076922,NLA17_NC-10004,11.6125,12,3.5599999999999996,oligo,,United States of America,-82.718451,35.151926,7010000010,7020046750.000001,7030047060,5.483870967741935,16.451612903225804,10.96774193548387,8.225806451612902,12.845233298452376,4.647293012927199,4.647293012927199
1060702,2007,summer,501.2435036532619,676.4540872448714,702.4824257653593,627.8942516084522,574,2508.0742682719447,0.1998519381958402,0.2697105487673402,0.2800883668605904,0.2503491461762292,0.14,0.36,0,2.5,1.44,29.8,242,16.3,0.00858895705521472,NLA06608-1420,112,28,13.382,eu_mixo,,United States of America,-96.22950100000001,35.142157,7010000010,7020046750.000001,7030047060,2.5714285714285707,7.714285714285712,5.1428571428571415,3.857142857142856,12.845233298452376,14.341446440586397,14.341446440586397
1060745,2012,summer,374,329.5,459.75,509,536.5,1672.25,0.22365076992076544,0.19703991628046047,0.2749289878905666,0.3043803259082075,0.34,1.6,0,4.8,1.96,3.8,244,234.4,0.00145051194539249,NLA12_SC-106,37,10,4.697142857,eu_mixo,,United States of America,-81.970577,35.110724,7010000010,7020038339.999999,7030042040.000001,4.705882352941176,14.11764705882353,9.411764705882351,7.058823529411765,12.845233298452376,8.78821514413333,8.78821514413333
1060745,2017,summer,285.57135696166284,255.5,353.7210757267982,311.1592478897429,540,1205.9516805782039,0.23680165761263602,0.2118658683551055,0.29331280964524514,0.25801966438701335,0.34,1.6,0,4.8,1.96,3.8,244,234.4,0.00145051194539249,NLA17_SC-10011,26.47125,18,13.92,oligo,,United States of America,-81.970577,35.110724,7010000010,7020038339.999999,7030042040.000001,4.705882352941176,14.11764705882353,9.411764705882351,7.058823529411765,12.845233298452376,8.78821514413333,8.78821514413333
1060811,2012,summer,360.5,327,401,428,531,1516.5,0.23771843059676886,0.21562809099901087,0.2644246620507748,0.28222881635344543,0.57,2.14,0,3.8,2.07,75.1,74,34.4,0.01656976744186046,NLA12_NC-103,11,12,3.12,oligo,,United States of America,-79.20841199999998,35.053309,7010000010,7020038339.999999,7030042040.000001,3.754385964912281,11.263157894736842,7.508771929824562,5.631578947368421,13.290846197227037,10.883669300693333,10.883669300693333
1060839,2007,summer,398,303,422.5,563.9524924068365,502,1687.4524924068364,0.2358584918929049,0.1795606106621864,0.25037741915766915,0.3342034782872396,0.26,0.83,0,3.2,1.66,19.6,52,52.2,0.00498084291187739,NLA06608-1177,24,29,16.64,dys,,United States of America,-79.040496,35.032565,7010000010,7020038339.999999,7030042040.000001,3.192307692307692,9.576923076923077,6.384615384615384,4.788461538461538,12.845233298452376,7.241717131191335,7.241717131191335
1060846,2007,summer,942,1424.9058612856486,1303,560.0268042551595,574,4229.932665540809,0.22269858044644847,0.3368625398918662,0.30804272857932313,0.1323961510823621,0.51,1.52,0,3,1.41,4409.3,2168,3,0.17,NLA06608-1641,185,12,5.66,eu_mixo,,United States of America,-111.399539,35.024324,7010000010,7020000010,7030008710,2.980392156862745,8.941176470588236,5.96078431372549,4.470588235294118,12.845233298452376,4.6570190425565325,4.6570190425565325
1060846,2012,summer,734,924.5,1008.5,402,565,3069,0.23916585206907787,0.3012381883349625,0.32860866731834476,0.13098729227761485,0.51,1.52,0,3,1.41,4409.3,2168,3,0.17,NLA12_AZ-103,259,20,15.34,eu_mixo,,United States of America,-111.399539,35.024324,7010000010,7020000010,7030008710,2.980392156862745,8.941176470588236,5.96078431372549,4.470588235294118,12.845233298452376,4.6570190425565325,4.6570190425565325
1060846,2017,summer,513.75,532.5,698.5,231.5,556.5,1976.25,0.25996204933586337,0.269449715370019,0.3534471853257432,0.11714104996837445,0.51,1.52,0,3,1.41,4409.3,2168,3,0.17,NLA17_AZ-10002,396.5525,41,121.09,eu_mixo,,United States of America,-111.399539,35.024324,7010000010,7020000010,7030008710,2.980392156862745,8.941176470588236,5.96078431372549,4.470588235294118,12.845233298452376,4.6570190425565325,4.6570190425565325
1060925,2007,summer,384.0428714566201,374.75203676800686,468.331702051604,638.3190290132948,542.5,1865.4456392895258,0.20587191787742837,0.2008914271609303,0.2510562045806775,0.34218045038096373,0.24,0.76,0,3.1,2.35,5.3,157,135.3,0.00177383592017738,NLA06608-0057,206,27.333333333333332,86.91866666666667,eu_mixo,,United States of America,-80.51188299999998,34.964872,7010000010,7020038339.999999,7030042040.000001,3.166666666666667,9.5,6.333333333333334,4.75,13.002144283848976,10.80258395636667,10.80258395636667
1061018,2007,summer,429.24553163668753,332.51060977419013,424.7831483603122,557.5,494,1744.03928977119,0.24612148026378614,0.19065545812205528,0.24356283189929848,0.3196602297148601,0.14,0.39,0,2.7,1.6,19.2,87,17.6,0.00795454545454545,NLA06608-0313,24,27,15.08,dys,,United States of America,-79.68853199999998,34.886548,7010000010,7020038339.999999,7030042040.000001,2.785714285714286,8.357142857142856,5.571428571428572,4.178571428571428,12.845233298452376,10.451204995011599,10.451204995011599
1061141,2007,summer,1316.5208547884135,2258.356527687499,2070.467448472584,742.5,574.5,6387.844830948496,0.20609781383699183,0.3535396659521186,0.32412613381611394,0.1162363863947757,0.36,0.88,0,2.4,1.24,10211.9,2067,0.7,0.5142857142857143,NLA06608-0873,141,14,9.98,eu_mixo,,United States of America,-111.23125,34.789318,7010000010,7020000010,7030008710,2.4444444444444446,7.333333333333333,4.888888888888889,3.6666666666666665,12.845233298452376,6.598319523478934,6.598319523478934
1061350,2012,summer,239,209,333,284,524,1065,0.2244131455399061,0.19624413145539907,0.3126760563380282,0.26666666666666666,0.56,2.54,0,4.5,1.77,296.7,162,4.1,0.13658536585365855,NLA12_MS-113,20,8,3.552,oligo,,United States of America,-88.727041,34.655067,7010000010,7020046750.000001,7030047060,4.535714285714286,13.607142857142856,9.071428571428571,6.803571428571428,13.129303305430637,9.599045835763999,9.599045835763999
1061350,2017,summer,291.19353931703927,212.84149267886346,348.36386335849664,263.16956664630453,521.5,1115.568462000704,0.2610270451665525,0.19079195937212606,0.31227475069860555,0.23590624476271585,0.56,2.54,0,4.5,1.77,296.7,162,4.1,0.13658536585365855,NLA17_MS-10019,15.09125,0,8.61,oligo,,United States of America,-88.727041,34.655067,7010000010,7020046750.000001,7030047060,4.535714285714286,13.607142857142856,9.071428571428571,6.803571428571428,13.129303305430637,9.599045835763999,9.599045835763999
1061366,2017,summer,205,122,169,255,504,751,0.2729693741677763,0.16245006657789615,0.22503328894806923,0.3395472703062583,0.74,3.57,0,4.8,1.86,18.6,31,164.9,0.00448756822316555,NLA17_SC-10027,20.7975,52,3.01,dys,,United States of America,-79.89425099999998,34.642264,7010000010,7020038339.999999,7030042040.000001,4.824324324324324,14.472972972972972,9.648648648648647,7.236486486486486,13.583039724003136,14.241455818898666,14.241455818898666
1061367,2012,summer,421,486,585,467,565,1959,0.2149055640632976,0.24808575803981622,0.2986217457886677,0.23838693210821849,0.23,0.69,0,3,1.35,82.9,367,24.7,0.00931174089068826,NLA12_OK-292,209,44,91.1,eu_mixo,,United States of America,-97.85222,34.641278,7010000010,7020046750.000001,7030047060,2.9999999999999996,9,5.999999999999999,4.5,12.845233298452376,13.461689042075335,13.461689042075335
1061426,2007,summer,285.2038862879384,346.25,410,653.5,559.5,1694.9538862879385,0.1682664576276785,0.20428284379955047,0.24189448652076737,0.3855562120520036,0.51,1.69,0,3.3,1.56,208.5,1564,65.9,0.00773899848254931,NLA06608-0569,518,30,54,eu_mixo,,United States of America,-112.43233,34.601404,7010000010,7020000010,7030008710,3.313725490196078,9.941176470588234,6.627450980392156,4.970588235294117,12.845233298452376,3.0818027977138667,3.0818027977138667
1061426,2012,summer,315.5,331,392.5,597,553,1636,0.1928484107579462,0.20232273838630807,0.23991442542787286,0.36491442542787283,0.51,1.69,0,3.3,1.56,208.5,1564,65.9,0.00773899848254931,NLA12_AZ-102,631,38,32.3,eu_mixo,,United States of America,-112.43233,34.601404,7010000010,7020000010,7030008710,3.313725490196078,9.941176470588234,6.627450980392156,4.970588235294117,12.845233298452376,3.0818027977138667,3.0818027977138667
1061426,2017,summer,279.65597190620196,267.00131908302933,359.9628756693477,207.2585887719326,540.5,1113.8787554305115,0.2510650019517749,0.2397041130206617,0.3231616312946223,0.1860692537329412,0.51,1.69,0,3.3,1.56,208.5,1564,65.9,0.00773899848254931,NLA17_AZ-10004,192.115,10,2.64,eu_mixo,,United States of America,-112.43233,34.601404,7010000010,7020000010,7030008710,3.313725490196078,9.941176470588234,6.627450980392156,4.970588235294117,12.845233298452376,3.0818027977138667,3.0818027977138667
1061438,2007,summer,243,197,283,224,517,947,0.2565997888067582,0.20802534318901794,0.2988384371700106,0.2365364308342133,0.43,1.9,0,4.4,1.64,138.2,1574,113.4,0.00379188712522045,NLA06608-1593,126,15,6.336,eu_mixo,,United States of America,-112.415401,34.593159,7010000010,7020000010,7030008710,4.4186046511627906,13.255813953488373,8.837209302325581,6.627906976744186,12.845233298452376,2.9269231494897334,2.9269231494897334
1061463,2007,summer,525.0760724099102,639.0837892670777,657.1353747124182,662.2093889132611,568,2483.504625302667,0.21142544574319797,0.257331427030941,0.2646000204780502,0.2666431067478109,0.97,3.26,0,3.3,2.7,147.8,194,28.6,0.03391608391608392,NLA06608-0472,78,48,19.2,eu_mixo,,United States of America,-96.232382,34.573383,7010000010,7020046750.000001,7030047060,3.3608247422680413,10.082474226804125,6.721649484536083,5.041237113402063,13.862882400047877,12.340331127594668,12.340331127594668
1061486,2007,summer,444.01772275185164,419.739773165661,498.8818977167755,341.82946997908084,550.5,1704.468863613369,0.2605021025790764,0.24625839880456282,0.29269053155900815,0.20054896705735265,0.69,1.94,0,2.8,1.09,478.2,859,10.6,0.06509433962264151,NLA06608-1141,45,8,10.16,eu_mixo,,United States of America,-118.12037,34.554418,7010000010,7020000010,7030073620.000001,2.8115942028985508,8.434782608695652,5.6231884057971016,4.217391304347826,13.137426825228477,3.7281583336443993,3.7281583336443993
1061500,2012,summer,201,138,254,330,513,923,0.21776814734561215,0.1495124593716143,0.27518959913326113,0.35752979414951247,0.14,0.63,0,4.4,1.8,346.3,851,0.9,0.15555555555555556,NLA12_GA-118,14,10,1.35,oligo,,United States of America,-84.362097,34.546183,7010000010,7020038339.999999,7030042040.000001,4.5,13.5,9,6.75,12.845233298452376,7.885856661644001,7.885856661644001
1061512,2012,summer,390.25,374,423.25,587.5,537,1775,0.21985915492957747,0.21070422535211267,0.2384507042253521,0.33098591549295775,0.48,2.05,0,4.2,1.43,388.1,80,4.8,0.1,NLA12_AR-101,84,39,39.58,eu_mixo,,United States of America,-92.271581,34.539576,7010000010,7020046750.000001,7030047060,4.270833333333333,12.8125,8.541666666666666,6.40625,12.845233298452376,9.486456186926267,9.486456186926267
1061529,2007,summer,334,336.5,420.8842349407152,486.4511649496221,547.5,1577.8353998903374,0.21168240997965546,0.21326685915614987,0.2667478717805213,0.3083028590836734,0.16,0.42,0,2.7,1.31,20,217,32.6,0.0049079754601227,NLA06608-1240,141,37,28.872,eu_mixo,,United States of America,-96.503201,34.526632,7010000010,7020046750.000001,7030047060,2.625,7.875,5.25,3.9375,12.845233298452376,7.419239713925468,7.419239713925468
1061554,2012,summer,598,639,820,326,555,2383,0.25094418799832147,0.26814939152329,0.34410407049937053,0.13680234997901805,0.44,0.8,0,1.8,1.85,1.7,850,751.3,5.856515373352855e-4,NLA12_CA-156,53,10,31,eu_mixo,,United States of America,-117.27037,34.504838,7010000010,7020000010,7030073620.000001,1.8181818181818181,5.454545454545455,3.6363636363636362,2.7272727272727275,13.002144283848976,2.8507001826774667,2.8507001826774667
1061573,2007,summer,339.20494947583364,321.4239177142799,464.97940274728273,350,544,1475.6082699373965,0.2298746600886322,0.21782469254385278,0.3151103258366868,0.23719032153082806,0.22,0.83,0,3.7,1.7,185,300,9.4,0.02340425531914893,NLA06608-4610,22,16,5.383,oligo,,United States of America,-96.984754,34.490324,7010000010,7020046750.000001,7030047060,3.7727272727272725,11.318181818181818,7.545454545454545,5.659090909090909,12.845233298452376,10.590278709802668,10.590278709802668
1061573,2012,summer,358,357.5,496.5,345,550,1557,0.22992935131663456,0.2296082209377007,0.31888246628131023,0.22157996146435452,0.22,0.83,0,3.7,1.7,185,300,9.4,0.02340425531914893,NLA12_OK-R01,28,7,11.77142857,oligo,,United States of America,-96.984754,34.490324,7010000010,7020046750.000001,7030047060,3.7727272727272725,11.318181818181818,7.545454545454545,5.659090909090909,12.845233298452376,10.590278709802668,10.590278709802668
1061611,2007,summer,418,297.3729432368425,431,592,506,1738.3729432368425,0.24045473189526634,0.17106395057158186,0.24793298910732006,0.3405483284258317,0.1,0.42,0,4.2,1.37,15.2,454,14.3,0.00699300699300699,NLA06608-1711,12,5,4.32,oligo,,United States of America,-84.286916,34.451549,7010000010,7020038339.999999,7030042040.000001,4.2,12.6,8.4,6.3,12.845233298452376,7.9652288909756,7.9652288909756
1061631,2012,summer,234.5,183,259,265,509,941.5,0.24907063197026022,0.19437068507700478,0.275092936802974,0.281465746149761,0.15,0.9,0,5.8,1.71,945.4,2231,11.3,0.01327433628318583,NLA12_AZ-R01,11,12,3.3075,oligo,,United States of America,-111.085546,34.430101,7010000010,7020000010,7030008710,6.000000000000001,18.000000000000004,12.000000000000002,9.000000000000002,12.845233298452376,4.856261299644001,4.856261299644001
1061647,2017,summer,224.81612137456122,220.23466640848923,300.6868522682341,204.86720306741185,544,950.6048431186964,0.23649797600125394,0.23167846030107994,0.3163110880876178,0.2155124756100483,0.1,0.52,0,5.4,1.32,1202.2,2312,6.6,0.01515151515151515,NLA17_AZ-10090,13.795,24,4.78,dys,,United States of America,-111.002462,34.405162,7010000010,7020000010,7030008710,5.200000000000001,15.600000000000001,10.400000000000002,7.800000000000001,12.845233298452376,4.7730277831866665,4.7730277831866665
1061666,2007,summer,628.1859067320291,1325,1056.2957897819008,769,578,3778.48169651393,0.166253526465829,0.3506699532837383,0.2795556190616065,0.20352090118882624,0.19,0.41,0,2.2,1.1,170.5,309,10.6,0.01792452830188679,NLA06608-1524,157,23,7.72,eu_mixo,,United States of America,-98.336614,34.375658,7010000010,7020046750.000001,7030047060,2.1578947368421053,6.473684210526316,4.315789473684211,3.236842105263158,12.845233298452376,16.598173571611998,16.598173571611998
1061666,2012,summer,774,1403,1159,823,578,4159,0.18610242846838182,0.3373407069006973,0.2786727578744891,0.19788410675643184,0.19,0.41,0,2.2,1.1,170.5,309,10.6,0.01792452830188679,NLA12_OK-122,67,95,15.6,eu_mixo,,United States of America,-98.336614,34.375658,7010000010,7020046750.000001,7030047060,2.1578947368421053,6.473684210526316,4.315789473684211,3.236842105263158,12.845233298452376,16.598173571611998,16.598173571611998
1061674,2007,summer,364.87140126252297,280,519.6306805716142,324,524,1488.5020818341372,0.24512656429269297,0.18810857130611672,0.3490963747469695,0.21766848965422078,0.71,3.29,0,4.6,1.92,233.6,322,33.7,0.02106824925816023,NLA06608-0408,15,5,5.667,oligo,,United States of America,-97.284972,34.369087,7010000010,7020046750.000001,7030047060,4.633802816901409,13.901408450704226,9.267605633802818,6.950704225352113,13.583039724003136,11.18605831836,11.18605831836
1061717,2007,summer,344.3406997028877,282.90490739773736,376.5189023609189,566.5742766299754,500.5,1570.3387860915195,0.2192779690298113,0.18015533329713582,0.23976921776099805,0.36079747991205474,0.11,0.39,0,3.5,1.57,4.4,72,83.8,0.0013126491646778,NLA06608-1001,24,45,5.28,dys,,United States of America,-80.63146999999998,34.319481,7010000010,7020038339.999999,7030042040.000001,3.545454545454546,10.636363636363637,7.090909090909092,5.318181818181818,12.845233298452376,8.001935856351732,8.001935856351732
1061760,2007,summer,342.3486865301294,278.8099821698671,409.35306227519686,212.03890415362474,535,1242.5506351288182,0.27552091387779726,0.22438520756215477,0.32944577927221314,0.17064809928783478,0.3,1.14,0,3.9,2.38,232.1,1910,318.2,9.428032683846638e-4,NLA06608-0809,13,1,3.008,oligo,,United States of America,-110.07166,34.277361,7010000010,7020000010,7030008710,3.8,11.4,7.6,5.7,13.129303305430637,4.655645586469466,4.655645586469466
1061807,2007,summer,494.0699498294804,392.6746124832145,532.6416718624126,674,506,2093.3862341751073,0.2360147123180865,0.18757867328670325,0.2544402285478382,0.3219663858473722,0.38,1.63,0,4.3,2.25,65.7,250,13.3,0.02857142857142857,NLA06608-0459,8,6,3.984,oligo,,United States of America,-86.838903,34.224067,7010000010,7020038339.999999,7030042040.000001,4.2894736842105265,12.868421052631579,8.578947368421053,6.434210526315789,13.129303305430637,8.000112417052936,8.000112417052936
1061807,2012,summer,394,339,535.5,538.75,535,1807.25,0.21801078987411812,0.18757781159219808,0.2963065430903306,0.29810485544335313,0.38,1.63,0,4.3,2.25,65.7,250,13.3,0.02857142857142857,NLA12_AL-102,12,7,10,oligo,,United States of America,-86.838903,34.224067,7010000010,7020038339.999999,7030042040.000001,4.2894736842105265,12.868421052631579,8.578947368421053,6.434210526315789,13.129303305430637,8.000112417052936,8.000112417052936
1061835,2007,summer,336.12616049086114,272.550577610265,404.46335693834544,205,512.5,1218.1400950394716,0.2759339109349074,0.2237432120657957,0.33203353094230065,0.1682893460569963,0.59,3.05,0,5.2,1.89,2354.8,2003,191.3,0.00308416100365917,NLA06608-1577,16,8,4.32,oligo,,United States of America,-110.00208300000001,34.193185,7010000010,7020000010,7030008710,5.169491525423729,15.508474576271185,10.338983050847459,7.7542372881355925,13.290846197227037,5.023321090614667,5.023321090614667
1061878,2007,summer,336.5428714566201,252.75,353.5,228.5,502.5,1171.29287145662,0.28732597940094634,0.2157871922209174,0.30180325400630786,0.1950835743718284,0.33,1.16,0,3.5,1.21,1216.6,2110,20.1,0.01641791044776119,NLA06608-0127,19,17,5.92,oligo,,United States of America,-109.306074,34.155441,7010000010,7020000010,7030008710,3.515151515151515,10.545454545454545,7.03030303030303,5.2727272727272725,12.845233298452376,4.523290524190666,4.523290524190666
1061933,2007,summer,398.3197272276094,353.24911838283884,494.6343651993976,599.4287174922804,545,1845.6319283021264,0.2158175317188191,0.19139738155039798,0.2680027136583145,0.3247823730724684,0.75,0.96,0,1.3,2.02,70.3,54,8.4,0.08928571428571429,NLA06608-0080,109.66666666666669,10,65.136,eu_mixo,,United States of America,-91.570027,34.115911,7010000010,7020046750.000001,7030047060,1.28,3.8400000000000003,2.56,1.9200000000000002,13.583039724003136,11.0479168175164,11.0479168175164
1062024,2007,summer,391,427,491,323,557,1632,0.23958333333333334,0.2616421568627451,0.3008578431372549,0.19791666666666666,0.41,2.03,0,5,1.61,839,2508,89,0.0046067415730337,NLA06608-1151,129,17,13.716,eu_mixo,,United States of America,-109.435361,34.034907,7010000010,7020000010,7030008710,4.951219512195121,14.853658536585366,9.902439024390242,7.426829268292683,12.845233298452376,3.3170117217810673,3.3170117217810673
1062066,2012,summer,385.5,301,470.5,644.5,521,1801.5,0.21398834304746045,0.16708298640022204,0.2611712461837358,0.3577574243685817,0.17,0.67,0,4,1.63,335.4,97,0.9,0.18888888888888888,NLA12_MS-116,21.5,7,5.196,oligo,,United States of America,-89.761601,34.002799,7010000010,7020046750.000001,7030047060,3.941176470588235,11.823529411764705,7.88235294117647,5.911764705882352,12.845233298452376,14.77164505397,14.77164505397
1062066,2017,summer,208,157,261,326,508,952,0.2184873949579832,0.16491596638655462,0.27415966386554624,0.34243697478991597,0.17,0.67,0,4,1.63,335.4,97,0.9,0.18888888888888888,NLA17_MS-10017,14.24375,23,4.88,dys,,United States of America,-89.761601,34.002799,7010000010,7020046750.000001,7030047060,3.941176470588235,11.823529411764705,7.88235294117647,5.911764705882352,12.845233298452376,14.77164505397,14.77164505397
1062099,2007,summer,364.3568967005758,393.4933709898952,464.32312454769294,354.4796756124397,562.5,1576.6530678506037,0.2310951623601576,0.24957511516869785,0.2944992363987142,0.2248304860724303,0.82,1.8,0,2.2,1.59,401.5,316,23.5,0.03489361702127659,NLA06608-2996,130,14,16.64,eu_mixo,,United States of America,-98.711634,33.974453,7010000010,7020046750.000001,7030047060,2.1951219512195124,6.585365853658537,4.390243902439025,3.2926829268292686,13.716548576654093,9.89454369082893,9.89454369082893
1062154,2017,summer,490.7557649803076,617,670,732,567,2509.7557649803075,0.1955392519973585,0.24584065454067847,0.2669582472321792,0.29166184622978386,0.2,0.58,0,2.9,1.33,21.4,130,24.2,0.00826446280991735,NLA17_OK-10089,190.155,35,105.2,eu_mixo,,United States of America,-94.97013,33.923677,7010000010,7020046750.000001,7030047060,2.9,8.7,5.8,4.35,12.845233298452376,11.109157895643998,11.109157895643998
1062200,2012,summer,331,327.5,475.5,501,548.5,1635,0.20244648318042813,0.20030581039755352,0.2908256880733945,0.30642201834862387,0.2,0.52,0,2.5,1.7,94.9,172,3.6,0.05555555555555556,NLA12_AL-114,62,10,17.5,eu_mixo,,United States of America,-85.932292,33.881874,7010000010,7020038339.999999,7030042040.000001,2.6000000000000005,7.800000000000001,5.200000000000001,3.9000000000000004,12.845233298452376,13.640739685111999,13.640739685111999
1062226,2007,summer,616.8917776792637,728.3642889111852,829.9702473670645,953,563,3128.2263139575134,0.19720177371017475,0.2328361876061751,0.26531656090990124,0.30464547777374884,0.2,0.27,0,1.3,1.36,128.7,37,0.9,0.22222222222222224,NLA06608-0508,283,2,28,eu_mixo,,United States of America,-90.54236,33.859432,7010000010,7020046750.000001,7030047060,1.3499999999999999,4.05,2.6999999999999997,2.025,12.845233298452376,16.058570330484933,16.058570330484933
1062261,2012,summer,353,362,418,498,549,1631,0.2164316370324954,0.22194972409564684,0.2562844880441447,0.30533415082771304,0.51,2.32,0,4.5,1.65,1920,2402,101.8,0.00500982318271119,NLA12_AZ-145,244,28,39.2,eu_mixo,,United States of America,-109.086458,33.830006,7010000010,7020000010,7030008710,4.549019607843137,13.647058823529411,9.098039215686274,6.823529411764706,13.002144283848976,3.3242824813713328,3.3242824813713328
1062261,2017,summer,427.6357412694471,418.0769824943383,485.84395110149615,413.0203860850417,563.5,1744.5770609503234,0.24512287295380414,0.23964374624219767,0.2784881000537989,0.2367452807501992,0.51,2.32,0,4.5,1.65,1920,2402,101.8,0.00500982318271119,NLA17_AZ-10006,445.2625000000001,34,31.44,eu_mixo,,United States of America,-109.086458,33.830006,7010000010,7020000010,7030008710,4.549019607843137,13.647058823529411,9.098039215686274,6.823529411764706,13.002144283848976,3.3242824813713328,3.3242824813713328
1062282,2012,summer,383.5,363.5,492.5,250.5,537,1490,0.25738255033557045,0.24395973154362416,0.33053691275167785,0.16812080536912752,0.55,2.22,0,4,1.5,29.5,88,225.9,0.00243470562195661,NLA12_CA-168,434,30,111,eu_mixo,,United States of America,-117.813138,33.801205,7010000010,7020000010,7030008720,4.036363636363636,12.10909090909091,8.072727272727272,6.054545454545455,12.845233298452376,7.224774902941067,7.224774902941067
1062282,2017,summer,406.8155274402976,298.399882862215,434.6205605528957,246.8198807806461,512.5,1386.6558516360544,0.293378870438771,0.2151939015799386,0.3134307334008694,0.17799649458042105,0.55,2.22,0,4,1.5,29.5,88,225.9,0.00243470562195661,NLA17_CA-10005,182.611375,18,13.85,eu_mixo,,United States of America,-117.813138,33.801205,7010000010,7020000010,7030008720,4.036363636363636,12.10909090909091,8.072727272727272,6.054545454545455,12.845233298452376,7.224774902941067,7.224774902941067
1062291,2017,summer,258,240,302,371,541,1171,0.22032450896669514,0.2049530315969257,0.2578992314261315,0.31682322801024765,0.14,0.58,0,4,1.3,42.8,319,10,0.014,NLA17_GA-10039,23.56,29,10.75,dys,,United States of America,-84.94745299999998,33.792858,7010000010,7020038339.999999,7030042040.000001,4.142857142857142,12.428571428571427,8.285714285714285,6.2142857142857135,12.845233298452376,8.112292381504664,8.112292381504664
1062341,2007,summer,490.99724469332375,533.8017502887739,574.7295936909566,412,563,2011.5285886730542,0.2440916064818249,0.2653711974538264,0.28571783514649857,0.20481936091785014,0.16,0.87,0,5.4,1.42,1,345,2141.9,7.47000326812643e-5,NLA06608-0885,1386,15,23.04,eu_mixo,,United States of America,-117.443104,33.748475,7010000010,7020000010,7030008720,5.4375,16.3125,10.875,8.15625,12.845233298452376,8.531017078732,8.531017078732
1062507,2017,summer,281.9514517088246,273.704775689184,325.4062317015521,322.0316963750575,549,1203.0941554746182,0.23435526673105259,0.22750071093247726,0.27047445141413723,0.2676695709223329,0.16,0.61,0,3.9,2.03,6.2,91,98.6,0.00162271805273833,NLA17_SC-10016,31.84,14,8.11,eu_mixo,,United States of America,-81.80542,33.613898,7010000010,7020038339.999999,7030042040.000001,3.8125,11.4375,7.625,5.71875,12.845233298452376,5.9986526581252,5.9986526581252
1062548,2007,summer,369.4460325621528,345.8725093551659,473.8152683784682,457.5150177857381,540.5,1646.6488280815252,0.22436236935387516,0.21004630948429634,0.287745183003288,0.2778461381585404,0.25,0.87,0,3.5,1.65,51.1,229,12.5,0.02,NLA06608-0223,44,5,44.31466666666667,eu_mixo,,United States of America,-84.20285099999998,33.58202,7010000010,7020038339.999999,7030042040.000001,3.48,10.44,6.96,5.22,12.845233298452376,10.762860834385332,10.762860834385332
1062929,2012,summer,528.5,439,556.25,713.75,522,2237.5,0.23620111731843577,0.19620111731843576,0.24860335195530725,0.31899441340782125,0.1,0.42,0,4.1,1.36,21.9,321,12.9,0.00775193798449612,NLA12_AL-R03,31,10,5.968,eu_mixo,,United States of America,-85.80777299999998,33.319985,7010000010,7020038339.999999,7030042040.000001,4.2,12.6,8.4,6.3,12.845233298452376,6.911831246438533,6.911831246438533
1062966,2007,summer,410.44835636232733,293.2454603417119,473.6711543042822,478.71797843546176,516.5,1656.082949443783,0.2478428731484626,0.1770717224280355,0.28601897897890366,0.2890664254445983,0.43,2.04,0,4.8,1.59,82.4,148,15.4,0.02792207792207792,NLA06608-0843,8,5,2.565,oligo,,United States of America,-87.14635,33.290152,7010000010,7020038339.999999,7030042040.000001,4.744186046511628,14.232558139534884,9.488372093023257,7.116279069767442,12.845233298452376,8.361287778909066,8.361287778909066
1062970,2012,summer,306,216,336,432,503,1290,0.2372093023255814,0.16744186046511628,0.26046511627906976,0.33488372093023255,0.7,4.33,0,6.2,1.68,223.6,78,11.1,0.06306306306306306,NLA12_AL-R05,24,15,6.088,oligo,,United States of America,-87.683071,33.287365,7010000010,7020038339.999999,7030042040.000001,6.185714285714287,18.55714285714286,12.371428571428574,9.27857142857143,13.583039724003136,14.280028328730669,14.280028328730669
1062970,2017,summer,237.1279855849115,172.09047980770586,279.7400680038592,246.13535110105883,510,935.0938844975354,0.25358735578976666,0.1840355098677361,0.29915719976521404,0.26321993457728315,0.7,4.33,0,6.2,1.68,223.6,78,11.1,0.06306306306306306,NLA17_AL-HP001,24.72715,9,7.15,oligo,,United States of America,-87.683071,33.287365,7010000010,7020038339.999999,7030042040.000001,6.185714285714287,18.55714285714286,12.371428571428574,9.27857142857143,13.583039724003136,14.280028328730669,14.280028328730669
1062991,2012,summer,1139.5,1508,1778,744,564,5169.5,0.22042750749588935,0.2917109971950866,0.34394041976980366,0.14392107553922043,0.13,0.3,0,2.3,1.24,379.9,296,4.1,0.03170731707317073,NLA12_TX-148,64,10,5.64,eu_mixo,,United States of America,-98.15237800000001,33.272114,7010000010,7020047840,7030047840.000001,2.3076923076923075,6.9230769230769225,4.615384615384615,3.4615384615384612,12.845233298452376,9.655486781121601,9.655486781121601
1063144,2012,summer,415,375,414.5,380,494,1584.5,0.2619122751656674,0.23666771852319343,0.26159671820763647,0.23982328810350267,0.18,0.94,0,5.3,1.55,338.9,317,9.5,0.01894736842105263,NLA12_CA-172,14.8,5,0.8,oligo,,United States of America,-117.042708,33.160423,7010000010,7020000010,7030008720,5.222222222222221,15.66666666666667,10.444444444444443,7.833333333333335,12.845233298452376,12.741896394746801,12.741896394746801
1063192,2007,summer,348.3012094109955,287.4855831796294,386.8274628517456,551.1521627087601,517,1573.7664181511304,0.22131696635144987,0.18267360382322115,0.24579725325832832,0.3502121765670008,0.56,1.45,0,2.6,1.92,179.1,32,3.6,0.15555555555555556,NLA06608-0828,114,19,68.4,eu_mixo,,United States of America,-90.36145800000001,33.139601999999996,7010000010,7020046750.000001,7030047060,2.5892857142857135,7.7678571428571415,5.178571428571427,3.8839285714285707,13.290846197227037,14.223558131710664,14.223558131710664
1063192,2012,summer,247,225,289.5,402.5,516,1164,0.21219931271477663,0.19329896907216496,0.24871134020618557,0.34579037800687284,0.56,1.45,0,2.6,1.92,179.1,32,3.6,0.15555555555555556,NLA12_MS-104,129,34,34.08,eu_mixo,,United States of America,-90.36145800000001,33.139601999999996,7010000010,7020046750.000001,7030047060,2.5892857142857135,7.7678571428571415,5.178571428571427,3.8839285714285707,13.290846197227037,14.223558131710664,14.223558131710664
1063192,2017,summer,229.6404572131986,200.0321159474757,263.47184544225195,319.9297304072877,537,1013.0741490102139,0.22667685029527226,0.19745061715661147,0.26007163019574353,0.3158009023523728,0.56,1.45,0,2.6,1.92,179.1,32,3.6,0.15555555555555556,NLA17_MS-10004,151.1075,23,60.5,eu_mixo,,United States of America,-90.36145800000001,33.139601999999996,7010000010,7020046750.000001,7030047060,2.5892857142857135,7.7678571428571415,5.178571428571427,3.8839285714285707,13.290846197227037,14.223558131710664,14.223558131710664
1063256,2012,summer,450,512,786,626,554,2374,0.18955349620893008,0.21566975568660487,0.33108677337826453,0.2636899747262005,0.63,1.32,0,2.1,1.21,17.1,-55,3865.5,1.6298020954598372e-4,NLA12_CA-106,591,35,176,eu_mixo,,United States of America,-115.517373,33.08015,7010000010,7020000010,7030008710,2.0952380952380953,6.285714285714286,4.190476190476191,3.142857142857143,13.137426825228477,8.143464169813198,8.143464169813198
1063321,2017,summer,361.8222705090563,280.8423217591924,401.3303455039322,313.5,511,1357.494937772181,0.2665367364852586,0.20688277646183326,0.2956403993392164,0.23094008771369176,0.16,0.81,0,4.9,1.35,87.1,1844,238.6,6.705783738474435e-4,NLA17_NM-10044,91.17125,3,3.45,eu_mixo,,United States of America,-108.162949,33.031534,7010000010,7020000010,7030008710,5.0625,15.187500000000002,10.125,7.593750000000001,12.845233298452376,4.1046400150333335,4.1046400150333335
1063431,2007,summer,834.5450084253412,1086.78260167818,1196.1975749751487,980.0206552259978,565.5,4097.545840304668,0.20366947459538112,0.2652276860427689,0.2919302483962466,0.23917259096560334,0.1,0.24,0,2.3,1.49,29.4,149,13.2,0.00757575757575757,NLA06608-1672,15,15,100.512,oligo,,United States of America,-96.455411,32.94468,7010000010,7020047840,7030047840.000001,2.4,7.2,4.8,3.6,12.845233298452376,11.360827158547066,11.360827158547066
1063431,2012,summer,712,1078,1131,1078,568,3999,0.17804451112778194,0.26956739184796197,0.2828207051762941,0.26956739184796197,0.1,0.24,0,2.3,1.49,29.4,149,13.2,0.00757575757575757,NLA12_TX-101,256.5,28,62.67999999999999,eu_mixo,,United States of America,-96.455411,32.94468,7010000010,7020047840,7030047840.000001,2.4,7.2,4.8,3.6,12.845233298452376,11.360827158547066,11.360827158547066
1063431,2017,summer,624.1299075013073,849.1378330631694,984.6442085132888,860.8452557867606,564.5,3318.757204864526,0.1880613341001499,0.25586018519779963,0.2966906428316086,0.2593878378704419,0.1,0.24,0,2.3,1.49,29.4,149,13.2,0.00757575757575757,NLA17_TX-10001,193.0725,20.5,54.6,eu_mixo,,United States of America,-96.455411,32.94468,7010000010,7020047840,7030047840.000001,2.4,7.2,4.8,3.6,12.845233298452376,11.360827158547066,11.360827158547066
1063556,2012,summer,451,458,590,303,551,1802,0.2502774694783574,0.2541620421753607,0.3274139844617092,0.1681465038845727,0.23,0.45,0,2,1.13,0.1,130,6645.4,3.46104071989647e-5,NLA12_TX-160,79,19,60.48,eu_mixo,,United States of America,-96.887784,32.845552,7010000010,7020047840,7030047840.000001,1.956521739130435,5.869565217391305,3.91304347826087,2.9347826086956523,12.845233298452376,6.196808942766399,6.196808942766399
1063576,2017,summer,519,546,718,294.4591856445408,556,2077.459185644541,0.24982440260985342,0.26282104783233134,0.34561449147182033,0.14174005808599485,0.63,1.72,0,2.7,2.03,1806.8,41,51.2,0.0123046875,NLA17_AZ-10041,39.3925,10,7.86,eu_mixo,,United States of America,-114.46602600000001,32.823157,7010000010,7020000010,7030008710,2.7301587301587302,8.190476190476192,5.4603174603174605,4.095238095238096,13.583039724003136,15.694284808232,15.694284808232
1063620,2017,summer,466.88511049983606,487.632190061963,523.6561655864829,493.15346976186487,562,1971.3269359101469,0.23683799069294342,0.2473624142089992,0.2656363873731146,0.2501632077249427,0.78,31.3,31.3,40,2.48,400.7,398,251.2,0.00310509554140127,NLA17_CA-10054,25.6775,27,7.34,dys,,United States of America,-116.786458,32.785255,7010000010,7020000010,7030008720,40.128205128205124,120.3846153846154,80.25641025641025,60.1923076923077,13.729373547396921,27.914061534464015,27.914061534464015
1063695,2007,summer,383,397.8743451742887,518,621,555,1919.8743451742887,0.19949222247939918,0.20723978429857562,0.26980932439772526,0.32345866882429997,0.35,0.75,0,2.1,2.46,170.6,32,2.3,0.15217391304347827,NLA06608-2092,135,12,84.96,eu_mixo,,United States of America,-91.699124,32.721469,7010000010,7020046750.000001,7030047060,2.142857142857143,6.42857142857143,4.285714285714286,3.214285714285715,13.290846197227037,10.660433178318266,10.660433178318266
1063695,2017,summer,310.8398387122128,276.5493943364402,396.19362413306834,422.25842080172833,537,1405.8412779834496,0.22110592680710303,0.19671452152345742,0.2818195982275978,0.30035995344184185,0.35,0.75,0,2.1,2.46,170.6,32,2.3,0.15217391304347827,NLA17_LA-10015,99.93,21,41.6,eu_mixo,,United States of America,-91.699124,32.721469,7010000010,7020046750.000001,7030047060,2.142857142857143,6.42857142857143,4.285714285714286,3.214285714285715,13.290846197227037,10.660433178318266,10.660433178318266
1063768,2012,summer,361,296,408,328,533,1393,0.25915290739411345,0.21249102656137833,0.2928930366116296,0.23546302943287867,0.21,0.66,0,3.1,1.49,123.7,256,13.7,0.01532846715328467,NLA12_TX-128,56,17,5.52,eu_mixo,,United States of America,-97.610799,32.662945,7010000010,7020047840,7030047840.000001,3.142857142857143,9.428571428571429,6.285714285714286,4.714285714285714,12.845233298452376,9.851896914913336,9.851896914913336
1063768,2017,summer,317.61821942022607,240.32085203138482,373.76792608393555,361.3709395240551,512.5,1293.0779370596015,0.24562960229796743,0.18585179218034076,0.2890528988019595,0.2794657067197323,0.21,0.66,0,3.1,1.49,123.7,256,13.7,0.01532846715328467,NLA17_TX-10049,14.4525,3,3.69,oligo,,United States of America,-97.610799,32.662945,7010000010,7020047840,7030047840.000001,3.142857142857143,9.428571428571429,6.285714285714286,4.714285714285714,12.845233298452376,9.851896914913336,9.851896914913336
1064041,2017,summer,448.50997887218927,446,580,525,545,1999.5099788721893,0.22430994774288068,0.22305465074576092,0.29007107047655006,0.26256433103480825,0.2,0.27,0,1.4,1.58,150.8,48,1.6,0.125,NLA17_LA-10231,166.4225,18,55,eu_mixo,,United States of America,-93.696819,32.471499,7010000010,7020046750.000001,7030047060,1.3499999999999999,4.05,2.6999999999999997,2.025,12.845233298452376,14.090840774373332,14.090840774373332
1064299,2007,summer,544.0907477915714,522.7622214589691,726.1111309154259,434.02516122043187,551,2226.989261386398,0.2443167361538381,0.23473944420078915,0.32605057577304614,0.19489324387232665,0.48,1.95,0,4.1,1.95,595,712,68.9,0.006966618287373,NLA06608-2924,13,12,12.64,oligo,,United States of America,-101.311733,32.242486,7010000010,7020047840,7030047840.000001,4.0625,12.187499999999998,8.125,6.093749999999999,13.129303305430637,3.7754504862521325,3.7754504862521325
1064299,2012,summer,428,435.5,567,334.5,558,1765,0.2424929178470255,0.24674220963172805,0.3212464589235127,0.18951841359773372,0.48,1.95,0,4.1,1.95,595,712,68.9,0.006966618287373,NLA12_TX-111,28,5,12.704,oligo,,United States of America,-101.311733,32.242486,7010000010,7020047840,7030047840.000001,4.0625,12.187499999999998,8.125,6.093749999999999,13.129303305430637,3.7754504862521325,3.7754504862521325
1064336,2012,summer,315,260,516,416,538,1507,0.2090245520902455,0.17252820172528202,0.3424021234240212,0.27604512276045123,0.24,0.73,0,3,1.18,32,131,23.2,0.01034482758620689,NLA12_TX-169,54,5,1.245333333,eu_mixo,,United States of America,-94.908949,32.198211,7010000010,7020047840,7030047840.000001,3.0416666666666665,9.125000000000002,6.083333333333333,4.562500000000001,12.845233298452376,10.077650558852667,10.077650558852667
1064446,2012,summer,190.5,136,181.5,253.5,494,761.5,0.25016414970453055,0.17859487852921865,0.23834537097833225,0.3328956007879186,0.72,2.67,0,3.7,1.48,3.5,51,773.9,9.303527587543612e-4,NLA12_GA-127,36,62,21.8,eu_mixo,,United States of America,-82.895072,32.088852,7010000010,7020038339.999999,7030042040.000001,3.7083333333333335,11.125,7.416666666666667,5.5625,13.294337810625077,7.396804572121465,7.396804572121465
1064463,2007,summer,482.8420262044339,382,492,565,512.5,1921.842026204434,0.2512391859584988,0.19876763791789676,0.2560043922921602,0.29398878383144417,0.17,0.56,0,3.2,1.71,13.6,114,33.6,0.00505952380952381,NLA06608-0815,39,6,27.2,eu_mixo,,United States of America,-84.289882,32.072604,7010000010,7020038339.999999,7030042040.000001,3.294117647058824,9.882352941176471,6.588235294117648,4.9411764705882355,12.845233298452376,5.802086952001999,5.802086952001999
1064463,2012,summer,264,257,320,385,553,1226,0.21533442088091354,0.2096247960848287,0.26101141924959215,0.31402936378466556,0.17,0.56,0,3.2,1.71,13.6,114,33.6,0.00505952380952381,NLA12_GA-103,37,25,24.48,eu_mixo,,United States of America,-84.289882,32.072604,7010000010,7020038339.999999,7030042040.000001,3.294117647058824,9.882352941176471,6.588235294117648,4.9411764705882355,12.845233298452376,5.802086952001999,5.802086952001999
1064463,2017,summer,326.5,421,452,465.14937230054113,567,1664.649372300541,0.19613740012335323,0.25290611164450755,0.2715286519318703,0.279427836300269,0.17,0.56,0,3.2,1.71,13.6,114,33.6,0.00505952380952381,NLA17_GA-10003,35.0809,23,42.4,eu_mixo,,United States of America,-84.289882,32.072604,7010000010,7020038339.999999,7030042040.000001,3.294117647058824,9.882352941176471,6.588235294117648,4.9411764705882355,12.845233298452376,5.802086952001999,5.802086952001999
1064609,2007,summer,260.412414322048,185.37793432472418,310.5156530862023,436.91299469020623,508,1193.2189964231807,0.2182436041520173,0.15535952317254179,0.2602335816115992,0.3661632910638417,0.34,1.43,0,4.2,1.34,300.7,81,2.9,0.11724137931034484,NLA06608-0812,11,18,6.448,oligo,,United States of America,-90.603125,31.89008,7010000010,7020046750.000001,7030047060,4.205882352941177,12.61764705882353,8.411764705882353,6.308823529411765,12.845233298452376,11.964773241857332,11.964773241857332
1064609,2017,summer,330,314,378,336,562,1358,0.24300441826215022,0.23122238586156113,0.27835051546391754,0.24742268041237114,0.34,1.43,0,4.2,1.34,300.7,81,2.9,0.11724137931034484,NLA17_MS-10015,35.48875,58,20.32,eu_mixo,,United States of America,-90.603125,31.89008,7010000010,7020046750.000001,7030047060,4.205882352941177,12.61764705882353,8.411764705882353,6.308823529411765,12.845233298452376,11.964773241857332,11.964773241857332
1064610,2012,summer,355,362,438,364,555,1519,0.2337063857801185,0.23831468071099407,0.28834759710335744,0.23963133640552994,0.15,0.57,0,3.8,1.24,262.8,298,8.7,0.01724137931034482,NLA12_TX-144,30,11,6.848,oligo,,United States of America,-97.702382,31.889156,7010000010,7020047840,7030047840.000001,3.8,11.4,7.6,5.7,12.845233298452376,9.877120354883067,9.877120354883067
1064719,2007,summer,535,707.5,827.5,866,563.5,2936,0.1822207084468665,0.2409741144414169,0.28184604904632155,0.2949591280653951,0.66,1.91,0,2.9,3.05,1580.3,19,0.7,0.942857142857143,NLA06608-0327,13,6,56.736,oligo,,United States of America,-91.372122,31.709572,7010000010,7020046750.000001,7030047060,2.893939393939394,8.681818181818182,5.787878787878788,4.340909090909091,13.729373547396921,12.343460239750668,12.343460239750668
1064719,2012,summer,449,532.5,690,784,558.5,2455.5,0.18285481571981266,0.21686010995723884,0.28100183262064754,0.31928324170230094,0.66,1.91,0,2.9,3.05,1580.3,19,0.7,0.942857142857143,NLA12_MS-101,138.5,11.5,65.2,eu_mixo,,United States of America,-91.372122,31.709572,7010000010,7020046750.000001,7030047060,2.893939393939394,8.681818181818182,5.787878787878788,4.340909090909091,13.729373547396921,12.343460239750668,12.343460239750668
1064719,2017,summer,351,360,535.5,413,550,1659.5,0.2115094908104851,0.216932811087677,0.3226875564929196,0.24887014160891835,0.66,1.91,0,2.9,3.05,1580.3,19,0.7,0.942857142857143,NLA17_MS-10001,67.579375,16,23.9,eu_mixo,,United States of America,-91.372122,31.709572,7010000010,7020046750.000001,7030047060,2.893939393939394,8.681818181818182,5.787878787878788,4.340909090909091,13.729373547396921,12.343460239750668,12.343460239750668
1064796,2012,summer,281.5,268.5,420.5,362.5,544,1333,0.21117779444861215,0.20142535633908476,0.31545386346586646,0.2719429857464366,0.31,1.04,0,3.3,1.4,428.8,57,1.5,0.2066666666666667,NLA12_AL-105,82,18,90.28,eu_mixo,,United States of America,-88.348302,31.620253,7010000010,7020038339.999999,7030042040.000001,3.35483870967742,10.06451612903226,6.70967741935484,5.03225806451613,12.845233298452376,13.352732837126668,13.352732837126668
1064796,2017,summer,294,253.3226127343386,368.2466066151549,397,546,1312.5692193494936,0.22398818718734373,0.19299752653036062,0.2805540471211546,0.302460239161141,0.31,1.04,0,3.3,1.4,428.8,57,1.5,0.2066666666666667,NLA17_AL-10004,60.323125000000005,16,20.799999999999997,eu_mixo,,United States of America,-88.348302,31.620253,7010000010,7020038339.999999,7030042040.000001,3.35483870967742,10.06451612903226,6.70967741935484,5.03225806451613,12.845233298452376,13.352732837126668,13.352732837126668
1064900,2012,summer,574.5,526.5,650.5,967,536,2718.5,0.21132977745080006,0.1936729814235792,0.2392863711605665,0.35571086996505424,0.32,0.59,0,1.8,2.59,82.5,28,4.6,0.06956521739130435,NLA12_LA-161,55,16,13.648,eu_mixo,,United States of America,-92.692395,31.492542,7010000010,7020046750.000001,7030047060,1.8437500000000002,5.531250000000001,3.6875000000000004,2.7656250000000004,13.290846197227037,9.964329912992932,9.964329912992932
1064930,2017,summer,232.77925299228588,181.8830574148717,283.58063233196594,173.27175100144913,523.5,871.5146937405726,0.2670973360106975,0.20869763725293378,0.3253882400018152,0.1988167867345535,0.33,1.58,0,4.8,1.6,2286.6,1645,24.9,0.01325301204819277,NLA17_AZ-10012,13.605,5,3.73,oligo,,United States of America,-110.45556,31.427114,7010000010,7020000010,7030008710,4.787878787878788,14.363636363636363,9.575757575757576,7.181818181818182,12.845233298452376,4.0911747395216,4.0911747395216
1064939,2007,summer,355.7839416288178,378.12649134529977,399.8913383514659,301,515,1434.8017713255836,0.2479673141887164,0.2635391863197636,0.2787084225453768,0.20978507694614312,0.14,0.68,0,4.9,1.75,603.6,1173,34.3,0.00408163265306122,NLA06608-0130,36,28,12.912,eu_mixo,,United States of America,-111.086704,31.4053,7010000010,7020000010,7030008710,4.857142857142857,14.57142857142857,9.714285714285714,7.285714285714285,12.845233298452376,4.1859200398,4.1859200398
1065030,2012,summer,473,583,846,1435,557,3337,0.14174408151033863,0.1747078213964639,0.2535211267605634,0.4300269703326341,0.14,0.17,0,1.2,1.45,2.7,14,35.4,0.003954802259887,NLA12_LA-141,3085,36,426,eu_mixo,,United States of America,-91.634098,31.276825,7010000010,7020046750.000001,7030047060,1.2142857142857142,3.6428571428571423,2.4285714285714284,1.8214285714285712,12.845233298452376,7.0422799674396,7.0422799674396
1065036,2007,summer,409.42919078232563,413.4860963269397,488,489,554,1799.9152871092654,0.2274713669663226,0.2297253094566548,0.27112387093714124,0.2716794526398813,0.15,0.44,0,2.9,1.42,280.5,83,0.9,0.16666666666666666,NLA06608-2154,112,5,46.4,eu_mixo,,United States of America,-86.946875,31.268036,7010000010,7020038339.999999,7030042040.000001,2.9333333333333336,8.8,5.866666666666667,4.4,12.845233298452376,16.60095777851947,16.60095777851947
1065078,2007,summer,396.115330214227,400.8348642148463,615.651786051609,738.8308205430516,549.5,2151.4328010237336,0.18411698939689877,0.1863106595865387,0.2861589661358042,0.3434133848807584,0.21,0.28,0,1.4,1.54,295.9,13,0.6,0.35,NLA06608-0583,590,27,326.88,eu_mixo,,United States of America,-91.550875,31.207747,7010000010,7020046750.000001,7030047060,1.3333333333333335,4,2.666666666666667,2,12.845233298452376,12.166752471172666,12.166752471172666
1065089,2007,summer,329,237,360,378,498,1304,0.2523006134969325,0.18174846625766872,0.27607361963190186,0.2898773006134969,0.24,0.84,0,3.6,1.5,84.1,85,6.4,0.0375,NLA06608-2010,24,12,14.304,oligo,,United States of America,-89.302441,31.19375,7010000010,7020038339.999999,7030042040.000001,3.5,10.5,7,5.25,12.845233298452376,12.004697873537335,12.004697873537335
1065108,2007,summer,658.977130320641,605.998607950746,728.3838215338304,1028.178856347409,534,3021.5384161526263,0.21809324905414482,0.20055962377018982,0.2410638956764592,0.3402832314992062,0.42,1.52,0,3.6,1.48,0.9,56,1511.5,2.7786966589480645e-4,NLA06608-0458,39,20,15.056,eu_mixo,,United States of America,-83.54154599999998,31.162329,7010000010,7020038339.999999,7030042040.000001,3.6190476190476195,10.857142857142858,7.238095238095239,5.428571428571429,12.845233298452376,6.33159038714773,6.33159038714773
1065219,2012,summer,182.5,152,217.5,262,520,814,0.2242014742014742,0.18673218673218672,0.2671990171990172,0.32186732186732187,0.2,0.53,0,2.7,1.9,7.1,24,40.1,0.00498753117206982,NLA12_AL-113,27,30,1.27,dys,,United States of America,-88.052436,30.971808,7010000010,7020038339.999999,7030042040.000001,2.6500000000000004,7.95,5.300000000000001,3.975,12.845233298452376,6.732054142062001,6.732054142062001
1065229,2012,summer,315,367,421,388,561,1491,0.2112676056338028,0.2461435278336687,0.2823608316566063,0.2602280348759222,0.19,0.39,0,2,1.12,178.9,87,3.5,0.05428571428571428,NLA12_TX-170,84,30,51.2,eu_mixo,,United States of America,-95.906223,30.961292,7010000010,7020047840,7030047840.000001,2.052631578947369,6.157894736842105,4.105263157894738,3.0789473684210527,12.845233298452376,17.41206380251733,17.41206380251733
1065229,2017,summer,340.3858321752915,397.6182528278356,463.95681743667046,437.4610734672474,557,1639.421975907045,0.20762551507641333,0.24253563674955916,0.28300024292401993,0.2668386052500076,0.19,0.39,0,2,1.12,178.9,87,3.5,0.05428571428571428,NLA17_TX-10014,87.7375,15,40.27,eu_mixo,,United States of America,-95.906223,30.961292,7010000010,7020047840,7030047840.000001,2.052631578947369,6.157894736842105,4.105263157894738,3.0789473684210527,12.845233298452376,17.41206380251733,17.41206380251733
1065397,2007,summer,563.5,846,798.5,619,567,2827,0.19932790944464096,0.29925716307039263,0.2824548991864167,0.21896002829854969,0.18,0.59,0,3.2,1.48,0.3,305,10894.1,1.6522704950385988e-5,NLA06608-2759,9,6,1.116,oligo,,United States of America,-98.678719,30.754564,7010000010,7020047840,7030047840.000001,3.2777777777777777,9.833333333333334,6.555555555555555,4.916666666666667,12.845233298452376,7.886515987035998,7.886515987035998
1065626,2012,summer,415,297,383,560,489,1655,0.25075528700906347,0.17945619335347432,0.23141993957703927,0.338368580060423,0.21,0.86,0,4,1.78,5,23,104.6,0.0020076481835564,NLA12_FL-141,27,17,17.25714286,oligo,,United States of America,-85.708861,30.515377,7010000010,7020038339.999999,7030042040.000001,4.095238095238096,12.285714285714285,8.190476190476192,6.142857142857142,12.845233298452376,5.664794740427334,5.664794740427334
1066338,2017,summer,575.7153883296744,504.913449531413,683.3974979301977,601.0949159057733,532,2365.1212516970586,0.243418973939107,0.2134831138864951,0.2889481870918185,0.2541497250825793,0.67,2.59,0,3.9,1.35,95,463,56.4,0.01187943262411347,NLA17_TX-10085,14.435,18,2.53,oligo,,United States of America,-98.769476,29.822985,7010000010,7020047840,7030047840.000001,3.865671641791044,11.59701492537313,7.731343283582088,5.798507462686565,13.137426825228477,8.41021175192533,8.41021175192533
1067572,2017,summer,310.34227163384674,327.68017087489835,437,489,557,1564.0224425087451,0.19842571512979518,0.2095111693853243,0.27940775536381507,0.3126553601210654,0.71,1.06,0,1.5,1.81,7.2,3,108.9,0.00651974288337924,NLA17_TX-10048,20.41,19,7.66,oligo,,United States of America,-95.320605,29.159407,7010000010,7020047840,7030047840.000001,1.4929577464788735,4.478873239436621,2.985915492957747,2.2394366197183104,13.583039724003136,15.338350011962671,15.338350011962671
1067803,2007,summer,280,278,357,352.5,543,1267.5,0.22090729783037474,0.2193293885601578,0.2816568047337278,0.2781065088757396,0.35,1.15,0,3.2,1.09,390.3,19,2.8,0.125,NLA06608-0709,202,31,98.462,eu_mixo,,United States of America,-81.681191,28.865162,7010000010,7020038339.999999,7030042040.000001,3.285714285714286,9.857142857142858,6.571428571428572,4.928571428571429,12.845233298452376,13.360420282010663,13.360420282010663
1067965,2007,summer,267.29104552192797,262.3784221752074,299.0261848285958,353.63015437703433,517.5,1182.3258069027654,0.22607224164558054,0.22191719122035997,0.2529135227217346,0.29909704441232493,0.21,0.47,0,2.3,1.33,196.2,14,2.4,0.0875,NLA06608-0069,44,91.66666666666669,5.269333333333334,eu_mixo,,United States of America,-81.139472,28.636213,7010000010,7020038339.999999,7030042040.000001,2.238095238095238,6.714285714285714,4.476190476190476,3.357142857142857,12.845233298452376,12.810674700549335,12.810674700549335
1067965,2012,summer,290,251,279,410,491,1230,0.23577235772357724,0.2040650406504065,0.22682926829268293,0.3333333333333333,0.21,0.47,0,2.3,1.33,196.2,14,2.4,0.0875,NLA12_FL-106,46,67,3.144,eu_mixo,,United States of America,-81.139472,28.636213,7010000010,7020038339.999999,7030042040.000001,2.238095238095238,6.714285714285714,4.476190476190476,3.357142857142857,12.845233298452376,12.810674700549335,12.810674700549335
1067965,2017,summer,281,168,244,215,492,908,0.30947136563876654,0.18502202643171806,0.2687224669603524,0.236784140969163,0.21,0.47,0,2.3,1.33,196.2,14,2.4,0.0875,NLA17_FL-10003,13.04625,40,2.33,dys,,United States of America,-81.139472,28.636213,7010000010,7020038339.999999,7030042040.000001,2.238095238095238,6.714285714285714,4.476190476190476,3.357142857142857,12.845233298452376,12.810674700549335,12.810674700549335
1067968,2007,summer,309.478190300203,256,380,464.5,523,1409.978190300203,0.2194914732931514,0.18156309208264718,0.2695077148101794,0.3294377198140219,0.34,1.12,0,3.3,1.14,187.6,23,5.8,0.05862068965517242,NLA06608-1349,30,18,27.2,oligo,,United States of America,-81.35635999999998,28.631389,7010000010,7020038339.999999,7030042040.000001,3.294117647058824,9.882352941176471,6.588235294117648,4.9411764705882355,12.845233298452376,12.583692905057335,12.583692905057335
1067968,2012,summer,317,331,432,466,554,1546,0.20504527813712808,0.21410090556274256,0.2794307891332471,0.3014230271668823,0.34,1.12,0,3.3,1.14,187.6,23,5.8,0.05862068965517242,NLA12_FL-104,25,16,16.32,oligo,,United States of America,-81.35635999999998,28.631389,7010000010,7020038339.999999,7030042040.000001,3.294117647058824,9.882352941176471,6.588235294117648,4.9411764705882355,12.845233298452376,12.583692905057335,12.583692905057335
1068054,2007,summer,257,245,311,267,521,1080,0.23796296296296296,0.22685185185185186,0.287962962962963,0.24722222222222223,0.51,1.52,0,3,1.6,130.6,24,11.3,0.04513274336283186,NLA06608-0325,50,31,46,eu_mixo,,United States of America,-81.43802599999998,28.558043,7010000010,7020038339.999999,7030042040.000001,2.980392156862745,8.941176470588236,5.96078431372549,4.470588235294118,12.845233298452376,8.098491945067066,8.098491945067066
1068242,2007,summer,298,261,330,280,521,1169,0.2549187339606501,0.223267750213858,0.2822925577416595,0.23952095808383234,0.57,2.41,0,4.2,1.09,1214.1,12,2.1,0.2714285714285714,NLA06608-2565,19,7,7.096,oligo,,United States of America,-81.229366,28.325231,7010000010,7020038339.999999,7030042040.000001,4.228070175438598,12.684210526315791,8.456140350877195,6.342105263157896,12.845233298452376,9.420513135485333,9.420513135485333
1068319,2007,summer,355.90604489781583,233.76031014632633,329.22263724170807,296.8822297215719,496,1215.7712220074222,0.2927409684119362,0.19227327141396938,0.2707932473497042,0.2441925128243901,0.27,0.65,0,2.4,1.35,46.5,46,13.2,0.02045454545454545,NLA06608-2657,6,7,20.6,oligo,,United States of America,-81.834776,28.169885,7010000010,7020038339.999999,7030042040.000001,2.4074074074074074,7.222222222222222,4.814814814814815,3.611111111111111,12.845233298452376,10.133661039720002,10.133661039720002
